Date,DayShort,isUSA_Holiday,isUSA_Workingday,isLongweekend,MonthPart,DatePart,YearPart,FirstDayofMonth
01/01/18,Mon,1,0,1,01,01,18,01/01/18
01/02/18,Tue,0,1,0,01,02,18,01/01/18
01/03/18,Wed,0,1,0,01,03,18,01/01/18
01/04/18,Thu,0,1,0,01,04,18,01/01/18
01/05/18,Fri,0,1,0,01,05,18,01/01/18
01/06/18,Sat,0,0,0,01,06,18,01/01/18
01/07/18,Sun,0,0,0,01,07,18,01/01/18
01/08/18,Mon,0,1,0,01,08,18,01/01/18
01/09/18,Tue,0,1,0,01,09,18,01/01/18
01/10/18,Wed,0,1,0,01,10,18,01/01/18
01/11/18,Thu,0,1,0,01,11,18,01/01/18
01/12/18,Fri,0,1,1,01,12,18,01/01/18
01/13/18,Sat,0,0,1,01,13,18,01/01/18
01/14/18,Sun,0,0,1,01,14,18,01/01/18
01/15/18,Mon,1,0,1,01,15,18,01/01/18
01/16/18,Tue,0,1,1,01,16,18,01/01/18
01/17/18,Wed,0,1,0,01,17,18,01/01/18
01/18/18,Thu,0,1,0,01,18,18,01/01/18
01/19/18,Fri,0,1,0,01,19,18,01/01/18
01/20/18,Sat,0,0,0,01,20,18,01/01/18
01/21/18,Sun,0,0,0,01,21,18,01/01/18
01/22/18,Mon,0,1,0,01,22,18,01/01/18
01/23/18,Tue,0,1,0,01,23,18,01/01/18
01/24/18,Wed,0,1,0,01,24,18,01/01/18
01/25/18,Thu,0,1,0,01,25,18,01/01/18
01/26/18,Fri,0,1,0,01,26,18,01/01/18
01/27/18,Sat,0,0,0,01,27,18,01/01/18
01/28/18,Sun,0,0,0,01,28,18,01/01/18
01/29/18,Mon,0,1,0,01,29,18,01/01/18
01/30/18,Tue,0,1,0,01,30,18,01/01/18
01/31/18,Wed,0,1,0,01,31,18,01/01/18
02/01/18,Thu,0,1,0,02,01,18,02/01/18
02/02/18,Fri,0,1,0,02,02,18,02/01/18
02/03/18,Sat,0,0,0,02,03,18,02/01/18
02/04/18,Sun,0,0,0,02,04,18,02/01/18
02/05/18,Mon,0,1,0,02,05,18,02/01/18
02/06/18,Tue,0,1,0,02,06,18,02/01/18
02/07/18,Wed,0,1,0,02,07,18,02/01/18
02/08/18,Thu,0,1,0,02,08,18,02/01/18
02/09/18,Fri,0,1,0,02,09,18,02/01/18
02/10/18,Sat,0,0,0,02,10,18,02/01/18
02/11/18,Sun,0,0,0,02,11,18,02/01/18
02/12/18,Mon,0,1,0,02,12,18,02/01/18
02/13/18,Tue,0,1,0,02,13,18,02/01/18
02/14/18,Wed,0,1,0,02,14,18,02/01/18
02/15/18,Thu,0,1,0,02,15,18,02/01/18
02/16/18,Fri,0,1,1,02,16,18,02/01/18
02/17/18,Sat,0,0,1,02,17,18,02/01/18
02/18/18,Sun,0,0,1,02,18,18,02/01/18
02/19/18,Mon,1,0,1,02,19,18,02/01/18
02/20/18,Tue,0,1,1,02,20,18,02/01/18
02/21/18,Wed,0,1,0,02,21,18,02/01/18
02/22/18,Thu,0,1,0,02,22,18,02/01/18
02/23/18,Fri,0,1,0,02,23,18,02/01/18
02/24/18,Sat,0,0,0,02,24,18,02/01/18
02/25/18,Sun,0,0,0,02,25,18,02/01/18
02/26/18,Mon,0,1,0,02,26,18,02/01/18
02/27/18,Tue,0,1,0,02,27,18,02/01/18
02/28/18,Wed,0,1,0,02,28,18,02/01/18
03/01/18,Thu,0,1,0,03,01,18,03/01/18
03/02/18,Fri,0,1,0,03,02,18,03/01/18
03/03/18,Sat,0,0,0,03,03,18,03/01/18
03/04/18,Sun,0,0,0,03,04,18,03/01/18
03/05/18,Mon,0,1,0,03,05,18,03/01/18
03/06/18,Tue,0,1,0,03,06,18,03/01/18
03/07/18,Wed,0,1,0,03,07,18,03/01/18
03/08/18,Thu,0,1,0,03,08,18,03/01/18
03/09/18,Fri,0,1,0,03,09,18,03/01/18
03/10/18,Sat,0,0,0,03,10,18,03/01/18
03/11/18,Sun,0,0,0,03,11,18,03/01/18
03/12/18,Mon,0,1,0,03,12,18,03/01/18
03/13/18,Tue,0,1,0,03,13,18,03/01/18
03/14/18,Wed,0,1,0,03,14,18,03/01/18
03/15/18,Thu,0,1,0,03,15,18,03/01/18
03/16/18,Fri,0,1,0,03,16,18,03/01/18
03/17/18,Sat,0,0,0,03,17,18,03/01/18
03/18/18,Sun,0,0,0,03,18,18,03/01/18
03/19/18,Mon,0,1,0,03,19,18,03/01/18
03/20/18,Tue,0,1,0,03,20,18,03/01/18
03/21/18,Wed,0,1,0,03,21,18,03/01/18
03/22/18,Thu,0,1,0,03,22,18,03/01/18
03/23/18,Fri,0,1,0,03,23,18,03/01/18
03/24/18,Sat,0,0,0,03,24,18,03/01/18
03/25/18,Sun,0,0,0,03,25,18,03/01/18
03/26/18,Mon,0,1,0,03,26,18,03/01/18
03/27/18,Tue,0,1,0,03,27,18,03/01/18
03/28/18,Wed,0,1,0,03,28,18,03/01/18
03/29/18,Thu,0,1,0,03,29,18,03/01/18
03/30/18,Fri,0,1,0,03,30,18,03/01/18
03/31/18,Sat,0,0,0,03,31,18,03/01/18
04/01/18,Sun,0,0,0,04,01,18,04/01/18
04/02/18,Mon,0,1,0,04,02,18,04/01/18
04/03/18,Tue,0,1,0,04,03,18,04/01/18
04/04/18,Wed,0,1,0,04,04,18,04/01/18
04/05/18,Thu,0,1,0,04,05,18,04/01/18
04/06/18,Fri,0,1,0,04,06,18,04/01/18
04/07/18,Sat,0,0,0,04,07,18,04/01/18
04/08/18,Sun,0,0,0,04,08,18,04/01/18
04/09/18,Mon,0,1,0,04,09,18,04/01/18
04/10/18,Tue,0,1,0,04,10,18,04/01/18
04/11/18,Wed,0,1,0,04,11,18,04/01/18
04/12/18,Thu,0,1,0,04,12,18,04/01/18
04/13/18,Fri,0,1,0,04,13,18,04/01/18
04/14/18,Sat,0,0,0,04,14,18,04/01/18
04/15/18,Sun,0,0,0,04,15,18,04/01/18
04/16/18,Mon,0,1,0,04,16,18,04/01/18
04/17/18,Tue,0,1,0,04,17,18,04/01/18
04/18/18,Wed,0,1,0,04,18,18,04/01/18
04/19/18,Thu,0,1,0,04,19,18,04/01/18
04/20/18,Fri,0,1,0,04,20,18,04/01/18
04/21/18,Sat,0,0,0,04,21,18,04/01/18
04/22/18,Sun,0,0,0,04,22,18,04/01/18
04/23/18,Mon,0,1,0,04,23,18,04/01/18
04/24/18,Tue,0,1,0,04,24,18,04/01/18
04/25/18,Wed,0,1,0,04,25,18,04/01/18
04/26/18,Thu,0,1,0,04,26,18,04/01/18
04/27/18,Fri,0,1,0,04,27,18,04/01/18
04/28/18,Sat,0,0,0,04,28,18,04/01/18
04/29/18,Sun,0,0,0,04,29,18,04/01/18
04/30/18,Mon,0,1,0,04,30,18,04/01/18
05/01/18,Tue,0,1,0,05,01,18,05/01/18
05/02/18,Wed,0,1,0,05,02,18,05/01/18
05/03/18,Thu,0,1,0,05,03,18,05/01/18
05/04/18,Fri,0,1,0,05,04,18,05/01/18
05/05/18,Sat,0,0,0,05,05,18,05/01/18
05/06/18,Sun,0,0,0,05,06,18,05/01/18
05/07/18,Mon,0,1,0,05,07,18,05/01/18
05/08/18,Tue,0,1,0,05,08,18,05/01/18
05/09/18,Wed,0,1,0,05,09,18,05/01/18
05/10/18,Thu,0,1,0,05,10,18,05/01/18
05/11/18,Fri,0,1,0,05,11,18,05/01/18
05/12/18,Sat,0,0,0,05,12,18,05/01/18
05/13/18,Sun,0,0,0,05,13,18,05/01/18
05/14/18,Mon,0,1,0,05,14,18,05/01/18
05/15/18,Tue,0,1,0,05,15,18,05/01/18
05/16/18,Wed,0,1,0,05,16,18,05/01/18
05/17/18,Thu,0,1,0,05,17,18,05/01/18
05/18/18,Fri,0,1,0,05,18,18,05/01/18
05/19/18,Sat,0,0,0,05,19,18,05/01/18
05/20/18,Sun,0,0,0,05,20,18,05/01/18
05/21/18,Mon,0,1,0,05,21,18,05/01/18
05/22/18,Tue,0,1,0,05,22,18,05/01/18
05/23/18,Wed,0,1,0,05,23,18,05/01/18
05/24/18,Thu,0,1,0,05,24,18,05/01/18
05/25/18,Fri,0,1,1,05,25,18,05/01/18
05/26/18,Sat,0,0,1,05,26,18,05/01/18
05/27/18,Sun,0,0,1,05,27,18,05/01/18
05/28/18,Mon,1,0,1,05,28,18,05/01/18
05/29/18,Tue,0,1,1,05,29,18,05/01/18
05/30/18,Wed,0,1,0,05,30,18,05/01/18
05/31/18,Thu,0,1,0,05,31,18,05/01/18
06/01/18,Fri,0,1,0,06,01,18,06/01/18
06/02/18,Sat,0,0,0,06,02,18,06/01/18
06/03/18,Sun,0,0,0,06,03,18,06/01/18
06/04/18,Mon,0,1,0,06,04,18,06/01/18
06/05/18,Tue,0,1,0,06,05,18,06/01/18
06/06/18,Wed,0,1,0,06,06,18,06/01/18
06/07/18,Thu,0,1,0,06,07,18,06/01/18
06/08/18,Fri,0,1,0,06,08,18,06/01/18
06/09/18,Sat,0,0,0,06,09,18,06/01/18
06/10/18,Sun,0,0,0,06,10,18,06/01/18
06/11/18,Mon,0,1,0,06,11,18,06/01/18
06/12/18,Tue,0,1,0,06,12,18,06/01/18
06/13/18,Wed,0,1,0,06,13,18,06/01/18
06/14/18,Thu,0,1,0,06,14,18,06/01/18
06/15/18,Fri,0,1,0,06,15,18,06/01/18
06/16/18,Sat,0,0,0,06,16,18,06/01/18
06/17/18,Sun,0,0,0,06,17,18,06/01/18
06/18/18,Mon,0,1,0,06,18,18,06/01/18
06/19/18,Tue,0,1,0,06,19,18,06/01/18
06/20/18,Wed,0,1,0,06,20,18,06/01/18
06/21/18,Thu,0,1,0,06,21,18,06/01/18
06/22/18,Fri,0,1,0,06,22,18,06/01/18
06/23/18,Sat,0,0,0,06,23,18,06/01/18
06/24/18,Sun,0,0,0,06,24,18,06/01/18
06/25/18,Mon,0,1,0,06,25,18,06/01/18
06/26/18,Tue,0,1,0,06,26,18,06/01/18
06/27/18,Wed,0,1,0,06,27,18,06/01/18
06/28/18,Thu,0,1,0,06,28,18,06/01/18
06/29/18,Fri,0,1,0,06,29,18,06/01/18
06/30/18,Sat,0,0,0,06,30,18,06/01/18
07/01/18,Sun,0,0,0,07,01,18,07/01/18
07/02/18,Mon,0,1,0,07,02,18,07/01/18
07/03/18,Tue,0,1,0,07,03,18,07/01/18
07/04/18,Wed,1,0,0,07,04,18,07/01/18
07/05/18,Thu,0,1,0,07,05,18,07/01/18
07/06/18,Fri,0,1,0,07,06,18,07/01/18
07/07/18,Sat,0,0,0,07,07,18,07/01/18
07/08/18,Sun,0,0,0,07,08,18,07/01/18
07/09/18,Mon,0,1,0,07,09,18,07/01/18
07/10/18,Tue,0,1,0,07,10,18,07/01/18
07/11/18,Wed,0,1,0,07,11,18,07/01/18
07/12/18,Thu,0,1,0,07,12,18,07/01/18
07/13/18,Fri,0,1,0,07,13,18,07/01/18
07/14/18,Sat,0,0,0,07,14,18,07/01/18
07/15/18,Sun,0,0,0,07,15,18,07/01/18
07/16/18,Mon,0,1,0,07,16,18,07/01/18
07/17/18,Tue,0,1,0,07,17,18,07/01/18
07/18/18,Wed,0,1,0,07,18,18,07/01/18
07/19/18,Thu,0,1,0,07,19,18,07/01/18
07/20/18,Fri,0,1,0,07,20,18,07/01/18
07/21/18,Sat,0,0,0,07,21,18,07/01/18
07/22/18,Sun,0,0,0,07,22,18,07/01/18
07/23/18,Mon,0,1,0,07,23,18,07/01/18
07/24/18,Tue,0,1,0,07,24,18,07/01/18
07/25/18,Wed,0,1,0,07,25,18,07/01/18
07/26/18,Thu,0,1,0,07,26,18,07/01/18
07/27/18,Fri,0,1,0,07,27,18,07/01/18
07/28/18,Sat,0,0,0,07,28,18,07/01/18
07/29/18,Sun,0,0,0,07,29,18,07/01/18
07/30/18,Mon,0,1,0,07,30,18,07/01/18
07/31/18,Tue,0,1,0,07,31,18,07/01/18
08/01/18,Wed,0,1,0,08,01,18,08/01/18
08/02/18,Thu,0,1,0,08,02,18,08/01/18
08/03/18,Fri,0,1,0,08,03,18,08/01/18
08/04/18,Sat,0,0,0,08,04,18,08/01/18
08/05/18,Sun,0,0,0,08,05,18,08/01/18
08/06/18,Mon,0,1,0,08,06,18,08/01/18
08/07/18,Tue,0,1,0,08,07,18,08/01/18
08/08/18,Wed,0,1,0,08,08,18,08/01/18
08/09/18,Thu,0,1,0,08,09,18,08/01/18
08/10/18,Fri,0,1,0,08,10,18,08/01/18
08/11/18,Sat,0,0,0,08,11,18,08/01/18
08/12/18,Sun,0,0,0,08,12,18,08/01/18
08/13/18,Mon,0,1,0,08,13,18,08/01/18
08/14/18,Tue,0,1,0,08,14,18,08/01/18
08/15/18,Wed,0,1,0,08,15,18,08/01/18
08/16/18,Thu,0,1,0,08,16,18,08/01/18
08/17/18,Fri,0,1,0,08,17,18,08/01/18
08/18/18,Sat,0,0,0,08,18,18,08/01/18
08/19/18,Sun,0,0,0,08,19,18,08/01/18
08/20/18,Mon,0,1,0,08,20,18,08/01/18
08/21/18,Tue,0,1,0,08,21,18,08/01/18
08/22/18,Wed,0,1,0,08,22,18,08/01/18
08/23/18,Thu,0,1,0,08,23,18,08/01/18
08/24/18,Fri,0,1,0,08,24,18,08/01/18
08/25/18,Sat,0,0,0,08,25,18,08/01/18
08/26/18,Sun,0,0,0,08,26,18,08/01/18
08/27/18,Mon,0,1,0,08,27,18,08/01/18
08/28/18,Tue,0,1,0,08,28,18,08/01/18
08/29/18,Wed,0,1,0,08,29,18,08/01/18
08/30/18,Thu,0,1,0,08,30,18,08/01/18
08/31/18,Fri,0,1,1,08,31,18,08/01/18
09/01/18,Sat,0,0,1,09,01,18,09/01/18
09/02/18,Sun,0,0,1,09,02,18,09/01/18
09/03/18,Mon,1,0,1,09,03,18,09/01/18
09/04/18,Tue,0,1,1,09,04,18,09/01/18
09/05/18,Wed,0,1,0,09,05,18,09/01/18
09/06/18,Thu,0,1,0,09,06,18,09/01/18
09/07/18,Fri,0,1,0,09,07,18,09/01/18
09/08/18,Sat,0,0,0,09,08,18,09/01/18
09/09/18,Sun,0,0,0,09,09,18,09/01/18
09/10/18,Mon,0,1,0,09,10,18,09/01/18
09/11/18,Tue,0,1,0,09,11,18,09/01/18
09/12/18,Wed,0,1,0,09,12,18,09/01/18
09/13/18,Thu,0,1,0,09,13,18,09/01/18
09/14/18,Fri,0,1,0,09,14,18,09/01/18
09/15/18,Sat,0,0,0,09,15,18,09/01/18
09/16/18,Sun,0,0,0,09,16,18,09/01/18
09/17/18,Mon,0,1,0,09,17,18,09/01/18
09/18/18,Tue,0,1,0,09,18,18,09/01/18
09/19/18,Wed,0,1,0,09,19,18,09/01/18
09/20/18,Thu,0,1,0,09,20,18,09/01/18
09/21/18,Fri,0,1,0,09,21,18,09/01/18
09/22/18,Sat,0,0,0,09,22,18,09/01/18
09/23/18,Sun,0,0,0,09,23,18,09/01/18
09/24/18,Mon,0,1,0,09,24,18,09/01/18
09/25/18,Tue,0,1,0,09,25,18,09/01/18
09/26/18,Wed,0,1,0,09,26,18,09/01/18
09/27/18,Thu,0,1,0,09,27,18,09/01/18
09/28/18,Fri,0,1,0,09,28,18,09/01/18
09/29/18,Sat,0,0,0,09,29,18,09/01/18
09/30/18,Sun,0,0,0,09,30,18,09/01/18
10/01/18,Mon,0,1,0,10,01,18,10/01/18
10/02/18,Tue,0,1,0,10,02,18,10/01/18
10/03/18,Wed,0,1,0,10,03,18,10/01/18
10/04/18,Thu,0,1,0,10,04,18,10/01/18
10/05/18,Fri,0,1,1,10,05,18,10/01/18
10/06/18,Sat,0,0,1,10,06,18,10/01/18
10/07/18,Sun,0,0,1,10,07,18,10/01/18
10/08/18,Mon,1,0,1,10,08,18,10/01/18
10/09/18,Tue,0,1,1,10,09,18,10/01/18
10/10/18,Wed,0,1,0,10,10,18,10/01/18
10/11/18,Thu,0,1,0,10,11,18,10/01/18
10/12/18,Fri,0,1,0,10,12,18,10/01/18
10/13/18,Sat,0,0,0,10,13,18,10/01/18
10/14/18,Sun,0,0,0,10,14,18,10/01/18
10/15/18,Mon,0,1,0,10,15,18,10/01/18
10/16/18,Tue,0,1,0,10,16,18,10/01/18
10/17/18,Wed,0,1,0,10,17,18,10/01/18
10/18/18,Thu,0,1,0,10,18,18,10/01/18
10/19/18,Fri,0,1,0,10,19,18,10/01/18
10/20/18,Sat,0,0,0,10,20,18,10/01/18
10/21/18,Sun,0,0,0,10,21,18,10/01/18
10/22/18,Mon,0,1,0,10,22,18,10/01/18
10/23/18,Tue,0,1,0,10,23,18,10/01/18
10/24/18,Wed,0,1,0,10,24,18,10/01/18
10/25/18,Thu,0,1,0,10,25,18,10/01/18
10/26/18,Fri,0,1,0,10,26,18,10/01/18
10/27/18,Sat,0,0,0,10,27,18,10/01/18
10/28/18,Sun,0,0,0,10,28,18,10/01/18
10/29/18,Mon,0,1,0,10,29,18,10/01/18
10/30/18,Tue,0,1,0,10,30,18,10/01/18
10/31/18,Wed,0,1,0,10,31,18,10/01/18
11/01/18,Thu,0,1,0,11,01,18,11/01/18
11/02/18,Fri,0,1,0,11,02,18,11/01/18
11/03/18,Sat,0,0,0,11,03,18,11/01/18
11/04/18,Sun,0,0,0,11,04,18,11/01/18
11/05/18,Mon,0,1,0,11,05,18,11/01/18
11/06/18,Tue,0,1,0,11,06,18,11/01/18
11/07/18,Wed,0,1,0,11,07,18,11/01/18
11/08/18,Thu,0,1,0,11,08,18,11/01/18
11/09/18,Fri,0,1,1,11,09,18,11/01/18
11/10/18,Sat,0,0,1,11,10,18,11/01/18
11/11/18,Sun,0,0,1,11,11,18,11/01/18
11/12/18,Mon,1,0,1,11,12,18,11/01/18
11/13/18,Tue,0,1,1,11,13,18,11/01/18
11/14/18,Wed,0,1,0,11,14,18,11/01/18
11/15/18,Thu,0,1,0,11,15,18,11/01/18
11/16/18,Fri,0,1,0,11,16,18,11/01/18
11/17/18,Sat,0,0,0,11,17,18,11/01/18
11/18/18,Sun,0,0,0,11,18,18,11/01/18
11/19/18,Mon,0,1,0,11,19,18,11/01/18
11/20/18,Tue,0,1,1,11,20,18,11/01/18
11/21/18,Wed,0,1,1,11,21,18,11/01/18
11/22/18,Thu,1,0,1,11,22,18,11/01/18
11/23/18,Fri,0,1,1,11,23,18,11/01/18
11/24/18,Sat,0,0,1,11,24,18,11/01/18
11/25/18,Sun,0,0,1,11,25,18,11/01/18
11/26/18,Mon,0,1,1,11,26,18,11/01/18
11/27/18,Tue,0,1,0,11,27,18,11/01/18
11/28/18,Wed,0,1,0,11,28,18,11/01/18
11/29/18,Thu,0,1,0,11,29,18,11/01/18
11/30/18,Fri,0,1,0,11,30,18,11/01/18
12/01/18,Sat,0,0,0,12,01,18,12/01/18
12/02/18,Sun,0,0,0,12,02,18,12/01/18
12/03/18,Mon,0,1,0,12,03,18,12/01/18
12/04/18,Tue,0,1,0,12,04,18,12/01/18
12/05/18,Wed,0,1,0,12,05,18,12/01/18
12/06/18,Thu,0,1,0,12,06,18,12/01/18
12/07/18,Fri,0,1,0,12,07,18,12/01/18
12/08/18,Sat,0,0,0,12,08,18,12/01/18
12/09/18,Sun,0,0,0,12,09,18,12/01/18
12/10/18,Mon,0,1,0,12,10,18,12/01/18
12/11/18,Tue,0,1,0,12,11,18,12/01/18
12/12/18,Wed,0,1,0,12,12,18,12/01/18
12/13/18,Thu,0,1,0,12,13,18,12/01/18
12/14/18,Fri,0,1,0,12,14,18,12/01/18
12/15/18,Sat,0,0,0,12,15,18,12/01/18
12/16/18,Sun,0,0,0,12,16,18,12/01/18
12/17/18,Mon,0,1,0,12,17,18,12/01/18
12/18/18,Tue,0,1,0,12,18,18,12/01/18
12/19/18,Wed,0,1,0,12,19,18,12/01/18
12/20/18,Thu,0,1,1,12,20,18,12/01/18
12/21/18,Fri,0,1,1,12,21,18,12/01/18
12/22/18,Sat,0,0,1,12,22,18,12/01/18
12/23/18,Sun,0,0,1,12,23,18,12/01/18
12/24/18,Mon,0,1,1,12,24,18,12/01/18
12/25/18,Tue,1,0,1,12,25,18,12/01/18
12/26/18,Wed,0,1,1,12,26,18,12/01/18
12/27/18,Thu,0,1,0,12,27,18,12/01/18
12/28/18,Fri,0,1,1,12,28,18,12/01/18
12/29/18,Sat,0,0,1,12,29,18,12/01/18
12/30/18,Sun,0,0,1,12,30,18,12/01/18
12/31/18,Mon,0,1,1,12,31,18,12/01/18
01/01/19,Tue,1,0,1,01,01,19,01/01/19
01/02/19,Wed,0,1,1,01,02,19,01/01/19
01/03/19,Thu,0,1,0,01,03,19,01/01/19
01/04/19,Fri,0,1,0,01,04,19,01/01/19
01/05/19,Sat,0,0,0,01,05,19,01/01/19
01/06/19,Sun,0,0,0,01,06,19,01/01/19
01/07/19,Mon,0,1,0,01,07,19,01/01/19
01/08/19,Tue,0,1,0,01,08,19,01/01/19
01/09/19,Wed,0,1,0,01,09,19,01/01/19
01/10/19,Thu,0,1,0,01,10,19,01/01/19
01/11/19,Fri,0,1,0,01,11,19,01/01/19
01/12/19,Sat,0,0,0,01,12,19,01/01/19
01/13/19,Sun,0,0,0,01,13,19,01/01/19
01/14/19,Mon,0,1,0,01,14,19,01/01/19
01/15/19,Tue,0,1,0,01,15,19,01/01/19
01/16/19,Wed,0,1,0,01,16,19,01/01/19
01/17/19,Thu,0,1,0,01,17,19,01/01/19
01/18/19,Fri,0,1,1,01,18,19,01/01/19
01/19/19,Sat,0,0,1,01,19,19,01/01/19
01/20/19,Sun,0,0,1,01,20,19,01/01/19
01/21/19,Mon,1,0,1,01,21,19,01/01/19
01/22/19,Tue,0,1,1,01,22,19,01/01/19
01/23/19,Wed,0,1,0,01,23,19,01/01/19
01/24/19,Thu,0,1,0,01,24,19,01/01/19
01/25/19,Fri,0,1,0,01,25,19,01/01/19
01/26/19,Sat,0,0,0,01,26,19,01/01/19
01/27/19,Sun,0,0,0,01,27,19,01/01/19
01/28/19,Mon,0,1,0,01,28,19,01/01/19
01/29/19,Tue,0,1,0,01,29,19,01/01/19
01/30/19,Wed,0,1,0,01,30,19,01/01/19
01/31/19,Thu,0,1,0,01,31,19,01/01/19
02/01/19,Fri,0,1,0,02,01,19,02/01/19
02/02/19,Sat,0,0,0,02,02,19,02/01/19
02/03/19,Sun,0,0,0,02,03,19,02/01/19
02/04/19,Mon,0,1,0,02,04,19,02/01/19
02/05/19,Tue,0,1,0,02,05,19,02/01/19
02/06/19,Wed,0,1,0,02,06,19,02/01/19
02/07/19,Thu,0,1,0,02,07,19,02/01/19
02/08/19,Fri,0,1,0,02,08,19,02/01/19
02/09/19,Sat,0,0,0,02,09,19,02/01/19
02/10/19,Sun,0,0,0,02,10,19,02/01/19
02/11/19,Mon,0,1,0,02,11,19,02/01/19
02/12/19,Tue,0,1,0,02,12,19,02/01/19
02/13/19,Wed,0,1,0,02,13,19,02/01/19
02/14/19,Thu,0,1,0,02,14,19,02/01/19
02/15/19,Fri,0,1,1,02,15,19,02/01/19
02/16/19,Sat,0,0,1,02,16,19,02/01/19
02/17/19,Sun,0,0,1,02,17,19,02/01/19
02/18/19,Mon,1,0,1,02,18,19,02/01/19
02/19/19,Tue,0,1,1,02,19,19,02/01/19
02/20/19,Wed,0,1,0,02,20,19,02/01/19
02/21/19,Thu,0,1,0,02,21,19,02/01/19
02/22/19,Fri,0,1,0,02,22,19,02/01/19
02/23/19,Sat,0,0,0,02,23,19,02/01/19
02/24/19,Sun,0,0,0,02,24,19,02/01/19
02/25/19,Mon,0,1,0,02,25,19,02/01/19
02/26/19,Tue,0,1,0,02,26,19,02/01/19
02/27/19,Wed,0,1,0,02,27,19,02/01/19
02/28/19,Thu,0,1,0,02,28,19,02/01/19
03/01/19,Fri,0,1,0,03,01,19,03/01/19
03/02/19,Sat,0,0,0,03,02,19,03/01/19
03/03/19,Sun,0,0,0,03,03,19,03/01/19
03/04/19,Mon,0,1,0,03,04,19,03/01/19
03/05/19,Tue,0,1,0,03,05,19,03/01/19
03/06/19,Wed,0,1,0,03,06,19,03/01/19
03/07/19,Thu,0,1,0,03,07,19,03/01/19
03/08/19,Fri,0,1,0,03,08,19,03/01/19
03/09/19,Sat,0,0,0,03,09,19,03/01/19
03/10/19,Sun,0,0,0,03,10,19,03/01/19
03/11/19,Mon,0,1,0,03,11,19,03/01/19
03/12/19,Tue,0,1,0,03,12,19,03/01/19
03/13/19,Wed,0,1,0,03,13,19,03/01/19
03/14/19,Thu,0,1,0,03,14,19,03/01/19
03/15/19,Fri,0,1,0,03,15,19,03/01/19
03/16/19,Sat,0,0,0,03,16,19,03/01/19
03/17/19,Sun,0,0,0,03,17,19,03/01/19
03/18/19,Mon,0,1,0,03,18,19,03/01/19
03/19/19,Tue,0,1,0,03,19,19,03/01/19
03/20/19,Wed,0,1,0,03,20,19,03/01/19
03/21/19,Thu,0,1,0,03,21,19,03/01/19
03/22/19,Fri,0,1,0,03,22,19,03/01/19
03/23/19,Sat,0,0,0,03,23,19,03/01/19
03/24/19,Sun,0,0,0,03,24,19,03/01/19
03/25/19,Mon,0,1,0,03,25,19,03/01/19
03/26/19,Tue,0,1,0,03,26,19,03/01/19
03/27/19,Wed,0,1,0,03,27,19,03/01/19
03/28/19,Thu,0,1,0,03,28,19,03/01/19
03/29/19,Fri,0,1,0,03,29,19,03/01/19
03/30/19,Sat,0,0,0,03,30,19,03/01/19
03/31/19,Sun,0,0,0,03,31,19,03/01/19
04/01/19,Mon,0,1,0,04,01,19,04/01/19
04/02/19,Tue,0,1,0,04,02,19,04/01/19
04/03/19,Wed,0,1,0,04,03,19,04/01/19
04/04/19,Thu,0,1,0,04,04,19,04/01/19
04/05/19,Fri,0,1,0,04,05,19,04/01/19
04/06/19,Sat,0,0,0,04,06,19,04/01/19
04/07/19,Sun,0,0,0,04,07,19,04/01/19
04/08/19,Mon,0,1,0,04,08,19,04/01/19
04/09/19,Tue,0,1,0,04,09,19,04/01/19
04/10/19,Wed,0,1,0,04,10,19,04/01/19
04/11/19,Thu,0,1,0,04,11,19,04/01/19
04/12/19,Fri,0,1,0,04,12,19,04/01/19
04/13/19,Sat,0,0,0,04,13,19,04/01/19
04/14/19,Sun,0,0,0,04,14,19,04/01/19
04/15/19,Mon,0,1,0,04,15,19,04/01/19
04/16/19,Tue,0,1,0,04,16,19,04/01/19
04/17/19,Wed,0,1,0,04,17,19,04/01/19
04/18/19,Thu,0,1,0,04,18,19,04/01/19
04/19/19,Fri,0,1,0,04,19,19,04/01/19
04/20/19,Sat,0,0,0,04,20,19,04/01/19
04/21/19,Sun,0,0,0,04,21,19,04/01/19
04/22/19,Mon,0,1,0,04,22,19,04/01/19
04/23/19,Tue,0,1,0,04,23,19,04/01/19
04/24/19,Wed,0,1,0,04,24,19,04/01/19
04/25/19,Thu,0,1,0,04,25,19,04/01/19
04/26/19,Fri,0,1,0,04,26,19,04/01/19
04/27/19,Sat,0,0,0,04,27,19,04/01/19
04/28/19,Sun,0,0,0,04,28,19,04/01/19
04/29/19,Mon,0,1,0,04,29,19,04/01/19
04/30/19,Tue,0,1,0,04,30,19,04/01/19
05/01/19,Wed,0,1,0,05,01,19,05/01/19
05/02/19,Thu,0,1,0,05,02,19,05/01/19
05/03/19,Fri,0,1,0,05,03,19,05/01/19
05/04/19,Sat,0,0,0,05,04,19,05/01/19
05/05/19,Sun,0,0,0,05,05,19,05/01/19
05/06/19,Mon,0,1,0,05,06,19,05/01/19
05/07/19,Tue,0,1,0,05,07,19,05/01/19
05/08/19,Wed,0,1,0,05,08,19,05/01/19
05/09/19,Thu,0,1,0,05,09,19,05/01/19
05/10/19,Fri,0,1,0,05,10,19,05/01/19
05/11/19,Sat,0,0,0,05,11,19,05/01/19
05/12/19,Sun,0,0,0,05,12,19,05/01/19
05/13/19,Mon,0,1,0,05,13,19,05/01/19
05/14/19,Tue,0,1,0,05,14,19,05/01/19
05/15/19,Wed,0,1,0,05,15,19,05/01/19
05/16/19,Thu,0,1,0,05,16,19,05/01/19
05/17/19,Fri,0,1,0,05,17,19,05/01/19
05/18/19,Sat,0,0,0,05,18,19,05/01/19
05/19/19,Sun,0,0,0,05,19,19,05/01/19
05/20/19,Mon,0,1,0,05,20,19,05/01/19
05/21/19,Tue,0,1,0,05,21,19,05/01/19
05/22/19,Wed,0,1,0,05,22,19,05/01/19
05/23/19,Thu,0,1,0,05,23,19,05/01/19
05/24/19,Fri,0,1,1,05,24,19,05/01/19
05/25/19,Sat,0,0,1,05,25,19,05/01/19
05/26/19,Sun,0,0,1,05,26,19,05/01/19
05/27/19,Mon,1,0,1,05,27,19,05/01/19
05/28/19,Tue,0,1,1,05,28,19,05/01/19
05/29/19,Wed,0,1,0,05,29,19,05/01/19
05/30/19,Thu,0,1,0,05,30,19,05/01/19
05/31/19,Fri,0,1,0,05,31,19,05/01/19
06/01/19,Sat,0,0,0,06,01,19,06/01/19
06/02/19,Sun,0,0,0,06,02,19,06/01/19
06/03/19,Mon,0,1,0,06,03,19,06/01/19
06/04/19,Tue,0,1,0,06,04,19,06/01/19
06/05/19,Wed,0,1,0,06,05,19,06/01/19
06/06/19,Thu,0,1,0,06,06,19,06/01/19
06/07/19,Fri,0,1,0,06,07,19,06/01/19
06/08/19,Sat,0,0,0,06,08,19,06/01/19
06/09/19,Sun,0,0,0,06,09,19,06/01/19
06/10/19,Mon,0,1,0,06,10,19,06/01/19
06/11/19,Tue,0,1,0,06,11,19,06/01/19
06/12/19,Wed,0,1,0,06,12,19,06/01/19
06/13/19,Thu,0,1,0,06,13,19,06/01/19
06/14/19,Fri,0,1,0,06,14,19,06/01/19
06/15/19,Sat,0,0,0,06,15,19,06/01/19
06/16/19,Sun,0,0,0,06,16,19,06/01/19
06/17/19,Mon,0,1,0,06,17,19,06/01/19
06/18/19,Tue,0,1,0,06,18,19,06/01/19
06/19/19,Wed,0,1,0,06,19,19,06/01/19
06/20/19,Thu,0,1,0,06,20,19,06/01/19
06/21/19,Fri,0,1,0,06,21,19,06/01/19
06/22/19,Sat,0,0,0,06,22,19,06/01/19
06/23/19,Sun,0,0,0,06,23,19,06/01/19
06/24/19,Mon,0,1,0,06,24,19,06/01/19
06/25/19,Tue,0,1,0,06,25,19,06/01/19
06/26/19,Wed,0,1,0,06,26,19,06/01/19
06/27/19,Thu,0,1,0,06,27,19,06/01/19
06/28/19,Fri,0,1,0,06,28,19,06/01/19
06/29/19,Sat,0,0,0,06,29,19,06/01/19
06/30/19,Sun,0,0,0,06,30,19,06/01/19
07/01/19,Mon,0,1,0,07,01,19,07/01/19
07/02/19,Tue,0,1,0,07,02,19,07/01/19
07/03/19,Wed,0,1,1,07,03,19,07/01/19
07/04/19,Thu,1,0,1,07,04,19,07/01/19
07/05/19,Fri,0,1,1,07,05,19,07/01/19
07/06/19,Sat,0,0,1,07,06,19,07/01/19
07/07/19,Sun,0,0,1,07,07,19,07/01/19
07/08/19,Mon,0,1,1,07,08,19,07/01/19
07/09/19,Tue,0,1,0,07,09,19,07/01/19
07/10/19,Wed,0,1,0,07,10,19,07/01/19
07/11/19,Thu,0,1,0,07,11,19,07/01/19
07/12/19,Fri,0,1,0,07,12,19,07/01/19
07/13/19,Sat,0,0,0,07,13,19,07/01/19
07/14/19,Sun,0,0,0,07,14,19,07/01/19
07/15/19,Mon,0,1,0,07,15,19,07/01/19
07/16/19,Tue,0,1,0,07,16,19,07/01/19
07/17/19,Wed,0,1,0,07,17,19,07/01/19
07/18/19,Thu,0,1,0,07,18,19,07/01/19
07/19/19,Fri,0,1,0,07,19,19,07/01/19
07/20/19,Sat,0,0,0,07,20,19,07/01/19
07/21/19,Sun,0,0,0,07,21,19,07/01/19
07/22/19,Mon,0,1,0,07,22,19,07/01/19
07/23/19,Tue,0,1,0,07,23,19,07/01/19
07/24/19,Wed,0,1,0,07,24,19,07/01/19
07/25/19,Thu,0,1,0,07,25,19,07/01/19
07/26/19,Fri,0,1,0,07,26,19,07/01/19
07/27/19,Sat,0,0,0,07,27,19,07/01/19
07/28/19,Sun,0,0,0,07,28,19,07/01/19
07/29/19,Mon,0,1,0,07,29,19,07/01/19
07/30/19,Tue,0,1,0,07,30,19,07/01/19
07/31/19,Wed,0,1,0,07,31,19,07/01/19
08/01/19,Thu,0,1,0,08,01,19,08/01/19
08/02/19,Fri,0,1,0,08,02,19,08/01/19
08/03/19,Sat,0,0,0,08,03,19,08/01/19
08/04/19,Sun,0,0,0,08,04,19,08/01/19
08/05/19,Mon,0,1,0,08,05,19,08/01/19
08/06/19,Tue,0,1,0,08,06,19,08/01/19
08/07/19,Wed,0,1,0,08,07,19,08/01/19
08/08/19,Thu,0,1,0,08,08,19,08/01/19
08/09/19,Fri,0,1,0,08,09,19,08/01/19
08/10/19,Sat,0,0,0,08,10,19,08/01/19
08/11/19,Sun,0,0,0,08,11,19,08/01/19
08/12/19,Mon,0,1,0,08,12,19,08/01/19
08/13/19,Tue,0,1,0,08,13,19,08/01/19
08/14/19,Wed,0,1,0,08,14,19,08/01/19
08/15/19,Thu,0,1,0,08,15,19,08/01/19
08/16/19,Fri,0,1,0,08,16,19,08/01/19
08/17/19,Sat,0,0,0,08,17,19,08/01/19
08/18/19,Sun,0,0,0,08,18,19,08/01/19
08/19/19,Mon,0,1,0,08,19,19,08/01/19
08/20/19,Tue,0,1,0,08,20,19,08/01/19
08/21/19,Wed,0,1,0,08,21,19,08/01/19
08/22/19,Thu,0,1,0,08,22,19,08/01/19
08/23/19,Fri,0,1,0,08,23,19,08/01/19
08/24/19,Sat,0,0,0,08,24,19,08/01/19
08/25/19,Sun,0,0,0,08,25,19,08/01/19
08/26/19,Mon,0,1,0,08,26,19,08/01/19
08/27/19,Tue,0,1,0,08,27,19,08/01/19
08/28/19,Wed,0,1,0,08,28,19,08/01/19
08/29/19,Thu,0,1,0,08,29,19,08/01/19
08/30/19,Fri,0,1,1,08,30,19,08/01/19
08/31/19,Sat,0,0,1,08,31,19,08/01/19
09/01/19,Sun,0,0,1,09,01,19,09/01/19
09/02/19,Mon,1,0,1,09,02,19,09/01/19
09/03/19,Tue,0,1,1,09,03,19,09/01/19
09/04/19,Wed,0,1,0,09,04,19,09/01/19
09/05/19,Thu,0,1,0,09,05,19,09/01/19
09/06/19,Fri,0,1,0,09,06,19,09/01/19
09/07/19,Sat,0,0,0,09,07,19,09/01/19
09/08/19,Sun,0,0,0,09,08,19,09/01/19
09/09/19,Mon,0,1,0,09,09,19,09/01/19
09/10/19,Tue,0,1,0,09,10,19,09/01/19
09/11/19,Wed,0,1,0,09,11,19,09/01/19
09/12/19,Thu,0,1,0,09,12,19,09/01/19
09/13/19,Fri,0,1,0,09,13,19,09/01/19
09/14/19,Sat,0,0,0,09,14,19,09/01/19
09/15/19,Sun,0,0,0,09,15,19,09/01/19
09/16/19,Mon,0,1,0,09,16,19,09/01/19
09/17/19,Tue,0,1,0,09,17,19,09/01/19
09/18/19,Wed,0,1,0,09,18,19,09/01/19
09/19/19,Thu,0,1,0,09,19,19,09/01/19
09/20/19,Fri,0,1,0,09,20,19,09/01/19
09/21/19,Sat,0,0,0,09,21,19,09/01/19
09/22/19,Sun,0,0,0,09,22,19,09/01/19
09/23/19,Mon,0,1,0,09,23,19,09/01/19
09/24/19,Tue,0,1,0,09,24,19,09/01/19
09/25/19,Wed,0,1,0,09,25,19,09/01/19
09/26/19,Thu,0,1,0,09,26,19,09/01/19
09/27/19,Fri,0,1,0,09,27,19,09/01/19
09/28/19,Sat,0,0,0,09,28,19,09/01/19
09/29/19,Sun,0,0,0,09,29,19,09/01/19
09/30/19,Mon,0,1,0,09,30,19,09/01/19
10/01/19,Tue,0,1,0,10,01,19,10/01/19
10/02/19,Wed,0,1,0,10,02,19,10/01/19
10/03/19,Thu,0,1,0,10,03,19,10/01/19
10/04/19,Fri,0,1,0,10,04,19,10/01/19
10/05/19,Sat,0,0,0,10,05,19,10/01/19
10/06/19,Sun,0,0,0,10,06,19,10/01/19
10/07/19,Mon,0,1,0,10,07,19,10/01/19
10/08/19,Tue,0,1,0,10,08,19,10/01/19
10/09/19,Wed,0,1,0,10,09,19,10/01/19
10/10/19,Thu,0,1,0,10,10,19,10/01/19
10/11/19,Fri,0,1,1,10,11,19,10/01/19
10/12/19,Sat,0,0,1,10,12,19,10/01/19
10/13/19,Sun,0,0,1,10,13,19,10/01/19
10/14/19,Mon,1,0,1,10,14,19,10/01/19
10/15/19,Tue,0,1,1,10,15,19,10/01/19
10/16/19,Wed,0,1,0,10,16,19,10/01/19
10/17/19,Thu,0,1,0,10,17,19,10/01/19
10/18/19,Fri,0,1,0,10,18,19,10/01/19
10/19/19,Sat,0,0,0,10,19,19,10/01/19
10/20/19,Sun,0,0,0,10,20,19,10/01/19
10/21/19,Mon,0,1,0,10,21,19,10/01/19
10/22/19,Tue,0,1,0,10,22,19,10/01/19
10/23/19,Wed,0,1,0,10,23,19,10/01/19
10/24/19,Thu,0,1,0,10,24,19,10/01/19
10/25/19,Fri,0,1,0,10,25,19,10/01/19
10/26/19,Sat,0,0,0,10,26,19,10/01/19
10/27/19,Sun,0,0,0,10,27,19,10/01/19
10/28/19,Mon,0,1,0,10,28,19,10/01/19
10/29/19,Tue,0,1,0,10,29,19,10/01/19
10/30/19,Wed,0,1,0,10,30,19,10/01/19
10/31/19,Thu,0,1,0,10,31,19,10/01/19
11/01/19,Fri,0,1,0,11,01,19,11/01/19
11/02/19,Sat,0,0,0,11,02,19,11/01/19
11/03/19,Sun,0,0,0,11,03,19,11/01/19
11/04/19,Mon,0,1,0,11,04,19,11/01/19
11/05/19,Tue,0,1,0,11,05,19,11/01/19
11/06/19,Wed,0,1,0,11,06,19,11/01/19
11/07/19,Thu,0,1,0,11,07,19,11/01/19
11/08/19,Fri,0,1,1,11,08,19,11/01/19
11/09/19,Sat,0,0,1,11,09,19,11/01/19
11/10/19,Sun,0,0,1,11,10,19,11/01/19
11/11/19,Mon,1,0,1,11,11,19,11/01/19
11/12/19,Tue,0,1,1,11,12,19,11/01/19
11/13/19,Wed,0,1,0,11,13,19,11/01/19
11/14/19,Thu,0,1,0,11,14,19,11/01/19
11/15/19,Fri,0,1,0,11,15,19,11/01/19
11/16/19,Sat,0,0,0,11,16,19,11/01/19
11/17/19,Sun,0,0,0,11,17,19,11/01/19
11/18/19,Mon,0,1,0,11,18,19,11/01/19
11/19/19,Tue,0,1,0,11,19,19,11/01/19
11/20/19,Wed,0,1,0,11,20,19,11/01/19
11/21/19,Thu,0,1,0,11,21,19,11/01/19
11/22/19,Fri,0,1,0,11,22,19,11/01/19
11/23/19,Sat,0,0,0,11,23,19,11/01/19
11/24/19,Sun,0,0,0,11,24,19,11/01/19
11/25/19,Mon,0,1,0,11,25,19,11/01/19
11/26/19,Tue,0,1,1,11,26,19,11/01/19
11/27/19,Wed,0,1,1,11,27,19,11/01/19
11/28/19,Thu,1,0,1,11,28,19,11/01/19
11/29/19,Fri,0,1,1,11,29,19,11/01/19
11/30/19,Sat,0,0,1,11,30,19,11/01/19
12/01/19,Sun,0,0,1,12,01,19,12/01/19
12/02/19,Mon,0,1,1,12,02,19,12/01/19
12/03/19,Tue,0,1,0,12,03,19,12/01/19
12/04/19,Wed,0,1,0,12,04,19,12/01/19
12/05/19,Thu,0,1,0,12,05,19,12/01/19
12/06/19,Fri,0,1,0,12,06,19,12/01/19
12/07/19,Sat,0,0,0,12,07,19,12/01/19
12/08/19,Sun,0,0,0,12,08,19,12/01/19
12/09/19,Mon,0,1,0,12,09,19,12/01/19
12/10/19,Tue,0,1,0,12,10,19,12/01/19
12/11/19,Wed,0,1,0,12,11,19,12/01/19
12/12/19,Thu,0,1,0,12,12,19,12/01/19
12/13/19,Fri,0,1,0,12,13,19,12/01/19
12/14/19,Sat,0,0,0,12,14,19,12/01/19
12/15/19,Sun,0,0,0,12,15,19,12/01/19
12/16/19,Mon,0,1,0,12,16,19,12/01/19
12/17/19,Tue,0,1,0,12,17,19,12/01/19
12/18/19,Wed,0,1,0,12,18,19,12/01/19
12/19/19,Thu,0,1,0,12,19,19,12/01/19
12/20/19,Fri,0,1,1,12,20,19,12/01/19
12/21/19,Sat,0,0,1,12,21,19,12/01/19
12/22/19,Sun,0,0,1,12,22,19,12/01/19
12/23/19,Mon,0,1,1,12,23,19,12/01/19
12/24/19,Tue,0,1,1,12,24,19,12/01/19
12/25/19,Wed,1,0,1,12,25,19,12/01/19
12/26/19,Thu,0,1,1,12,26,19,12/01/19
12/27/19,Fri,0,1,0,12,27,19,12/01/19
12/28/19,Sat,0,0,1,12,28,19,12/01/19
12/29/19,Sun,0,0,1,12,29,19,12/01/19
12/30/19,Mon,0,1,1,12,30,19,12/01/19
12/31/19,Tue,0,1,1,12,31,19,12/01/19
01/01/20,Wed,1,0,1,01,01,20,01/01/20
01/02/20,Thu,0,1,1,01,02,20,01/01/20
01/03/20,Fri,0,1,0,01,03,20,01/01/20
01/04/20,Sat,0,0,0,01,04,20,01/01/20
01/05/20,Sun,0,0,0,01,05,20,01/01/20
01/06/20,Mon,0,1,0,01,06,20,01/01/20
01/07/20,Tue,0,1,0,01,07,20,01/01/20
01/08/20,Wed,0,1,0,01,08,20,01/01/20
01/09/20,Thu,0,1,0,01,09,20,01/01/20
01/10/20,Fri,0,1,0,01,10,20,01/01/20
01/11/20,Sat,0,0,0,01,11,20,01/01/20
01/12/20,Sun,0,0,0,01,12,20,01/01/20
01/13/20,Mon,0,1,0,01,13,20,01/01/20
01/14/20,Tue,0,1,0,01,14,20,01/01/20
01/15/20,Wed,0,1,0,01,15,20,01/01/20
01/16/20,Thu,0,1,0,01,16,20,01/01/20
01/17/20,Fri,0,1,1,01,17,20,01/01/20
01/18/20,Sat,0,0,1,01,18,20,01/01/20
01/19/20,Sun,0,0,1,01,19,20,01/01/20
01/20/20,Mon,1,0,1,01,20,20,01/01/20
01/21/20,Tue,0,1,1,01,21,20,01/01/20
01/22/20,Wed,0,1,0,01,22,20,01/01/20
01/23/20,Thu,0,1,0,01,23,20,01/01/20
01/24/20,Fri,0,1,0,01,24,20,01/01/20
01/25/20,Sat,0,0,0,01,25,20,01/01/20
01/26/20,Sun,0,0,0,01,26,20,01/01/20
01/27/20,Mon,0,1,0,01,27,20,01/01/20
01/28/20,Tue,0,1,0,01,28,20,01/01/20
01/29/20,Wed,0,1,0,01,29,20,01/01/20
01/30/20,Thu,0,1,0,01,30,20,01/01/20
01/31/20,Fri,0,1,0,01,31,20,01/01/20
02/01/20,Sat,0,0,0,02,01,20,02/01/20
02/02/20,Sun,0,0,0,02,02,20,02/01/20
02/03/20,Mon,0,1,0,02,03,20,02/01/20
02/04/20,Tue,0,1,0,02,04,20,02/01/20
02/05/20,Wed,0,1,0,02,05,20,02/01/20
02/06/20,Thu,0,1,0,02,06,20,02/01/20
02/07/20,Fri,0,1,0,02,07,20,02/01/20
02/08/20,Sat,0,0,0,02,08,20,02/01/20
02/09/20,Sun,0,0,0,02,09,20,02/01/20
02/10/20,Mon,0,1,0,02,10,20,02/01/20
02/11/20,Tue,0,1,0,02,11,20,02/01/20
02/12/20,Wed,0,1,0,02,12,20,02/01/20
02/13/20,Thu,0,1,0,02,13,20,02/01/20
02/14/20,Fri,0,1,1,02,14,20,02/01/20
02/15/20,Sat,0,0,1,02,15,20,02/01/20
02/16/20,Sun,0,0,1,02,16,20,02/01/20
02/17/20,Mon,1,0,1,02,17,20,02/01/20
02/18/20,Tue,0,1,1,02,18,20,02/01/20
02/19/20,Wed,0,1,0,02,19,20,02/01/20
02/20/20,Thu,0,1,0,02,20,20,02/01/20
02/21/20,Fri,0,1,0,02,21,20,02/01/20
02/22/20,Sat,0,0,0,02,22,20,02/01/20
02/23/20,Sun,0,0,0,02,23,20,02/01/20
02/24/20,Mon,0,1,0,02,24,20,02/01/20
02/25/20,Tue,0,1,0,02,25,20,02/01/20
02/26/20,Wed,0,1,0,02,26,20,02/01/20
02/27/20,Thu,0,1,0,02,27,20,02/01/20
02/28/20,Fri,0,1,0,02,28,20,02/01/20
02/29/20,Sat,0,0,0,02,29,20,02/01/20
03/01/20,Sun,0,0,0,03,01,20,03/01/20
03/02/20,Mon,0,1,0,03,02,20,03/01/20
03/03/20,Tue,0,1,0,03,03,20,03/01/20
03/04/20,Wed,0,1,0,03,04,20,03/01/20
03/05/20,Thu,0,1,0,03,05,20,03/01/20
03/06/20,Fri,0,1,0,03,06,20,03/01/20
03/07/20,Sat,0,0,0,03,07,20,03/01/20
03/08/20,Sun,0,0,0,03,08,20,03/01/20
03/09/20,Mon,0,1,0,03,09,20,03/01/20
03/10/20,Tue,0,1,0,03,10,20,03/01/20
03/11/20,Wed,0,1,0,03,11,20,03/01/20
03/12/20,Thu,0,1,0,03,12,20,03/01/20
03/13/20,Fri,0,1,0,03,13,20,03/01/20
03/14/20,Sat,0,0,0,03,14,20,03/01/20
03/15/20,Sun,0,0,0,03,15,20,03/01/20
03/16/20,Mon,0,1,0,03,16,20,03/01/20
03/17/20,Tue,0,1,0,03,17,20,03/01/20
03/18/20,Wed,0,1,0,03,18,20,03/01/20
03/19/20,Thu,0,1,0,03,19,20,03/01/20
03/20/20,Fri,0,1,0,03,20,20,03/01/20
03/21/20,Sat,0,0,0,03,21,20,03/01/20
03/22/20,Sun,0,0,0,03,22,20,03/01/20
03/23/20,Mon,0,1,0,03,23,20,03/01/20
03/24/20,Tue,0,1,0,03,24,20,03/01/20
03/25/20,Wed,0,1,0,03,25,20,03/01/20
03/26/20,Thu,0,1,0,03,26,20,03/01/20
03/27/20,Fri,0,1,0,03,27,20,03/01/20
03/28/20,Sat,0,0,0,03,28,20,03/01/20
03/29/20,Sun,0,0,0,03,29,20,03/01/20
03/30/20,Mon,0,1,0,03,30,20,03/01/20
03/31/20,Tue,0,1,0,03,31,20,03/01/20
04/01/20,Wed,0,1,0,04,01,20,04/01/20
04/02/20,Thu,0,1,0,04,02,20,04/01/20
04/03/20,Fri,0,1,0,04,03,20,04/01/20
04/04/20,Sat,0,0,0,04,04,20,04/01/20
04/05/20,Sun,0,0,0,04,05,20,04/01/20
04/06/20,Mon,0,1,0,04,06,20,04/01/20
04/07/20,Tue,0,1,0,04,07,20,04/01/20
04/08/20,Wed,0,1,0,04,08,20,04/01/20
04/09/20,Thu,0,1,0,04,09,20,04/01/20
04/10/20,Fri,0,1,0,04,10,20,04/01/20
04/11/20,Sat,0,0,0,04,11,20,04/01/20
04/12/20,Sun,0,0,0,04,12,20,04/01/20
04/13/20,Mon,0,1,0,04,13,20,04/01/20
04/14/20,Tue,0,1,0,04,14,20,04/01/20
04/15/20,Wed,0,1,0,04,15,20,04/01/20
04/16/20,Thu,0,1,0,04,16,20,04/01/20
04/17/20,Fri,0,1,0,04,17,20,04/01/20
04/18/20,Sat,0,0,0,04,18,20,04/01/20
04/19/20,Sun,0,0,0,04,19,20,04/01/20
04/20/20,Mon,0,1,0,04,20,20,04/01/20
04/21/20,Tue,0,1,0,04,21,20,04/01/20
04/22/20,Wed,0,1,0,04,22,20,04/01/20
04/23/20,Thu,0,1,0,04,23,20,04/01/20
04/24/20,Fri,0,1,0,04,24,20,04/01/20
04/25/20,Sat,0,0,0,04,25,20,04/01/20
04/26/20,Sun,0,0,0,04,26,20,04/01/20
04/27/20,Mon,0,1,0,04,27,20,04/01/20
04/28/20,Tue,0,1,0,04,28,20,04/01/20
04/29/20,Wed,0,1,0,04,29,20,04/01/20
04/30/20,Thu,0,1,0,04,30,20,04/01/20
05/01/20,Fri,0,1,0,05,01,20,05/01/20
05/02/20,Sat,0,0,0,05,02,20,05/01/20
05/03/20,Sun,0,0,0,05,03,20,05/01/20
05/04/20,Mon,0,1,0,05,04,20,05/01/20
05/05/20,Tue,0,1,0,05,05,20,05/01/20
05/06/20,Wed,0,1,0,05,06,20,05/01/20
05/07/20,Thu,0,1,0,05,07,20,05/01/20
05/08/20,Fri,0,1,0,05,08,20,05/01/20
05/09/20,Sat,0,0,0,05,09,20,05/01/20
05/10/20,Sun,0,0,0,05,10,20,05/01/20
05/11/20,Mon,0,1,0,05,11,20,05/01/20
05/12/20,Tue,0,1,0,05,12,20,05/01/20
05/13/20,Wed,0,1,0,05,13,20,05/01/20
05/14/20,Thu,0,1,0,05,14,20,05/01/20
05/15/20,Fri,0,1,0,05,15,20,05/01/20
05/16/20,Sat,0,0,0,05,16,20,05/01/20
05/17/20,Sun,0,0,0,05,17,20,05/01/20
05/18/20,Mon,0,1,0,05,18,20,05/01/20
05/19/20,Tue,0,1,0,05,19,20,05/01/20
05/20/20,Wed,0,1,0,05,20,20,05/01/20
05/21/20,Thu,0,1,0,05,21,20,05/01/20
05/22/20,Fri,0,1,1,05,22,20,05/01/20
05/23/20,Sat,0,0,1,05,23,20,05/01/20
05/24/20,Sun,0,0,1,05,24,20,05/01/20
05/25/20,Mon,1,0,1,05,25,20,05/01/20
05/26/20,Tue,0,1,1,05,26,20,05/01/20
05/27/20,Wed,0,1,0,05,27,20,05/01/20
05/28/20,Thu,0,1,0,05,28,20,05/01/20
05/29/20,Fri,0,1,0,05,29,20,05/01/20
05/30/20,Sat,0,0,0,05,30,20,05/01/20
05/31/20,Sun,0,0,0,05,31,20,05/01/20
06/01/20,Mon,0,1,0,06,01,20,06/01/20
06/02/20,Tue,0,1,0,06,02,20,06/01/20
06/03/20,Wed,0,1,0,06,03,20,06/01/20
06/04/20,Thu,0,1,0,06,04,20,06/01/20
06/05/20,Fri,0,1,0,06,05,20,06/01/20
06/06/20,Sat,0,0,0,06,06,20,06/01/20
06/07/20,Sun,0,0,0,06,07,20,06/01/20
06/08/20,Mon,0,1,0,06,08,20,06/01/20
06/09/20,Tue,0,1,0,06,09,20,06/01/20
06/10/20,Wed,0,1,0,06,10,20,06/01/20
06/11/20,Thu,0,1,0,06,11,20,06/01/20
06/12/20,Fri,0,1,0,06,12,20,06/01/20
06/13/20,Sat,0,0,0,06,13,20,06/01/20
06/14/20,Sun,0,0,0,06,14,20,06/01/20
06/15/20,Mon,0,1,0,06,15,20,06/01/20
06/16/20,Tue,0,1,0,06,16,20,06/01/20
06/17/20,Wed,0,1,0,06,17,20,06/01/20
06/18/20,Thu,0,1,0,06,18,20,06/01/20
06/19/20,Fri,0,1,0,06,19,20,06/01/20
06/20/20,Sat,0,0,0,06,20,20,06/01/20
06/21/20,Sun,0,0,0,06,21,20,06/01/20
06/22/20,Mon,0,1,0,06,22,20,06/01/20
06/23/20,Tue,0,1,0,06,23,20,06/01/20
06/24/20,Wed,0,1,0,06,24,20,06/01/20
06/25/20,Thu,0,1,0,06,25,20,06/01/20
06/26/20,Fri,0,1,0,06,26,20,06/01/20
06/27/20,Sat,0,0,0,06,27,20,06/01/20
06/28/20,Sun,0,0,0,06,28,20,06/01/20
06/29/20,Mon,0,1,0,06,29,20,06/01/20
06/30/20,Tue,0,1,0,06,30,20,06/01/20
07/01/20,Wed,0,1,0,07,01,20,07/01/20
07/02/20,Thu,0,1,0,07,02,20,07/01/20
07/03/20,Fri,1,0,0,07,03,20,07/01/20
07/04/20,Sat,0,0,0,07,04,20,07/01/20
07/05/20,Sun,0,0,0,07,05,20,07/01/20
07/06/20,Mon,0,1,0,07,06,20,07/01/20
07/07/20,Tue,0,1,0,07,07,20,07/01/20
07/08/20,Wed,0,1,0,07,08,20,07/01/20
07/09/20,Thu,0,1,0,07,09,20,07/01/20
07/10/20,Fri,0,1,0,07,10,20,07/01/20
07/11/20,Sat,0,0,0,07,11,20,07/01/20
07/12/20,Sun,0,0,0,07,12,20,07/01/20
07/13/20,Mon,0,1,0,07,13,20,07/01/20
07/14/20,Tue,0,1,0,07,14,20,07/01/20
07/15/20,Wed,0,1,0,07,15,20,07/01/20
07/16/20,Thu,0,1,0,07,16,20,07/01/20
07/17/20,Fri,0,1,0,07,17,20,07/01/20
07/18/20,Sat,0,0,0,07,18,20,07/01/20
07/19/20,Sun,0,0,0,07,19,20,07/01/20
07/20/20,Mon,0,1,0,07,20,20,07/01/20
07/21/20,Tue,0,1,0,07,21,20,07/01/20
07/22/20,Wed,0,1,0,07,22,20,07/01/20
07/23/20,Thu,0,1,0,07,23,20,07/01/20
07/24/20,Fri,0,1,0,07,24,20,07/01/20
07/25/20,Sat,0,0,0,07,25,20,07/01/20
07/26/20,Sun,0,0,0,07,26,20,07/01/20
07/27/20,Mon,0,1,0,07,27,20,07/01/20
07/28/20,Tue,0,1,0,07,28,20,07/01/20
07/29/20,Wed,0,1,0,07,29,20,07/01/20
07/30/20,Thu,0,1,0,07,30,20,07/01/20
07/31/20,Fri,0,1,0,07,31,20,07/01/20
08/01/20,Sat,0,0,0,08,01,20,08/01/20
08/02/20,Sun,0,0,0,08,02,20,08/01/20
08/03/20,Mon,0,1,0,08,03,20,08/01/20
08/04/20,Tue,0,1,0,08,04,20,08/01/20
08/05/20,Wed,0,1,0,08,05,20,08/01/20
08/06/20,Thu,0,1,0,08,06,20,08/01/20
08/07/20,Fri,0,1,0,08,07,20,08/01/20
08/08/20,Sat,0,0,0,08,08,20,08/01/20
08/09/20,Sun,0,0,0,08,09,20,08/01/20
08/10/20,Mon,0,1,0,08,10,20,08/01/20
08/11/20,Tue,0,1,0,08,11,20,08/01/20
08/12/20,Wed,0,1,0,08,12,20,08/01/20
08/13/20,Thu,0,1,0,08,13,20,08/01/20
08/14/20,Fri,0,1,0,08,14,20,08/01/20
08/15/20,Sat,0,0,0,08,15,20,08/01/20
08/16/20,Sun,0,0,0,08,16,20,08/01/20
08/17/20,Mon,0,1,0,08,17,20,08/01/20
08/18/20,Tue,0,1,0,08,18,20,08/01/20
08/19/20,Wed,0,1,0,08,19,20,08/01/20
08/20/20,Thu,0,1,0,08,20,20,08/01/20
08/21/20,Fri,0,1,0,08,21,20,08/01/20
08/22/20,Sat,0,0,0,08,22,20,08/01/20
08/23/20,Sun,0,0,0,08,23,20,08/01/20
08/24/20,Mon,0,1,0,08,24,20,08/01/20
08/25/20,Tue,0,1,0,08,25,20,08/01/20
08/26/20,Wed,0,1,0,08,26,20,08/01/20
08/27/20,Thu,0,1,0,08,27,20,08/01/20
08/28/20,Fri,0,1,0,08,28,20,08/01/20
08/29/20,Sat,0,0,0,08,29,20,08/01/20
08/30/20,Sun,0,0,0,08,30,20,08/01/20
08/31/20,Mon,0,1,0,08,31,20,08/01/20
09/01/20,Tue,0,1,0,09,01,20,09/01/20
09/02/20,Wed,0,1,0,09,02,20,09/01/20
09/03/20,Thu,0,1,0,09,03,20,09/01/20
09/04/20,Fri,0,1,1,09,04,20,09/01/20
09/05/20,Sat,0,0,1,09,05,20,09/01/20
09/06/20,Sun,0,0,1,09,06,20,09/01/20
09/07/20,Mon,1,0,1,09,07,20,09/01/20
09/08/20,Tue,0,1,1,09,08,20,09/01/20
09/09/20,Wed,0,1,0,09,09,20,09/01/20
09/10/20,Thu,0,1,0,09,10,20,09/01/20
09/11/20,Fri,0,1,0,09,11,20,09/01/20
09/12/20,Sat,0,0,0,09,12,20,09/01/20
09/13/20,Sun,0,0,0,09,13,20,09/01/20
09/14/20,Mon,0,1,0,09,14,20,09/01/20
09/15/20,Tue,0,1,0,09,15,20,09/01/20
09/16/20,Wed,0,1,0,09,16,20,09/01/20
09/17/20,Thu,0,1,0,09,17,20,09/01/20
09/18/20,Fri,0,1,0,09,18,20,09/01/20
09/19/20,Sat,0,0,0,09,19,20,09/01/20
09/20/20,Sun,0,0,0,09,20,20,09/01/20
09/21/20,Mon,0,1,0,09,21,20,09/01/20
09/22/20,Tue,0,1,0,09,22,20,09/01/20
09/23/20,Wed,0,1,0,09,23,20,09/01/20
09/24/20,Thu,0,1,0,09,24,20,09/01/20
09/25/20,Fri,0,1,0,09,25,20,09/01/20
09/26/20,Sat,0,0,0,09,26,20,09/01/20
09/27/20,Sun,0,0,0,09,27,20,09/01/20
09/28/20,Mon,0,1,0,09,28,20,09/01/20
09/29/20,Tue,0,1,0,09,29,20,09/01/20
09/30/20,Wed,0,1,0,09,30,20,09/01/20
10/01/20,Thu,0,1,0,10,01,20,10/01/20
10/02/20,Fri,0,1,0,10,02,20,10/01/20
10/03/20,Sat,0,0,0,10,03,20,10/01/20
10/04/20,Sun,0,0,0,10,04,20,10/01/20
10/05/20,Mon,0,1,0,10,05,20,10/01/20
10/06/20,Tue,0,1,0,10,06,20,10/01/20
10/07/20,Wed,0,1,0,10,07,20,10/01/20
10/08/20,Thu,0,1,0,10,08,20,10/01/20
10/09/20,Fri,0,1,1,10,09,20,10/01/20
10/10/20,Sat,0,0,1,10,10,20,10/01/20
10/11/20,Sun,0,0,1,10,11,20,10/01/20
10/12/20,Mon,1,0,1,10,12,20,10/01/20
10/13/20,Tue,0,1,1,10,13,20,10/01/20
10/14/20,Wed,0,1,0,10,14,20,10/01/20
10/15/20,Thu,0,1,0,10,15,20,10/01/20
10/16/20,Fri,0,1,0,10,16,20,10/01/20
10/17/20,Sat,0,0,0,10,17,20,10/01/20
10/18/20,Sun,0,0,0,10,18,20,10/01/20
10/19/20,Mon,0,1,0,10,19,20,10/01/20
10/20/20,Tue,0,1,0,10,20,20,10/01/20
10/21/20,Wed,0,1,0,10,21,20,10/01/20
10/22/20,Thu,0,1,0,10,22,20,10/01/20
10/23/20,Fri,0,1,0,10,23,20,10/01/20
10/24/20,Sat,0,0,0,10,24,20,10/01/20
10/25/20,Sun,0,0,0,10,25,20,10/01/20
10/26/20,Mon,0,1,0,10,26,20,10/01/20
10/27/20,Tue,0,1,0,10,27,20,10/01/20
10/28/20,Wed,0,1,0,10,28,20,10/01/20
10/29/20,Thu,0,1,0,10,29,20,10/01/20
10/30/20,Fri,0,1,0,10,30,20,10/01/20
10/31/20,Sat,0,0,0,10,31,20,10/01/20
11/01/20,Sun,0,0,0,11,01,20,11/01/20
11/02/20,Mon,0,1,0,11,02,20,11/01/20
11/03/20,Tue,0,1,0,11,03,20,11/01/20
11/04/20,Wed,0,1,0,11,04,20,11/01/20
11/05/20,Thu,0,1,0,11,05,20,11/01/20
11/06/20,Fri,0,1,0,11,06,20,11/01/20
11/07/20,Sat,0,0,0,11,07,20,11/01/20
11/08/20,Sun,0,0,0,11,08,20,11/01/20
11/09/20,Mon,0,1,0,11,09,20,11/01/20
11/10/20,Tue,0,1,0,11,10,20,11/01/20
11/11/20,Wed,1,0,0,11,11,20,11/01/20
11/12/20,Thu,0,1,0,11,12,20,11/01/20
11/13/20,Fri,0,1,0,11,13,20,11/01/20
11/14/20,Sat,0,0,0,11,14,20,11/01/20
11/15/20,Sun,0,0,0,11,15,20,11/01/20
11/16/20,Mon,0,1,0,11,16,20,11/01/20
11/17/20,Tue,0,1,0,11,17,20,11/01/20
11/18/20,Wed,0,1,0,11,18,20,11/01/20
11/19/20,Thu,0,1,0,11,19,20,11/01/20
11/20/20,Fri,0,1,0,11,20,20,11/01/20
11/21/20,Sat,0,0,0,11,21,20,11/01/20
11/22/20,Sun,0,0,0,11,22,20,11/01/20
11/23/20,Mon,0,1,0,11,23,20,11/01/20
11/24/20,Tue,0,1,1,11,24,20,11/01/20
11/25/20,Wed,0,1,1,11,25,20,11/01/20
11/26/20,Thu,1,0,1,11,26,20,11/01/20
11/27/20,Fri,0,1,1,11,27,20,11/01/20
11/28/20,Sat,0,0,1,11,28,20,11/01/20
11/29/20,Sun,0,0,1,11,29,20,11/01/20
11/30/20,Mon,0,1,1,11,30,20,11/01/20
12/01/20,Tue,0,1,0,12,01,20,12/01/20
12/02/20,Wed,0,1,0,12,02,20,12/01/20
12/03/20,Thu,0,1,0,12,03,20,12/01/20
12/04/20,Fri,0,1,0,12,04,20,12/01/20
12/05/20,Sat,0,0,0,12,05,20,12/01/20
12/06/20,Sun,0,0,0,12,06,20,12/01/20
12/07/20,Mon,0,1,0,12,07,20,12/01/20
12/08/20,Tue,0,1,0,12,08,20,12/01/20
12/09/20,Wed,0,1,0,12,09,20,12/01/20
12/10/20,Thu,0,1,0,12,10,20,12/01/20
12/11/20,Fri,0,1,0,12,11,20,12/01/20
12/12/20,Sat,0,0,0,12,12,20,12/01/20
12/13/20,Sun,0,0,0,12,13,20,12/01/20
12/14/20,Mon,0,1,0,12,14,20,12/01/20
12/15/20,Tue,0,1,0,12,15,20,12/01/20
12/16/20,Wed,0,1,0,12,16,20,12/01/20
12/17/20,Thu,0,1,0,12,17,20,12/01/20
12/18/20,Fri,0,1,0,12,18,20,12/01/20
12/19/20,Sat,0,0,0,12,19,20,12/01/20
12/20/20,Sun,0,0,0,12,20,20,12/01/20
12/21/20,Mon,0,1,0,12,21,20,12/01/20
12/22/20,Tue,0,1,0,12,22,20,12/01/20
12/23/20,Wed,0,1,1,12,23,20,12/01/20
12/24/20,Thu,0,1,1,12,24,20,12/01/20
12/25/20,Fri,1,0,1,12,25,20,12/01/20
12/26/20,Sat,0,0,1,12,26,20,12/01/20
12/27/20,Sun,0,0,1,12,27,20,12/01/20
12/28/20,Mon,0,1,1,12,28,20,12/01/20
12/29/20,Tue,0,1,0,12,29,20,12/01/20
12/30/20,Wed,0,1,1,12,30,20,12/01/20
12/31/20,Thu,0,1,1,12,31,20,12/01/20
01/01/21,Fri,1,0,1,01,01,21,01/01/21
01/02/21,Sat,0,0,1,01,02,21,01/01/21
01/03/21,Sun,0,0,0,01,03,21,01/01/21
01/04/21,Mon,0,1,0,01,04,21,01/01/21
01/05/21,Tue,0,1,0,01,05,21,01/01/21
01/06/21,Wed,0,1,0,01,06,21,01/01/21
01/07/21,Thu,0,1,0,01,07,21,01/01/21
01/08/21,Fri,0,1,0,01,08,21,01/01/21
01/09/21,Sat,0,0,0,01,09,21,01/01/21
01/10/21,Sun,0,0,0,01,10,21,01/01/21
01/11/21,Mon,0,1,0,01,11,21,01/01/21
01/12/21,Tue,0,1,0,01,12,21,01/01/21
01/13/21,Wed,0,1,0,01,13,21,01/01/21
01/14/21,Thu,0,1,0,01,14,21,01/01/21
01/15/21,Fri,0,1,1,01,15,21,01/01/21
01/16/21,Sat,0,0,1,01,16,21,01/01/21
01/17/21,Sun,0,0,1,01,17,21,01/01/21
01/18/21,Mon,1,0,1,01,18,21,01/01/21
01/19/21,Tue,0,1,1,01,19,21,01/01/21
01/20/21,Wed,1,0,1,01,20,21,01/01/21
01/21/21,Thu,0,1,1,01,21,21,01/01/21
01/22/21,Fri,0,1,0,01,22,21,01/01/21
01/23/21,Sat,0,0,0,01,23,21,01/01/21
01/24/21,Sun,0,0,0,01,24,21,01/01/21
01/25/21,Mon,0,1,0,01,25,21,01/01/21
01/26/21,Tue,0,1,0,01,26,21,01/01/21
01/27/21,Wed,0,1,0,01,27,21,01/01/21
01/28/21,Thu,0,1,0,01,28,21,01/01/21
01/29/21,Fri,0,1,0,01,29,21,01/01/21
01/30/21,Sat,0,0,0,01,30,21,01/01/21
01/31/21,Sun,0,0,0,01,31,21,01/01/21
02/01/21,Mon,0,1,0,02,01,21,02/01/21
02/02/21,Tue,0,1,0,02,02,21,02/01/21
02/03/21,Wed,0,1,0,02,03,21,02/01/21
02/04/21,Thu,0,1,0,02,04,21,02/01/21
02/05/21,Fri,0,1,0,02,05,21,02/01/21
02/06/21,Sat,0,0,0,02,06,21,02/01/21
02/07/21,Sun,0,0,0,02,07,21,02/01/21
02/08/21,Mon,0,1,0,02,08,21,02/01/21
02/09/21,Tue,0,1,0,02,09,21,02/01/21
02/10/21,Wed,0,1,0,02,10,21,02/01/21
02/11/21,Thu,0,1,0,02,11,21,02/01/21
02/12/21,Fri,0,1,1,02,12,21,02/01/21
02/13/21,Sat,0,0,1,02,13,21,02/01/21
02/14/21,Sun,0,0,1,02,14,21,02/01/21
02/15/21,Mon,1,0,1,02,15,21,02/01/21
02/16/21,Tue,0,1,1,02,16,21,02/01/21
02/17/21,Wed,0,1,0,02,17,21,02/01/21
02/18/21,Thu,0,1,0,02,18,21,02/01/21
02/19/21,Fri,0,1,0,02,19,21,02/01/21
02/20/21,Sat,0,0,0,02,20,21,02/01/21
02/21/21,Sun,0,0,0,02,21,21,02/01/21
02/22/21,Mon,0,1,0,02,22,21,02/01/21
02/23/21,Tue,0,1,0,02,23,21,02/01/21
02/24/21,Wed,0,1,0,02,24,21,02/01/21
02/25/21,Thu,0,1,0,02,25,21,02/01/21
02/26/21,Fri,0,1,0,02,26,21,02/01/21
02/27/21,Sat,0,0,0,02,27,21,02/01/21
02/28/21,Sun,0,0,0,02,28,21,02/01/21
03/01/21,Mon,0,1,0,03,01,21,03/01/21
03/02/21,Tue,0,1,0,03,02,21,03/01/21
03/03/21,Wed,0,1,0,03,03,21,03/01/21
03/04/21,Thu,0,1,0,03,04,21,03/01/21
03/05/21,Fri,0,1,0,03,05,21,03/01/21
03/06/21,Sat,0,0,0,03,06,21,03/01/21
03/07/21,Sun,0,0,0,03,07,21,03/01/21
03/08/21,Mon,0,1,0,03,08,21,03/01/21
03/09/21,Tue,0,1,0,03,09,21,03/01/21
03/10/21,Wed,0,1,0,03,10,21,03/01/21
03/11/21,Thu,0,1,0,03,11,21,03/01/21
03/12/21,Fri,0,1,0,03,12,21,03/01/21
03/13/21,Sat,0,0,0,03,13,21,03/01/21
03/14/21,Sun,0,0,0,03,14,21,03/01/21
03/15/21,Mon,0,1,0,03,15,21,03/01/21
03/16/21,Tue,0,1,0,03,16,21,03/01/21
03/17/21,Wed,0,1,0,03,17,21,03/01/21
03/18/21,Thu,0,1,0,03,18,21,03/01/21
03/19/21,Fri,0,1,0,03,19,21,03/01/21
03/20/21,Sat,0,0,0,03,20,21,03/01/21
03/21/21,Sun,0,0,0,03,21,21,03/01/21
03/22/21,Mon,0,1,0,03,22,21,03/01/21
03/23/21,Tue,0,1,0,03,23,21,03/01/21
03/24/21,Wed,0,1,0,03,24,21,03/01/21
03/25/21,Thu,0,1,0,03,25,21,03/01/21
03/26/21,Fri,0,1,0,03,26,21,03/01/21
03/27/21,Sat,0,0,0,03,27,21,03/01/21
03/28/21,Sun,0,0,0,03,28,21,03/01/21
03/29/21,Mon,0,1,0,03,29,21,03/01/21
03/30/21,Tue,0,1,0,03,30,21,03/01/21
03/31/21,Wed,0,1,0,03,31,21,03/01/21
04/01/21,Thu,0,1,0,04,01,21,04/01/21
04/02/21,Fri,0,1,0,04,02,21,04/01/21
04/03/21,Sat,0,0,0,04,03,21,04/01/21
04/04/21,Sun,0,0,0,04,04,21,04/01/21
04/05/21,Mon,0,1,0,04,05,21,04/01/21
04/06/21,Tue,0,1,0,04,06,21,04/01/21
04/07/21,Wed,0,1,0,04,07,21,04/01/21
04/08/21,Thu,0,1,0,04,08,21,04/01/21
04/09/21,Fri,0,1,0,04,09,21,04/01/21
04/10/21,Sat,0,0,0,04,10,21,04/01/21
04/11/21,Sun,0,0,0,04,11,21,04/01/21
04/12/21,Mon,0,1,0,04,12,21,04/01/21
04/13/21,Tue,0,1,0,04,13,21,04/01/21
04/14/21,Wed,0,1,0,04,14,21,04/01/21
04/15/21,Thu,0,1,0,04,15,21,04/01/21
04/16/21,Fri,0,1,0,04,16,21,04/01/21
04/17/21,Sat,0,0,0,04,17,21,04/01/21
04/18/21,Sun,0,0,0,04,18,21,04/01/21
04/19/21,Mon,0,1,0,04,19,21,04/01/21
04/20/21,Tue,0,1,0,04,20,21,04/01/21
04/21/21,Wed,0,1,0,04,21,21,04/01/21
04/22/21,Thu,0,1,0,04,22,21,04/01/21
04/23/21,Fri,0,1,0,04,23,21,04/01/21
04/24/21,Sat,0,0,0,04,24,21,04/01/21
04/25/21,Sun,0,0,0,04,25,21,04/01/21
04/26/21,Mon,0,1,0,04,26,21,04/01/21
04/27/21,Tue,0,1,0,04,27,21,04/01/21
04/28/21,Wed,0,1,0,04,28,21,04/01/21
04/29/21,Thu,0,1,0,04,29,21,04/01/21
04/30/21,Fri,0,1,0,04,30,21,04/01/21
05/01/21,Sat,0,0,0,05,01,21,05/01/21
05/02/21,Sun,0,0,0,05,02,21,05/01/21
05/03/21,Mon,0,1,0,05,03,21,05/01/21
05/04/21,Tue,0,1,0,05,04,21,05/01/21
05/05/21,Wed,0,1,0,05,05,21,05/01/21
05/06/21,Thu,0,1,0,05,06,21,05/01/21
05/07/21,Fri,0,1,0,05,07,21,05/01/21
05/08/21,Sat,0,0,0,05,08,21,05/01/21
05/09/21,Sun,0,0,0,05,09,21,05/01/21
05/10/21,Mon,0,1,0,05,10,21,05/01/21
05/11/21,Tue,0,1,0,05,11,21,05/01/21
05/12/21,Wed,0,1,0,05,12,21,05/01/21
05/13/21,Thu,0,1,0,05,13,21,05/01/21
05/14/21,Fri,0,1,0,05,14,21,05/01/21
05/15/21,Sat,0,0,0,05,15,21,05/01/21
05/16/21,Sun,0,0,0,05,16,21,05/01/21
05/17/21,Mon,0,1,0,05,17,21,05/01/21
05/18/21,Tue,0,1,0,05,18,21,05/01/21
05/19/21,Wed,0,1,0,05,19,21,05/01/21
05/20/21,Thu,0,1,0,05,20,21,05/01/21
05/21/21,Fri,0,1,0,05,21,21,05/01/21
05/22/21,Sat,0,0,0,05,22,21,05/01/21
05/23/21,Sun,0,0,0,05,23,21,05/01/21
05/24/21,Mon,0,1,0,05,24,21,05/01/21
05/25/21,Tue,0,1,0,05,25,21,05/01/21
05/26/21,Wed,0,1,0,05,26,21,05/01/21
05/27/21,Thu,0,1,0,05,27,21,05/01/21
05/28/21,Fri,0,1,1,05,28,21,05/01/21
05/29/21,Sat,0,0,1,05,29,21,05/01/21
05/30/21,Sun,0,0,1,05,30,21,05/01/21
05/31/21,Mon,1,0,1,05,31,21,05/01/21
06/01/21,Tue,0,1,1,06,01,21,06/01/21
06/02/21,Wed,0,1,0,06,02,21,06/01/21
06/03/21,Thu,0,1,0,06,03,21,06/01/21
06/04/21,Fri,0,1,0,06,04,21,06/01/21
06/05/21,Sat,0,0,0,06,05,21,06/01/21
06/06/21,Sun,0,0,0,06,06,21,06/01/21
06/07/21,Mon,0,1,0,06,07,21,06/01/21
06/08/21,Tue,0,1,0,06,08,21,06/01/21
06/09/21,Wed,0,1,0,06,09,21,06/01/21
06/10/21,Thu,0,1,0,06,10,21,06/01/21
06/11/21,Fri,0,1,0,06,11,21,06/01/21
06/12/21,Sat,0,0,0,06,12,21,06/01/21
06/13/21,Sun,0,0,0,06,13,21,06/01/21
06/14/21,Mon,0,1,0,06,14,21,06/01/21
06/15/21,Tue,0,1,0,06,15,21,06/01/21
06/16/21,Wed,0,1,1,06,16,21,06/01/21
06/17/21,Thu,0,1,1,06,17,21,06/01/21
06/18/21,Fri,1,0,1,06,18,21,06/01/21
06/19/21,Sat,0,0,1,06,19,21,06/01/21
06/20/21,Sun,0,0,1,06,20,21,06/01/21
06/21/21,Mon,0,1,1,06,21,21,06/01/21
06/22/21,Tue,0,1,0,06,22,21,06/01/21
06/23/21,Wed,0,1,0,06,23,21,06/01/21
06/24/21,Thu,0,1,0,06,24,21,06/01/21
06/25/21,Fri,0,1,0,06,25,21,06/01/21
06/26/21,Sat,0,0,0,06,26,21,06/01/21
06/27/21,Sun,0,0,0,06,27,21,06/01/21
06/28/21,Mon,0,1,0,06,28,21,06/01/21
06/29/21,Tue,0,1,0,06,29,21,06/01/21
06/30/21,Wed,0,1,0,06,30,21,06/01/21
07/01/21,Thu,0,1,0,07,01,21,07/01/21
07/02/21,Fri,0,1,1,07,02,21,07/01/21
07/03/21,Sat,0,0,1,07,03,21,07/01/21
07/04/21,Sun,0,0,1,07,04,21,07/01/21
07/05/21,Mon,1,0,1,07,05,21,07/01/21
07/06/21,Tue,0,1,1,07,06,21,07/01/21
07/07/21,Wed,0,1,0,07,07,21,07/01/21
07/08/21,Thu,0,1,0,07,08,21,07/01/21
07/09/21,Fri,0,1,0,07,09,21,07/01/21
07/10/21,Sat,0,0,0,07,10,21,07/01/21
07/11/21,Sun,0,0,0,07,11,21,07/01/21
07/12/21,Mon,0,1,0,07,12,21,07/01/21
07/13/21,Tue,0,1,0,07,13,21,07/01/21
07/14/21,Wed,0,1,0,07,14,21,07/01/21
07/15/21,Thu,0,1,0,07,15,21,07/01/21
07/16/21,Fri,0,1,0,07,16,21,07/01/21
07/17/21,Sat,0,0,0,07,17,21,07/01/21
07/18/21,Sun,0,0,0,07,18,21,07/01/21
07/19/21,Mon,0,1,0,07,19,21,07/01/21
07/20/21,Tue,0,1,0,07,20,21,07/01/21
07/21/21,Wed,0,1,0,07,21,21,07/01/21
07/22/21,Thu,0,1,0,07,22,21,07/01/21
07/23/21,Fri,0,1,0,07,23,21,07/01/21
07/24/21,Sat,0,0,0,07,24,21,07/01/21
07/25/21,Sun,0,0,0,07,25,21,07/01/21
07/26/21,Mon,0,1,0,07,26,21,07/01/21
07/27/21,Tue,0,1,0,07,27,21,07/01/21
07/28/21,Wed,0,1,0,07,28,21,07/01/21
07/29/21,Thu,0,1,0,07,29,21,07/01/21
07/30/21,Fri,0,1,0,07,30,21,07/01/21
07/31/21,Sat,0,0,0,07,31,21,07/01/21
08/01/21,Sun,0,0,0,08,01,21,08/01/21
08/02/21,Mon,0,1,0,08,02,21,08/01/21
08/03/21,Tue,0,1,0,08,03,21,08/01/21
08/04/21,Wed,0,1,0,08,04,21,08/01/21
08/05/21,Thu,0,1,0,08,05,21,08/01/21
08/06/21,Fri,0,1,0,08,06,21,08/01/21
08/07/21,Sat,0,0,0,08,07,21,08/01/21
08/08/21,Sun,0,0,0,08,08,21,08/01/21
08/09/21,Mon,0,1,0,08,09,21,08/01/21
08/10/21,Tue,0,1,0,08,10,21,08/01/21
08/11/21,Wed,0,1,0,08,11,21,08/01/21
08/12/21,Thu,0,1,0,08,12,21,08/01/21
08/13/21,Fri,0,1,0,08,13,21,08/01/21
08/14/21,Sat,0,0,0,08,14,21,08/01/21
08/15/21,Sun,0,0,0,08,15,21,08/01/21
08/16/21,Mon,0,1,0,08,16,21,08/01/21
08/17/21,Tue,0,1,0,08,17,21,08/01/21
08/18/21,Wed,0,1,0,08,18,21,08/01/21
08/19/21,Thu,0,1,0,08,19,21,08/01/21
08/20/21,Fri,0,1,0,08,20,21,08/01/21
08/21/21,Sat,0,0,0,08,21,21,08/01/21
08/22/21,Sun,0,0,0,08,22,21,08/01/21
08/23/21,Mon,0,1,0,08,23,21,08/01/21
08/24/21,Tue,0,1,0,08,24,21,08/01/21
08/25/21,Wed,0,1,0,08,25,21,08/01/21
08/26/21,Thu,0,1,0,08,26,21,08/01/21
08/27/21,Fri,0,1,0,08,27,21,08/01/21
08/28/21,Sat,0,0,0,08,28,21,08/01/21
08/29/21,Sun,0,0,0,08,29,21,08/01/21
08/30/21,Mon,0,1,0,08,30,21,08/01/21
08/31/21,Tue,0,1,0,08,31,21,08/01/21
09/01/21,Wed,0,1,0,09,01,21,09/01/21
09/02/21,Thu,0,1,0,09,02,21,09/01/21
09/03/21,Fri,0,1,1,09,03,21,09/01/21
09/04/21,Sat,0,0,1,09,04,21,09/01/21
09/05/21,Sun,0,0,1,09,05,21,09/01/21
09/06/21,Mon,1,0,1,09,06,21,09/01/21
09/07/21,Tue,0,1,1,09,07,21,09/01/21
09/08/21,Wed,0,1,0,09,08,21,09/01/21
09/09/21,Thu,0,1,0,09,09,21,09/01/21
09/10/21,Fri,0,1,0,09,10,21,09/01/21
09/11/21,Sat,0,0,0,09,11,21,09/01/21
09/12/21,Sun,0,0,0,09,12,21,09/01/21
09/13/21,Mon,0,1,0,09,13,21,09/01/21
09/14/21,Tue,0,1,0,09,14,21,09/01/21
09/15/21,Wed,0,1,0,09,15,21,09/01/21
09/16/21,Thu,0,1,0,09,16,21,09/01/21
09/17/21,Fri,0,1,0,09,17,21,09/01/21
09/18/21,Sat,0,0,0,09,18,21,09/01/21
09/19/21,Sun,0,0,0,09,19,21,09/01/21
09/20/21,Mon,0,1,0,09,20,21,09/01/21
09/21/21,Tue,0,1,0,09,21,21,09/01/21
09/22/21,Wed,0,1,0,09,22,21,09/01/21
09/23/21,Thu,0,1,0,09,23,21,09/01/21
09/24/21,Fri,0,1,0,09,24,21,09/01/21
09/25/21,Sat,0,0,0,09,25,21,09/01/21
09/26/21,Sun,0,0,0,09,26,21,09/01/21
09/27/21,Mon,0,1,0,09,27,21,09/01/21
09/28/21,Tue,0,1,0,09,28,21,09/01/21
09/29/21,Wed,0,1,0,09,29,21,09/01/21
09/30/21,Thu,0,1,0,09,30,21,09/01/21
10/01/21,Fri,0,1,0,10,01,21,10/01/21
10/02/21,Sat,0,0,0,10,02,21,10/01/21
10/03/21,Sun,0,0,0,10,03,21,10/01/21
10/04/21,Mon,0,1,0,10,04,21,10/01/21
10/05/21,Tue,0,1,0,10,05,21,10/01/21
10/06/21,Wed,0,1,0,10,06,21,10/01/21
10/07/21,Thu,0,1,0,10,07,21,10/01/21
10/08/21,Fri,0,1,1,10,08,21,10/01/21
10/09/21,Sat,0,0,1,10,09,21,10/01/21
10/10/21,Sun,0,0,1,10,10,21,10/01/21
10/11/21,Mon,1,0,1,10,11,21,10/01/21
10/12/21,Tue,0,1,1,10,12,21,10/01/21
10/13/21,Wed,0,1,0,10,13,21,10/01/21
10/14/21,Thu,0,1,0,10,14,21,10/01/21
10/15/21,Fri,0,1,0,10,15,21,10/01/21
10/16/21,Sat,0,0,0,10,16,21,10/01/21
10/17/21,Sun,0,0,0,10,17,21,10/01/21
10/18/21,Mon,0,1,0,10,18,21,10/01/21
10/19/21,Tue,0,1,0,10,19,21,10/01/21
10/20/21,Wed,0,1,0,10,20,21,10/01/21
10/21/21,Thu,0,1,0,10,21,21,10/01/21
10/22/21,Fri,0,1,0,10,22,21,10/01/21
10/23/21,Sat,0,0,0,10,23,21,10/01/21
10/24/21,Sun,0,0,0,10,24,21,10/01/21
10/25/21,Mon,0,1,0,10,25,21,10/01/21
10/26/21,Tue,0,1,0,10,26,21,10/01/21
10/27/21,Wed,0,1,0,10,27,21,10/01/21
10/28/21,Thu,0,1,0,10,28,21,10/01/21
10/29/21,Fri,0,1,0,10,29,21,10/01/21
10/30/21,Sat,0,0,0,10,30,21,10/01/21
10/31/21,Sun,0,0,0,10,31,21,10/01/21
11/01/21,Mon,0,1,0,11,01,21,11/01/21
11/02/21,Tue,0,1,0,11,02,21,11/01/21
11/03/21,Wed,0,1,0,11,03,21,11/01/21
11/04/21,Thu,0,1,0,11,04,21,11/01/21
11/05/21,Fri,0,1,0,11,05,21,11/01/21
11/06/21,Sat,0,0,0,11,06,21,11/01/21
11/07/21,Sun,0,0,0,11,07,21,11/01/21
11/08/21,Mon,0,1,0,11,08,21,11/01/21
11/09/21,Tue,0,1,0,11,09,21,11/01/21
11/10/21,Wed,0,1,0,11,10,21,11/01/21
11/11/21,Thu,1,0,0,11,11,21,11/01/21
11/12/21,Fri,0,1,0,11,12,21,11/01/21
11/13/21,Sat,0,0,0,11,13,21,11/01/21
11/14/21,Sun,0,0,0,11,14,21,11/01/21
11/15/21,Mon,0,1,0,11,15,21,11/01/21
11/16/21,Tue,0,1,0,11,16,21,11/01/21
11/17/21,Wed,0,1,0,11,17,21,11/01/21
11/18/21,Thu,0,1,0,11,18,21,11/01/21
11/19/21,Fri,0,1,0,11,19,21,11/01/21
11/20/21,Sat,0,0,0,11,20,21,11/01/21
11/21/21,Sun,0,0,0,11,21,21,11/01/21
11/22/21,Mon,0,1,0,11,22,21,11/01/21
11/23/21,Tue,0,1,1,11,23,21,11/01/21
11/24/21,Wed,0,1,1,11,24,21,11/01/21
11/25/21,Thu,1,0,1,11,25,21,11/01/21
11/26/21,Fri,0,1,1,11,26,21,11/01/21
11/27/21,Sat,0,0,1,11,27,21,11/01/21
11/28/21,Sun,0,0,1,11,28,21,11/01/21
11/29/21,Mon,0,1,1,11,29,21,11/01/21
11/30/21,Tue,0,1,0,11,30,21,11/01/21
12/01/21,Wed,0,1,0,12,01,21,12/01/21
12/02/21,Thu,0,1,0,12,02,21,12/01/21
12/03/21,Fri,0,1,0,12,03,21,12/01/21
12/04/21,Sat,0,0,0,12,04,21,12/01/21
12/05/21,Sun,0,0,0,12,05,21,12/01/21
12/06/21,Mon,0,1,0,12,06,21,12/01/21
12/07/21,Tue,0,1,0,12,07,21,12/01/21
12/08/21,Wed,0,1,0,12,08,21,12/01/21
12/09/21,Thu,0,1,0,12,09,21,12/01/21
12/10/21,Fri,0,1,0,12,10,21,12/01/21
12/11/21,Sat,0,0,0,12,11,21,12/01/21
12/12/21,Sun,0,0,0,12,12,21,12/01/21
12/13/21,Mon,0,1,0,12,13,21,12/01/21
12/14/21,Tue,0,1,0,12,14,21,12/01/21
12/15/21,Wed,0,1,0,12,15,21,12/01/21
12/16/21,Thu,0,1,0,12,16,21,12/01/21
12/17/21,Fri,0,1,0,12,17,21,12/01/21
12/18/21,Sat,0,0,0,12,18,21,12/01/21
12/19/21,Sun,0,0,0,12,19,21,12/01/21
12/20/21,Mon,0,1,0,12,20,21,12/01/21
12/21/21,Tue,0,1,0,12,21,21,12/01/21
12/22/21,Wed,0,1,1,12,22,21,12/01/21
12/23/21,Thu,0,1,1,12,23,21,12/01/21
12/24/21,Fri,1,0,1,12,24,21,12/01/21
12/25/21,Sat,0,0,1,12,25,21,12/01/21
12/26/21,Sun,0,0,1,12,26,21,12/01/21
12/27/21,Mon,0,1,1,12,27,21,12/01/21
12/28/21,Tue,0,1,0,12,28,21,12/01/21
12/29/21,Wed,0,1,1,12,29,21,12/01/21
12/30/21,Thu,0,1,1,12,30,21,12/01/21
12/31/21,Fri,1,0,1,12,31,21,12/01/21
01/01/22,Sat,0,0,1,01,01,22,01/01/22
01/02/22,Sun,0,0,1,01,02,22,01/01/22
01/03/22,Mon,0,1,1,01,03,22,01/01/22
01/04/22,Tue,0,1,0,01,04,22,01/01/22
01/05/22,Wed,0,1,0,01,05,22,01/01/22
01/06/22,Thu,0,1,0,01,06,22,01/01/22
01/07/22,Fri,0,1,0,01,07,22,01/01/22
01/08/22,Sat,0,0,0,01,08,22,01/01/22
01/09/22,Sun,0,0,0,01,09,22,01/01/22
01/10/22,Mon,0,1,0,01,10,22,01/01/22
01/11/22,Tue,0,1,0,01,11,22,01/01/22
01/12/22,Wed,0,1,0,01,12,22,01/01/22
01/13/22,Thu,0,1,0,01,13,22,01/01/22
01/14/22,Fri,0,1,1,01,14,22,01/01/22
01/15/22,Sat,0,0,1,01,15,22,01/01/22
01/16/22,Sun,0,0,1,01,16,22,01/01/22
01/17/22,Mon,1,0,1,01,17,22,01/01/22
01/18/22,Tue,0,1,1,01,18,22,01/01/22
01/19/22,Wed,0,1,0,01,19,22,01/01/22
01/20/22,Thu,0,1,0,01,20,22,01/01/22
01/21/22,Fri,0,1,0,01,21,22,01/01/22
01/22/22,Sat,0,0,0,01,22,22,01/01/22
01/23/22,Sun,0,0,0,01,23,22,01/01/22
01/24/22,Mon,0,1,0,01,24,22,01/01/22
01/25/22,Tue,0,1,0,01,25,22,01/01/22
01/26/22,Wed,0,1,0,01,26,22,01/01/22
01/27/22,Thu,0,1,0,01,27,22,01/01/22
01/28/22,Fri,0,1,0,01,28,22,01/01/22
01/29/22,Sat,0,0,0,01,29,22,01/01/22
01/30/22,Sun,0,0,0,01,30,22,01/01/22
01/31/22,Mon,0,1,0,01,31,22,01/01/22
02/01/22,Tue,0,1,0,02,01,22,02/01/22
02/02/22,Wed,0,1,0,02,02,22,02/01/22
02/03/22,Thu,0,1,0,02,03,22,02/01/22
02/04/22,Fri,0,1,0,02,04,22,02/01/22
02/05/22,Sat,0,0,0,02,05,22,02/01/22
02/06/22,Sun,0,0,0,02,06,22,02/01/22
02/07/22,Mon,0,1,0,02,07,22,02/01/22
02/08/22,Tue,0,1,0,02,08,22,02/01/22
02/09/22,Wed,0,1,0,02,09,22,02/01/22
02/10/22,Thu,0,1,0,02,10,22,02/01/22
02/11/22,Fri,0,1,0,02,11,22,02/01/22
02/12/22,Sat,0,0,0,02,12,22,02/01/22
02/13/22,Sun,0,0,0,02,13,22,02/01/22
02/14/22,Mon,0,1,0,02,14,22,02/01/22
02/15/22,Tue,0,1,0,02,15,22,02/01/22
02/16/22,Wed,0,1,0,02,16,22,02/01/22
02/17/22,Thu,0,1,0,02,17,22,02/01/22
02/18/22,Fri,0,1,1,02,18,22,02/01/22
02/19/22,Sat,0,0,1,02,19,22,02/01/22
02/20/22,Sun,0,0,1,02,20,22,02/01/22
02/21/22,Mon,1,0,1,02,21,22,02/01/22
02/22/22,Tue,0,1,1,02,22,22,02/01/22
02/23/22,Wed,0,1,0,02,23,22,02/01/22
02/24/22,Thu,0,1,0,02,24,22,02/01/22
02/25/22,Fri,0,1,0,02,25,22,02/01/22
02/26/22,Sat,0,0,0,02,26,22,02/01/22
02/27/22,Sun,0,0,0,02,27,22,02/01/22
02/28/22,Mon,0,1,0,02,28,22,02/01/22
03/01/22,Tue,0,1,0,03,01,22,03/01/22
03/02/22,Wed,0,1,0,03,02,22,03/01/22
03/03/22,Thu,0,1,0,03,03,22,03/01/22
03/04/22,Fri,0,1,0,03,04,22,03/01/22
03/05/22,Sat,0,0,0,03,05,22,03/01/22
03/06/22,Sun,0,0,0,03,06,22,03/01/22
03/07/22,Mon,0,1,0,03,07,22,03/01/22
03/08/22,Tue,0,1,0,03,08,22,03/01/22
03/09/22,Wed,0,1,0,03,09,22,03/01/22
03/10/22,Thu,0,1,0,03,10,22,03/01/22
03/11/22,Fri,0,1,0,03,11,22,03/01/22
03/12/22,Sat,0,0,0,03,12,22,03/01/22
03/13/22,Sun,0,0,0,03,13,22,03/01/22
03/14/22,Mon,0,1,0,03,14,22,03/01/22
03/15/22,Tue,0,1,0,03,15,22,03/01/22
03/16/22,Wed,0,1,0,03,16,22,03/01/22
03/17/22,Thu,0,1,0,03,17,22,03/01/22
03/18/22,Fri,0,1,0,03,18,22,03/01/22
03/19/22,Sat,0,0,0,03,19,22,03/01/22
03/20/22,Sun,0,0,0,03,20,22,03/01/22
03/21/22,Mon,0,1,0,03,21,22,03/01/22
03/22/22,Tue,0,1,0,03,22,22,03/01/22
03/23/22,Wed,0,1,0,03,23,22,03/01/22
03/24/22,Thu,0,1,0,03,24,22,03/01/22
03/25/22,Fri,0,1,0,03,25,22,03/01/22
03/26/22,Sat,0,0,0,03,26,22,03/01/22
03/27/22,Sun,0,0,0,03,27,22,03/01/22
03/28/22,Mon,0,1,0,03,28,22,03/01/22
03/29/22,Tue,0,1,0,03,29,22,03/01/22
03/30/22,Wed,0,1,0,03,30,22,03/01/22
03/31/22,Thu,0,1,0,03,31,22,03/01/22
04/01/22,Fri,0,1,0,04,01,22,04/01/22
04/02/22,Sat,0,0,0,04,02,22,04/01/22
04/03/22,Sun,0,0,0,04,03,22,04/01/22
04/04/22,Mon,0,1,0,04,04,22,04/01/22
04/05/22,Tue,0,1,0,04,05,22,04/01/22
04/06/22,Wed,0,1,0,04,06,22,04/01/22
04/07/22,Thu,0,1,0,04,07,22,04/01/22
04/08/22,Fri,0,1,0,04,08,22,04/01/22
04/09/22,Sat,0,0,0,04,09,22,04/01/22
04/10/22,Sun,0,0,0,04,10,22,04/01/22
04/11/22,Mon,0,1,0,04,11,22,04/01/22
04/12/22,Tue,0,1,0,04,12,22,04/01/22
04/13/22,Wed,0,1,0,04,13,22,04/01/22
04/14/22,Thu,0,1,0,04,14,22,04/01/22
04/15/22,Fri,0,1,0,04,15,22,04/01/22
04/16/22,Sat,0,0,0,04,16,22,04/01/22
04/17/22,Sun,0,0,0,04,17,22,04/01/22
04/18/22,Mon,0,1,0,04,18,22,04/01/22
04/19/22,Tue,0,1,0,04,19,22,04/01/22
04/20/22,Wed,0,1,0,04,20,22,04/01/22
04/21/22,Thu,0,1,0,04,21,22,04/01/22
04/22/22,Fri,0,1,0,04,22,22,04/01/22
04/23/22,Sat,0,0,0,04,23,22,04/01/22
04/24/22,Sun,0,0,0,04,24,22,04/01/22
04/25/22,Mon,0,1,0,04,25,22,04/01/22
04/26/22,Tue,0,1,0,04,26,22,04/01/22
04/27/22,Wed,0,1,0,04,27,22,04/01/22
04/28/22,Thu,0,1,0,04,28,22,04/01/22
04/29/22,Fri,0,1,0,04,29,22,04/01/22
04/30/22,Sat,0,0,0,04,30,22,04/01/22
05/01/22,Sun,0,0,0,05,01,22,05/01/22
05/02/22,Mon,0,1,0,05,02,22,05/01/22
05/03/22,Tue,0,1,0,05,03,22,05/01/22
05/04/22,Wed,0,1,0,05,04,22,05/01/22
05/05/22,Thu,0,1,0,05,05,22,05/01/22
05/06/22,Fri,0,1,0,05,06,22,05/01/22
05/07/22,Sat,0,0,0,05,07,22,05/01/22
05/08/22,Sun,0,0,0,05,08,22,05/01/22
05/09/22,Mon,0,1,0,05,09,22,05/01/22
05/10/22,Tue,0,1,0,05,10,22,05/01/22
05/11/22,Wed,0,1,0,05,11,22,05/01/22
05/12/22,Thu,0,1,0,05,12,22,05/01/22
05/13/22,Fri,0,1,0,05,13,22,05/01/22
05/14/22,Sat,0,0,0,05,14,22,05/01/22
05/15/22,Sun,0,0,0,05,15,22,05/01/22
05/16/22,Mon,0,1,0,05,16,22,05/01/22
05/17/22,Tue,0,1,0,05,17,22,05/01/22
05/18/22,Wed,0,1,0,05,18,22,05/01/22
05/19/22,Thu,0,1,0,05,19,22,05/01/22
05/20/22,Fri,0,1,0,05,20,22,05/01/22
05/21/22,Sat,0,0,0,05,21,22,05/01/22
05/22/22,Sun,0,0,0,05,22,22,05/01/22
05/23/22,Mon,0,1,0,05,23,22,05/01/22
05/24/22,Tue,0,1,0,05,24,22,05/01/22
05/25/22,Wed,0,1,0,05,25,22,05/01/22
05/26/22,Thu,0,1,0,05,26,22,05/01/22
05/27/22,Fri,0,1,1,05,27,22,05/01/22
05/28/22,Sat,0,0,1,05,28,22,05/01/22
05/29/22,Sun,0,0,1,05,29,22,05/01/22
05/30/22,Mon,1,0,1,05,30,22,05/01/22
05/31/22,Tue,0,1,1,05,31,22,05/01/22
06/01/22,Wed,0,1,0,06,01,22,06/01/22
06/02/22,Thu,0,1,0,06,02,22,06/01/22
06/03/22,Fri,0,1,0,06,03,22,06/01/22
06/04/22,Sat,0,0,0,06,04,22,06/01/22
06/05/22,Sun,0,0,0,06,05,22,06/01/22
06/06/22,Mon,0,1,0,06,06,22,06/01/22
06/07/22,Tue,0,1,0,06,07,22,06/01/22
06/08/22,Wed,0,1,0,06,08,22,06/01/22
06/09/22,Thu,0,1,0,06,09,22,06/01/22
06/10/22,Fri,0,1,0,06,10,22,06/01/22
06/11/22,Sat,0,0,0,06,11,22,06/01/22
06/12/22,Sun,0,0,0,06,12,22,06/01/22
06/13/22,Mon,0,1,0,06,13,22,06/01/22
06/14/22,Tue,0,1,0,06,14,22,06/01/22
06/15/22,Wed,0,1,0,06,15,22,06/01/22
06/16/22,Thu,0,1,0,06,16,22,06/01/22
06/17/22,Fri,0,1,1,06,17,22,06/01/22
06/18/22,Sat,0,0,1,06,18,22,06/01/22
06/19/22,Sun,0,0,1,06,19,22,06/01/22
06/20/22,Mon,1,0,1,06,20,22,06/01/22
06/21/22,Tue,0,1,1,06,21,22,06/01/22
06/22/22,Wed,0,1,0,06,22,22,06/01/22
06/23/22,Thu,0,1,0,06,23,22,06/01/22
06/24/22,Fri,0,1,0,06,24,22,06/01/22
06/25/22,Sat,0,0,0,06,25,22,06/01/22
06/26/22,Sun,0,0,0,06,26,22,06/01/22
06/27/22,Mon,0,1,0,06,27,22,06/01/22
06/28/22,Tue,0,1,0,06,28,22,06/01/22
06/29/22,Wed,0,1,0,06,29,22,06/01/22
06/30/22,Thu,0,1,0,06,30,22,06/01/22
07/01/22,Fri,0,1,1,07,01,22,07/01/22
07/02/22,Sat,0,0,1,07,02,22,07/01/22
07/03/22,Sun,0,0,1,07,03,22,07/01/22
07/04/22,Mon,1,0,1,07,04,22,07/01/22
07/05/22,Tue,0,1,1,07,05,22,07/01/22
07/06/22,Wed,0,1,0,07,06,22,07/01/22
07/07/22,Thu,0,1,0,07,07,22,07/01/22
07/08/22,Fri,0,1,0,07,08,22,07/01/22
07/09/22,Sat,0,0,0,07,09,22,07/01/22
07/10/22,Sun,0,0,0,07,10,22,07/01/22
07/11/22,Mon,0,1,0,07,11,22,07/01/22
07/12/22,Tue,0,1,0,07,12,22,07/01/22
07/13/22,Wed,0,1,0,07,13,22,07/01/22
07/14/22,Thu,0,1,0,07,14,22,07/01/22
07/15/22,Fri,0,1,0,07,15,22,07/01/22
07/16/22,Sat,0,0,0,07,16,22,07/01/22
07/17/22,Sun,0,0,0,07,17,22,07/01/22
07/18/22,Mon,0,1,0,07,18,22,07/01/22
07/19/22,Tue,0,1,0,07,19,22,07/01/22
07/20/22,Wed,0,1,0,07,20,22,07/01/22
07/21/22,Thu,0,1,0,07,21,22,07/01/22
07/22/22,Fri,0,1,0,07,22,22,07/01/22
07/23/22,Sat,0,0,0,07,23,22,07/01/22
07/24/22,Sun,0,0,0,07,24,22,07/01/22
07/25/22,Mon,0,1,0,07,25,22,07/01/22
07/26/22,Tue,0,1,0,07,26,22,07/01/22
07/27/22,Wed,0,1,0,07,27,22,07/01/22
07/28/22,Thu,0,1,0,07,28,22,07/01/22
07/29/22,Fri,0,1,0,07,29,22,07/01/22
07/30/22,Sat,0,0,0,07,30,22,07/01/22
07/31/22,Sun,0,0,0,07,31,22,07/01/22
08/01/22,Mon,0,1,0,08,01,22,08/01/22
08/02/22,Tue,0,1,0,08,02,22,08/01/22
08/03/22,Wed,0,1,0,08,03,22,08/01/22
08/04/22,Thu,0,1,0,08,04,22,08/01/22
08/05/22,Fri,0,1,0,08,05,22,08/01/22
08/06/22,Sat,0,0,0,08,06,22,08/01/22
08/07/22,Sun,0,0,0,08,07,22,08/01/22
08/08/22,Mon,0,1,0,08,08,22,08/01/22
08/09/22,Tue,0,1,0,08,09,22,08/01/22
08/10/22,Wed,0,1,0,08,10,22,08/01/22
08/11/22,Thu,0,1,0,08,11,22,08/01/22
08/12/22,Fri,0,1,0,08,12,22,08/01/22
08/13/22,Sat,0,0,0,08,13,22,08/01/22
08/14/22,Sun,0,0,0,08,14,22,08/01/22
08/15/22,Mon,0,1,0,08,15,22,08/01/22
08/16/22,Tue,0,1,0,08,16,22,08/01/22
08/17/22,Wed,0,1,0,08,17,22,08/01/22
08/18/22,Thu,0,1,0,08,18,22,08/01/22
08/19/22,Fri,0,1,0,08,19,22,08/01/22
08/20/22,Sat,0,0,0,08,20,22,08/01/22
08/21/22,Sun,0,0,0,08,21,22,08/01/22
08/22/22,Mon,0,1,0,08,22,22,08/01/22
08/23/22,Tue,0,1,0,08,23,22,08/01/22
08/24/22,Wed,0,1,0,08,24,22,08/01/22
08/25/22,Thu,0,1,0,08,25,22,08/01/22
08/26/22,Fri,0,1,0,08,26,22,08/01/22
08/27/22,Sat,0,0,0,08,27,22,08/01/22
08/28/22,Sun,0,0,0,08,28,22,08/01/22
08/29/22,Mon,0,1,0,08,29,22,08/01/22
08/30/22,Tue,0,1,0,08,30,22,08/01/22
08/31/22,Wed,0,1,0,08,31,22,08/01/22
09/01/22,Thu,0,1,0,09,01,22,09/01/22
09/02/22,Fri,0,1,1,09,02,22,09/01/22
09/03/22,Sat,0,0,1,09,03,22,09/01/22
09/04/22,Sun,0,0,1,09,04,22,09/01/22
09/05/22,Mon,1,0,1,09,05,22,09/01/22
09/06/22,Tue,0,1,1,09,06,22,09/01/22
09/07/22,Wed,0,1,0,09,07,22,09/01/22
09/08/22,Thu,0,1,0,09,08,22,09/01/22
09/09/22,Fri,0,1,0,09,09,22,09/01/22
09/10/22,Sat,0,0,0,09,10,22,09/01/22
09/11/22,Sun,0,0,0,09,11,22,09/01/22
09/12/22,Mon,0,1,0,09,12,22,09/01/22
09/13/22,Tue,0,1,0,09,13,22,09/01/22
09/14/22,Wed,0,1,0,09,14,22,09/01/22
09/15/22,Thu,0,1,0,09,15,22,09/01/22
09/16/22,Fri,0,1,0,09,16,22,09/01/22
09/17/22,Sat,0,0,0,09,17,22,09/01/22
09/18/22,Sun,0,0,0,09,18,22,09/01/22
09/19/22,Mon,0,1,0,09,19,22,09/01/22
09/20/22,Tue,0,1,0,09,20,22,09/01/22
09/21/22,Wed,0,1,0,09,21,22,09/01/22
09/22/22,Thu,0,1,0,09,22,22,09/01/22
09/23/22,Fri,0,1,0,09,23,22,09/01/22
09/24/22,Sat,0,0,0,09,24,22,09/01/22
09/25/22,Sun,0,0,0,09,25,22,09/01/22
09/26/22,Mon,0,1,0,09,26,22,09/01/22
09/27/22,Tue,0,1,0,09,27,22,09/01/22
09/28/22,Wed,0,1,0,09,28,22,09/01/22
09/29/22,Thu,0,1,0,09,29,22,09/01/22
09/30/22,Fri,0,1,0,09,30,22,09/01/22
10/01/22,Sat,0,0,0,10,01,22,10/01/22
10/02/22,Sun,0,0,0,10,02,22,10/01/22
10/03/22,Mon,0,1,0,10,03,22,10/01/22
10/04/22,Tue,0,1,0,10,04,22,10/01/22
10/05/22,Wed,0,1,0,10,05,22,10/01/22
10/06/22,Thu,0,1,0,10,06,22,10/01/22
10/07/22,Fri,0,1,1,10,07,22,10/01/22
10/08/22,Sat,0,0,1,10,08,22,10/01/22
10/09/22,Sun,0,0,1,10,09,22,10/01/22
10/10/22,Mon,1,0,1,10,10,22,10/01/22
10/11/22,Tue,0,1,1,10,11,22,10/01/22
10/12/22,Wed,0,1,0,10,12,22,10/01/22
10/13/22,Thu,0,1,0,10,13,22,10/01/22
10/14/22,Fri,0,1,0,10,14,22,10/01/22
10/15/22,Sat,0,0,0,10,15,22,10/01/22
10/16/22,Sun,0,0,0,10,16,22,10/01/22
10/17/22,Mon,0,1,0,10,17,22,10/01/22
10/18/22,Tue,0,1,0,10,18,22,10/01/22
10/19/22,Wed,0,1,0,10,19,22,10/01/22
10/20/22,Thu,0,1,0,10,20,22,10/01/22
10/21/22,Fri,0,1,0,10,21,22,10/01/22
10/22/22,Sat,0,0,0,10,22,22,10/01/22
10/23/22,Sun,0,0,0,10,23,22,10/01/22
10/24/22,Mon,0,1,0,10,24,22,10/01/22
10/25/22,Tue,0,1,0,10,25,22,10/01/22
10/26/22,Wed,0,1,0,10,26,22,10/01/22
10/27/22,Thu,0,1,0,10,27,22,10/01/22
10/28/22,Fri,0,1,0,10,28,22,10/01/22
10/29/22,Sat,0,0,0,10,29,22,10/01/22
10/30/22,Sun,0,0,0,10,30,22,10/01/22
10/31/22,Mon,0,1,0,10,31,22,10/01/22
11/01/22,Tue,0,1,0,11,01,22,11/01/22
11/02/22,Wed,0,1,0,11,02,22,11/01/22
11/03/22,Thu,0,1,0,11,03,22,11/01/22
11/04/22,Fri,0,1,0,11,04,22,11/01/22
11/05/22,Sat,0,0,0,11,05,22,11/01/22
11/06/22,Sun,0,0,0,11,06,22,11/01/22
11/07/22,Mon,0,1,0,11,07,22,11/01/22
11/08/22,Tue,0,1,0,11,08,22,11/01/22
11/09/22,Wed,0,1,0,11,09,22,11/01/22
11/10/22,Thu,0,1,1,11,10,22,11/01/22
11/11/22,Fri,1,0,1,11,11,22,11/01/22
11/12/22,Sat,0,0,1,11,12,22,11/01/22
11/13/22,Sun,0,0,1,11,13,22,11/01/22
11/14/22,Mon,0,1,1,11,14,22,11/01/22
11/15/22,Tue,0,1,0,11,15,22,11/01/22
11/16/22,Wed,0,1,0,11,16,22,11/01/22
11/17/22,Thu,0,1,0,11,17,22,11/01/22
11/18/22,Fri,0,1,0,11,18,22,11/01/22
11/19/22,Sat,0,0,0,11,19,22,11/01/22
11/20/22,Sun,0,0,0,11,20,22,11/01/22
11/21/22,Mon,0,1,0,11,21,22,11/01/22
11/22/22,Tue,0,1,1,11,22,22,11/01/22
11/23/22,Wed,0,1,1,11,23,22,11/01/22
11/24/22,Thu,1,0,1,11,24,22,11/01/22
11/25/22,Fri,0,1,1,11,25,22,11/01/22
11/26/22,Sat,0,0,1,11,26,22,11/01/22
11/27/22,Sun,0,0,1,11,27,22,11/01/22
11/28/22,Mon,0,1,1,11,28,22,11/01/22
11/29/22,Tue,0,1,0,11,29,22,11/01/22
11/30/22,Wed,0,1,0,11,30,22,11/01/22
12/01/22,Thu,0,1,0,12,01,22,12/01/22
12/02/22,Fri,0,1,0,12,02,22,12/01/22
12/03/22,Sat,0,0,0,12,03,22,12/01/22
12/04/22,Sun,0,0,0,12,04,22,12/01/22
12/05/22,Mon,0,1,0,12,05,22,12/01/22
12/06/22,Tue,0,1,0,12,06,22,12/01/22
12/07/22,Wed,0,1,0,12,07,22,12/01/22
12/08/22,Thu,0,1,0,12,08,22,12/01/22
12/09/22,Fri,0,1,0,12,09,22,12/01/22
12/10/22,Sat,0,0,0,12,10,22,12/01/22
12/11/22,Sun,0,0,0,12,11,22,12/01/22
12/12/22,Mon,0,1,0,12,12,22,12/01/22
12/13/22,Tue,0,1,0,12,13,22,12/01/22
12/14/22,Wed,0,1,0,12,14,22,12/01/22
12/15/22,Thu,0,1,0,12,15,22,12/01/22
12/16/22,Fri,0,1,0,12,16,22,12/01/22
12/17/22,Sat,0,0,0,12,17,22,12/01/22
12/18/22,Sun,0,0,0,12,18,22,12/01/22
12/19/22,Mon,0,1,0,12,19,22,12/01/22
12/20/22,Tue,0,1,0,12,20,22,12/01/22
12/21/22,Wed,0,1,0,12,21,22,12/01/22
12/22/22,Thu,0,1,0,12,22,22,12/01/22
12/23/22,Fri,0,1,1,12,23,22,12/01/22
12/24/22,Sat,0,0,1,12,24,22,12/01/22
12/25/22,Sun,0,0,1,12,25,22,12/01/22
12/26/22,Mon,1,0,1,12,26,22,12/01/22
12/27/22,Tue,0,1,1,12,27,22,12/01/22
12/28/22,Wed,0,1,0,12,28,22,12/01/22
12/29/22,Thu,0,1,0,12,29,22,12/01/22
12/30/22,Fri,0,1,1,12,30,22,12/01/22
12/31/22,Sat,0,0,1,12,31,22,12/01/22
01/01/23,Sun,0,0,1,01,01,23,01/01/23
01/02/23,Mon,1,0,1,01,02,23,01/01/23
01/03/23,Tue,0,1,1,01,03,23,01/01/23
01/04/23,Wed,0,1,0,01,04,23,01/01/23
01/05/23,Thu,0,1,0,01,05,23,01/01/23
01/06/23,Fri,0,1,0,01,06,23,01/01/23
01/07/23,Sat,0,0,0,01,07,23,01/01/23
01/08/23,Sun,0,0,0,01,08,23,01/01/23
01/09/23,Mon,0,1,0,01,09,23,01/01/23
01/10/23,Tue,0,1,0,01,10,23,01/01/23
01/11/23,Wed,0,1,0,01,11,23,01/01/23
01/12/23,Thu,0,1,0,01,12,23,01/01/23
01/13/23,Fri,0,1,1,01,13,23,01/01/23
01/14/23,Sat,0,0,1,01,14,23,01/01/23
01/15/23,Sun,0,0,1,01,15,23,01/01/23
01/16/23,Mon,1,0,1,01,16,23,01/01/23
01/17/23,Tue,0,1,1,01,17,23,01/01/23
01/18/23,Wed,0,1,0,01,18,23,01/01/23
01/19/23,Thu,0,1,0,01,19,23,01/01/23
01/20/23,Fri,0,1,0,01,20,23,01/01/23
01/21/23,Sat,0,0,0,01,21,23,01/01/23
01/22/23,Sun,0,0,0,01,22,23,01/01/23
01/23/23,Mon,0,1,0,01,23,23,01/01/23
01/24/23,Tue,0,1,0,01,24,23,01/01/23
01/25/23,Wed,0,1,0,01,25,23,01/01/23
01/26/23,Thu,0,1,0,01,26,23,01/01/23
01/27/23,Fri,0,1,0,01,27,23,01/01/23
01/28/23,Sat,0,0,0,01,28,23,01/01/23
01/29/23,Sun,0,0,0,01,29,23,01/01/23
01/30/23,Mon,0,1,0,01,30,23,01/01/23
01/31/23,Tue,0,1,0,01,31,23,01/01/23
02/01/23,Wed,0,1,0,02,01,23,02/01/23
02/02/23,Thu,0,1,0,02,02,23,02/01/23
02/03/23,Fri,0,1,0,02,03,23,02/01/23
02/04/23,Sat,0,0,0,02,04,23,02/01/23
02/05/23,Sun,0,0,0,02,05,23,02/01/23
02/06/23,Mon,0,1,0,02,06,23,02/01/23
02/07/23,Tue,0,1,0,02,07,23,02/01/23
02/08/23,Wed,0,1,0,02,08,23,02/01/23
02/09/23,Thu,0,1,0,02,09,23,02/01/23
02/10/23,Fri,0,1,0,02,10,23,02/01/23
02/11/23,Sat,0,0,0,02,11,23,02/01/23
02/12/23,Sun,0,0,0,02,12,23,02/01/23
02/13/23,Mon,0,1,0,02,13,23,02/01/23
02/14/23,Tue,0,1,0,02,14,23,02/01/23
02/15/23,Wed,0,1,0,02,15,23,02/01/23
02/16/23,Thu,0,1,0,02,16,23,02/01/23
02/17/23,Fri,0,1,1,02,17,23,02/01/23
02/18/23,Sat,0,0,1,02,18,23,02/01/23
02/19/23,Sun,0,0,1,02,19,23,02/01/23
02/20/23,Mon,1,0,1,02,20,23,02/01/23
02/21/23,Tue,0,1,1,02,21,23,02/01/23
02/22/23,Wed,0,1,0,02,22,23,02/01/23
02/23/23,Thu,0,1,0,02,23,23,02/01/23
02/24/23,Fri,0,1,0,02,24,23,02/01/23
02/25/23,Sat,0,0,0,02,25,23,02/01/23
02/26/23,Sun,0,0,0,02,26,23,02/01/23
02/27/23,Mon,0,1,0,02,27,23,02/01/23
02/28/23,Tue,0,1,0,02,28,23,02/01/23
03/01/23,Wed,0,1,0,03,01,23,03/01/23
03/02/23,Thu,0,1,0,03,02,23,03/01/23
03/03/23,Fri,0,1,0,03,03,23,03/01/23
03/04/23,Sat,0,0,0,03,04,23,03/01/23
03/05/23,Sun,0,0,0,03,05,23,03/01/23
03/06/23,Mon,0,1,0,03,06,23,03/01/23
03/07/23,Tue,0,1,0,03,07,23,03/01/23
03/08/23,Wed,0,1,0,03,08,23,03/01/23
03/09/23,Thu,0,1,0,03,09,23,03/01/23
03/10/23,Fri,0,1,0,03,10,23,03/01/23
03/11/23,Sat,0,0,0,03,11,23,03/01/23
03/12/23,Sun,0,0,0,03,12,23,03/01/23
03/13/23,Mon,0,1,0,03,13,23,03/01/23
03/14/23,Tue,0,1,0,03,14,23,03/01/23
03/15/23,Wed,0,1,0,03,15,23,03/01/23
03/16/23,Thu,0,1,0,03,16,23,03/01/23
03/17/23,Fri,0,1,0,03,17,23,03/01/23
03/18/23,Sat,0,0,0,03,18,23,03/01/23
03/19/23,Sun,0,0,0,03,19,23,03/01/23
03/20/23,Mon,0,1,0,03,20,23,03/01/23
03/21/23,Tue,0,1,0,03,21,23,03/01/23
03/22/23,Wed,0,1,0,03,22,23,03/01/23
03/23/23,Thu,0,1,0,03,23,23,03/01/23
03/24/23,Fri,0,1,0,03,24,23,03/01/23
03/25/23,Sat,0,0,0,03,25,23,03/01/23
03/26/23,Sun,0,0,0,03,26,23,03/01/23
03/27/23,Mon,0,1,0,03,27,23,03/01/23
03/28/23,Tue,0,1,0,03,28,23,03/01/23
03/29/23,Wed,0,1,0,03,29,23,03/01/23
03/30/23,Thu,0,1,0,03,30,23,03/01/23
03/31/23,Fri,0,1,0,03,31,23,03/01/23
04/01/23,Sat,0,0,0,04,01,23,04/01/23
04/02/23,Sun,0,0,0,04,02,23,04/01/23
04/03/23,Mon,0,1,0,04,03,23,04/01/23
04/04/23,Tue,0,1,0,04,04,23,04/01/23
04/05/23,Wed,0,1,0,04,05,23,04/01/23
04/06/23,Thu,0,1,0,04,06,23,04/01/23
04/07/23,Fri,0,1,0,04,07,23,04/01/23
04/08/23,Sat,0,0,0,04,08,23,04/01/23
04/09/23,Sun,0,0,0,04,09,23,04/01/23
04/10/23,Mon,0,1,0,04,10,23,04/01/23
04/11/23,Tue,0,1,0,04,11,23,04/01/23
04/12/23,Wed,0,1,0,04,12,23,04/01/23
04/13/23,Thu,0,1,0,04,13,23,04/01/23
04/14/23,Fri,0,1,0,04,14,23,04/01/23
04/15/23,Sat,0,0,0,04,15,23,04/01/23
04/16/23,Sun,0,0,0,04,16,23,04/01/23
04/17/23,Mon,0,1,0,04,17,23,04/01/23
04/18/23,Tue,0,1,0,04,18,23,04/01/23
04/19/23,Wed,0,1,0,04,19,23,04/01/23
04/20/23,Thu,0,1,0,04,20,23,04/01/23
04/21/23,Fri,0,1,0,04,21,23,04/01/23
04/22/23,Sat,0,0,0,04,22,23,04/01/23
04/23/23,Sun,0,0,0,04,23,23,04/01/23
04/24/23,Mon,0,1,0,04,24,23,04/01/23
04/25/23,Tue,0,1,0,04,25,23,04/01/23
04/26/23,Wed,0,1,0,04,26,23,04/01/23
04/27/23,Thu,0,1,0,04,27,23,04/01/23
04/28/23,Fri,0,1,0,04,28,23,04/01/23
04/29/23,Sat,0,0,0,04,29,23,04/01/23
04/30/23,Sun,0,0,0,04,30,23,04/01/23
05/01/23,Mon,0,1,0,05,01,23,05/01/23
05/02/23,Tue,0,1,0,05,02,23,05/01/23
05/03/23,Wed,0,1,0,05,03,23,05/01/23
05/04/23,Thu,0,1,0,05,04,23,05/01/23
05/05/23,Fri,0,1,0,05,05,23,05/01/23
05/06/23,Sat,0,0,0,05,06,23,05/01/23
05/07/23,Sun,0,0,0,05,07,23,05/01/23
05/08/23,Mon,0,1,0,05,08,23,05/01/23
05/09/23,Tue,0,1,0,05,09,23,05/01/23
05/10/23,Wed,0,1,0,05,10,23,05/01/23
05/11/23,Thu,0,1,0,05,11,23,05/01/23
05/12/23,Fri,0,1,0,05,12,23,05/01/23
05/13/23,Sat,0,0,0,05,13,23,05/01/23
05/14/23,Sun,0,0,0,05,14,23,05/01/23
05/15/23,Mon,0,1,0,05,15,23,05/01/23
05/16/23,Tue,0,1,0,05,16,23,05/01/23
05/17/23,Wed,0,1,0,05,17,23,05/01/23
05/18/23,Thu,0,1,0,05,18,23,05/01/23
05/19/23,Fri,0,1,0,05,19,23,05/01/23
05/20/23,Sat,0,0,0,05,20,23,05/01/23
05/21/23,Sun,0,0,0,05,21,23,05/01/23
05/22/23,Mon,0,1,0,05,22,23,05/01/23
05/23/23,Tue,0,1,0,05,23,23,05/01/23
05/24/23,Wed,0,1,0,05,24,23,05/01/23
05/25/23,Thu,0,1,0,05,25,23,05/01/23
05/26/23,Fri,0,1,1,05,26,23,05/01/23
05/27/23,Sat,0,0,1,05,27,23,05/01/23
05/28/23,Sun,0,0,1,05,28,23,05/01/23
05/29/23,Mon,1,0,1,05,29,23,05/01/23
05/30/23,Tue,0,1,1,05,30,23,05/01/23
05/31/23,Wed,0,1,0,05,31,23,05/01/23
06/01/23,Thu,0,1,0,06,01,23,06/01/23
06/02/23,Fri,0,1,0,06,02,23,06/01/23
06/03/23,Sat,0,0,0,06,03,23,06/01/23
06/04/23,Sun,0,0,0,06,04,23,06/01/23
06/05/23,Mon,0,1,0,06,05,23,06/01/23
06/06/23,Tue,0,1,0,06,06,23,06/01/23
06/07/23,Wed,0,1,0,06,07,23,06/01/23
06/08/23,Thu,0,1,0,06,08,23,06/01/23
06/09/23,Fri,0,1,0,06,09,23,06/01/23
06/10/23,Sat,0,0,0,06,10,23,06/01/23
06/11/23,Sun,0,0,0,06,11,23,06/01/23
06/12/23,Mon,0,1,0,06,12,23,06/01/23
06/13/23,Tue,0,1,0,06,13,23,06/01/23
06/14/23,Wed,0,1,0,06,14,23,06/01/23
06/15/23,Thu,0,1,0,06,15,23,06/01/23
06/16/23,Fri,0,1,1,06,16,23,06/01/23
06/17/23,Sat,0,0,1,06,17,23,06/01/23
06/18/23,Sun,0,0,1,06,18,23,06/01/23
06/19/23,Mon,1,0,1,06,19,23,06/01/23
06/20/23,Tue,0,1,1,06,20,23,06/01/23
06/21/23,Wed,0,1,0,06,21,23,06/01/23
06/22/23,Thu,0,1,0,06,22,23,06/01/23
06/23/23,Fri,0,1,0,06,23,23,06/01/23
06/24/23,Sat,0,0,0,06,24,23,06/01/23
06/25/23,Sun,0,0,0,06,25,23,06/01/23
06/26/23,Mon,0,1,0,06,26,23,06/01/23
06/27/23,Tue,0,1,0,06,27,23,06/01/23
06/28/23,Wed,0,1,0,06,28,23,06/01/23
06/29/23,Thu,0,1,0,06,29,23,06/01/23
06/30/23,Fri,0,1,1,06,30,23,06/01/23
07/01/23,Sat,0,0,1,07,01,23,07/01/23
07/02/23,Sun,0,0,1,07,02,23,07/01/23
07/03/23,Mon,0,1,1,07,03,23,07/01/23
07/04/23,Tue,1,0,1,07,04,23,07/01/23
07/05/23,Wed,0,1,1,07,05,23,07/01/23
07/06/23,Thu,0,1,0,07,06,23,07/01/23
07/07/23,Fri,0,1,0,07,07,23,07/01/23
07/08/23,Sat,0,0,0,07,08,23,07/01/23
07/09/23,Sun,0,0,0,07,09,23,07/01/23
07/10/23,Mon,0,1,0,07,10,23,07/01/23
07/11/23,Tue,0,1,0,07,11,23,07/01/23
07/12/23,Wed,0,1,0,07,12,23,07/01/23
07/13/23,Thu,0,1,0,07,13,23,07/01/23
07/14/23,Fri,0,1,0,07,14,23,07/01/23
07/15/23,Sat,0,0,0,07,15,23,07/01/23
07/16/23,Sun,0,0,0,07,16,23,07/01/23
07/17/23,Mon,0,1,0,07,17,23,07/01/23
07/18/23,Tue,0,1,0,07,18,23,07/01/23
07/19/23,Wed,0,1,0,07,19,23,07/01/23
07/20/23,Thu,0,1,0,07,20,23,07/01/23
07/21/23,Fri,0,1,0,07,21,23,07/01/23
07/22/23,Sat,0,0,0,07,22,23,07/01/23
07/23/23,Sun,0,0,0,07,23,23,07/01/23
07/24/23,Mon,0,1,0,07,24,23,07/01/23
07/25/23,Tue,0,1,0,07,25,23,07/01/23
07/26/23,Wed,0,1,0,07,26,23,07/01/23
07/27/23,Thu,0,1,0,07,27,23,07/01/23
07/28/23,Fri,0,1,0,07,28,23,07/01/23
07/29/23,Sat,0,0,0,07,29,23,07/01/23
07/30/23,Sun,0,0,0,07,30,23,07/01/23
07/31/23,Mon,0,1,0,07,31,23,07/01/23
08/01/23,Tue,0,1,0,08,01,23,08/01/23
08/02/23,Wed,0,1,0,08,02,23,08/01/23
08/03/23,Thu,0,1,0,08,03,23,08/01/23
08/04/23,Fri,0,1,0,08,04,23,08/01/23
08/05/23,Sat,0,0,0,08,05,23,08/01/23
08/06/23,Sun,0,0,0,08,06,23,08/01/23
08/07/23,Mon,0,1,0,08,07,23,08/01/23
08/08/23,Tue,0,1,0,08,08,23,08/01/23
08/09/23,Wed,0,1,0,08,09,23,08/01/23
08/10/23,Thu,0,1,0,08,10,23,08/01/23
08/11/23,Fri,0,1,0,08,11,23,08/01/23
08/12/23,Sat,0,0,0,08,12,23,08/01/23
08/13/23,Sun,0,0,0,08,13,23,08/01/23
08/14/23,Mon,0,1,0,08,14,23,08/01/23
08/15/23,Tue,0,1,0,08,15,23,08/01/23
08/16/23,Wed,0,1,0,08,16,23,08/01/23
08/17/23,Thu,0,1,0,08,17,23,08/01/23
08/18/23,Fri,0,1,0,08,18,23,08/01/23
08/19/23,Sat,0,0,0,08,19,23,08/01/23
08/20/23,Sun,0,0,0,08,20,23,08/01/23
08/21/23,Mon,0,1,0,08,21,23,08/01/23
08/22/23,Tue,0,1,0,08,22,23,08/01/23
08/23/23,Wed,0,1,0,08,23,23,08/01/23
08/24/23,Thu,0,1,0,08,24,23,08/01/23
08/25/23,Fri,0,1,0,08,25,23,08/01/23
08/26/23,Sat,0,0,0,08,26,23,08/01/23
08/27/23,Sun,0,0,0,08,27,23,08/01/23
08/28/23,Mon,0,1,0,08,28,23,08/01/23
08/29/23,Tue,0,1,0,08,29,23,08/01/23
08/30/23,Wed,0,1,0,08,30,23,08/01/23
08/31/23,Thu,0,1,0,08,31,23,08/01/23
09/01/23,Fri,0,1,1,09,01,23,09/01/23
09/02/23,Sat,0,0,1,09,02,23,09/01/23
09/03/23,Sun,0,0,1,09,03,23,09/01/23
09/04/23,Mon,1,0,1,09,04,23,09/01/23
09/05/23,Tue,0,1,1,09,05,23,09/01/23
09/06/23,Wed,0,1,0,09,06,23,09/01/23
09/07/23,Thu,0,1,0,09,07,23,09/01/23
09/08/23,Fri,0,1,0,09,08,23,09/01/23
09/09/23,Sat,0,0,0,09,09,23,09/01/23
09/10/23,Sun,0,0,0,09,10,23,09/01/23
09/11/23,Mon,0,1,0,09,11,23,09/01/23
09/12/23,Tue,0,1,0,09,12,23,09/01/23
09/13/23,Wed,0,1,0,09,13,23,09/01/23
09/14/23,Thu,0,1,0,09,14,23,09/01/23
09/15/23,Fri,0,1,0,09,15,23,09/01/23
09/16/23,Sat,0,0,0,09,16,23,09/01/23
09/17/23,Sun,0,0,0,09,17,23,09/01/23
09/18/23,Mon,0,1,0,09,18,23,09/01/23
09/19/23,Tue,0,1,0,09,19,23,09/01/23
09/20/23,Wed,0,1,0,09,20,23,09/01/23
09/21/23,Thu,0,1,0,09,21,23,09/01/23
09/22/23,Fri,0,1,0,09,22,23,09/01/23
09/23/23,Sat,0,0,0,09,23,23,09/01/23
09/24/23,Sun,0,0,0,09,24,23,09/01/23
09/25/23,Mon,0,1,0,09,25,23,09/01/23
09/26/23,Tue,0,1,0,09,26,23,09/01/23
09/27/23,Wed,0,1,0,09,27,23,09/01/23
09/28/23,Thu,0,1,0,09,28,23,09/01/23
09/29/23,Fri,0,1,0,09,29,23,09/01/23
09/30/23,Sat,0,0,0,09,30,23,09/01/23
10/01/23,Sun,0,0,0,10,01,23,10/01/23
10/02/23,Mon,0,1,0,10,02,23,10/01/23
10/03/23,Tue,0,1,0,10,03,23,10/01/23
10/04/23,Wed,0,1,0,10,04,23,10/01/23
10/05/23,Thu,0,1,0,10,05,23,10/01/23
10/06/23,Fri,0,1,1,10,06,23,10/01/23
10/07/23,Sat,0,0,1,10,07,23,10/01/23
10/08/23,Sun,0,0,1,10,08,23,10/01/23
10/09/23,Mon,1,0,1,10,09,23,10/01/23
10/10/23,Tue,0,1,1,10,10,23,10/01/23
10/11/23,Wed,0,1,0,10,11,23,10/01/23
10/12/23,Thu,0,1,0,10,12,23,10/01/23
10/13/23,Fri,0,1,0,10,13,23,10/01/23
10/14/23,Sat,0,0,0,10,14,23,10/01/23
10/15/23,Sun,0,0,0,10,15,23,10/01/23
10/16/23,Mon,0,1,0,10,16,23,10/01/23
10/17/23,Tue,0,1,0,10,17,23,10/01/23
10/18/23,Wed,0,1,0,10,18,23,10/01/23
10/19/23,Thu,0,1,0,10,19,23,10/01/23
10/20/23,Fri,0,1,0,10,20,23,10/01/23
10/21/23,Sat,0,0,0,10,21,23,10/01/23
10/22/23,Sun,0,0,0,10,22,23,10/01/23
10/23/23,Mon,0,1,0,10,23,23,10/01/23
10/24/23,Tue,0,1,0,10,24,23,10/01/23
10/25/23,Wed,0,1,0,10,25,23,10/01/23
10/26/23,Thu,0,1,0,10,26,23,10/01/23
10/27/23,Fri,0,1,0,10,27,23,10/01/23
10/28/23,Sat,0,0,0,10,28,23,10/01/23
10/29/23,Sun,0,0,0,10,29,23,10/01/23
10/30/23,Mon,0,1,0,10,30,23,10/01/23
10/31/23,Tue,0,1,0,10,31,23,10/01/23
11/01/23,Wed,0,1,0,11,01,23,11/01/23
11/02/23,Thu,0,1,0,11,02,23,11/01/23
11/03/23,Fri,0,1,0,11,03,23,11/01/23
11/04/23,Sat,0,0,0,11,04,23,11/01/23
11/05/23,Sun,0,0,0,11,05,23,11/01/23
11/06/23,Mon,0,1,0,11,06,23,11/01/23
11/07/23,Tue,0,1,0,11,07,23,11/01/23
11/08/23,Wed,0,1,0,11,08,23,11/01/23
11/09/23,Thu,0,1,1,11,09,23,11/01/23
11/10/23,Fri,1,0,1,11,10,23,11/01/23
11/11/23,Sat,0,0,1,11,11,23,11/01/23
11/12/23,Sun,0,0,1,11,12,23,11/01/23
11/13/23,Mon,0,1,1,11,13,23,11/01/23
11/14/23,Tue,0,1,0,11,14,23,11/01/23
11/15/23,Wed,0,1,0,11,15,23,11/01/23
11/16/23,Thu,0,1,0,11,16,23,11/01/23
11/17/23,Fri,0,1,0,11,17,23,11/01/23
11/18/23,Sat,0,0,0,11,18,23,11/01/23
11/19/23,Sun,0,0,0,11,19,23,11/01/23
11/20/23,Mon,0,1,0,11,20,23,11/01/23
11/21/23,Tue,0,1,1,11,21,23,11/01/23
11/22/23,Wed,0,1,1,11,22,23,11/01/23
11/23/23,Thu,1,0,1,11,23,23,11/01/23
11/24/23,Fri,0,1,1,11,24,23,11/01/23
11/25/23,Sat,0,0,1,11,25,23,11/01/23
11/26/23,Sun,0,0,1,11,26,23,11/01/23
11/27/23,Mon,0,1,1,11,27,23,11/01/23
11/28/23,Tue,0,1,0,11,28,23,11/01/23
11/29/23,Wed,0,1,0,11,29,23,11/01/23
11/30/23,Thu,0,1,0,11,30,23,11/01/23
12/01/23,Fri,0,1,0,12,01,23,12/01/23
12/02/23,Sat,0,0,0,12,02,23,12/01/23
12/03/23,Sun,0,0,0,12,03,23,12/01/23
12/04/23,Mon,0,1,0,12,04,23,12/01/23
12/05/23,Tue,0,1,0,12,05,23,12/01/23
12/06/23,Wed,0,1,0,12,06,23,12/01/23
12/07/23,Thu,0,1,0,12,07,23,12/01/23
12/08/23,Fri,0,1,0,12,08,23,12/01/23
12/09/23,Sat,0,0,0,12,09,23,12/01/23
12/10/23,Sun,0,0,0,12,10,23,12/01/23
12/11/23,Mon,0,1,0,12,11,23,12/01/23
12/12/23,Tue,0,1,0,12,12,23,12/01/23
12/13/23,Wed,0,1,0,12,13,23,12/01/23
12/14/23,Thu,0,1,0,12,14,23,12/01/23
12/15/23,Fri,0,1,0,12,15,23,12/01/23
12/16/23,Sat,0,0,0,12,16,23,12/01/23
12/17/23,Sun,0,0,0,12,17,23,12/01/23
12/18/23,Mon,0,1,0,12,18,23,12/01/23
12/19/23,Tue,0,1,0,12,19,23,12/01/23
12/20/23,Wed,0,1,0,12,20,23,12/01/23
12/21/23,Thu,0,1,1,12,21,23,12/01/23
12/22/23,Fri,0,1,1,12,22,23,12/01/23
12/23/23,Sat,0,0,1,12,23,23,12/01/23
12/24/23,Sun,0,0,1,12,24,23,12/01/23
12/25/23,Mon,1,0,1,12,25,23,12/01/23
12/26/23,Tue,0,1,1,12,26,23,12/01/23
12/27/23,Wed,0,1,0,12,27,23,12/01/23
12/28/23,Thu,0,1,0,12,28,23,12/01/23
12/29/23,Fri,0,1,1,12,29,23,12/01/23
12/30/23,Sat,0,0,1,12,30,23,12/01/23
12/31/23,Sun,0,0,1,12,31,23,12/01/23
01/01/24,Mon,1,0,1,01,01,24,01/01/24
01/02/24,Tue,0,1,1,01,02,24,01/01/24
01/03/24,Wed,0,1,0,01,03,24,01/01/24
01/04/24,Thu,0,1,0,01,04,24,01/01/24
01/05/24,Fri,0,1,0,01,05,24,01/01/24
01/06/24,Sat,0,0,0,01,06,24,01/01/24
01/07/24,Sun,0,0,0,01,07,24,01/01/24
01/08/24,Mon,0,1,0,01,08,24,01/01/24
01/09/24,Tue,0,1,0,01,09,24,01/01/24
01/10/24,Wed,0,1,0,01,10,24,01/01/24
01/11/24,Thu,0,1,0,01,11,24,01/01/24
01/12/24,Fri,0,1,1,01,12,24,01/01/24
01/13/24,Sat,0,0,1,01,13,24,01/01/24
01/14/24,Sun,0,0,1,01,14,24,01/01/24
01/15/24,Mon,1,0,1,01,15,24,01/01/24
01/16/24,Tue,0,1,1,01,16,24,01/01/24
01/17/24,Wed,0,1,0,01,17,24,01/01/24
01/18/24,Thu,0,1,0,01,18,24,01/01/24
01/19/24,Fri,0,1,0,01,19,24,01/01/24
01/20/24,Sat,0,0,0,01,20,24,01/01/24
01/21/24,Sun,0,0,0,01,21,24,01/01/24
01/22/24,Mon,0,1,0,01,22,24,01/01/24
01/23/24,Tue,0,1,0,01,23,24,01/01/24
01/24/24,Wed,0,1,0,01,24,24,01/01/24
01/25/24,Thu,0,1,0,01,25,24,01/01/24
01/26/24,Fri,0,1,0,01,26,24,01/01/24
01/27/24,Sat,0,0,0,01,27,24,01/01/24
01/28/24,Sun,0,0,0,01,28,24,01/01/24
01/29/24,Mon,0,1,0,01,29,24,01/01/24
01/30/24,Tue,0,1,0,01,30,24,01/01/24
01/31/24,Wed,0,1,0,01,31,24,01/01/24
02/01/24,Thu,0,1,0,02,01,24,02/01/24
02/02/24,Fri,0,1,0,02,02,24,02/01/24
02/03/24,Sat,0,0,0,02,03,24,02/01/24
02/04/24,Sun,0,0,0,02,04,24,02/01/24
02/05/24,Mon,0,1,0,02,05,24,02/01/24
02/06/24,Tue,0,1,0,02,06,24,02/01/24
02/07/24,Wed,0,1,0,02,07,24,02/01/24
02/08/24,Thu,0,1,0,02,08,24,02/01/24
02/09/24,Fri,0,1,0,02,09,24,02/01/24
02/10/24,Sat,0,0,0,02,10,24,02/01/24
02/11/24,Sun,0,0,0,02,11,24,02/01/24
02/12/24,Mon,0,1,0,02,12,24,02/01/24
02/13/24,Tue,0,1,0,02,13,24,02/01/24
02/14/24,Wed,0,1,0,02,14,24,02/01/24
02/15/24,Thu,0,1,0,02,15,24,02/01/24
02/16/24,Fri,0,1,1,02,16,24,02/01/24
02/17/24,Sat,0,0,1,02,17,24,02/01/24
02/18/24,Sun,0,0,1,02,18,24,02/01/24
02/19/24,Mon,1,0,1,02,19,24,02/01/24
02/20/24,Tue,0,1,1,02,20,24,02/01/24
02/21/24,Wed,0,1,0,02,21,24,02/01/24
02/22/24,Thu,0,1,0,02,22,24,02/01/24
02/23/24,Fri,0,1,0,02,23,24,02/01/24
02/24/24,Sat,0,0,0,02,24,24,02/01/24
02/25/24,Sun,0,0,0,02,25,24,02/01/24
02/26/24,Mon,0,1,0,02,26,24,02/01/24
02/27/24,Tue,0,1,0,02,27,24,02/01/24
02/28/24,Wed,0,1,0,02,28,24,02/01/24
02/29/24,Thu,0,1,0,02,29,24,02/01/24
03/01/24,Fri,0,1,0,03,01,24,03/01/24
03/02/24,Sat,0,0,0,03,02,24,03/01/24
03/03/24,Sun,0,0,0,03,03,24,03/01/24
03/04/24,Mon,0,1,0,03,04,24,03/01/24
03/05/24,Tue,0,1,0,03,05,24,03/01/24
03/06/24,Wed,0,1,0,03,06,24,03/01/24
03/07/24,Thu,0,1,0,03,07,24,03/01/24
03/08/24,Fri,0,1,0,03,08,24,03/01/24
03/09/24,Sat,0,0,0,03,09,24,03/01/24
03/10/24,Sun,0,0,0,03,10,24,03/01/24
03/11/24,Mon,0,1,0,03,11,24,03/01/24
03/12/24,Tue,0,1,0,03,12,24,03/01/24
03/13/24,Wed,0,1,0,03,13,24,03/01/24
03/14/24,Thu,0,1,0,03,14,24,03/01/24
03/15/24,Fri,0,1,0,03,15,24,03/01/24
03/16/24,Sat,0,0,0,03,16,24,03/01/24
03/17/24,Sun,0,0,0,03,17,24,03/01/24
03/18/24,Mon,0,1,0,03,18,24,03/01/24
03/19/24,Tue,0,1,0,03,19,24,03/01/24
03/20/24,Wed,0,1,0,03,20,24,03/01/24
03/21/24,Thu,0,1,0,03,21,24,03/01/24
03/22/24,Fri,0,1,0,03,22,24,03/01/24
03/23/24,Sat,0,0,0,03,23,24,03/01/24
03/24/24,Sun,0,0,0,03,24,24,03/01/24
03/25/24,Mon,0,1,0,03,25,24,03/01/24
03/26/24,Tue,0,1,0,03,26,24,03/01/24
03/27/24,Wed,0,1,0,03,27,24,03/01/24
03/28/24,Thu,0,1,0,03,28,24,03/01/24
03/29/24,Fri,0,1,0,03,29,24,03/01/24
03/30/24,Sat,0,0,0,03,30,24,03/01/24
03/31/24,Sun,0,0,0,03,31,24,03/01/24
04/01/24,Mon,0,1,0,04,01,24,04/01/24
04/02/24,Tue,0,1,0,04,02,24,04/01/24
04/03/24,Wed,0,1,0,04,03,24,04/01/24
04/04/24,Thu,0,1,0,04,04,24,04/01/24
04/05/24,Fri,0,1,0,04,05,24,04/01/24
04/06/24,Sat,0,0,0,04,06,24,04/01/24
04/07/24,Sun,0,0,0,04,07,24,04/01/24
04/08/24,Mon,0,1,0,04,08,24,04/01/24
04/09/24,Tue,0,1,0,04,09,24,04/01/24
04/10/24,Wed,0,1,0,04,10,24,04/01/24
04/11/24,Thu,0,1,0,04,11,24,04/01/24
04/12/24,Fri,0,1,0,04,12,24,04/01/24
04/13/24,Sat,0,0,0,04,13,24,04/01/24
04/14/24,Sun,0,0,0,04,14,24,04/01/24
04/15/24,Mon,0,1,0,04,15,24,04/01/24
04/16/24,Tue,0,1,0,04,16,24,04/01/24
04/17/24,Wed,0,1,0,04,17,24,04/01/24
04/18/24,Thu,0,1,0,04,18,24,04/01/24
04/19/24,Fri,0,1,0,04,19,24,04/01/24
04/20/24,Sat,0,0,0,04,20,24,04/01/24
04/21/24,Sun,0,0,0,04,21,24,04/01/24
04/22/24,Mon,0,1,0,04,22,24,04/01/24
04/23/24,Tue,0,1,0,04,23,24,04/01/24
04/24/24,Wed,0,1,0,04,24,24,04/01/24
04/25/24,Thu,0,1,0,04,25,24,04/01/24
04/26/24,Fri,0,1,0,04,26,24,04/01/24
04/27/24,Sat,0,0,0,04,27,24,04/01/24
04/28/24,Sun,0,0,0,04,28,24,04/01/24
04/29/24,Mon,0,1,0,04,29,24,04/01/24
04/30/24,Tue,0,1,0,04,30,24,04/01/24
05/01/24,Wed,0,1,0,05,01,24,05/01/24
05/02/24,Thu,0,1,0,05,02,24,05/01/24
05/03/24,Fri,0,1,0,05,03,24,05/01/24
05/04/24,Sat,0,0,0,05,04,24,05/01/24
05/05/24,Sun,0,0,0,05,05,24,05/01/24
05/06/24,Mon,0,1,0,05,06,24,05/01/24
05/07/24,Tue,0,1,0,05,07,24,05/01/24
05/08/24,Wed,0,1,0,05,08,24,05/01/24
05/09/24,Thu,0,1,0,05,09,24,05/01/24
05/10/24,Fri,0,1,0,05,10,24,05/01/24
05/11/24,Sat,0,0,0,05,11,24,05/01/24
05/12/24,Sun,0,0,0,05,12,24,05/01/24
05/13/24,Mon,0,1,0,05,13,24,05/01/24
05/14/24,Tue,0,1,0,05,14,24,05/01/24
05/15/24,Wed,0,1,0,05,15,24,05/01/24
05/16/24,Thu,0,1,0,05,16,24,05/01/24
05/17/24,Fri,0,1,0,05,17,24,05/01/24
05/18/24,Sat,0,0,0,05,18,24,05/01/24
05/19/24,Sun,0,0,0,05,19,24,05/01/24
05/20/24,Mon,0,1,0,05,20,24,05/01/24
05/21/24,Tue,0,1,0,05,21,24,05/01/24
05/22/24,Wed,0,1,0,05,22,24,05/01/24
05/23/24,Thu,0,1,0,05,23,24,05/01/24
05/24/24,Fri,0,1,1,05,24,24,05/01/24
05/25/24,Sat,0,0,1,05,25,24,05/01/24
05/26/24,Sun,0,0,1,05,26,24,05/01/24
05/27/24,Mon,1,0,1,05,27,24,05/01/24
05/28/24,Tue,0,1,1,05,28,24,05/01/24
05/29/24,Wed,0,1,0,05,29,24,05/01/24
05/30/24,Thu,0,1,0,05,30,24,05/01/24
05/31/24,Fri,0,1,0,05,31,24,05/01/24
06/01/24,Sat,0,0,0,06,01,24,06/01/24
06/02/24,Sun,0,0,0,06,02,24,06/01/24
06/03/24,Mon,0,1,0,06,03,24,06/01/24
06/04/24,Tue,0,1,0,06,04,24,06/01/24
06/05/24,Wed,0,1,0,06,05,24,06/01/24
06/06/24,Thu,0,1,0,06,06,24,06/01/24
06/07/24,Fri,0,1,0,06,07,24,06/01/24
06/08/24,Sat,0,0,0,06,08,24,06/01/24
06/09/24,Sun,0,0,0,06,09,24,06/01/24
06/10/24,Mon,0,1,0,06,10,24,06/01/24
06/11/24,Tue,0,1,0,06,11,24,06/01/24
06/12/24,Wed,0,1,0,06,12,24,06/01/24
06/13/24,Thu,0,1,0,06,13,24,06/01/24
06/14/24,Fri,0,1,0,06,14,24,06/01/24
06/15/24,Sat,0,0,0,06,15,24,06/01/24
06/16/24,Sun,0,0,0,06,16,24,06/01/24
06/17/24,Mon,0,1,0,06,17,24,06/01/24
06/18/24,Tue,0,1,0,06,18,24,06/01/24
06/19/24,Wed,1,0,0,06,19,24,06/01/24
06/20/24,Thu,0,1,0,06,20,24,06/01/24
06/21/24,Fri,0,1,0,06,21,24,06/01/24
06/22/24,Sat,0,0,0,06,22,24,06/01/24
06/23/24,Sun,0,0,0,06,23,24,06/01/24
06/24/24,Mon,0,1,0,06,24,24,06/01/24
06/25/24,Tue,0,1,0,06,25,24,06/01/24
06/26/24,Wed,0,1,0,06,26,24,06/01/24
06/27/24,Thu,0,1,0,06,27,24,06/01/24
06/28/24,Fri,0,1,0,06,28,24,06/01/24
06/29/24,Sat,0,0,0,06,29,24,06/01/24
06/30/24,Sun,0,0,0,06,30,24,06/01/24
07/01/24,Mon,0,1,0,07,01,24,07/01/24
07/02/24,Tue,0,1,0,07,02,24,07/01/24
07/03/24,Wed,0,1,1,07,03,24,07/01/24
07/04/24,Thu,1,0,1,07,04,24,07/01/24
07/05/24,Fri,0,1,1,07,05,24,07/01/24
07/06/24,Sat,0,0,1,07,06,24,07/01/24
07/07/24,Sun,0,0,1,07,07,24,07/01/24
07/08/24,Mon,0,1,0,07,08,24,07/01/24
07/09/24,Tue,0,1,0,07,09,24,07/01/24
07/10/24,Wed,0,1,0,07,10,24,07/01/24
07/11/24,Thu,0,1,0,07,11,24,07/01/24
07/12/24,Fri,0,1,0,07,12,24,07/01/24
07/13/24,Sat,0,0,0,07,13,24,07/01/24
07/14/24,Sun,0,0,0,07,14,24,07/01/24
07/15/24,Mon,0,1,0,07,15,24,07/01/24
07/16/24,Tue,0,1,0,07,16,24,07/01/24
07/17/24,Wed,0,1,0,07,17,24,07/01/24
07/18/24,Thu,0,1,0,07,18,24,07/01/24
07/19/24,Fri,0,1,0,07,19,24,07/01/24
07/20/24,Sat,0,0,0,07,20,24,07/01/24
07/21/24,Sun,0,0,0,07,21,24,07/01/24
07/22/24,Mon,0,1,0,07,22,24,07/01/24
07/23/24,Tue,0,1,0,07,23,24,07/01/24
07/24/24,Wed,0,1,0,07,24,24,07/01/24
07/25/24,Thu,0,1,0,07,25,24,07/01/24
07/26/24,Fri,0,1,0,07,26,24,07/01/24
07/27/24,Sat,0,0,0,07,27,24,07/01/24
07/28/24,Sun,0,0,0,07,28,24,07/01/24
07/29/24,Mon,0,1,0,07,29,24,07/01/24
07/30/24,Tue,0,1,0,07,30,24,07/01/24
07/31/24,Wed,0,1,0,07,31,24,07/01/24
08/01/24,Thu,0,1,0,08,01,24,08/01/24
08/02/24,Fri,0,1,0,08,02,24,08/01/24
08/03/24,Sat,0,0,0,08,03,24,08/01/24
08/04/24,Sun,0,0,0,08,04,24,08/01/24
08/05/24,Mon,0,1,0,08,05,24,08/01/24
08/06/24,Tue,0,1,0,08,06,24,08/01/24
08/07/24,Wed,0,1,0,08,07,24,08/01/24
08/08/24,Thu,0,1,0,08,08,24,08/01/24
08/09/24,Fri,0,1,0,08,09,24,08/01/24
08/10/24,Sat,0,0,0,08,10,24,08/01/24
08/11/24,Sun,0,0,0,08,11,24,08/01/24
08/12/24,Mon,0,1,0,08,12,24,08/01/24
08/13/24,Tue,0,1,0,08,13,24,08/01/24
08/14/24,Wed,0,1,0,08,14,24,08/01/24
08/15/24,Thu,0,1,0,08,15,24,08/01/24
08/16/24,Fri,0,1,0,08,16,24,08/01/24
08/17/24,Sat,0,0,0,08,17,24,08/01/24
08/18/24,Sun,0,0,0,08,18,24,08/01/24
08/19/24,Mon,0,1,0,08,19,24,08/01/24
08/20/24,Tue,0,1,0,08,20,24,08/01/24
08/21/24,Wed,0,1,0,08,21,24,08/01/24
08/22/24,Thu,0,1,0,08,22,24,08/01/24
08/23/24,Fri,0,1,0,08,23,24,08/01/24
08/24/24,Sat,0,0,0,08,24,24,08/01/24
08/25/24,Sun,0,0,0,08,25,24,08/01/24
08/26/24,Mon,0,1,0,08,26,24,08/01/24
08/27/24,Tue,0,1,0,08,27,24,08/01/24
08/28/24,Wed,0,1,0,08,28,24,08/01/24
08/29/24,Thu,0,1,0,08,29,24,08/01/24
08/30/24,Fri,0,1,1,08,30,24,08/01/24
08/31/24,Sat,0,0,1,08,31,24,08/01/24
09/01/24,Sun,0,0,1,09,01,24,09/01/24
09/02/24,Mon,1,0,1,09,02,24,09/01/24
09/03/24,Tue,0,1,1,09,03,24,09/01/24
09/04/24,Wed,0,1,0,09,04,24,09/01/24
09/05/24,Thu,0,1,0,09,05,24,09/01/24
09/06/24,Fri,0,1,0,09,06,24,09/01/24
09/07/24,Sat,0,0,0,09,07,24,09/01/24
09/08/24,Sun,0,0,0,09,08,24,09/01/24
09/09/24,Mon,0,1,0,09,09,24,09/01/24
09/10/24,Tue,0,1,0,09,10,24,09/01/24
09/11/24,Wed,0,1,0,09,11,24,09/01/24
09/12/24,Thu,0,1,0,09,12,24,09/01/24
09/13/24,Fri,0,1,0,09,13,24,09/01/24
09/14/24,Sat,0,0,0,09,14,24,09/01/24
09/15/24,Sun,0,0,0,09,15,24,09/01/24
09/16/24,Mon,0,1,0,09,16,24,09/01/24
09/17/24,Tue,0,1,0,09,17,24,09/01/24
09/18/24,Wed,0,1,0,09,18,24,09/01/24
09/19/24,Thu,0,1,0,09,19,24,09/01/24
09/20/24,Fri,0,1,0,09,20,24,09/01/24
09/21/24,Sat,0,0,0,09,21,24,09/01/24
09/22/24,Sun,0,0,0,09,22,24,09/01/24
09/23/24,Mon,0,1,0,09,23,24,09/01/24
09/24/24,Tue,0,1,0,09,24,24,09/01/24
09/25/24,Wed,0,1,0,09,25,24,09/01/24
09/26/24,Thu,0,1,0,09,26,24,09/01/24
09/27/24,Fri,0,1,0,09,27,24,09/01/24
09/28/24,Sat,0,0,0,09,28,24,09/01/24
09/29/24,Sun,0,0,0,09,29,24,09/01/24
09/30/24,Mon,0,1,0,09,30,24,09/01/24
10/01/24,Tue,0,1,0,10,01,24,10/01/24
10/02/24,Wed,0,1,0,10,02,24,10/01/24
10/03/24,Thu,0,1,0,10,03,24,10/01/24
10/04/24,Fri,0,1,0,10,04,24,10/01/24
10/05/24,Sat,0,0,0,10,05,24,10/01/24
10/06/24,Sun,0,0,0,10,06,24,10/01/24
10/07/24,Mon,0,1,0,10,07,24,10/01/24
10/08/24,Tue,0,1,0,10,08,24,10/01/24
10/09/24,Wed,0,1,0,10,09,24,10/01/24
10/10/24,Thu,0,1,0,10,10,24,10/01/24
10/11/24,Fri,0,1,1,10,11,24,10/01/24
10/12/24,Sat,0,0,1,10,12,24,10/01/24
10/13/24,Sun,0,0,1,10,13,24,10/01/24
10/14/24,Mon,1,0,1,10,14,24,10/01/24
10/15/24,Tue,0,1,1,10,15,24,10/01/24
10/16/24,Wed,0,1,0,10,16,24,10/01/24
10/17/24,Thu,0,1,0,10,17,24,10/01/24
10/18/24,Fri,0,1,0,10,18,24,10/01/24
10/19/24,Sat,0,0,0,10,19,24,10/01/24
10/20/24,Sun,0,0,0,10,20,24,10/01/24
10/21/24,Mon,0,1,0,10,21,24,10/01/24
10/22/24,Tue,0,1,0,10,22,24,10/01/24
10/23/24,Wed,0,1,0,10,23,24,10/01/24
10/24/24,Thu,0,1,0,10,24,24,10/01/24
10/25/24,Fri,0,1,0,10,25,24,10/01/24
10/26/24,Sat,0,0,0,10,26,24,10/01/24
10/27/24,Sun,0,0,0,10,27,24,10/01/24
10/28/24,Mon,0,1,0,10,28,24,10/01/24
10/29/24,Tue,0,1,0,10,29,24,10/01/24
10/30/24,Wed,0,1,0,10,30,24,10/01/24
10/31/24,Thu,0,1,0,10,31,24,10/01/24
11/01/24,Fri,0,1,0,11,01,24,11/01/24
11/02/24,Sat,0,0,0,11,02,24,11/01/24
11/03/24,Sun,0,0,0,11,03,24,11/01/24
11/04/24,Mon,0,1,0,11,04,24,11/01/24
11/05/24,Tue,0,1,0,11,05,24,11/01/24
11/06/24,Wed,0,1,0,11,06,24,11/01/24
11/07/24,Thu,0,1,0,11,07,24,11/01/24
11/08/24,Fri,0,1,1,11,08,24,11/01/24
11/09/24,Sat,0,0,1,11,09,24,11/01/24
11/10/24,Sun,0,0,1,11,10,24,11/01/24
11/11/24,Mon,1,0,1,11,11,24,11/01/24
11/12/24,Tue,0,1,1,11,12,24,11/01/24
11/13/24,Wed,0,1,0,11,13,24,11/01/24
11/14/24,Thu,0,1,0,11,14,24,11/01/24
11/15/24,Fri,0,1,0,11,15,24,11/01/24
11/16/24,Sat,0,0,0,11,16,24,11/01/24
11/17/24,Sun,0,0,0,11,17,24,11/01/24
11/18/24,Mon,0,1,0,11,18,24,11/01/24
11/19/24,Tue,0,1,0,11,19,24,11/01/24
11/20/24,Wed,0,1,0,11,20,24,11/01/24
11/21/24,Thu,0,1,0,11,21,24,11/01/24
11/22/24,Fri,0,1,0,11,22,24,11/01/24
11/23/24,Sat,0,0,0,11,23,24,11/01/24
11/24/24,Sun,0,0,0,11,24,24,11/01/24
11/25/24,Mon,0,1,0,11,25,24,11/01/24
11/26/24,Tue,0,1,1,11,26,24,11/01/24
11/27/24,Wed,0,1,1,11,27,24,11/01/24
11/28/24,Thu,1,0,1,11,28,24,11/01/24
11/29/24,Fri,0,1,1,11,29,24,11/01/24
11/30/24,Sat,0,0,1,11,30,24,11/01/24
12/01/24,Sun,0,0,1,12,01,24,12/01/24
12/02/24,Mon,0,1,1,12,02,24,12/01/24
12/03/24,Tue,0,1,0,12,03,24,12/01/24
12/04/24,Wed,0,1,0,12,04,24,12/01/24
12/05/24,Thu,0,1,0,12,05,24,12/01/24
12/06/24,Fri,0,1,0,12,06,24,12/01/24
12/07/24,Sat,0,0,0,12,07,24,12/01/24
12/08/24,Sun,0,0,0,12,08,24,12/01/24
12/09/24,Mon,0,1,0,12,09,24,12/01/24
12/10/24,Tue,0,1,0,12,10,24,12/01/24
12/11/24,Wed,0,1,0,12,11,24,12/01/24
12/12/24,Thu,0,1,0,12,12,24,12/01/24
12/13/24,Fri,0,1,0,12,13,24,12/01/24
12/14/24,Sat,0,0,0,12,14,24,12/01/24
12/15/24,Sun,0,0,0,12,15,24,12/01/24
12/16/24,Mon,0,1,0,12,16,24,12/01/24
12/17/24,Tue,0,1,0,12,17,24,12/01/24
12/18/24,Wed,0,1,0,12,18,24,12/01/24
12/19/24,Thu,0,1,0,12,19,24,12/01/24
12/20/24,Fri,0,1,1,12,20,24,12/01/24
12/21/24,Sat,0,0,1,12,21,24,12/01/24
12/22/24,Sun,0,0,1,12,22,24,12/01/24
12/23/24,Mon,0,1,1,12,23,24,12/01/24
12/24/24,Tue,0,1,1,12,24,24,12/01/24
12/25/24,Wed,1,0,1,12,25,24,12/01/24
12/26/24,Thu,0,1,1,12,26,24,12/01/24
12/27/24,Fri,0,1,0,12,27,24,12/01/24
12/28/24,Sat,0,0,0,12,28,24,12/01/24
12/29/24,Sun,0,0,0,12,29,24,12/01/24
12/30/24,Mon,0,1,0,12,30,24,12/01/24
12/31/24,Tue,0,1,1,12,31,24,12/01/24
01/01/25,Wed,1,0,1,01,01,25,01/01/25
01/02/25,Thu,0,1,1,01,02,25,01/01/25
01/03/25,Fri,0,1,0,01,03,25,01/01/25
01/04/25,Sat,0,0,0,01,04,25,01/01/25
01/05/25,Sun,0,0,0,01,05,25,01/01/25
01/06/25,Mon,0,1,0,01,06,25,01/01/25
01/07/25,Tue,0,1,0,01,07,25,01/01/25
01/08/25,Wed,0,1,0,01,08,25,01/01/25
01/09/25,Thu,0,1,0,01,09,25,01/01/25
01/10/25,Fri,0,1,0,01,10,25,01/01/25
01/11/25,Sat,0,0,0,01,11,25,01/01/25
01/12/25,Sun,0,0,0,01,12,25,01/01/25
01/13/25,Mon,0,1,0,01,13,25,01/01/25
01/14/25,Tue,0,1,0,01,14,25,01/01/25
01/15/25,Wed,0,1,0,01,15,25,01/01/25
01/16/25,Thu,0,1,0,01,16,25,01/01/25
01/17/25,Fri,0,1,1,01,17,25,01/01/25
01/18/25,Sat,0,0,1,01,18,25,01/01/25
01/19/25,Sun,0,0,1,01,19,25,01/01/25
01/20/25,Mon,1,0,1,01,20,25,01/01/25
01/21/25,Tue,0,1,1,01,21,25,01/01/25
01/22/25,Wed,0,1,0,01,22,25,01/01/25
01/23/25,Thu,0,1,0,01,23,25,01/01/25
01/24/25,Fri,0,1,0,01,24,25,01/01/25
01/25/25,Sat,0,0,0,01,25,25,01/01/25
01/26/25,Sun,0,0,0,01,26,25,01/01/25
01/27/25,Mon,0,1,0,01,27,25,01/01/25
01/28/25,Tue,0,1,0,01,28,25,01/01/25
01/29/25,Wed,0,1,0,01,29,25,01/01/25
01/30/25,Thu,0,1,0,01,30,25,01/01/25
01/31/25,Fri,0,1,0,01,31,25,01/01/25
02/01/25,Sat,0,0,0,02,01,25,02/01/25
02/02/25,Sun,0,0,0,02,02,25,02/01/25
02/03/25,Mon,0,1,0,02,03,25,02/01/25
02/04/25,Tue,0,1,0,02,04,25,02/01/25
02/05/25,Wed,0,1,0,02,05,25,02/01/25
02/06/25,Thu,0,1,0,02,06,25,02/01/25
02/07/25,Fri,0,1,0,02,07,25,02/01/25
02/08/25,Sat,0,0,0,02,08,25,02/01/25
02/09/25,Sun,0,0,0,02,09,25,02/01/25
02/10/25,Mon,0,1,0,02,10,25,02/01/25
02/11/25,Tue,0,1,0,02,11,25,02/01/25
02/12/25,Wed,0,1,0,02,12,25,02/01/25
02/13/25,Thu,0,1,0,02,13,25,02/01/25
02/14/25,Fri,0,1,1,02,14,25,02/01/25
02/15/25,Sat,0,0,1,02,15,25,02/01/25
02/16/25,Sun,0,0,1,02,16,25,02/01/25
02/17/25,Mon,1,0,1,02,17,25,02/01/25
02/18/25,Tue,0,1,1,02,18,25,02/01/25
02/19/25,Wed,0,1,0,02,19,25,02/01/25
02/20/25,Thu,0,1,0,02,20,25,02/01/25
02/21/25,Fri,0,1,0,02,21,25,02/01/25
02/22/25,Sat,0,0,0,02,22,25,02/01/25
02/23/25,Sun,0,0,0,02,23,25,02/01/25
02/24/25,Mon,0,1,0,02,24,25,02/01/25
02/25/25,Tue,0,1,0,02,25,25,02/01/25
02/26/25,Wed,0,1,0,02,26,25,02/01/25
02/27/25,Thu,0,1,0,02,27,25,02/01/25
02/28/25,Fri,0,1,0,02,28,25,02/01/25
03/01/25,Sat,0,0,0,03,01,25,03/01/25
03/02/25,Sun,0,0,0,03,02,25,03/01/25
03/03/25,Mon,0,1,0,03,03,25,03/01/25
03/04/25,Tue,0,1,0,03,04,25,03/01/25
03/05/25,Wed,0,1,0,03,05,25,03/01/25
03/06/25,Thu,0,1,0,03,06,25,03/01/25
03/07/25,Fri,0,1,0,03,07,25,03/01/25
03/08/25,Sat,0,0,0,03,08,25,03/01/25
03/09/25,Sun,0,0,0,03,09,25,03/01/25
03/10/25,Mon,0,1,0,03,10,25,03/01/25
03/11/25,Tue,0,1,0,03,11,25,03/01/25
03/12/25,Wed,0,1,0,03,12,25,03/01/25
03/13/25,Thu,0,1,0,03,13,25,03/01/25
03/14/25,Fri,0,1,0,03,14,25,03/01/25
03/15/25,Sat,0,0,0,03,15,25,03/01/25
03/16/25,Sun,0,0,0,03,16,25,03/01/25
03/17/25,Mon,0,1,0,03,17,25,03/01/25
03/18/25,Tue,0,1,0,03,18,25,03/01/25
03/19/25,Wed,0,1,0,03,19,25,03/01/25
03/20/25,Thu,0,1,0,03,20,25,03/01/25
03/21/25,Fri,0,1,0,03,21,25,03/01/25
03/22/25,Sat,0,0,0,03,22,25,03/01/25
03/23/25,Sun,0,0,0,03,23,25,03/01/25
03/24/25,Mon,0,1,0,03,24,25,03/01/25
03/25/25,Tue,0,1,0,03,25,25,03/01/25
03/26/25,Wed,0,1,0,03,26,25,03/01/25
03/27/25,Thu,0,1,0,03,27,25,03/01/25
03/28/25,Fri,0,1,0,03,28,25,03/01/25
03/29/25,Sat,0,0,0,03,29,25,03/01/25
03/30/25,Sun,0,0,0,03,30,25,03/01/25
03/31/25,Mon,0,1,0,03,31,25,03/01/25
04/01/25,Tue,0,1,0,04,01,25,04/01/25
04/02/25,Wed,0,1,0,04,02,25,04/01/25
04/03/25,Thu,0,1,0,04,03,25,04/01/25
04/04/25,Fri,0,1,0,04,04,25,04/01/25
04/05/25,Sat,0,0,0,04,05,25,04/01/25
04/06/25,Sun,0,0,0,04,06,25,04/01/25
04/07/25,Mon,0,1,0,04,07,25,04/01/25
04/08/25,Tue,0,1,0,04,08,25,04/01/25
04/09/25,Wed,0,1,0,04,09,25,04/01/25
04/10/25,Thu,0,1,0,04,10,25,04/01/25
04/11/25,Fri,0,1,0,04,11,25,04/01/25
04/12/25,Sat,0,0,0,04,12,25,04/01/25
04/13/25,Sun,0,0,0,04,13,25,04/01/25
04/14/25,Mon,0,1,0,04,14,25,04/01/25
04/15/25,Tue,0,1,0,04,15,25,04/01/25
04/16/25,Wed,0,1,0,04,16,25,04/01/25
04/17/25,Thu,0,1,0,04,17,25,04/01/25
04/18/25,Fri,0,1,0,04,18,25,04/01/25
04/19/25,Sat,0,0,0,04,19,25,04/01/25
04/20/25,Sun,0,0,0,04,20,25,04/01/25
04/21/25,Mon,0,1,0,04,21,25,04/01/25
04/22/25,Tue,0,1,0,04,22,25,04/01/25
04/23/25,Wed,0,1,0,04,23,25,04/01/25
04/24/25,Thu,0,1,0,04,24,25,04/01/25
04/25/25,Fri,0,1,0,04,25,25,04/01/25
04/26/25,Sat,0,0,0,04,26,25,04/01/25
04/27/25,Sun,0,0,0,04,27,25,04/01/25
04/28/25,Mon,0,1,0,04,28,25,04/01/25
04/29/25,Tue,0,1,0,04,29,25,04/01/25
04/30/25,Wed,0,1,0,04,30,25,04/01/25
05/01/25,Thu,0,1,0,05,01,25,05/01/25
05/02/25,Fri,0,1,0,05,02,25,05/01/25
05/03/25,Sat,0,0,0,05,03,25,05/01/25
05/04/25,Sun,0,0,0,05,04,25,05/01/25
05/05/25,Mon,0,1,0,05,05,25,05/01/25
05/06/25,Tue,0,1,0,05,06,25,05/01/25
05/07/25,Wed,0,1,0,05,07,25,05/01/25
05/08/25,Thu,0,1,0,05,08,25,05/01/25
05/09/25,Fri,0,1,0,05,09,25,05/01/25
05/10/25,Sat,0,0,0,05,10,25,05/01/25
05/11/25,Sun,0,0,0,05,11,25,05/01/25
05/12/25,Mon,0,1,0,05,12,25,05/01/25
05/13/25,Tue,0,1,0,05,13,25,05/01/25
05/14/25,Wed,0,1,0,05,14,25,05/01/25
05/15/25,Thu,0,1,0,05,15,25,05/01/25
05/16/25,Fri,0,1,0,05,16,25,05/01/25
05/17/25,Sat,0,0,0,05,17,25,05/01/25
05/18/25,Sun,0,0,0,05,18,25,05/01/25
05/19/25,Mon,0,1,0,05,19,25,05/01/25
05/20/25,Tue,0,1,0,05,20,25,05/01/25
05/21/25,Wed,0,1,0,05,21,25,05/01/25
05/22/25,Thu,0,1,0,05,22,25,05/01/25
05/23/25,Fri,0,1,1,05,23,25,05/01/25
05/24/25,Sat,0,0,1,05,24,25,05/01/25
05/25/25,Sun,0,0,1,05,25,25,05/01/25
05/26/25,Mon,1,0,1,05,26,25,05/01/25
05/27/25,Tue,0,1,1,05,27,25,05/01/25
05/28/25,Wed,0,1,0,05,28,25,05/01/25
05/29/25,Thu,0,1,0,05,29,25,05/01/25
05/30/25,Fri,0,1,0,05,30,25,05/01/25
05/31/25,Sat,0,0,0,05,31,25,05/01/25
06/01/25,Sun,0,0,0,06,01,25,06/01/25
06/02/25,Mon,0,1,0,06,02,25,06/01/25
06/03/25,Tue,0,1,0,06,03,25,06/01/25
06/04/25,Wed,0,1,0,06,04,25,06/01/25
06/05/25,Thu,0,1,0,06,05,25,06/01/25
06/06/25,Fri,0,1,0,06,06,25,06/01/25
06/07/25,Sat,0,0,0,06,07,25,06/01/25
06/08/25,Sun,0,0,0,06,08,25,06/01/25
06/09/25,Mon,0,1,0,06,09,25,06/01/25
06/10/25,Tue,0,1,0,06,10,25,06/01/25
06/11/25,Wed,0,1,0,06,11,25,06/01/25
06/12/25,Thu,0,1,0,06,12,25,06/01/25
06/13/25,Fri,0,1,0,06,13,25,06/01/25
06/14/25,Sat,0,0,0,06,14,25,06/01/25
06/15/25,Sun,0,0,0,06,15,25,06/01/25
06/16/25,Mon,0,1,0,06,16,25,06/01/25
06/17/25,Tue,0,1,0,06,17,25,06/01/25
06/18/25,Wed,0,1,1,06,18,25,06/01/25
06/19/25,Thu,1,0,1,06,19,25,06/01/25
06/20/25,Fri,0,1,1,06,20,25,06/01/25
06/21/25,Sat,0,0,1,06,21,25,06/01/25
06/22/25,Sun,0,0,1,06,22,25,06/01/25
06/23/25,Mon,0,1,1,06,23,25,06/01/25
06/24/25,Tue,0,1,0,06,24,25,06/01/25
06/25/25,Wed,0,1,0,06,25,25,06/01/25
06/26/25,Thu,0,1,0,06,26,25,06/01/25
06/27/25,Fri,0,1,0,06,27,25,06/01/25
06/28/25,Sat,0,0,0,06,28,25,06/01/25
06/29/25,Sun,0,0,0,06,29,25,06/01/25
06/30/25,Mon,0,1,0,06,30,25,06/01/25
07/01/25,Tue,0,1,0,07,01,25,07/01/25
07/02/25,Wed,0,1,0,07,02,25,07/01/25
07/03/25,Thu,0,1,0,07,03,25,07/01/25
07/04/25,Fri,1,0,0,07,04,25,07/01/25
07/05/25,Sat,0,0,0,07,05,25,07/01/25
07/06/25,Sun,0,0,0,07,06,25,07/01/25
07/07/25,Mon,0,1,0,07,07,25,07/01/25
07/08/25,Tue,0,1,0,07,08,25,07/01/25
07/09/25,Wed,0,1,0,07,09,25,07/01/25
07/10/25,Thu,0,1,0,07,10,25,07/01/25
07/11/25,Fri,0,1,0,07,11,25,07/01/25
07/12/25,Sat,0,0,0,07,12,25,07/01/25
07/13/25,Sun,0,0,0,07,13,25,07/01/25
07/14/25,Mon,0,1,0,07,14,25,07/01/25
07/15/25,Tue,0,1,0,07,15,25,07/01/25
07/16/25,Wed,0,1,0,07,16,25,07/01/25
07/17/25,Thu,0,1,0,07,17,25,07/01/25
07/18/25,Fri,0,1,0,07,18,25,07/01/25
07/19/25,Sat,0,0,0,07,19,25,07/01/25
07/20/25,Sun,0,0,0,07,20,25,07/01/25
07/21/25,Mon,0,1,0,07,21,25,07/01/25
07/22/25,Tue,0,1,0,07,22,25,07/01/25
07/23/25,Wed,0,1,0,07,23,25,07/01/25
07/24/25,Thu,0,1,0,07,24,25,07/01/25
07/25/25,Fri,0,1,0,07,25,25,07/01/25
07/26/25,Sat,0,0,0,07,26,25,07/01/25
07/27/25,Sun,0,0,0,07,27,25,07/01/25
07/28/25,Mon,0,1,0,07,28,25,07/01/25
07/29/25,Tue,0,1,0,07,29,25,07/01/25
07/30/25,Wed,0,1,0,07,30,25,07/01/25
07/31/25,Thu,0,1,0,07,31,25,07/01/25
08/01/25,Fri,0,1,0,08,01,25,08/01/25
08/02/25,Sat,0,0,0,08,02,25,08/01/25
08/03/25,Sun,0,0,0,08,03,25,08/01/25
08/04/25,Mon,0,1,0,08,04,25,08/01/25
08/05/25,Tue,0,1,0,08,05,25,08/01/25
08/06/25,Wed,0,1,0,08,06,25,08/01/25
08/07/25,Thu,0,1,0,08,07,25,08/01/25
08/08/25,Fri,0,1,0,08,08,25,08/01/25
08/09/25,Sat,0,0,0,08,09,25,08/01/25
08/10/25,Sun,0,0,0,08,10,25,08/01/25
08/11/25,Mon,0,1,0,08,11,25,08/01/25
08/12/25,Tue,0,1,0,08,12,25,08/01/25
08/13/25,Wed,0,1,0,08,13,25,08/01/25
08/14/25,Thu,0,1,0,08,14,25,08/01/25
08/15/25,Fri,0,1,0,08,15,25,08/01/25
08/16/25,Sat,0,0,0,08,16,25,08/01/25
08/17/25,Sun,0,0,0,08,17,25,08/01/25
08/18/25,Mon,0,1,0,08,18,25,08/01/25
08/19/25,Tue,0,1,0,08,19,25,08/01/25
08/20/25,Wed,0,1,0,08,20,25,08/01/25
08/21/25,Thu,0,1,0,08,21,25,08/01/25
08/22/25,Fri,0,1,0,08,22,25,08/01/25
08/23/25,Sat,0,0,0,08,23,25,08/01/25
08/24/25,Sun,0,0,0,08,24,25,08/01/25
08/25/25,Mon,0,1,0,08,25,25,08/01/25
08/26/25,Tue,0,1,0,08,26,25,08/01/25
08/27/25,Wed,0,1,0,08,27,25,08/01/25
08/28/25,Thu,0,1,0,08,28,25,08/01/25
08/29/25,Fri,0,1,1,08,29,25,08/01/25
08/30/25,Sat,0,0,1,08,30,25,08/01/25
08/31/25,Sun,0,0,1,08,31,25,08/01/25
09/01/25,Mon,1,0,1,09,01,25,09/01/25
09/02/25,Tue,0,1,1,09,02,25,09/01/25
09/03/25,Wed,0,1,0,09,03,25,09/01/25
09/04/25,Thu,0,1,0,09,04,25,09/01/25
09/05/25,Fri,0,1,0,09,05,25,09/01/25
09/06/25,Sat,0,0,0,09,06,25,09/01/25
09/07/25,Sun,0,0,0,09,07,25,09/01/25
09/08/25,Mon,0,1,0,09,08,25,09/01/25
09/09/25,Tue,0,1,0,09,09,25,09/01/25
09/10/25,Wed,0,1,0,09,10,25,09/01/25
09/11/25,Thu,0,1,0,09,11,25,09/01/25
09/12/25,Fri,0,1,0,09,12,25,09/01/25
09/13/25,Sat,0,0,0,09,13,25,09/01/25
09/14/25,Sun,0,0,0,09,14,25,09/01/25
09/15/25,Mon,0,1,0,09,15,25,09/01/25
09/16/25,Tue,0,1,0,09,16,25,09/01/25
09/17/25,Wed,0,1,0,09,17,25,09/01/25
09/18/25,Thu,0,1,0,09,18,25,09/01/25
09/19/25,Fri,0,1,0,09,19,25,09/01/25
09/20/25,Sat,0,0,0,09,20,25,09/01/25
09/21/25,Sun,0,0,0,09,21,25,09/01/25
09/22/25,Mon,0,1,0,09,22,25,09/01/25
09/23/25,Tue,0,1,0,09,23,25,09/01/25
09/24/25,Wed,0,1,0,09,24,25,09/01/25
09/25/25,Thu,0,1,0,09,25,25,09/01/25
09/26/25,Fri,0,1,0,09,26,25,09/01/25
09/27/25,Sat,0,0,0,09,27,25,09/01/25
09/28/25,Sun,0,0,0,09,28,25,09/01/25
09/29/25,Mon,0,1,0,09,29,25,09/01/25
09/30/25,Tue,0,1,0,09,30,25,09/01/25
10/01/25,Wed,0,1,0,10,01,25,10/01/25
10/02/25,Thu,0,1,0,10,02,25,10/01/25
10/03/25,Fri,0,1,0,10,03,25,10/01/25
10/04/25,Sat,0,0,0,10,04,25,10/01/25
10/05/25,Sun,0,0,0,10,05,25,10/01/25
10/06/25,Mon,0,1,0,10,06,25,10/01/25
10/07/25,Tue,0,1,0,10,07,25,10/01/25
10/08/25,Wed,0,1,0,10,08,25,10/01/25
10/09/25,Thu,0,1,0,10,09,25,10/01/25
10/10/25,Fri,0,1,1,10,10,25,10/01/25
10/11/25,Sat,0,0,1,10,11,25,10/01/25
10/12/25,Sun,0,0,1,10,12,25,10/01/25
10/13/25,Mon,1,0,1,10,13,25,10/01/25
10/14/25,Tue,0,1,1,10,14,25,10/01/25
10/15/25,Wed,0,1,0,10,15,25,10/01/25
10/16/25,Thu,0,1,0,10,16,25,10/01/25
10/17/25,Fri,0,1,0,10,17,25,10/01/25
10/18/25,Sat,0,0,0,10,18,25,10/01/25
10/19/25,Sun,0,0,0,10,19,25,10/01/25
10/20/25,Mon,0,1,0,10,20,25,10/01/25
10/21/25,Tue,0,1,0,10,21,25,10/01/25
10/22/25,Wed,0,1,0,10,22,25,10/01/25
10/23/25,Thu,0,1,0,10,23,25,10/01/25
10/24/25,Fri,0,1,0,10,24,25,10/01/25
10/25/25,Sat,0,0,0,10,25,25,10/01/25
10/26/25,Sun,0,0,0,10,26,25,10/01/25
10/27/25,Mon,0,1,0,10,27,25,10/01/25
10/28/25,Tue,0,1,0,10,28,25,10/01/25
10/29/25,Wed,0,1,0,10,29,25,10/01/25
10/30/25,Thu,0,1,0,10,30,25,10/01/25
10/31/25,Fri,0,1,0,10,31,25,10/01/25
11/01/25,Sat,0,0,0,11,01,25,11/01/25
11/02/25,Sun,0,0,0,11,02,25,11/01/25
11/03/25,Mon,0,1,0,11,03,25,11/01/25
11/04/25,Tue,0,1,0,11,04,25,11/01/25
11/05/25,Wed,0,1,0,11,05,25,11/01/25
11/06/25,Thu,0,1,0,11,06,25,11/01/25
11/07/25,Fri,0,1,1,11,07,25,11/01/25
11/08/25,Sat,0,0,1,11,08,25,11/01/25
11/09/25,Sun,0,0,1,11,09,25,11/01/25
11/10/25,Mon,0,1,1,11,10,25,11/01/25
11/11/25,Tue,1,0,1,11,11,25,11/01/25
11/12/25,Wed,0,1,1,11,12,25,11/01/25
11/13/25,Thu,0,1,0,11,13,25,11/01/25
11/14/25,Fri,0,1,0,11,14,25,11/01/25
11/15/25,Sat,0,0,0,11,15,25,11/01/25
11/16/25,Sun,0,0,0,11,16,25,11/01/25
11/17/25,Mon,0,1,0,11,17,25,11/01/25
11/18/25,Tue,0,1,0,11,18,25,11/01/25
11/19/25,Wed,0,1,0,11,19,25,11/01/25
11/20/25,Thu,0,1,0,11,20,25,11/01/25
11/21/25,Fri,0,1,0,11,21,25,11/01/25
11/22/25,Sat,0,0,0,11,22,25,11/01/25
11/23/25,Sun,0,0,0,11,23,25,11/01/25
11/24/25,Mon,0,1,0,11,24,25,11/01/25
11/25/25,Tue,0,1,1,11,25,25,11/01/25
11/26/25,Wed,0,1,1,11,26,25,11/01/25
11/27/25,Thu,1,0,1,11,27,25,11/01/25
11/28/25,Fri,0,1,1,11,28,25,11/01/25
11/29/25,Sat,0,0,1,11,29,25,11/01/25
11/30/25,Sun,0,0,1,11,30,25,11/01/25
12/01/25,Mon,0,1,1,12,01,25,12/01/25
12/02/25,Tue,0,1,0,12,02,25,12/01/25
12/03/25,Wed,0,1,0,12,03,25,12/01/25
12/04/25,Thu,0,1,0,12,04,25,12/01/25
12/05/25,Fri,0,1,0,12,05,25,12/01/25
12/06/25,Sat,0,0,0,12,06,25,12/01/25
12/07/25,Sun,0,0,0,12,07,25,12/01/25
12/08/25,Mon,0,1,0,12,08,25,12/01/25
12/09/25,Tue,0,1,0,12,09,25,12/01/25
12/10/25,Wed,0,1,0,12,10,25,12/01/25
12/11/25,Thu,0,1,0,12,11,25,12/01/25
12/12/25,Fri,0,1,0,12,12,25,12/01/25
12/13/25,Sat,0,0,0,12,13,25,12/01/25
12/14/25,Sun,0,0,0,12,14,25,12/01/25
12/15/25,Mon,0,1,0,12,15,25,12/01/25
12/16/25,Tue,0,1,0,12,16,25,12/01/25
12/17/25,Wed,0,1,0,12,17,25,12/01/25
12/18/25,Thu,0,1,0,12,18,25,12/01/25
12/19/25,Fri,0,1,0,12,19,25,12/01/25
12/20/25,Sat,0,0,0,12,20,25,12/01/25
12/21/25,Sun,0,0,0,12,21,25,12/01/25
12/22/25,Mon,0,1,0,12,22,25,12/01/25
12/23/25,Tue,0,1,0,12,23,25,12/01/25
12/24/25,Wed,0,1,1,12,24,25,12/01/25
12/25/25,Thu,1,0,1,12,25,25,12/01/25
12/26/25,Fri,0,1,1,12,26,25,12/01/25
12/27/25,Sat,0,0,1,12,27,25,12/01/25
12/28/25,Sun,0,0,1,12,28,25,12/01/25
12/29/25,Mon,0,1,1,12,29,25,12/01/25
12/30/25,Tue,0,1,0,12,30,25,12/01/25
12/31/25,Wed,0,1,0,12,31,25,12/01/25
01/01/26,Thu,1,0,0,01,01,26,01/01/26
01/02/26,Fri,0,1,0,01,02,26,01/01/26
01/03/26,Sat,0,0,0,01,03,26,01/01/26
01/04/26,Sun,0,0,0,01,04,26,01/01/26
01/05/26,Mon,0,1,0,01,05,26,01/01/26
01/06/26,Tue,0,1,0,01,06,26,01/01/26
01/07/26,Wed,0,1,0,01,07,26,01/01/26
01/08/26,Thu,0,1,0,01,08,26,01/01/26
01/09/26,Fri,0,1,0,01,09,26,01/01/26
01/10/26,Sat,0,0,0,01,10,26,01/01/26
01/11/26,Sun,0,0,0,01,11,26,01/01/26
01/12/26,Mon,0,1,0,01,12,26,01/01/26
01/13/26,Tue,0,1,0,01,13,26,01/01/26
01/14/26,Wed,0,1,0,01,14,26,01/01/26
01/15/26,Thu,0,1,0,01,15,26,01/01/26
01/16/26,Fri,0,1,1,01,16,26,01/01/26
01/17/26,Sat,0,0,1,01,17,26,01/01/26
01/18/26,Sun,0,0,1,01,18,26,01/01/26
01/19/26,Mon,1,0,1,01,19,26,01/01/26
01/20/26,Tue,0,1,1,01,20,26,01/01/26
01/21/26,Wed,0,1,0,01,21,26,01/01/26
01/22/26,Thu,0,1,0,01,22,26,01/01/26
01/23/26,Fri,0,1,0,01,23,26,01/01/26
01/24/26,Sat,0,0,0,01,24,26,01/01/26
01/25/26,Sun,0,0,0,01,25,26,01/01/26
01/26/26,Mon,0,1,0,01,26,26,01/01/26
01/27/26,Tue,0,1,0,01,27,26,01/01/26
01/28/26,Wed,0,1,0,01,28,26,01/01/26
01/29/26,Thu,0,1,0,01,29,26,01/01/26
01/30/26,Fri,0,1,0,01,30,26,01/01/26
01/31/26,Sat,0,0,0,01,31,26,01/01/26
02/01/26,Sun,0,0,0,02,01,26,02/01/26
02/02/26,Mon,0,1,0,02,02,26,02/01/26
02/03/26,Tue,0,1,0,02,03,26,02/01/26
02/04/26,Wed,0,1,0,02,04,26,02/01/26
02/05/26,Thu,0,1,0,02,05,26,02/01/26
02/06/26,Fri,0,1,0,02,06,26,02/01/26
02/07/26,Sat,0,0,0,02,07,26,02/01/26
02/08/26,Sun,0,0,0,02,08,26,02/01/26
02/09/26,Mon,0,1,0,02,09,26,02/01/26
02/10/26,Tue,0,1,0,02,10,26,02/01/26
02/11/26,Wed,0,1,0,02,11,26,02/01/26
02/12/26,Thu,0,1,0,02,12,26,02/01/26
02/13/26,Fri,0,1,1,02,13,26,02/01/26
02/14/26,Sat,0,0,1,02,14,26,02/01/26
02/15/26,Sun,0,0,1,02,15,26,02/01/26
02/16/26,Mon,1,0,1,02,16,26,02/01/26
02/17/26,Tue,0,1,1,02,17,26,02/01/26
02/18/26,Wed,0,1,0,02,18,26,02/01/26
02/19/26,Thu,0,1,0,02,19,26,02/01/26
02/20/26,Fri,0,1,0,02,20,26,02/01/26
02/21/26,Sat,0,0,0,02,21,26,02/01/26
02/22/26,Sun,0,0,0,02,22,26,02/01/26
02/23/26,Mon,0,1,0,02,23,26,02/01/26
02/24/26,Tue,0,1,0,02,24,26,02/01/26
02/25/26,Wed,0,1,0,02,25,26,02/01/26
02/26/26,Thu,0,1,0,02,26,26,02/01/26
02/27/26,Fri,0,1,0,02,27,26,02/01/26
02/28/26,Sat,0,0,0,02,28,26,02/01/26
03/01/26,Sun,0,0,0,03,01,26,03/01/26
03/02/26,Mon,0,1,0,03,02,26,03/01/26
03/03/26,Tue,0,1,0,03,03,26,03/01/26
03/04/26,Wed,0,1,0,03,04,26,03/01/26
03/05/26,Thu,0,1,0,03,05,26,03/01/26
03/06/26,Fri,0,1,0,03,06,26,03/01/26
03/07/26,Sat,0,0,0,03,07,26,03/01/26
03/08/26,Sun,0,0,0,03,08,26,03/01/26
03/09/26,Mon,0,1,0,03,09,26,03/01/26
03/10/26,Tue,0,1,0,03,10,26,03/01/26
03/11/26,Wed,0,1,0,03,11,26,03/01/26
03/12/26,Thu,0,1,0,03,12,26,03/01/26
03/13/26,Fri,0,1,0,03,13,26,03/01/26
03/14/26,Sat,0,0,0,03,14,26,03/01/26
03/15/26,Sun,0,0,0,03,15,26,03/01/26
03/16/26,Mon,0,1,0,03,16,26,03/01/26
03/17/26,Tue,0,1,0,03,17,26,03/01/26
03/18/26,Wed,0,1,0,03,18,26,03/01/26
03/19/26,Thu,0,1,0,03,19,26,03/01/26
03/20/26,Fri,0,1,0,03,20,26,03/01/26
03/21/26,Sat,0,0,0,03,21,26,03/01/26
03/22/26,Sun,0,0,0,03,22,26,03/01/26
03/23/26,Mon,0,1,0,03,23,26,03/01/26
03/24/26,Tue,0,1,0,03,24,26,03/01/26
03/25/26,Wed,0,1,0,03,25,26,03/01/26
03/26/26,Thu,0,1,0,03,26,26,03/01/26
03/27/26,Fri,0,1,0,03,27,26,03/01/26
03/28/26,Sat,0,0,0,03,28,26,03/01/26
03/29/26,Sun,0,0,0,03,29,26,03/01/26
03/30/26,Mon,0,1,0,03,30,26,03/01/26
03/31/26,Tue,0,1,0,03,31,26,03/01/26
04/01/26,Wed,0,1,0,04,01,26,04/01/26
04/02/26,Thu,0,1,0,04,02,26,04/01/26
04/03/26,Fri,0,1,0,04,03,26,04/01/26
04/04/26,Sat,0,0,0,04,04,26,04/01/26
04/05/26,Sun,0,0,0,04,05,26,04/01/26
04/06/26,Mon,0,1,0,04,06,26,04/01/26
04/07/26,Tue,0,1,0,04,07,26,04/01/26
04/08/26,Wed,0,1,0,04,08,26,04/01/26
04/09/26,Thu,0,1,0,04,09,26,04/01/26
04/10/26,Fri,0,1,0,04,10,26,04/01/26
04/11/26,Sat,0,0,0,04,11,26,04/01/26
04/12/26,Sun,0,0,0,04,12,26,04/01/26
04/13/26,Mon,0,1,0,04,13,26,04/01/26
04/14/26,Tue,0,1,0,04,14,26,04/01/26
04/15/26,Wed,0,1,0,04,15,26,04/01/26
04/16/26,Thu,0,1,0,04,16,26,04/01/26
04/17/26,Fri,0,1,0,04,17,26,04/01/26
04/18/26,Sat,0,0,0,04,18,26,04/01/26
04/19/26,Sun,0,0,0,04,19,26,04/01/26
04/20/26,Mon,0,1,0,04,20,26,04/01/26
04/21/26,Tue,0,1,0,04,21,26,04/01/26
04/22/26,Wed,0,1,0,04,22,26,04/01/26
04/23/26,Thu,0,1,0,04,23,26,04/01/26
04/24/26,Fri,0,1,0,04,24,26,04/01/26
04/25/26,Sat,0,0,0,04,25,26,04/01/26
04/26/26,Sun,0,0,0,04,26,26,04/01/26
04/27/26,Mon,0,1,0,04,27,26,04/01/26
04/28/26,Tue,0,1,0,04,28,26,04/01/26
04/29/26,Wed,0,1,0,04,29,26,04/01/26
04/30/26,Thu,0,1,0,04,30,26,04/01/26
05/01/26,Fri,0,1,0,05,01,26,05/01/26
05/02/26,Sat,0,0,0,05,02,26,05/01/26
05/03/26,Sun,0,0,0,05,03,26,05/01/26
05/04/26,Mon,0,1,0,05,04,26,05/01/26
05/05/26,Tue,0,1,0,05,05,26,05/01/26
05/06/26,Wed,0,1,0,05,06,26,05/01/26
05/07/26,Thu,0,1,0,05,07,26,05/01/26
05/08/26,Fri,0,1,0,05,08,26,05/01/26
05/09/26,Sat,0,0,0,05,09,26,05/01/26
05/10/26,Sun,0,0,0,05,10,26,05/01/26
05/11/26,Mon,0,1,0,05,11,26,05/01/26
05/12/26,Tue,0,1,0,05,12,26,05/01/26
05/13/26,Wed,0,1,0,05,13,26,05/01/26
05/14/26,Thu,0,1,0,05,14,26,05/01/26
05/15/26,Fri,0,1,0,05,15,26,05/01/26
05/16/26,Sat,0,0,0,05,16,26,05/01/26
05/17/26,Sun,0,0,0,05,17,26,05/01/26
05/18/26,Mon,0,1,0,05,18,26,05/01/26
05/19/26,Tue,0,1,0,05,19,26,05/01/26
05/20/26,Wed,0,1,0,05,20,26,05/01/26
05/21/26,Thu,0,1,0,05,21,26,05/01/26
05/22/26,Fri,0,1,1,05,22,26,05/01/26
05/23/26,Sat,0,0,1,05,23,26,05/01/26
05/24/26,Sun,0,0,1,05,24,26,05/01/26
05/25/26,Mon,1,0,1,05,25,26,05/01/26
05/26/26,Tue,0,1,1,05,26,26,05/01/26
05/27/26,Wed,0,1,0,05,27,26,05/01/26
05/28/26,Thu,0,1,0,05,28,26,05/01/26
05/29/26,Fri,0,1,0,05,29,26,05/01/26
05/30/26,Sat,0,0,0,05,30,26,05/01/26
05/31/26,Sun,0,0,0,05,31,26,05/01/26
06/01/26,Mon,0,1,0,06,01,26,06/01/26
06/02/26,Tue,0,1,0,06,02,26,06/01/26
06/03/26,Wed,0,1,0,06,03,26,06/01/26
06/04/26,Thu,0,1,0,06,04,26,06/01/26
06/05/26,Fri,0,1,0,06,05,26,06/01/26
06/06/26,Sat,0,0,0,06,06,26,06/01/26
06/07/26,Sun,0,0,0,06,07,26,06/01/26
06/08/26,Mon,0,1,0,06,08,26,06/01/26
06/09/26,Tue,0,1,0,06,09,26,06/01/26
06/10/26,Wed,0,1,0,06,10,26,06/01/26
06/11/26,Thu,0,1,0,06,11,26,06/01/26
06/12/26,Fri,0,1,0,06,12,26,06/01/26
06/13/26,Sat,0,0,0,06,13,26,06/01/26
06/14/26,Sun,0,0,0,06,14,26,06/01/26
06/15/26,Mon,0,1,0,06,15,26,06/01/26
06/16/26,Tue,0,1,0,06,16,26,06/01/26
06/17/26,Wed,0,1,0,06,17,26,06/01/26
06/18/26,Thu,0,1,1,06,18,26,06/01/26
06/19/26,Fri,1,0,1,06,19,26,06/01/26
06/20/26,Sat,0,0,1,06,20,26,06/01/26
06/21/26,Sun,0,0,1,06,21,26,06/01/26
06/22/26,Mon,0,1,1,06,22,26,06/01/26
06/23/26,Tue,0,1,0,06,23,26,06/01/26
06/24/26,Wed,0,1,0,06,24,26,06/01/26
06/25/26,Thu,0,1,0,06,25,26,06/01/26
06/26/26,Fri,0,1,0,06,26,26,06/01/26
06/27/26,Sat,0,0,0,06,27,26,06/01/26
06/28/26,Sun,0,0,0,06,28,26,06/01/26
06/29/26,Mon,0,1,0,06,29,26,06/01/26
06/30/26,Tue,0,1,0,06,30,26,06/01/26
07/01/26,Wed,0,1,0,07,01,26,07/01/26
07/02/26,Thu,0,1,1,07,02,26,07/01/26
07/03/26,Fri,1,0,1,07,03,26,07/01/26
07/04/26,Sat,0,0,1,07,04,26,07/01/26
07/05/26,Sun,0,0,1,07,05,26,07/01/26
07/06/26,Mon,0,1,1,07,06,26,07/01/26
07/07/26,Tue,0,1,0,07,07,26,07/01/26
07/08/26,Wed,0,1,0,07,08,26,07/01/26
07/09/26,Thu,0,1,0,07,09,26,07/01/26
07/10/26,Fri,0,1,0,07,10,26,07/01/26
07/11/26,Sat,0,0,0,07,11,26,07/01/26
07/12/26,Sun,0,0,0,07,12,26,07/01/26
07/13/26,Mon,0,1,0,07,13,26,07/01/26
07/14/26,Tue,0,1,0,07,14,26,07/01/26
07/15/26,Wed,0,1,0,07,15,26,07/01/26
07/16/26,Thu,0,1,0,07,16,26,07/01/26
07/17/26,Fri,0,1,0,07,17,26,07/01/26
07/18/26,Sat,0,0,0,07,18,26,07/01/26
07/19/26,Sun,0,0,0,07,19,26,07/01/26
07/20/26,Mon,0,1,0,07,20,26,07/01/26
07/21/26,Tue,0,1,0,07,21,26,07/01/26
07/22/26,Wed,0,1,0,07,22,26,07/01/26
07/23/26,Thu,0,1,0,07,23,26,07/01/26
07/24/26,Fri,0,1,0,07,24,26,07/01/26
07/25/26,Sat,0,0,0,07,25,26,07/01/26
07/26/26,Sun,0,0,0,07,26,26,07/01/26
07/27/26,Mon,0,1,0,07,27,26,07/01/26
07/28/26,Tue,0,1,0,07,28,26,07/01/26
07/29/26,Wed,0,1,0,07,29,26,07/01/26
07/30/26,Thu,0,1,0,07,30,26,07/01/26
07/31/26,Fri,0,1,0,07,31,26,07/01/26
08/01/26,Sat,0,0,0,08,01,26,08/01/26
08/02/26,Sun,0,0,0,08,02,26,08/01/26
08/03/26,Mon,0,1,0,08,03,26,08/01/26
08/04/26,Tue,0,1,0,08,04,26,08/01/26
08/05/26,Wed,0,1,0,08,05,26,08/01/26
08/06/26,Thu,0,1,0,08,06,26,08/01/26
08/07/26,Fri,0,1,0,08,07,26,08/01/26
08/08/26,Sat,0,0,0,08,08,26,08/01/26
08/09/26,Sun,0,0,0,08,09,26,08/01/26
08/10/26,Mon,0,1,0,08,10,26,08/01/26
08/11/26,Tue,0,1,0,08,11,26,08/01/26
08/12/26,Wed,0,1,0,08,12,26,08/01/26
08/13/26,Thu,0,1,0,08,13,26,08/01/26
08/14/26,Fri,0,1,0,08,14,26,08/01/26
08/15/26,Sat,0,0,0,08,15,26,08/01/26
08/16/26,Sun,0,0,0,08,16,26,08/01/26
08/17/26,Mon,0,1,0,08,17,26,08/01/26
08/18/26,Tue,0,1,0,08,18,26,08/01/26
08/19/26,Wed,0,1,0,08,19,26,08/01/26
08/20/26,Thu,0,1,0,08,20,26,08/01/26
08/21/26,Fri,0,1,0,08,21,26,08/01/26
08/22/26,Sat,0,0,0,08,22,26,08/01/26
08/23/26,Sun,0,0,0,08,23,26,08/01/26
08/24/26,Mon,0,1,0,08,24,26,08/01/26
08/25/26,Tue,0,1,0,08,25,26,08/01/26
08/26/26,Wed,0,1,0,08,26,26,08/01/26
08/27/26,Thu,0,1,0,08,27,26,08/01/26
08/28/26,Fri,0,1,0,08,28,26,08/01/26
08/29/26,Sat,0,0,0,08,29,26,08/01/26
08/30/26,Sun,0,0,0,08,30,26,08/01/26
08/31/26,Mon,0,1,0,08,31,26,08/01/26
09/01/26,Tue,0,1,0,09,01,26,09/01/26
09/02/26,Wed,0,1,0,09,02,26,09/01/26
09/03/26,Thu,0,1,0,09,03,26,09/01/26
09/04/26,Fri,0,1,1,09,04,26,09/01/26
09/05/26,Sat,0,0,1,09,05,26,09/01/26
09/06/26,Sun,0,0,1,09,06,26,09/01/26
09/07/26,Mon,1,0,1,09,07,26,09/01/26
09/08/26,Tue,0,1,1,09,08,26,09/01/26
09/09/26,Wed,0,1,0,09,09,26,09/01/26
09/10/26,Thu,0,1,0,09,10,26,09/01/26
09/11/26,Fri,0,1,0,09,11,26,09/01/26
09/12/26,Sat,0,0,0,09,12,26,09/01/26
09/13/26,Sun,0,0,0,09,13,26,09/01/26
09/14/26,Mon,0,1,0,09,14,26,09/01/26
09/15/26,Tue,0,1,0,09,15,26,09/01/26
09/16/26,Wed,0,1,0,09,16,26,09/01/26
09/17/26,Thu,0,1,0,09,17,26,09/01/26
09/18/26,Fri,0,1,0,09,18,26,09/01/26
09/19/26,Sat,0,0,0,09,19,26,09/01/26
09/20/26,Sun,0,0,0,09,20,26,09/01/26
09/21/26,Mon,0,1,0,09,21,26,09/01/26
09/22/26,Tue,0,1,0,09,22,26,09/01/26
09/23/26,Wed,0,1,0,09,23,26,09/01/26
09/24/26,Thu,0,1,0,09,24,26,09/01/26
09/25/26,Fri,0,1,0,09,25,26,09/01/26
09/26/26,Sat,0,0,0,09,26,26,09/01/26
09/27/26,Sun,0,0,0,09,27,26,09/01/26
09/28/26,Mon,0,1,0,09,28,26,09/01/26
09/29/26,Tue,0,1,0,09,29,26,09/01/26
09/30/26,Wed,0,1,0,09,30,26,09/01/26
10/01/26,Thu,0,1,0,10,01,26,10/01/26
10/02/26,Fri,0,1,0,10,02,26,10/01/26
10/03/26,Sat,0,0,0,10,03,26,10/01/26
10/04/26,Sun,0,0,0,10,04,26,10/01/26
10/05/26,Mon,0,1,0,10,05,26,10/01/26
10/06/26,Tue,0,1,0,10,06,26,10/01/26
10/07/26,Wed,0,1,0,10,07,26,10/01/26
10/08/26,Thu,0,1,0,10,08,26,10/01/26
10/09/26,Fri,0,1,1,10,09,26,10/01/26
10/10/26,Sat,0,0,1,10,10,26,10/01/26
10/11/26,Sun,0,0,1,10,11,26,10/01/26
10/12/26,Mon,1,0,1,10,12,26,10/01/26
10/13/26,Tue,0,1,1,10,13,26,10/01/26
10/14/26,Wed,0,1,0,10,14,26,10/01/26
10/15/26,Thu,0,1,0,10,15,26,10/01/26
10/16/26,Fri,0,1,0,10,16,26,10/01/26
10/17/26,Sat,0,0,0,10,17,26,10/01/26
10/18/26,Sun,0,0,0,10,18,26,10/01/26
10/19/26,Mon,0,1,0,10,19,26,10/01/26
10/20/26,Tue,0,1,0,10,20,26,10/01/26
10/21/26,Wed,0,1,0,10,21,26,10/01/26
10/22/26,Thu,0,1,0,10,22,26,10/01/26
10/23/26,Fri,0,1,0,10,23,26,10/01/26
10/24/26,Sat,0,0,0,10,24,26,10/01/26
10/25/26,Sun,0,0,0,10,25,26,10/01/26
10/26/26,Mon,0,1,0,10,26,26,10/01/26
10/27/26,Tue,0,1,0,10,27,26,10/01/26
10/28/26,Wed,0,1,0,10,28,26,10/01/26
10/29/26,Thu,0,1,0,10,29,26,10/01/26
10/30/26,Fri,0,1,0,10,30,26,10/01/26
10/31/26,Sat,0,0,0,10,31,26,10/01/26
11/01/26,Sun,0,0,0,11,01,26,11/01/26
11/02/26,Mon,0,1,0,11,02,26,11/01/26
11/03/26,Tue,0,1,0,11,03,26,11/01/26
11/04/26,Wed,0,1,0,11,04,26,11/01/26
11/05/26,Thu,0,1,0,11,05,26,11/01/26
11/06/26,Fri,0,1,0,11,06,26,11/01/26
11/07/26,Sat,0,0,0,11,07,26,11/01/26
11/08/26,Sun,0,0,0,11,08,26,11/01/26
11/09/26,Mon,0,1,0,11,09,26,11/01/26
11/10/26,Tue,0,1,0,11,10,26,11/01/26
11/11/26,Wed,1,0,0,11,11,26,11/01/26
11/12/26,Thu,0,1,0,11,12,26,11/01/26
11/13/26,Fri,0,1,0,11,13,26,11/01/26
11/14/26,Sat,0,0,0,11,14,26,11/01/26
11/15/26,Sun,0,0,0,11,15,26,11/01/26
11/16/26,Mon,0,1,0,11,16,26,11/01/26
11/17/26,Tue,0,1,0,11,17,26,11/01/26
11/18/26,Wed,0,1,0,11,18,26,11/01/26
11/19/26,Thu,0,1,0,11,19,26,11/01/26
11/20/26,Fri,0,1,0,11,20,26,11/01/26
11/21/26,Sat,0,0,0,11,21,26,11/01/26
11/22/26,Sun,0,0,0,11,22,26,11/01/26
11/23/26,Mon,0,1,0,11,23,26,11/01/26
11/24/26,Tue,0,1,1,11,24,26,11/01/26
11/25/26,Wed,0,1,1,11,25,26,11/01/26
11/26/26,Thu,1,0,1,11,26,26,11/01/26
11/27/26,Fri,0,1,1,11,27,26,11/01/26
11/28/26,Sat,0,0,1,11,28,26,11/01/26
11/29/26,Sun,0,0,1,11,29,26,11/01/26
11/30/26,Mon,0,1,1,11,30,26,11/01/26
12/01/26,Tue,0,1,0,12,01,26,12/01/26
12/02/26,Wed,0,1,0,12,02,26,12/01/26
12/03/26,Thu,0,1,0,12,03,26,12/01/26
12/04/26,Fri,0,1,0,12,04,26,12/01/26
12/05/26,Sat,0,0,0,12,05,26,12/01/26
12/06/26,Sun,0,0,0,12,06,26,12/01/26
12/07/26,Mon,0,1,0,12,07,26,12/01/26
12/08/26,Tue,0,1,0,12,08,26,12/01/26
12/09/26,Wed,0,1,0,12,09,26,12/01/26
12/10/26,Thu,0,1,0,12,10,26,12/01/26
12/11/26,Fri,0,1,0,12,11,26,12/01/26
12/12/26,Sat,0,0,0,12,12,26,12/01/26
12/13/26,Sun,0,0,0,12,13,26,12/01/26
12/14/26,Mon,0,1,0,12,14,26,12/01/26
12/15/26,Tue,0,1,0,12,15,26,12/01/26
12/16/26,Wed,0,1,0,12,16,26,12/01/26
12/17/26,Thu,0,1,0,12,17,26,12/01/26
12/18/26,Fri,0,1,0,12,18,26,12/01/26
12/19/26,Sat,0,0,0,12,19,26,12/01/26
12/20/26,Sun,0,0,0,12,20,26,12/01/26
12/21/26,Mon,0,1,0,12,21,26,12/01/26
12/22/26,Tue,0,1,0,12,22,26,12/01/26
12/23/26,Wed,0,1,1,12,23,26,12/01/26
12/24/26,Thu,0,1,1,12,24,26,12/01/26
12/25/26,Fri,1,0,1,12,25,26,12/01/26
12/26/26,Sat,0,0,1,12,26,26,12/01/26
12/27/26,Sun,0,0,1,12,27,26,12/01/26
12/28/26,Mon,0,1,1,12,28,26,12/01/26
12/29/26,Tue,0,1,0,12,29,26,12/01/26
12/30/26,Wed,0,1,0,12,30,26,12/01/26
12/31/26,Thu,0,1,0,12,31,26,12/01/26
