,flight_number
0,9E 5076
1,DL 2955
2,YX 4645
3,MQ 3513
4,AA 294
5,B6 1273
6,NK 922
7,DL 2934
8,B6 1043
9,9E 3437
10,9E 3403
11,UA 2394
12,DL 955
13,DL 2181
14,YX 3454
15,AA 118
16,9E 3497
17,9E 3367
18,AA 2036
19,DL 1842
20,DL 1709
21,9E 3484
22,DL 2058
23,DL 1492
24,AA 164
25,B6 98
26,UA 334
27,AA 2435
28,B6 2802
29,UA 2094
30,9E 3422
31,UA 513
32,UA 1519
33,DL 2923
34,B6 507
35,AA 1791
36,DL 1876
37,UA 609
38,UA 2328
39,AS 991
40,DL 2486
41,DL 2568
42,UA 746
43,DL 2465
44,B6 2028
45,MQ 3836
46,AS 556
47,YX 5913
48,OO 3769
49,B6 1438
50,C5 4986
51,9E 5127
52,OO 3570
53,UA 690
54,DL 1686
55,YX 4324
56,9E 5188
57,B6 1041
58,AA 360
59,AA 2194
60,DL 1578
61,UA 1551
62,MQ 3335
63,YX 4417
64,AS 773
65,UA 519
66,EV 4092
67,B6 80
68,B6 282
69,EV 4267
70,9E 3342
71,9E 4807
72,UA 415
73,MQ 4093
74,B6 644
75,9E 3353
76,DL 1891
77,YX 6091
78,EV 4331
79,OO 3896
80,B6 745
81,AA 2226
82,UA 833
83,YX 4563
84,UA 2078
85,YX 3424
86,AA 1424
87,DL 2164
88,B6 916
89,C5 5021
90,AS 345
91,AA 2580
92,9E 3470
93,YX 5888
94,EV 4054
95,C5 4948
96,YX 3655
97,OO 4043
98,AS 31
99,DL 2280
100,YX 6095
101,YX 3427
102,9E 3302
103,DL 1512
104,UA 2174
105,9E 3376
106,UA 1826
107,DL 2056
108,DL 737
109,9E 3324
110,YX 3724
111,9E 5232
112,UA 271
113,DL 2169
114,C5 4928
115,DL 1975
116,B6 2153
117,WN 1236
118,AA 41
119,9E 3421
120,9E 5441
121,AA 2143
122,C5 4913
123,UA 1614
124,9E 5274
125,AA 247
126,OO 3595
127,WN 2530
128,UA 1076
129,YX 6114
130,YX 3593
131,UA 991
132,OO 3610
133,DL 106
134,9E 3434
135,EV 4300
136,9E 3485
137,YX 6065
138,DL 713
139,AS 1193
140,DL 2814
141,B6 286
142,AS 363
143,9E 3366
144,UA 247
145,UA 584
146,UA 2007
148,DL 2778
149,AA 1060
150,C5 4967
151,DL 3045
152,9E 3280
153,AS 1166
154,9E 3377
155,WN 2929
156,9E 3306
157,B6 971
158,YX 3509
159,B6 671
160,9E 5107
161,EV 4365
163,B6 670
164,YX 4708
165,DL 2912
166,EV 4097
167,C5 4894
168,DL 2413
169,YX 3527
170,B6 1106
171,YX 5943
172,AA 852
173,YX 3531
174,YV 6052
175,9E 5049
176,DL 2151
177,AA 1928
178,WN 2366
179,AA 1722
180,B6 1678
181,AA 2115
182,YX 6121
183,DL 2093
184,G4 1348
185,UA 329
186,DL 537
187,DL 2212
188,YX 6089
189,DL 545
190,9E 5265
192,DL 2654
193,MQ 3740
194,OH 5163
195,NK 150
196,C5 4889
197,UA 538
198,C5 4934
199,YX 4461
200,DL 2371
201,OO 3537
202,UA 2140
203,B6 711
204,YV 6337
205,9E 3490
207,EV 3975
208,DL 2299
209,9E 5108
210,DL 2190
211,EV 4133
212,YX 3670
213,DL 1428
215,UA 2416
216,MQ 3634
217,DL 539
218,B6 643
219,UA 2224
220,YX 5954
221,MQ 3878
222,DL 2404
223,WN 5801
224,MQ 4137
225,NK 1529
226,DL 1191
227,B6 164
228,C5 5007
229,UA 1543
230,UA 1978
231,UA 1827
232,YX 3404
233,EV 4035
234,AA 2925
235,YX 3421
236,B6 1634
237,B6 803
238,B6 1161
239,YX 3570
240,UA 1584
241,OO 3619
243,B6 162
244,9E 5013
246,UA 400
248,WN 1662
249,WN 1597
250,UA 1992
251,DL 1131
252,YX 3574
253,9E 3346
254,AA 276
255,OO 3820
256,C5 4966
257,DL 2142
258,B6 1901
259,AA 1639
260,DL 2655
261,DL 2452
263,DL 2967
264,DL 2448
265,9E 5309
266,YX 3732
267,AA 2163
268,DL 1469
269,MQ 4202
270,UA 730
271,YX 3533
272,UA 1882
273,AA 388
274,AA 2434
275,B6 1274
276,DL 949
277,YX 5973
278,MQ 3688
279,YX 3759
280,AA 2521
281,UA 1527
282,AA 1380
283,EV 3992
284,9E 3313
285,DL 465
286,B6 16
287,YX 4451
288,B6 514
289,WN 1125
291,B6 1518
292,OH 5598
293,DL 1098
294,C5 4912
296,MQ 4023
297,OO 4059
299,UA 1051
300,9E 5350
301,DL 1658
302,DL 1816
303,C5 4890
304,UA 2159
306,WN 6205
307,WN 684
308,UA 2418
309,DL 1526
310,DL 780
311,MQ 3374
312,DL 2816
313,9E 3386
314,WN 1381
315,YX 3520
316,AA 2141
317,9E 3428
318,OH 5162
319,DL 303
320,YX 4370
321,AA 321
323,AA 2693
324,YX 5915
325,UA 1944
326,UA 2317
327,WN 2296
328,B6 917
330,DL 546
331,F9 2881
332,G4 441
333,YX 5992
335,B6 2380
336,B6 28
337,WN 1169
338,AA 2666
341,DL 2535
342,PT 4981
343,WN 1395
344,YX 3497
345,MQ 4055
346,DL 1042
347,UA 2037
348,9E 5129
350,UA 1149
351,DL 1799
354,UA 2312
355,B6 54
356,B6 1701
357,DL 2324
358,WN 670
359,AS 411
360,YX 6008
361,DL 1888
362,AS 14
363,AS 331
364,UA 230
365,AA 129
366,B6 1990
367,9E 3494
368,DL 1409
369,AA 1746
371,AA 203
372,AA 2268
373,YX 5927
374,B6 24
375,9E 3323
376,DL 577
377,YX 4457
378,UA 2015
379,DL 1169
380,9E 3435
381,OO 3597
382,YX 6136
383,C5 4987
384,B6 1431
385,EV 4292
386,YX 4523
387,B6 615
388,NK 174
389,NK 917
390,UA 1460
391,DL 2279
393,AA 588
394,DL 1908
395,B6 2516
396,WN 3684
397,DL 2175
398,DL 107
399,YX 4329
400,NK 712
401,B6 1973
403,UA 2333
404,YX 3429
405,UA 1976
406,YX 4412
407,B6 1099
408,9E 3347
409,9E 5266
410,YX 4442
411,UA 674
412,DL 1514
413,UA 1652
414,DL 2379
415,DL 1644
416,AA 1575
417,DL 370
418,DL 1310
420,B6 1262
421,DL 302
422,EV 3991
423,MQ 4134
424,B6 1190
425,YX 3614
426,YV 6053
427,AA 171
428,AA 598
429,AA 1187
430,AA 28
432,WN 1494
433,AA 1263
434,DL 2456
435,UA 2335
436,YX 3558
437,B6 1331
438,UA 1867
439,DL 2262
440,OO 3854
441,YX 6018
442,YX 3626
443,DL 1992
444,UA 535
445,YX 3462
446,AA 1191
447,9E 3400
448,YX 6027
449,DL 2925
450,UA 996
451,YX 4445
452,9E 3459
454,DL 744
455,B6 1184
456,9E 5124
457,B6 1232
458,DL 1539
459,9E 5051
460,OO 3932
461,UA 1811
462,YX 4703
463,OO 3937
464,YX 4361
465,UA 1764
466,9E 3462
467,9E 3476
468,DL 2321
469,EV 4341
470,UA 1890
471,AA 288
472,DL 1436
473,DL 2858
474,9E 5363
475,UA 755
476,B6 789
477,OO 3993
478,AA 1923
479,EV 4213
480,DL 1900
481,DL 3051
482,UA 1002
483,UA 753
485,WN 4657
486,YX 5993
487,DL 2634
488,DL 2255
489,DL 1258
490,9E 5185
491,UA 1447
492,AA 238
493,MQ 4077
494,DL 1542
495,C5 4944
496,EV 4463
497,OH 5458
498,EV 4024
499,MQ 3943
500,9E 5022
501,B6 927
502,DL 2148
503,EV 4176
504,9E 5216
505,YX 5979
506,9E 5398
507,9E 5431
508,AA 367
509,EV 4421
511,9E 5351
512,9E 5303
514,AA 519
515,B6 928
517,UA 577
518,YX 5966
519,EV 4381
520,9E 3358
521,G7 6274
522,EV 4037
523,MQ 3741
524,DL 2629
525,C5 4984
527,AA 337
528,DL 2952
529,AA 1011
531,B6 127
532,UA 2124
534,DL 2962
535,AA 3
536,DL 2588
538,OO 4001
540,B6 632
542,B6 89
544,UA 2417
545,OO 3961
546,C5 4914
548,F9 1260
549,9E 3483
550,UA 1702
551,9E 3291
552,UA 1750
553,9E 3314
554,DL 1006
555,UA 1611
556,WN 750
558,B6 1730
559,DL 2599
560,9E 3352
561,WN 3536
562,B6 136
564,NK 347
565,OO 3830
566,UA 363
567,AS 343
568,AA 222
570,OO 4690
571,DL 1414
572,YX 3695
573,B6 2883
574,UA 1167
575,YX 3487
577,AA 2392
578,DL 838
579,DL 2418
580,OO 3723
581,OO 2953
584,F9 1113
585,NK 1163
586,MQ 3550
587,UA 1183
588,9E 3430
589,UA 1176
591,C5 4918
593,UA 840
595,UA 1255
596,UA 583
597,DL 1391
598,DL 2209
599,UA 1741
600,DL 986
601,9E 5497
602,B6 289
603,AS 1407
604,OO 3929
605,OO 4268
606,G7 6200
607,DL 2503
608,C5 5006
610,B6 102
611,AS 546
613,AA 30
614,9E 3328
615,9E 5328
617,C5 5016
618,OH 5432
619,AA 2827
620,C5 4939
621,YX 5871
622,B6 205
623,UA 356
624,UA 1913
625,OO 3747
627,DL 1488
628,EV 4056
629,YX 3486
630,AA 835
631,UA 421
632,C5 4893
633,AS 11
635,DL 816
636,EV 4257
637,9E 4871
639,MQ 3441
640,UA 1274
641,G7 6228
643,YX 4466
645,MQ 3421
646,B6 746
647,DL 1085
648,AA 1039
649,9E 5101
650,AA 628
652,YX 4322
653,B6 601
654,AA 1221
656,DL 2893
657,9E 3287
660,9E 3361
661,YX 3705
662,WN 1716
663,DL 329
664,DL 1950
665,WN 966
666,AA 1279
667,EV 4093
668,B6 2892
669,DL 2593
670,DL 2385
671,AA 2154
672,UA 1534
673,YX 6109
674,NK 875
675,OO 3577
676,DL 2057
677,B6 359
679,B6 1403
680,9E 4876
681,9E 3406
682,B6 675
683,YX 5869
684,AS 163
685,EV 4010
686,NK 140
687,YX 5898
688,NK 791
689,MQ 3616
690,YX 4506
691,UA 2165
692,B6 1202
693,OH 5480
694,B6 72
695,YX 4360
696,AA 952
697,AA 1278
698,UA 695
699,DL 1505
702,YX 4415
703,DL 2730
704,YX 5877
705,C5 4949
706,C5 4952
707,UA 2143
708,DL 1713
709,EV 4027
711,UA 1929
712,F9 419
714,OO 3692
715,AA 2423
716,OO 4023
718,DL 1878
719,B6 1677
720,OO 3725
721,F9 1510
722,UA 2010
723,UA 628
725,UA 602
726,EV 4011
727,UA 2057
728,WN 681
730,YX 4467
731,DL 2355
734,9E 3463
735,B6 272
736,B6 1715
737,EV 4360
738,UA 2001
739,UA 1162
740,WN 835
741,OO 4181
742,9E 3399
744,YX 4454
745,MQ 3787
746,C5 5019
749,AA 1719
750,9E 5135
751,B6 167
752,YX 4500
753,9E 5507
754,B6 2018
755,DL 1309
756,YX 3586
757,YX 4393
758,AS 783
760,OO 3531
761,9E 5018
762,EV 4274
763,B6 1206
764,B6 485
765,UA 1165
766,C5 4883
767,AA 255
768,9E 5175
770,B6 426
771,DL 1995
772,EV 4063
773,EV 4302
775,WN 1937
776,DL 2956
777,YX 3576
779,B6 130
780,YX 3700
781,YX 3609
783,C5 5005
784,C5 4925
786,UA 2047
789,YX 5891
790,MQ 3562
791,DL 2646
792,9E 3338
796,G7 6297
797,DL 2524
800,WN 276
801,C5 4965
802,AA 1580
803,YX 5958
804,MQ 3770
805,DL 2963
807,9E 3326
808,EV 4455
810,B6 685
811,DL 610
813,UA 1483
814,UA 1583
815,B6 154
816,9E 5041
817,B6 1217
818,B6 676
819,B6 1205
820,YX 4535
823,9E 5167
824,EV 3971
825,UA 700
826,AA 251
827,YX 3673
828,UA 1290
829,B6 703
830,B6 1503
831,OH 5170
832,YX 3548
834,DL 3104
835,YX 5925
836,UA 1649
837,9E 5376
838,UA 856
839,AA 2514
840,DL 1886
841,AA 1186
842,B6 2254
843,B6 1013
844,AA 1788
847,C5 5003
849,DL 1606
850,AA 1608
851,YX 5945
852,DL 1944
853,B6 1802
854,EV 4472
855,AA 310
856,YX 4491
858,C5 5024
859,9E 5419
860,YX 3523
861,DL 326
862,DL 183
864,DL 2937
866,B6 520
867,9E 3368
868,DL 1099
869,AA 292
870,AA 2161
871,UA 977
872,YX 3526
873,NK 792
875,WN 2072
879,YX 4546
881,B6 53
882,YX 6019
883,EV 4404
884,F9 1511
885,DL 1911
888,AS 1301
889,9E 5530
890,DL 1088
891,DL 473
892,YX 4510
893,YX 3503
894,UA 1523
895,AA 1782
896,NK 300
897,UA 1885
898,YX 5899
900,B6 27
901,WN 256
902,WN 445
904,AA 1049
905,9E 5248
906,YX 3409
907,UA 663
908,9E 5515
909,UA 743
910,AA 581
911,DL 2598
912,9E 5290
913,B6 1424
914,9E 3415
915,9E 5140
916,B6 574
918,WN 1166
919,UA 280
920,AA 2443
921,YX 4517
922,B6 1198
924,9E 5195
925,DL 585
926,9E 3359
927,YX 5946
928,C5 4947
929,MQ 4257
930,YX 3515
931,9E 3449
932,9E 3474
933,B6 864
934,EV 4283
935,NK 171
936,DL 797
937,AA 1862
940,OO 3580
941,9E 5072
942,B6 190
943,AA 1444
944,B6 1289
945,UA 904
946,9E 5015
948,UA 2321
949,YX 4576
950,AS 647
951,9E 3333
952,C5 4993
953,EV 4072
954,OO 3608
955,DL 1702
956,AA 2716
957,9E 5100
958,WN 5562
959,DL 2822
962,EV 4016
963,B6 450
965,9E 3466
966,NK 180
967,AS 407
968,AA 2669
969,DL 2571
973,DL 2409
974,AA 2728
975,YX 6012
977,C5 4910
978,DL 2389
979,B6 883
980,DL 917
981,OO 3783
986,OO 4094
987,YX 3610
989,9E 3310
990,YX 3405
991,DL 2988
992,YX 4485
993,YX 4447
994,9E 5319
995,9E 5352
996,WN 1497
997,AA 2814
998,AA 16
999,B6 1389
1000,WN 382
1001,UA 715
1002,B6 490
1003,MQ 3637
1006,YX 3516
1007,B6 6
1008,C5 5012
1009,AA 2136
1010,UA 1240
1012,AA 177
1013,B6 1185
1016,OO 4068
1018,AA 2461
1019,YX 3436
1020,EV 4394
1021,YX 3580
1024,YX 3641
1025,DL 1389
1027,WN 2077
1028,UA 2138
1029,UA 761
1031,AA 871
1032,B6 1290
1033,B6 2530
1034,WN 2362
1036,UA 1013
1037,OO 3858
1038,EV 4116
1039,DL 1133
1040,DL 834
1041,AA 1171
1042,AA 1891
1043,UA 1857
1045,UA 1417
1046,DL 2289
1047,DL 1287
1048,AA 1280
1050,UA 299
1052,DL 2421
1053,UA 2193
1054,MQ 3349
1055,NK 921
1056,WN 2643
1057,UA 711
1058,UA 2139
1059,OO 5364
1060,AA 357
1062,YX 4371
1063,AA 837
1064,DL 2543
1065,DL 1691
1066,UA 2121
1067,B6 423
1068,B6 199
1069,MQ 3420
1070,9E 5422
1072,B6 1633
1074,DL 428
1075,B6 1572
1076,YX 6082
1079,UA 1923
1080,YX 4659
1084,9E 5474
1086,AA 1407
1088,B6 1054
1090,UA 2319
1092,MQ 3803
1093,DL 2944
1094,MQ 3796
1096,YX 3692
1098,AS 229
1099,YX 3669
1102,UA 1699
1105,MQ 4148
1106,B6 1218
1107,MQ 3716
1108,DL 928
1109,DL 675
1110,9E 5254
1111,AA 2572
1114,9E 5244
1115,UA 693
1116,UA 1866
1117,DL 381
1119,UA 1983
1120,C5 4897
1121,YX 5941
1122,DL 1214
1123,AA 10
1124,UA 2151
1125,B6 1224
1126,YX 6084
1127,C5 4991
1129,OO 3875
1130,UA 1298
1131,DL 453
1133,B6 720
1134,YX 3565
1135,UA 213
1137,AA 1283
1140,OO 3938
1143,WN 1255
1144,9E 3401
1145,B6 2923
1146,AA 2809
1147,B6 2990
1148,OO 2979
1149,DL 1875
1150,YX 3413
1152,AA 2157
1153,B6 828
1154,B6 263
1155,DL 757
1156,DL 2350
1157,AA 1539
1158,OO 4080
1159,9E 5095
1160,YX 4635
1162,B6 15
1163,YX 6063
1164,AA 2121
1165,YX 6073
1166,DL 874
1168,OO 3757
1169,WN 2216
1171,DL 1796
1173,DL 1585
1174,B6 516
1175,UA 687
1176,YX 5903
1177,YX 6013
1178,MQ 3666
1180,YX 3461
1181,UA 259
1182,YX 3657
1186,OO 4208
1187,YX 3425
1188,NK 1150
1190,DL 870
1191,YX 6060
1193,AS 468
1194,F9 647
1195,AA 1626
1196,DL 1057
1197,YX 5971
1199,YX 3455
1200,AA 359
1201,9E 3325
1202,C5 4973
1203,EV 4354
1204,WN 952
1205,9E 3493
1206,DL 961
1207,9E 3281
1208,9E 5153
1211,B6 1105
1213,9E 5316
1214,WN 1754
1215,MQ 3829
1216,YX 4478
1217,YX 3698
1218,YX 6125
1219,UA 1637
1220,WN 962
1223,B6 719
1225,9E 5121
1226,B6 677
1227,G4 1915
1229,DL 1265
1230,OO 3800
1231,DL 1445
1232,YX 3453
1233,AA 2144
1234,YX 3622
1236,WN 771
1237,UA 1796
1238,YX 4319
1239,AA 771
1240,EV 4231
1242,AS 59
1243,UA 1249
1244,WN 2826
1245,OO 3611
1246,MQ 3623
1248,YV 6358
1250,B6 2503
1252,UA 2271
1255,9E 3360
1256,C5 4932
1257,YX 3408
1258,B6 1472
1259,B6 1323
1264,YX 3598
1265,YX 5894
1266,9E 5385
1267,WN 1382
1268,9E 5229
1269,B6 149
1271,UA 897
1273,9E 5231
1275,DL 2052
1277,WN 4943
1278,AA 2825
1279,UA 1549
1280,EV 4206
1281,G7 6173
1282,G4 1313
1283,UA 788
1286,DL 1094
1287,UA 1837
1288,C5 4981
1289,B6 415
1290,9E 3317
1293,UA 1269
1294,B6 1502
1295,WN 1782
1297,9E 5054
1298,DL 2406
1299,AS 237
1301,EV 4013
1303,UA 1065
1304,B6 502
1305,AA 2485
1306,DL 2118
1307,C5 4917
1311,C5 4901
1313,UA 1257
1314,B6 168
1315,DL 2639
1316,AA 2731
1317,YX 3419
1318,WN 4609
1319,UA 639
1321,YX 3551
1322,DL 468
1323,MQ 3524
1325,DL 2412
1326,OO 3736
1328,AA 2305
1330,9E 5354
1333,UA 1877
1335,YX 3554
1336,UA 2072
1338,DL 1830
1339,YX 3664
1341,MQ 3521
1342,NK 327
1344,WN 611
1345,YX 6074
1346,NK 705
1347,DL 1473
1348,C5 4955
1349,B6 812
1351,C5 4899
1352,AA 1500
1353,YX 6056
1354,9E 5271
1355,WN 664
1357,9E 5443
1358,DL 2648
1359,AA 2162
1360,YX 6070
1361,DL 447
1362,UA 675
1364,EV 4108
1366,OO 4087
1367,OO 3779
1368,WN 4456
1369,YX 3452
1370,YX 6014
1371,9E 3364
1373,9E 3432
1374,AA 1490
1375,B6 2979
1376,EV 4355
1379,B6 90
1380,UA 446
1381,B6 66
1382,EV 4119
1383,WN 2477
1384,G7 6183
1386,DL 1565
1387,G7 6301
1388,YX 5887
1389,MQ 3727
1390,AS 1023
1391,UA 2340
1393,B6 1280
1394,B6 842
1396,B6 202
1397,C5 4961
1398,OO 3941
1399,YX 3403
1401,B6 2901
1402,UA 2006
1403,9E 5367
1404,UA 2216
1406,AA 2118
1407,DL 1993
1408,UA 552
1409,AA 381
1410,C5 4951
1411,9E 5234
1412,UA 355
1413,AA 2214
1414,YX 4318
1415,WN 4378
1416,UA 2080
1417,OO 3641
1418,UA 1999
1420,MQ 3866
1421,MQ 3970
1422,B6 863
1423,UA 2258
1425,G7 6252
1426,UA 2429
1427,MQ 3773
1429,UA 343
1430,DL 2915
1432,AA 1333
1433,B6 71
1435,YX 5959
1436,UA 2304
1437,B6 18
1438,YX 5885
1441,9E 5249
1442,YX 3555
1443,YX 3536
1444,9E 5082
1445,UA 550
1446,9E 3396
1447,B6 1418
1448,AA 2652
1449,AA 2371
1450,9E 5156
1451,9E 3448
1452,UA 1489
1453,DL 1162
1455,DL 322
1456,YX 3521
1458,UA 2062
1459,OO 3835
1460,9E 3393
1465,9E 3404
1466,EV 4158
1468,DL 2830
1469,B6 2807
1473,EV 4008
1474,AS 1024
1475,UA 2044
1476,UA 2206
1477,DL 748
1478,C5 4975
1480,UA 443
1481,B6 2601
1482,WN 568
1485,9E 5116
1486,AA 2186
1487,AA 349
1489,WN 223
1490,YX 3426
1491,B6 34
1492,DL 896
1493,DL 1982
1495,B6 1332
1496,9E 3390
1497,YX 6040
1498,DL 842
1499,YX 3451
1501,WN 561
1504,UA 485
1505,YX 3415
1507,YX 4698
1508,B6 2379
1509,AS 334
1510,YX 3605
1511,B6 124
1512,UA 1213
1513,UA 2214
1514,YX 3749
1515,YX 3449
1516,MQ 3320
1519,DL 182
1520,AA 1942
1521,B6 2002
1522,AS 657
1524,DL 794
1525,B6 1124
1526,DL 1607
1528,DL 973
1530,9E 5154
1531,UA 1087
1533,WN 739
1535,9E 3303
1537,MQ 3549
1540,DL 2243
1542,DL 1835
1543,B6 1272
1544,WN 846
1545,UA 748
1547,NK 847
1548,DL 40
1549,UA 1537
1550,9E 3340
1552,UA 1990
1555,9E 3402
1557,AA 1142
1559,AS 470
1560,AS 162
1561,AS 1399
1562,UA 1708
1564,WN 2989
1570,AA 2153
1574,UA 2378
1576,AA 306
1577,YX 4606
1578,DL 895
1580,OH 5450
1581,UA 704
1582,C5 4919
1583,MQ 4195
1584,UA 1573
1587,EV 4208
1590,9E 5060
1593,AA 1556
1595,DL 1839
1596,EV 4458
1598,YX 4589
1599,B6 698
1600,UA 600
1601,B6 1729
1602,DL 2415
1603,UA 2337
1605,DL 1372
1606,UA 1538
1609,YX 3721
1610,DL 1231
1611,B6 2580
1613,YX 4334
1615,YX 5895
1616,YX 4504
1617,YX 4362
1620,DL 2974
1621,9E 5179
1623,DL 2383
1624,MQ 3610
1625,DL 715
1626,UA 2411
1628,WN 4711
1629,B6 631
1630,DL 889
1631,YX 6024
1632,DL 430
1633,DL 306
1634,9E 3480
1635,OO 4018
1636,9E 3371
1639,WN 2186
1644,YX 4317
1645,DL 2748
1647,DL 1778
1648,DL 1894
1649,UA 2275
1650,EV 4061
1651,DL 801
1653,AA 76
1654,DL 2769
1657,YX 4637
1658,MQ 3749
1660,UA 408
1662,YX 3500
1663,AA 332
1664,UA 509
1665,YX 5893
1666,UA 1858
1667,AA 56
1668,B6 1473
1669,DL 1903
1673,9E 5213
1674,YX 4660
1675,YX 5872
1677,DL 2775
1681,DL 1762
1682,WN 659
1684,UA 1601
1685,YX 4557
1686,B6 1201
1687,NK 1013
1688,YX 4359
1689,AA 295
1693,OO 4252
1694,YX 3422
1695,C5 5020
1696,AA 250
1698,UA 1180
1699,DL 214
1700,UA 1823
1701,AA 1888
1702,AS 1063
1703,AA 331
1705,AS 7
1710,UA 699
1711,B6 354
1712,C5 4978
1713,9E 5258
1714,9E 3491
1715,WN 1266
1716,YX 3445
1717,EV 4225
1718,9E 5498
1720,OO 3881
1721,UA 2217
1724,YX 3478
1725,UA 303
1727,OO 4751
1729,9E 5267
1730,UA 2098
1731,UA 463
1736,DL 998
1737,DL 2185
1738,AA 1382
1740,YX 6059
1741,WN 1008
1742,EV 4329
1743,AA 2369
1744,OO 4091
1745,G4 1214
1748,NK 1159
1749,YX 3643
1752,9E 3351
1753,C5 4942
1754,DL 2850
1756,UA 649
1757,9E 3496
1758,9E 5318
1759,YX 6046
1764,9E 5164
1766,YX 5961
1767,YX 3744
1768,AS 479
1769,DL 2423
1772,C5 4990
1776,B6 1563
1777,B6 153
1778,UA 758
1779,AS 1059
1780,9E 5314
1782,YX 6085
1784,UA 1173
1785,AA 2137
1786,C5 4931
1788,UA 683
1792,DL 795
1794,UA 1402
1795,UA 1078
1797,YX 6067
1798,UA 490
1799,B6 1504
1801,C5 4980
1802,DL 449
1808,YX 3456
1811,MQ 3354
1815,YX 3441
1819,9E 3387
1820,YX 3714
1822,WN 454
1823,MQ 4146
1826,UA 2352
1828,YX 5977
1829,9E 5133
1830,UA 985
1831,MQ 3343
1832,YX 5892
1836,9E 5403
1837,YX 3582
1838,DL 2807
1839,DL 1274
1842,YX 5904
1844,DL 2592
1852,YX 3457
1853,AA 1056
1857,DL 1496
1859,AA 2068
1860,YX 3524
1863,AA 2505
1864,NK 1520
1865,AA 74
1867,9E 5301
1868,DL 2244
1869,EV 4080
1870,YX 5916
1871,C5 4900
1874,YX 6009
1875,B6 2101
1876,AA 2133
1879,C5 4974
1881,9E 3440
1882,C5 4920
1883,B6 871
1884,MQ 3915
1885,EV 4031
1886,DL 732
1889,NK 718
1890,OO 4060
1892,AA 2822
1895,9E 5253
1896,YX 5952
1899,9E 3339
1900,DL 2604
1901,9E 3315
1902,UA 1282
1903,DL 1592
1907,EV 4113
1908,YX 4652
1909,UA 1293
1910,UA 2383
1915,DL 2292
1919,UA 508
1921,UA 2106
1922,UA 2250
1923,UA 295
1924,UA 327
1925,9E 5295
1926,DL 1182
1929,WN 1598
1930,AA 2718
1931,EV 4334
1932,UA 416
1934,DL 2231
1935,UA 1727
1936,YX 6050
1937,B6 1143
1938,OO 3704
1939,OO 4759
1941,MQ 3938
1944,9E 5393
1946,MQ 3653
1947,UA 2297
1948,EV 4073
1949,EV 4414
1950,AA 336
1952,MQ 3459
1954,OO 3732
1955,EV 4136
1956,G7 6236
1958,9E 5433
1959,OO 4052
1962,AA 1267
1963,AS 317
1966,AS 1022
1967,OO 3530
1969,OO 3926
1970,DL 1048
1971,UA 475
1972,DL 1664
1977,YX 5883
1978,DL 2248
1979,9E 5186
1981,AA 1506
1983,DL 2464
1984,YX 3588
1985,9E 5066
1986,YX 3504
1990,B6 794
1992,DL 2496
1993,9E 5067
1994,YX 3687
1995,DL 2341
1998,OO 3649
1999,9E 3285
2002,DL 1942
2005,DL 1902
2006,B6 224
2007,UA 2219
2010,DL 2638
2013,AA 25
2014,MQ 3818
2015,UA 210
2017,C5 4946
2021,DL 592
2022,OO 3839
2024,UA 410
2025,WN 4879
2026,WN 2568
2029,DL 2302
2031,C5 4983
2032,WN 2238
2034,YX 4321
2035,B6 233
2038,WN 775
2039,B6 1623
2042,AA 1196
2044,EV 4130
2046,DL 1097
2048,B6 1630
2049,AA 304
2050,AA 2643
2051,B6 553
2052,G4 2514
2054,UA 251
2055,WN 788
2056,AA 33
2058,EV 4308
2060,B6 1183
2062,WN 421
2063,DL 419
2065,G7 6221
2067,YX 4528
2068,WN 2985
2071,YX 6057
2073,AA 1311
2074,EV 4202
2075,YX 6054
2076,OO 3811
2077,WN 4085
2079,NK 504
2080,WN 798
2081,UA 2422
2082,DL 2398
2083,DL 483
2085,AS 1406
2087,UA 1974
2090,UA 1166
2091,B6 2358
2092,AA 2131
2093,OO 4035
2101,YX 3432
2102,UA 427
2104,AA 2708
2105,MQ 4052
2106,F9 2963
2108,HA 50
2109,YX 3748
2110,DL 305
2112,AA 2287
2114,F9 1112
2115,DL 2512
2120,9E 3381
2121,AA 1836
2122,YX 3564
2123,YX 5953
2124,B6 1001
2126,YX 4598
2127,WN 2866
2129,9E 5209
2132,UA 2202
2134,C5 4992
2135,UA 570
2136,OO 3714
2137,AA 2783
2140,DL 869
2141,DL 1586
2143,DL 1278
2146,OO 3846
2147,DL 2068
2149,WN 2554
2150,DL 1624
2151,EV 4279
2153,9E 5004
2155,AA 370
2157,C5 4887
2159,B6 584
2161,AA 2736
2163,9E 5115
2166,YV 6238
2170,AA 1991
2173,NK 876
2174,NK 604
2176,DL 485
2181,EV 4368
2183,B6 2279
2184,WN 1111
2185,MQ 3776
2186,EV 4014
2187,B6 283
2189,UA 1787
2190,9E 5349
2191,B6 2504
2193,DL 728
2199,YX 4327
2202,UA 434
2203,EV 4000
2208,DL 1649
2210,WN 577
2212,DL 1588
2214,9E 5285
2216,9E 3436
2217,9E 5149
2221,YX 3639
2222,YX 6107
2223,AA 2773
2227,B6 2525
2230,B6 1491
2231,9E 5119
2234,UA 1596
2236,B6 1374
2237,YX 4570
2238,YX 3512
2240,C5 4886
2242,YX 6062
2244,DL 863
2245,DL 1712
2246,MQ 4166
2247,OO 4072
2248,B6 1186
2249,AA 300
2250,WN 1100
2253,B6 201
2256,WN 717
2257,YV 6055
2258,NK 316
2260,EV 4234
2261,UA 1490
2266,YX 3537
2268,WN 742
2273,DL 1359
2274,B6 428
2277,B6 903
2279,C5 5017
2280,DL 1618
2281,DL 2515
2282,C5 4892
2285,DL 2197
2286,UA 240
2287,9E 3304
2288,B6 135
2289,WN 1695
2293,OO 4053
2294,NK 703
2295,YX 6100
2297,C5 4922
2298,9E 3322
2299,AA 1035
2300,B6 478
2301,AS 54
2304,DL 947
2305,WN 2217
2306,G7 6215
2307,9E 5147
2308,9E 3442
2309,YX 3679
2310,B6 358
2315,WN 1327
2317,DL 2972
2318,B6 464
2321,UA 665
2323,YX 3479
2324,9E 5102
2325,DL 439
2326,9E 5500
2328,9E 3443
2331,UA 692
2332,UA 1199
2334,AA 2067
2335,9E 5260
2339,DL 2040
2341,YX 5935
2342,DL 1879
2343,EV 4278
2344,B6 198
2346,C5 4938
2348,WN 1311
2351,UA 1898
2353,G7 6199
2354,C5 5022
2355,9E 3457
2356,DL 2875
2357,DL 930
2358,9E 3468
2360,DL 2221
2362,AA 2586
2364,YX 3517
2366,DL 1671
2368,B6 2227
2370,WN 3495
2371,UA 353
2372,YX 6029
2374,B6 573
2380,DL 1877
2381,UA 2120
2382,AA 1249
2383,9E 5131
2390,YX 6006
2392,9E 5089
2393,DL 907
2394,DL 1489
2395,EV 4162
2396,YX 5929
2397,DL 630
2398,9E 5317
2400,MQ 3473
2404,WN 4499
2406,AA 166
2407,YX 6116
2409,AA 826
2410,OH 5691
2411,WN 3389
2415,AA 1192
2417,C5 5009
2418,DL 338
2419,9E 5382
2420,DL 1491
2421,WN 4310
2423,AA 2043
2427,EV 4241
2432,DL 1881
2435,B6 108
2437,DL 676
2440,UA 522
2441,YX 6078
2442,DL 1625
2444,UA 1840
2448,UA 2322
2450,OO 3675
2451,9E 5080
2452,9E 3444
2453,9E 5287
2454,WN 805
2455,UA 1421
2457,C5 4994
2458,DL 964
2461,MQ 3499
2462,EV 4128
2465,MQ 4132
2467,DL 2344
2468,UA 1695
2471,9E 3290
2472,WN 384
2473,WN 1735
2474,DL 2326
2477,YX 5907
2478,EV 4150
2480,B6 218
2483,C5 4905
2484,YX 3448
2485,AA 1330
2486,B6 1432
2489,DL 807
2493,DL 2474
2494,DL 709
2495,YX 4665
2496,B6 519
2499,UA 314
2500,B6 117
2501,UA 627
2502,B6 2
2504,AA 2172
2508,DL 1121
2509,OO 3656
2512,UA 1415
2513,C5 4911
2514,DL 763
2518,MQ 4177
2519,UA 1790
2520,UA 217
2521,WN 1006
2524,UA 1640
2528,DL 1724
2529,DL 1936
2531,MQ 3888
2532,EV 4254
2533,UA 2327
2535,YV 6305
2536,AA 114
2539,UA 296
2543,C5 4943
2546,DL 2891
2548,DL 2290
2550,9E 3395
2551,DL 1770
2552,DL 2559
2553,MQ 4050
2554,9E 4899
2556,YX 4625
2557,AS 452
2560,UA 2320
2562,DL 336
2565,9E 3413
2566,UA 1471
2568,OO 5679
2569,DL 1981
2572,9E 3311
2574,DL 2245
2575,DL 2288
2577,YX 6030
2579,UA 625
2580,OO 3553
2584,DL 1528
2586,9E 5128
2587,C5 4915
2591,UA 2239
2594,UA 362
2596,B6 26
2597,DL 1504
2598,UA 590
2602,AA 1216
2603,UA 1197
2605,DL 1441
2607,B6 841
2608,DL 2459
2609,DL 2788
2611,WN 616
2612,YX 3736
2613,WN 674
2614,AA 1140
2615,DL 2487
2616,WN 594
2628,WN 2215
2629,WN 204
2630,DL 2332
2632,EV 4117
2633,YX 5928
2634,DL 1869
2635,B6 2989
2636,DL 2103
2638,DL 1395
2641,UA 817
2645,YX 5934
2646,DL 490
2649,B6 2680
2653,B6 355
2656,DL 1518
2658,DL 2747
2660,MQ 3491
2661,DL 1362
2664,OO 3722
2667,B6 616
2668,C5 4971
2672,DL 1038
2674,UA 1753
2675,OO 5600
2676,WN 1703
2677,WN 4034
2678,DL 433
2679,YX 4527
2681,B6 838
2682,B6 1944
2684,EV 3965
2686,AA 1158
2689,MQ 4115
2690,DL 2836
2691,YX 4394
2697,B6 3
2698,MQ 3846
2701,EV 4144
2705,9E 5093
2706,DL 2149
2707,DL 2096
2709,AA 322
2710,AS 786
2711,MQ 3937
2712,B6 1090
2714,YX 6049
2715,AS 1034
2716,WN 898
2717,DL 2268
2718,B6 323
2719,AA 2914
2726,DL 1458
2728,B6 76
2731,UA 1094
2732,C5 4898
2735,OO 4063
2736,DL 2577
2739,OO 4846
2741,B6 163
2743,DL 507
2744,YX 6081
2745,UA 576
2749,B6 672
2750,YX 3646
2756,YX 4330
2760,WN 1147
2761,DL 460
2766,UA 548
2767,B6 1627
2768,B6 1304
2771,C5 4996
2774,UA 1843
2775,UA 2375
2776,AA 231
2777,DL 2946
2778,B6 305
2779,9E 5362
2780,MQ 3815
2783,B6 2430
2784,B6 1401
2785,AA 179
2786,DL 1382
2788,AA 2165
2790,YX 6140
2793,DL 2732
2795,WN 3025
2796,UA 564
2799,DL 693
2800,AA 2844
2801,DL 888
2802,AS 426
2803,B6 1723
2804,C5 4916
2807,9E 5096
2808,B6 429
2809,YX 5957
2810,UA 1666
2812,OH 5622
2814,B6 62
2818,AA 2311
2819,WN 3181
2820,B6 477
2822,YV 6246
2823,UA 349
2824,UA 1705
2825,DL 1543
2826,DL 2316
2828,AA 2899
2830,9E 3374
2831,AA 2397
2832,AS 623
2835,DL 886
2837,WN 1309
2841,MQ 3931
2842,AA 2201
2844,AA 75
2849,YX 3633
2850,C5 5014
2851,9E 3431
2852,YX 6041
2853,9E 5042
2855,AA 2234
2857,WN 3142
2861,DL 2713
2863,UA 1709
2864,YX 3678
2865,DL 2885
2867,WN 745
2868,DL 719
2869,DL 2928
2870,AA 197
2872,DL 1135
2874,YX 4416
2877,YX 6142
2878,DL 1711
2880,AS 375
2881,OO 3914
2882,9E 3327
2885,UA 1972
2886,DL 2274
2888,C5 4979
2893,WN 3307
2897,YX 6028
2898,B6 362
2900,UA 2341
2901,DL 2479
2902,DL 1851
2911,YX 6001
2912,DL 2686
2915,AA 57
2918,UA 497
2922,DL 486
2923,MQ 3693
2924,DL 1325
2927,9E 3464
2930,YX 3595
2931,DL 1965
2935,AA 2058
2936,B6 315
2940,DL 876
2941,YX 6047
2945,DL 426
2947,AA 1655
2950,YX 4433
2951,B6 576
2957,YX 3676
2958,UA 378
2959,AA 1199
2961,WN 5014
2962,AA 2522
2968,9E 5434
2969,9E 5173
2972,9E 5090
2976,EV 4218
2978,OO 5902
2980,DL 2907
2985,NK 1012
2986,DL 868
2987,AA 1694
2988,YX 3460
2993,YX 4650
2994,YX 4323
2995,UA 2329
2998,DL 2914
3003,C5 4902
3004,DL 882
3006,9E 5482
3009,9E 3355
3010,EV 4153
3011,WN 733
3012,YX 4422
3013,B6 1923
3016,YX 3446
3017,DL 2865
3018,UA 264
3019,YX 3592
3020,AA 1414
3021,9E 5048
3023,UA 479
3025,B6 2679
3026,DL 2548
3030,YX 5983
3034,YX 3642
3036,AA 2768
3038,EV 4089
3039,DL 2607
3041,AA 2111
3046,G7 6174
3048,C5 4896
3050,9E 3478
3052,9E 4796
3053,9E 3414
3054,DL 2354
3055,WN 4708
3056,NK 149
3057,WN 4851
3058,C5 4909
3060,DL 1613
3061,UA 1071
3062,NK 760
3066,YX 3434
3067,B6 2602
3069,AA 2541
3070,YX 3458
3071,UA 2316
3072,UA 613
3076,MQ 3675
3077,YX 3634
3078,YX 3406
3080,YX 4316
3083,AA 2146
3084,AS 90
3085,9E 5142
3086,AA 325
3091,AA 2352
3095,WN 2881
3097,YX 3437
3098,B6 543
3100,YX 3463
3101,DL 2784
3103,EV 4155
3104,AA 1924
3105,9E 5219
3106,DL 1913
3108,MQ 3958
3109,DL 1694
3110,WN 1936
3116,YX 4600
3118,9E 3288
3119,DL 3001
3121,DL 518
3124,C5 5011
3126,B6 65
3127,MQ 3425
3128,YX 3417
3131,UA 1688
3136,OO 4747
3137,WN 610
3140,DL 2327
3142,B6 918
3143,AA 1489
3148,DL 2636
3151,DL 2936
3153,YX 6120
3154,9E 5177
3156,9E 5338
3157,F9 2034
3159,YX 5906
3160,EV 4345
3161,OO 3607
3169,YX 3444
3172,OO 3805
3175,AA 1571
3179,WN 744
3183,AA 2151
3186,9E 5113
3189,B6 2611
3191,EV 4426
3196,DL 1862
3199,9E 5118
3200,OO 3844
3204,YX 6087
3206,AS 625
3208,YX 3488
3213,DL 1523
3214,AA 184
3215,B6 2904
3218,WN 956
3220,AA 1530
3221,UA 1920
3223,YX 3644
3225,9E 5264
3226,DL 1775
3227,WN 4284
3230,MQ 4186
3231,AA 2181
3233,DL 2536
3235,DL 788
3236,9E 3345
3237,DL 2618
3238,9E 5402
3239,DL 1004
3245,9E 5097
3250,B6 123
3252,9E 5432
3256,UA 406
3259,9E 5003
3260,AA 2
3265,DL 2924
3267,EV 4159
3268,WN 2092
3271,EV 4229
3272,YX 3712
3273,DL 1383
3274,UA 1995
3275,B6 105
3276,NK 224
3277,WN 2166
3279,DL 1593
3280,AA 2510
3281,B6 1171
3284,DL 1811
3286,UA 1849
3287,YX 6124
3296,UA 657
3297,9E 5469
3298,AA 2292
3300,DL 2708
3304,YX 5944
3305,EV 4029
3308,DL 968
3310,UA 529
3313,EV 4391
3314,OO 3803
3315,YX 6004
3316,9E 5397
3318,C5 4999
3319,9E 3318
3320,9E 3331
3322,C5 4964
3326,MQ 3724
3327,DL 2446
3328,YX 5986
3329,DL 1213
3331,UA 1714
3332,UA 1803
3333,AA 1002
3337,9E 5208
3340,UA 1144
3342,G4 440
3344,OO 3682
3345,AA 380
3349,UA 2315
3351,UA 614
3353,UA 1178
3356,WN 5011
3357,EV 4364
3358,DL 2601
3360,WN 3527
3363,B6 732
3366,YX 5951
3370,9E 3384
3373,DL 1513
3374,B6 1827
3379,DL 2685
3380,UA 739
3382,C5 4881
3383,9E 5263
3385,DL 2862
3386,UA 1980
3388,DL 1780
3389,9E 5259
3392,YX 3545
3396,9E 5279
3398,WN 1697
3399,UA 1871
3401,YX 5956
3404,YX 5881
3407,YX 3660
3412,MQ 3750
3413,DL 692
3414,YX 6058
3415,B6 416
3418,9E 5390
3419,UA 2163
3421,9E 5255
3422,MQ 3416
3423,YX 3608
3425,B6 299
3429,OO 3737
3438,9E 5106
3442,C5 4933
3443,OO 3869
3444,YX 3709
3445,9E 5311
3459,UA 1602
3461,WN 1717
3464,DL 1103
3466,DL 2443
3469,AS 665
3471,UA 293
3472,UA 1927
3475,WN 2420
3477,9E 3418
3479,YX 4568
3480,B6 1523
3483,DL 2237
3484,DL 2699
3486,YX 3575
3488,YX 6086
3493,UA 596
3494,UA 1926
3495,B6 1606
3497,WN 1513
3498,9E 5192
3499,YX 3577
3508,C5 4891
3510,YX 5874
3512,AA 358
3515,UA 832
3516,9E 3289
3521,9E 3433
3522,WN 5589
3524,UA 1696
3525,B6 2743
3526,C5 4968
3530,AS 8
3531,AA 1893
3532,UA 712
3534,AS 314
3543,DL 2930
3544,9E 5122
3545,AA 290
3547,9E 3341
3549,9E 3498
3550,AA 1588
3551,MQ 4119
3553,OO 3616
3555,F9 646
3556,EV 4077
3558,9E 4909
3561,DL 1415
3562,OO 3972
3564,WN 900
3566,UA 2023
3567,YX 3420
3569,9E 5384
3572,B6 2359
3574,B6 14
3576,AA 1597
3579,UA 792
3582,B6 2579
3585,B6 2526
3587,9E 5125
3591,DL 1785
3592,9E 3398
3594,B6 1248
3596,YX 5902
3597,DL 1594
3598,YX 4381
3599,AA 2302
3602,UA 2330
3605,B6 1512
3607,WN 1755
3608,B6 118
3611,WN 2912
3612,YX 5939
3613,YX 3682
3615,F9 2958
3619,UA 1960
3621,YX 3508
3622,DL 1132
3623,YX 6016
3626,AA 2645
3628,OO 3639
3630,AA 1487
3632,AS 410
3640,B6 264
3642,UA 723
3648,B6 581
3649,UA 714
3657,DL 663
3658,DL 2931
3659,UA 488
3660,B6 1094
3667,C5 4985
3668,WN 1447
3671,WN 1750
3673,G7 6241
3675,AA 1601
3676,YX 5879
3679,YX 3653
3680,9E 5332
3681,9E 3348
3684,UA 1794
3687,WN 1184
3689,UA 2406
3691,AA 327
3692,AA 1164
3695,OO 4008
3699,AS 1026
3700,UA 1591
3701,YV 6261
3705,WN 615
3706,DL 2583
3708,YX 5897
3716,DL 2498
3719,YX 6080
3721,C5 5000
3722,YX 3430
3723,MQ 3864
3725,9E 5246
3727,UA 2325
3730,DL 1634
3732,AA 1357
3734,OO 3559
3738,OO 3604
3741,DL 825
3743,YX 5880
3744,EV 4434
3748,B6 2280
3751,9E 3477
3752,9E 5134
3753,YX 3401
3755,AA 1554
3756,WN 1063
3758,UA 1841
3759,UA 1262
3760,YX 4505
3761,YX 4498
3762,WN 3819
3764,DL 2511
3765,YX 5955
3766,YX 6053
3770,EV 4233
3771,AA 2132
3772,OO 3634
3774,AA 2273
3775,DL 2954
3777,EV 4431
3779,UA 1233
3782,MQ 3309
3783,AS 57
3784,B6 2953
3786,WN 1315
3789,WN 1795
3790,OO 3505
3793,UA 1425
3796,DL 1803
3798,9E 4825
3803,AA 43
3804,UA 1501
3806,WN 5581
3809,UA 800
3810,UA 503
3813,WN 552
3814,B6 795
3818,NK 139
3822,YX 6099
3827,DL 2064
3833,9E 3380
3835,UA 1562
3836,YX 4554
3837,DL 613
3838,9E 3475
3839,UA 636
3840,YX 5974
3850,9E 5341
3851,DL 931
3852,DL 1596
3854,OO 3900
3855,YX 4682
3859,B6 905
3860,DL 1657
3864,9E 5420
3867,UA 2313
3870,OO 3638
3875,DL 1346
3876,MQ 4147
3878,9E 5372
3879,YX 3715
3881,YX 4427
3883,B6 306
3884,OO 3784
3885,B6 302
3886,YX 3603
3889,YX 3621
3892,AA 1388
3894,B6 1284
3896,UA 1232
3898,AA 2704
3902,DL 1807
3904,UA 2213
3905,YX 3659
3909,9E 5136
3911,9E 3362
3912,MQ 3811
3914,MQ 3925
3916,NK 1165
3918,YX 5985
3920,EV 4361
3922,AA 320
3927,UA 1210
3929,EV 4002
3930,DL 843
3931,C5 5008
3932,MQ 3391
3939,EV 4099
3943,UA 2298
3950,OH 5503
3951,9E 5205
3952,YX 6017
3954,MQ 3851
3956,AA 53
3962,9E 3455
3965,DL 2623
3967,DL 2497
3977,YX 6023
3979,AS 326
3980,B6 324
3983,WN 4295
3984,UA 2041
3986,AA 185
3989,9E 5251
3992,B6 398
3995,OO 3987
3999,UA 741
4001,AA 291
4003,UA 2050
4008,YX 3658
4011,AA 2632
4014,9E 5152
4018,WN 2048
4019,AS 102
4022,AA 15
4023,YX 6103
4024,AA 351
4028,UA 2334
4029,9E 3363
4030,UA 1202
4031,B6 116
4032,YX 3489
4037,WN 3662
4038,G7 6266
4040,OO 3688
4041,YX 5932
4042,B6 1527
4045,B6 2290
4046,UA 1993
4048,AA 2246
4050,DL 1994
4053,AS 337
4056,OO 3815
4061,B6 189
4062,9E 5436
4065,C5 4888
4066,OO 3664
4067,DL 1401
4072,DL 2358
4078,UA 1953
4079,UA 1755
4080,YX 3541
4083,DL 637
4084,UA 1783
4088,DL 1922
4089,YX 3495
4091,YX 5948
4092,YX 5873
4093,9E 5010
4096,AS 63
4100,YX 3547
4101,WN 146
4103,MQ 3546
4105,OO 3642
4107,NK 528
4113,YX 5991
4114,DL 2489
4119,B6 63
4125,YX 3578
4130,YX 3571
4131,AS 1412
4132,DL 2340
4133,9E 5428
4143,DL 2376
4147,YX 3464
4148,WN 2418
4151,YX 3447
4154,DL 706
4158,EV 4025
4160,MQ 3390
4161,B6 2390
4163,AA 1610
4167,B6 1044
4170,WN 813
4172,YX 3402
4174,B6 1089
4177,YX 3665
4180,9E 3473
4181,AA 24
4182,9E 5312
4183,B6 150
4184,AS 1416
4188,B6 2402
4191,B6 885
4192,YX 6083
4193,AA 867
4195,G7 6234
4196,OO 4020
4199,B6 371
4200,AA 1532
4201,DL 1104
4204,WN 5422
4210,EV 4297
4211,DL 1482
4212,YX 5911
4216,OO 4111
4217,DL 1734
4218,OO 3793
4225,AS 512
4229,OO 4017
4233,B6 1118
4235,DL 2724
4236,MQ 3604
4247,9E 5182
4248,AA 1389
4252,DL 1433
4257,B6 2024
4258,YX 4372
4259,DL 1623
4261,UA 1038
4262,UA 1658
4264,B6 586
4267,DL 332
4268,G7 6179
4269,AA 1397
4272,DL 913
4280,OO 4083
4281,UA 1770
4283,UA 2237
4289,9E 5343
4290,9E 5495
4294,G7 6305
4296,DL 350
4299,DL 856
4301,OO 3698
4302,AA 1200
4305,C5 4895
4315,DL 2449
4321,9E 3388
4327,WN 4605
4329,OO 3711
4330,NK 197
4331,DL 2961
4337,DL 2154
4339,B6 1295
4341,9E 5252
4342,DL 1722
4344,B6 234
4346,WN 2578
4348,EV 4460
4350,YX 6130
4354,EV 4439
4358,DL 2798
4359,9E 3409
4360,AA 34
4361,DL 2276
4363,UA 1477
4367,DL 1467
4368,UA 572
4372,AS 629
4373,AA 2772
4374,OO 3550
4379,YX 3499
4382,YX 6015
4386,UA 910
4391,UA 682
4392,WN 1151
4393,OO 3891
4396,YX 3585
4397,UA 426
4399,9E 3385
4401,DL 1815
4402,B6 2980
4411,G7 6231
4423,G7 6284
4424,DL 1819
4425,UA 1809
4427,EV 4118
4428,B6 161
4429,DL 1336
4431,EV 4091
4433,OO 3960
4436,AS 450
4437,9E 3378
4439,OO 3691
4441,WN 2213
4443,NK 331
4445,UA 228
4446,YX 6044
4453,9E 5052
4455,YV 6247
4457,9E 5361
4459,DL 846
4460,AA 1370
4461,DL 1096
4464,YX 6003
4467,UA 2248
4472,UA 1070
4473,AS 486
4475,C5 4962
4478,C5 5004
4479,B6 518
4480,DL 2214
4483,DL 2926
4484,YX 3691
4487,AA 764
4491,9E 5005
4497,DL 2927
4498,YX 4335
4501,DL 1784
4503,B6 886
4506,DL 855
4512,AA 1327
4514,EV 4418
4516,OO 3954
4517,UA 1682
4519,B6 832
4520,YX 3662
4521,DL 1374
4522,UA 1810
4526,WN 4990
4530,9E 5269
4536,YX 4613
4537,9E 4852
4541,9E 5036
4543,AA 83
4545,YX 5999
4546,MQ 3493
4552,DL 1537
4554,UA 2032
4555,YX 4382
4557,B6 23
4565,C5 4885
4573,OO 5854
4582,UA 1550
4583,YX 3703
4588,DL 579
4590,OH 5444
4595,AA 833
4597,WN 1579
4599,DL 1574
4604,OO 3834
4605,B6 678
4611,YX 5996
4614,OO 3629
4618,C5 4936
4619,AA 864
4622,9E 5389
4624,EV 4195
4633,AS 628
4637,WN 1450
4638,EV 4277
4643,B6 2091
4646,YX 3423
4650,OO 3795
4651,9E 5344
4653,UA 1526
4657,NK 630
4658,EV 4413
4662,9E 5547
4664,UA 2302
4666,WN 2142
4667,WN 234
4668,NK 521
4670,AA 1210
4672,YX 5886
4678,C5 4969
4679,G7 6302
4683,UA 309
4684,AA 1656
4685,9E 5130
4687,B6 702
4689,AA 32
4691,YX 3648
4696,DL 1548
4701,YX 3552
4702,YX 3414
4704,C5 4950
4708,DL 2439
4711,WN 2250
4713,UA 1936
4716,B6 2374
4718,WN 3607
4719,NK 887
4720,B6 811
4721,9E 3405
4722,NK 993
4723,9E 4879
4725,UA 2025
4726,WN 4296
4732,WN 372
4735,B6 1373
4736,G7 6279
4737,YX 3450
4740,DL 1573
4743,AA 2135
4748,9E 3284
4751,YX 5995
4752,DL 1447
4754,F9 2880
4755,AA 936
4756,9E 3332
4759,UA 749
4760,B6 327
4768,EV 4214
4773,AS 653
4774,B6 1381
4775,9E 4760
4777,9E 5401
4781,G4 401
4782,AA 1247
4784,DL 2442
4788,UA 2130
4795,DL 41
4799,DL 1914
4801,YX 5940
4805,C5 4989
4806,9E 5484
4810,9E 3349
4812,DL 1193
4814,YX 3410
4822,YX 5908
4826,YX 6034
4827,9E 5170
4830,DL 1848
4833,UA 2126
4834,MQ 4030
4838,DL 1327
4847,DL 315
4849,B6 2776
4852,9E 5120
4854,WN 540
4855,C5 5010
4857,9E 5491
4862,DL 636
4865,DL 2186
4870,UA 1146
4871,WN 5366
4872,B6 2779
4881,UA 2367
4882,9E 3309
4883,YX 4350
4884,B6 213
4885,DL 2903
4889,B6 2001
4893,OO 3670
4894,B6 748
4899,UA 496
4901,B6 1415
4903,YX 3540
4906,9E 5055
4909,WN 1505
4914,UA 482
4915,EV 4402
4922,WN 3655
4924,OO 3673
4925,OH 5081
4930,AS 110
4933,OO 4204
4935,UA 1037
4936,DL 310
4937,AA 234
4938,DL 2942
4941,B6 890
4945,G7 6235
4946,DL 824
4947,OO 3709
4949,UA 703
4952,AA 2156
4955,MQ 3395
4956,B6 575
4957,9E 3336
4959,B6 1611
4961,DL 1450
4962,B6 2706
4966,MQ 3314
4967,UA 2179
4971,DL 723
4974,UA 1129
4975,B6 185
4982,9E 3343
4983,WN 476
4984,YX 3481
4987,DL 840
4988,AA 1934
4992,9E 5335
4995,DL 2782
4999,9E 5235
5000,YX 3589
5001,WN 1902
5002,DL 1089
5003,B6 317
5006,YX 5969
5007,YV 6276
5008,AA 299
5017,C5 4924
5019,UA 1098
5022,YX 5937
5023,UA 2077
5025,UA 1552
5026,C5 4945
5027,9E 5417
5030,WN 1312
5034,WN 763
5035,WN 557
5037,YX 3725
5045,HA 51
5046,NK 751
5050,DL 341
5051,UA 1834
5052,OO 3897
5054,B6 1511
5055,AA 1352
5056,OO 3806
5058,AA 1566
5059,WN 1553
5060,UA 1600
5061,AA 2168
5062,MQ 3969
5065,9E 3453
5066,AA 309
5079,UA 225
5080,YX 6134
5081,UA 2160
5083,B6 107
5086,UA 1125
5089,9E 5392
5090,OH 5541
5091,OO 3626
5092,YX 6126
5093,DL 661
5094,AS 790
5095,YX 4326
5097,YX 5889
5098,WN 609
5101,YX 6129
5102,DL 2771
5107,B6 1823
5112,G4 1350
5116,AA 243
5120,YX 3668
5121,YX 3431
5125,YX 3615
5126,AA 970
5128,UA 1935
5130,DL 925
5133,AS 18
5136,9E 5050
5145,MQ 3477
5151,DL 2581
5153,YV 6359
5161,B6 1492
5164,EV 4160
5166,WN 2340
5168,B6 872
5170,YX 4386
5173,YX 3751
5174,AA 1457
5176,DL 2545
5179,DL 2395
5186,YX 5922
5190,AA 2848
5191,DL 379
5193,DL 2649
5200,EV 4357
5202,DL 761
5204,AA 1467
5205,AS 186
5223,AA 832
5227,DL 2916
5229,9E 5226
5231,OO 4100
5235,WN 2455
5236,ZW 3843
5239,OH 5060
5247,DL 608
5253,UA 318
5254,9E 3335
5256,UA 1606
5258,MQ 4143
5261,B6 785
5263,OO 4106
5264,OO 3768
5265,YX 4636
5268,UA 2415
5275,YX 3428
5276,AA 2551
5278,YX 5917
5279,B6 329
5282,DL 1924
5283,DL 1101
5289,UA 1479
5291,YX 4700
5292,AA 2158
5293,9E 5009
5295,9E 4945
5296,DL 1636
5301,C5 4906
5307,AA 1290
5310,YX 5978
5312,YX 6092
5317,AA 1
5318,9E 5324
5323,AA 1834
5325,UA 1469
5326,MQ 4044
5327,EV 3993
5334,G7 6223
5336,9E 3382
5337,EV 4313
5341,OO 4192
5344,DL 668
5351,9E 5043
5353,MQ 3392
5354,AA 1047
5355,AA 2031
5361,YX 6071
5362,UA 645
5363,AS 420
5366,9E 3334
5369,EV 4332
5375,YX 6055
5376,YX 3493
5383,AA 248
5393,AS 53
5394,B6 325
5400,WN 877
5402,EV 4216
5403,AA 1662
5406,AS 349
5417,9E 5256
5421,DL 1744
5422,AS 306
5426,OO 4016
5428,DL 2488
5433,YX 4374
5438,B6 948
5439,DL 342
5441,WN 3958
5444,DL 2315
5445,UA 994
5446,C5 4941
5448,DL 2921
5450,DL 2810
5460,WN 1801
5462,UA 1530
5463,DL 2001
5464,9E 5357
5474,DL 2104
5484,YX 3416
5485,DL 1353
5490,C5 4908
5492,9E 5452
5493,UA 581
5494,9E 5291
5495,UA 1409
5505,YX 4711
5511,9E 5356
5512,UA 393
5513,9E 3410
5520,B6 523
5523,DL 352
5524,DL 1678
5529,YX 5901
5541,9E 5532
5542,YX 5926
5543,9E 5017
5547,DL 2360
5551,DL 2949
5556,MQ 4056
5561,MQ 3832
5565,YX 3597
5566,EV 4235
5575,DL 2684
5581,EV 4182
5582,B6 1192
5583,UA 282
5600,YX 4473
5602,B6 1815
5605,DL 1417
5607,YX 5933
5609,AA 1669
5610,9E 3423
5615,UA 2336
5616,AA 1936
5617,OO 3748
5618,B6 244
5619,9E 5360
5624,9E 5151
5638,9E 5331
5641,DL 2296
5644,9E 4803
5645,DL 2945
5650,DL 2818
5652,9E 5445
5657,YX 5921
5658,9E 5496
5666,UA 2301
5676,OO 3890
5680,WN 1552
5681,UA 1991
5682,B6 1298
5683,DL 1669
5684,B6 4
5687,MQ 3543
5689,UA 1717
5690,DL 993
5693,OO 4913
5694,B6 1338
5696,DL 2935
5701,WN 2026
5702,YX 6037
5703,YX 3677
5710,B6 1371
5712,9E 3472
5715,WN 2081
5718,9E 5373
5723,9E 5299
5725,UA 1693
5730,YX 3484
5737,B6 225
5739,UA 1582
5744,DL 2252
5747,WN 1131
5749,F9 1111
5753,NK 522
5756,DL 2777
5757,DL 2400
5760,WN 776
5766,UA 1945
5772,EV 4106
5776,UA 744
5777,9E 5200
5779,DL 487
5784,9E 3458
5786,OO 3788
5787,YX 4456
5788,AA 302
5791,WN 1876
5792,DL 806
5796,9E 3357
5798,YX 3496
5799,B6 424
5801,OO 3991
5805,YX 3530
5806,AA 642
5812,AS 769
5817,C5 5002
5821,B6 718
5824,YX 6101
5825,YV 6334
5826,EV 4485
5830,MQ 3751
5834,UA 1747
5838,G7 6271
5839,C5 4866
5843,B6 301
5849,UA 2384
5851,WN 2086
5852,UA 1716
5854,YX 3538
5855,AS 325
5857,B6 326
5858,AA 200
5860,YX 3707
5866,YX 6051
5867,EV 3973
5869,MQ 4012
5890,C5 4982
5896,YX 5965
5898,YX 3529
5903,DL 1583
5908,YX 4342
5909,DL 2852
5910,WN 3810
5915,MQ 4210
5916,UA 331
5919,F9 1531
5920,DL 2770
5921,B6 461
5923,MQ 3431
5926,DL 2563
5934,9E 3282
5935,DL 2983
5938,DL 671
5944,DL 2668
5951,UA 1227
5952,WN 657
5956,C5 4884
5961,AA 2651
5966,OO 4658
5968,YX 6138
5969,9E 3456
5971,9E 5028
5972,DL 1455
5973,MQ 3985
5978,C5 4970
5979,DL 2856
5984,UA 598
5986,EV 4068
5987,AA 2733
5995,EV 4462
6002,B6 2786
6006,DL 2124
6008,WN 393
6016,DL 1457
6017,YX 3656
6023,YX 3616
6025,B6 524
6026,AA 714
6040,YX 3535
6042,9E 3301
6046,WN 5098
6051,B6 227
6052,AA 1726
6054,AA 1376
6055,DL 2957
6057,UA 1784
6059,9E 5429
6061,AA 2494
6062,NK 1805
6065,UA 267
6068,DL 541
6071,YX 3433
6074,B6 906
6076,AA 272
6078,UA 1451
6084,WN 1217
6085,AA 2117
6086,UA 380
6098,9E 3307
6100,OO 3982
6103,EV 4272
6104,OO 3845
6110,C5 5023
6111,YX 3612
6116,AA 4
6118,DL 2820
6125,WN 175
6128,B6 2006
6131,WN 3470
6132,YX 4460
6137,B6 705
6139,UA 279
6141,AA 341
6145,DL 2218
6147,AS 460
6150,B6 583
6151,EV 4380
6153,9E 5035
6156,YX 4343
6159,WN 5547
6163,YV 6367
6165,AA 1935
6168,MQ 3990
6172,9E 5217
6176,UA 791
6180,AA 1150
6194,WN 385
6196,YV 6255
6197,DL 2917
6198,9E 5184
6199,DL 3002
6201,WN 3027
6204,9E 5364
6206,EV 4276
6211,B6 669
6212,DL 2750
6216,UA 642
6218,DL 440
6221,YX 3468
6224,9E 3486
6225,WN 4049
6232,9E 3461
6234,DL 1312
6236,DL 2352
6237,9E 5094
6248,YX 3625
6252,WN 2132
6255,B6 1
6261,YX 3594
6273,YX 3638
6281,AA 843
6283,WN 1943
6287,YX 3475
6289,WN 1561
6293,WN 1777
6294,9E 5037
6300,WN 599
6304,OO 3981
6305,YX 4379
6306,DL 1545
6308,G7 6211
6310,AA 103
6314,UA 204
6316,B6 2701
6324,YX 4480
6325,UA 1886
6327,DL 1855
6336,B6 915
6340,EV 3970
6342,OO 4197
6351,YX 6035
6360,AA 1587
6371,UA 528
6375,WN 2280
6383,EV 4929
6388,AS 266
6392,YX 4482
6395,EV 4416
6396,DL 2021
6399,UA 601
6400,9E 3427
6402,C5 4921
6404,DL 2938
6406,WN 1531
6411,DL 2139
6413,DL 1783
6414,OO 3687
6418,C5 4903
6419,UA 395
6423,MQ 4059
6424,DL 910
6425,YX 6045
6426,YX 3510
6430,9E 5196
6431,B6 1271
6435,DL 1164
6437,UA 2323
6438,UA 1906
6441,OH 5378
6455,AA 1367
6456,WN 1378
6457,AA 1206
6458,B6 33
6462,OH 5563
6466,DL 1844
6469,DL 2876
6471,OO 3827
6480,YX 6094
6483,UA 801
6484,9E 5383
6488,DL 1727
6490,B6 508
6495,MQ 3980
6498,EV 4244
6514,DL 2329
6523,EV 4005
6531,MQ 3646
6534,DL 1907
6536,YX 3602
6538,UA 557
6540,F9 502
6544,OO 4155
6546,B6 2074
6547,WN 2181
6549,C5 4953
6550,AS 1522
6553,DL 945
6554,9E 3481
6559,MQ 4256
6561,UA 769
6562,DL 943
6566,DL 369
6570,WN 3267
6571,B6 612
6578,YX 5896
6582,9E 4849
6585,WN 1765
6587,DL 2480
6589,9E 3370
6593,C5 4882
6597,G7 6275
6604,EV 4443
6611,WN 283
6612,YX 4565
6613,B6 2017
6621,B6 486
6624,G4 457
6625,YX 6061
6626,YX 4320
6628,DL 2674
6629,OO 3775
6633,WN 4044
6634,AA 1116
6635,DL 2754
6636,UA 308
6639,9E 5092
6641,9E 3438
6644,9E 5391
6649,DL 2995
6650,EV 4338
6651,EV 4015
6653,DL 1672
6655,9E 5475
6666,YX 3542
6667,EV 3977
6668,B6 624
6672,YX 4439
6673,9E 5415
6674,DL 2932
6677,WN 2426
6678,UA 1284
6682,UA 905
6694,9E 5407
6697,B6 2889
6700,9E 5078
6701,DL 2475
6704,UA 516
6708,9E 5239
6709,UA 442
6711,AA 2654
6712,OO 3648
6718,MQ 3952
6725,DL 1165
6731,YX 4311
6736,9E 3350
6741,YX 3532
6747,YX 4402
6756,EV 4081
6762,9E 5109
6765,YX 4584
6769,DL 830
6771,WN 6659
6773,OO 3786
6803,AA 1335
6804,DL 1527
6805,UA 726
6806,EV 4304
6808,NK 710
6810,B6 525
6814,9E 5444
6820,9E 5333
6821,DL 1972
6824,UA 2215
6827,MQ 3877
6828,DL 1821
6829,DL 1558
6830,YV 6347
6833,YX 3584
6844,DL 544
6846,DL 959
6847,UA 202
6850,DL 1435
6856,WN 1153
6861,WN 5211
6865,WN 4309
6867,UA 2310
6882,YX 6068
6883,9E 5058
6884,OO 4029
6890,OO 3632
6894,UA 510
6897,NK 1148
6901,DL 2918
6905,UA 2198
6906,DL 351
6920,UA 1219
6926,AA 1274
6929,NK 1153
6932,DL 810
6935,UA 275
6944,F9 503
6947,OO 3635
6955,AS 670
6956,AS 772
6968,WN 751
6971,DL 2173
6977,DL 2362
6980,DL 2959
6990,9E 5379
6991,DL 2071
6993,DL 2965
6994,AA 1503
6995,9E 5238
6997,UA 2356
7001,EV 4126
7009,9E 5276
7012,9E 5241
7015,UA 2029
7023,YX 4444
7024,9E 3330
7026,WN 1953
7027,YX 3490
7035,NK 779
7038,C5 4998
7039,UA 1586
7041,YX 3671
7045,9E 5330
7047,WN 1452
7048,YX 5914
7055,AA 196
7059,DL 634
7068,MQ 3519
7080,YX 4363
7082,AA 2382
7087,YX 5998
7089,WN 4104
7091,DL 1790
7097,YX 3752
7098,YX 4336
7103,AA 274
7104,UA 1907
7109,DL 952
7111,9E 5039
7114,DL 1800
7117,EV 4179
7118,C5 5015
7120,UA 1680
7122,9E 3373
7123,YX 3704
7131,UA 1973
7136,YX 5990
7138,UA 2102
7139,UA 2397
7141,9E 5294
7142,DL 857
7146,9E 5224
7154,DL 2950
7157,WN 389
7158,WN 899
7160,DL 2485
7163,B6 973
7164,WN 233
7167,YX 3717
7169,AA 2629
7171,WN 1039
7172,DL 773
7180,NK 1830
7186,OO 4780
7198,F9 1110
7200,DL 572
7203,DL 2780
7204,OO 3915
7210,9E 3446
7214,DL 2277
7216,9E 5348
7219,WN 1317
7224,OO 3636
7233,DL 1832
7234,OO 3654
7235,9E 3300
7247,C5 4954
7252,YX 5997
7253,OO 4026
7258,UA 341
7262,AA 54
7277,DL 1916
7285,9E 5472
7289,B6 839
7294,EV 4294
7295,G4 1393
7301,9E 3454
7304,YX 6090
7306,AA 1432
7310,AA 2152
7311,UA 407
7314,B6 128
7322,YX 6127
7323,YX 3756
7326,9E 5281
7327,UA 1878
7335,YX 4569
7338,AA 619
7345,9E 5302
7352,YX 3619
7356,DL 643
7361,WN 1701
7378,YX 5884
7382,B6 1318
7384,UA 2066
7386,OO 3749
7388,DL 1553
7390,UA 1825
7391,WN 860
7397,DL 2086
7401,MQ 3659
7403,9E 3420
7405,OO 3686
7408,C5 4997
7413,G7 6176
7414,YX 6031
7418,AA 1904
7419,WN 2133
7420,B6 417
7424,YX 6042
7433,WN 1155
7437,WN 3391
7448,OO 4088
7449,DL 2645
7452,YX 6076
7453,B6 425
7459,B6 403
7460,YX 4677
7461,DL 1381
7464,UA 751
7465,9E 5261
7470,DL 1948
7472,WN 1762
7479,9E 4881
7483,AA 2086
7487,9E 5454
7496,AA 2126
7497,YX 6098
7500,YX 5931
7501,AA 2242
7506,OO 3590
7512,DL 2966
7529,YX 5989
7532,DL 2370
7536,YX 4597
7560,9E 5040
7564,UA 574
7569,YX 4707
7572,OO 4145
7574,9E 5222
7580,DL 324
7582,MQ 3317
7583,EV 4039
7584,WN 752
7594,DL 343
7597,B6 706
7600,YX 6137
7601,WN 2607
7602,MQ 3344
7605,DL 492
7609,UA 1622
7610,DL 1651
7611,WN 4895
7618,9E 5485
7622,WN 4679
7625,DL 2675
7627,AA 1255
7629,UA 1626
7633,B6 761
7635,B6 1119
7652,WN 1774
7658,YX 3418
7666,B6 1516
7668,B6 1591
7669,9E 5068
7675,9E 5277
7697,AS 1178
7698,MQ 3874
7705,WN 1713
7710,B6 623
7718,MQ 4034
7723,DL 1172
7729,DL 1656
7730,9E 5273
7731,YX 6064
7736,B6 731
7741,9E 5240
7759,WN 682
7762,WN 3722
7765,UA 2324
7771,WN 6789
7772,DL 1236
7782,MQ 4208
7783,AA 2147
7789,9E 5347
7791,UA 1748
7795,MQ 4001
7796,B6 2317
7798,DL 2346
7800,UA 1458
7801,B6 2705
7802,YX 3697
7806,9E 5325
7807,UA 2292
7811,C5 5018
7817,OO 3141
7834,DL 1859
7841,OO 4739
7842,AA 2837
7846,DL 2178
7849,WN 2171
7851,MQ 3609
7856,DL 818
7866,9E 5286
7869,OO 4112
7872,UA 1994
7873,OO 3894
7874,DL 2145
7875,DL 2334
7887,MQ 4133
7889,YX 4561
7898,C5 5001
7900,NK 422
7909,9E 4776
7910,WN 3087
7916,YX 3734
7918,AA 1211
7919,9E 5406
7924,9E 5388
7930,YX 3663
7933,DL 1808
7938,YX 3631
7953,OO 3606
7955,YX 5870
7962,UA 970
7963,YX 6093
7970,OO 3975
7971,EV 4395
7978,OO 4441
7985,EV 4079
7988,YX 3474
7996,AA 527
7999,YX 5938
8005,9E 3479
8007,YX 6010
8008,AA 2794
8021,AA 217
8025,G7 6206
8027,EV 3986
8035,DL 1620
8037,G7 6198
8039,YX 3716
8044,UA 568
8052,EV 4001
8053,9E 3425
8057,YX 5876
8058,YX 3706
8059,OO 3556
8066,DL 877
8068,9E 5278
8071,MQ 3617
8081,OO 3627
8082,DL 2294
8096,9E 5465
8102,G7 6307
8106,WN 3266
8108,UA 1642
8113,OO 4126
8118,DL 1498
8127,AA 42
8128,C5 4930
8134,UA 1812
8136,DL 455
8152,DL 1531
8162,UA 1539
8177,OO 3587
8196,AA 969
8199,YX 3439
8202,DL 623
8203,B6 2248
8205,YX 4315
8207,WN 3850
8210,DL 1286
8217,C5 4935
8219,9E 5225
8221,WN 4114
8226,UA 2073
8228,YX 5967
8236,DL 1044
8239,AA 2164
8249,9E 3316
8252,9E 5026
8254,NK 1347
8257,B6 2954
8265,DL 1867
8267,B6 2501
8269,AA 117
8271,WN 1644
8277,YX 3501
8281,9E 3321
8290,WN 669
8293,B6 1679
8297,9E 3471
8299,B6 2924
8305,YX 5923
8307,DL 1931
8320,EV 4453
8323,AS 71
8328,YX 3549
8333,9E 4753
8349,DL 1818
8352,UA 1797
8355,DL 927
8358,DL 1053
8364,9E 4789
8366,YX 3693
8367,EV 4131
8373,UA 2203
8376,B6 1083
8377,9E 5400
8385,UA 1440
8386,YX 3754
8389,UA 1072
8392,WN 807
8396,YX 3604
8398,B6 690
8404,AA 2291
8405,UA 1195
8418,OO 5433
8427,UA 336
8435,UA 1743
8436,9E 3383
8437,9E 5471
8442,AA 1987
8444,B6 1042
8446,UA 1001
8451,DL 1064
8467,WN 2108
8469,AA 2269
8470,DL 454
8471,YV 6313
8476,C5 4870
8483,WN 383
8492,DL 862
8499,EV 4036
8502,9E 5427
8506,OO 3502
8507,WN 901
8508,9E 5315
8512,WN 3353
8521,9E 5223
8525,C5 4988
8528,WN 1954
8529,WN 491
8550,EV 4120
8561,DL 1710
8564,DL 2063
8567,9E 3452
8568,UA 1474
8570,WN 3685
8578,DL 2042
8580,AA 1301
8594,WN 2612
8596,DL 871
8606,9E 5411
8616,DL 1615
8621,DL 215
8625,OO 4077
8643,YX 3731
8644,AA 258
8650,AA 1105
8653,AS 791
8678,UA 1808
8679,AA 307
8688,AA 2339
8690,9E 5505
8693,YX 5962
8694,OO 4824
8695,9E 5408
8698,DL 299
8701,YX 3667
8714,UA 1442
8716,DL 1882
8717,G7 6187
8720,9E 5157
8721,9E 5304
8726,YX 5982
8734,DL 1901
8747,DL 1284
8750,YX 4618
8753,OO 3843
8754,DL 2144
8766,DL 1684
8773,UA 1081
8777,B6 1592
8784,OO 3719
8786,NK 475
8790,DL 2325
8796,YX 6032
8799,UA 384
8810,WN 2515
8826,UA 2105
8835,WN 1137
8837,9E 5056
8839,MQ 3905
8842,UA 2368
8844,AA 232
8852,DL 1525
8856,B6 1002
8863,YX 3573
8872,UA 320
8876,9E 4920
8883,WN 667
8889,EV 4238
8890,9E 3391
8907,OO 3958
8908,WN 769
8913,WN 3694
8914,EV 4470
8923,UA 1003
8924,C5 4956
8932,OH 5364
8933,WN 5399
8937,B6 1999
8942,UA 1109
8953,AA 2124
8955,DL 725
8957,EV 4059
8959,AA 115
8962,YX 3581
8966,DL 1885
8968,DL 1824
8969,DL 1406
8980,AS 72
8987,B6 990
8991,AA 373
8992,AA 133
8996,WN 163
9000,UA 647
9007,9E 5112
9018,DL 1232
9042,9E 4769
9046,UA 2332
9047,UA 414
9052,WN 2165
9055,DL 1197
9061,UA 347
9064,WN 3992
9067,9E 5370
9070,9E 3379
9076,F9 2879
9082,WN 1088
9087,UA 1130
9088,9E 3397
9093,YX 5924
9103,YX 3741
9104,UA 1286
9113,YX 4446
9118,MQ 3871
9119,DL 766
9125,WN 2720
9127,DL 520
9135,WN 4983
9137,YX 4519
9140,UA 1848
9141,UA 1676
9142,9E 3299
9147,WN 4203
9150,YX 6052
9152,AA 708
9159,OO 3720
9163,WN 3745
9169,UA 1137
9181,AS 205
9190,C5 4940
9191,WN 1295
9195,UA 1084
9209,DL 1077
9212,EV 4203
9218,YX 4493
9221,9E 5483
9222,AA 2122
9223,B6 831
9227,OO 3551
9229,9E 4785
9230,OO 3864
9233,YX 3740
9238,DL 2939
9250,DL 1621
9251,AA 745
9254,WN 1298
9255,WN 1913
9258,9E 5298
9259,DL 802
9267,DL 1934
9287,DL 898
9288,DL 2826
9309,G7 6242
9312,AA 2383
9327,9E 5215
9335,UA 2158
9349,UA 289
9355,9E 5105
9375,WN 2524
9383,OO 3774
9384,B6 1791
9389,WN 1268
9402,B6 2273
9403,DL 1566
9404,UA 2408
9406,WN 366
9415,DL 3019
9417,WN 784
9428,UA 1075
9432,EV 4275
9440,G7 6233
9455,DL 1595
9458,WN 1101
9462,DL 435
9472,OO 5694
9475,WN 1041
9477,WN 350
9478,YV 6132
9480,OO 3906
9482,YX 4355
9485,YV 6331
9488,C5 4108
9495,9E 5019
9498,AS 522
9503,DL 1375
9508,WN 1577
9515,9E 5103
9519,MQ 4138
9533,G7 6222
9550,DL 2647
9557,WN 1209
9560,9E 5387
9562,DL 2143
9563,YX 6026
9568,UA 1869
9574,WN 1212
9579,B6 1404
9581,DL 1715
9583,OO 3956
9587,DL 2821
9607,WN 2995
9609,WN 392
9612,AA 1899
9616,DL 1599
9622,AS 254
9625,EV 4240
9631,DL 667
9636,B6 2828
9646,YX 5994
9649,OO 3776
9662,DL 936
9687,UA 382
9688,AA 2465
9694,EV 4356
9696,EV 4145
9698,WN 1251
9705,OO 3659
9708,YX 5960
9718,DL 1043
9734,YX 3539
9747,YX 6007
9749,B6 1102
9757,YX 6069
9777,DL 2867
9778,B6 408
9787,B6 2792
9791,9E 5171
9795,YX 3596
9798,OO 3763
9803,UA 2197
9806,DL 2941
9821,DL 691
9830,WN 451
9836,DL 2492
9856,EV 4269
9860,UA 523
9864,ZW 3766
9865,UA 1628
9866,WN 3683
9880,G4 2790
9882,EV 4315
9905,G4 1212
9912,DL 1729
9920,G7 6196
9924,AA 312
9933,UA 2117
9937,9E 5355
9950,B6 97
9951,MQ 4088
9961,MQ 3919
9964,DL 2508
9965,9E 5176
9970,WN 263
9976,OO 3913
9977,OO 3840
9980,WN 2268
9982,WN 1660
9987,OO 3679
9989,MQ 3738
9992,B6 219
9994,UA 1062
9997,DL 1123
10024,DL 1550
10034,AA 2024
10038,OO 3543
10060,DL 1541
10062,OO 3857
10067,9E 5025
10070,NK 159
10071,WN 1503
10073,OO 3838
10075,WN 3616
10081,WN 2841
10093,YX 5976
10095,9E 5339
10097,YX 3550
10099,UA 1818
10105,YX 6132
10113,YX 5919
10116,9E 5502
10130,WN 1737
10131,AS 1174
10132,DL 2343
10133,G4 1202
10137,YX 3528
10149,DL 1866
10151,9E 3429
10166,OO 4210
10171,DL 1050
10172,YV 6285
10174,OO 3792
10179,DL 2812
10180,YX 4373
10203,MQ 3336
10205,OO 3574
10207,OH 5560
10212,YX 4333
10218,AA 384
10221,WN 2652
10229,9E 5394
10235,9E 3375
10241,9E 5053
10248,DL 1106
10259,UA 1710
10289,EV 4071
10290,UA 2045
10291,WN 931
10292,9E 3356
10297,AA 2145
10303,DL 1919
10305,WN 2270
10307,WN 2590
10315,AA 796
10321,DL 3055
10327,UA 658
10337,UA 1610
10342,G7 6270
10348,DL 1987
10349,MQ 3948
10352,OO 4104
10359,WN 3695
10363,DL 2679
10379,B6 1575
10387,OO 4022
10390,AA 2107
10394,B6 2175
10412,DL 1107
10415,WN 2008
10416,B6 2884
10418,B6 1302
10420,WN 1550
10423,WN 1400
10430,YX 4284
10434,WN 3109
10439,9E 5204
10441,9E 4869
10442,OO 3741
10457,G7 6276
10459,DL 1215
10462,WN 172
10478,WN 1663
10485,WN 5013
10495,WN 1747
10512,UA 2019
10520,DL 653
10521,9E 5006
10522,9E 5446
10527,YX 4328
10534,YX 5909
10540,9E 3450
10544,WN 4161
10546,UA 1959
10550,UA 1056
10564,9E 4836
10568,DL 1631
10576,EV 4399
10588,OH 5295
10596,DL 616
10599,DL 645
10625,WN 4
10626,YX 4349
10633,WN 1288
10640,9E 5227
10650,UA 239
10654,YX 4583
10665,9E 5073
10666,9E 5448
10670,DL 2322
10682,9E 5289
10694,UA 592
10700,9E 5057
10704,AA 868
10708,WN 2117
10709,B6 2903
10711,AS 94
10718,EV 4184
10720,B6 2502
10723,UA 2069
10728,YX 5910
10743,DL 1093
10749,YX 6005
10753,YX 4353
10755,YX 3507
10756,EV 4170
10763,UA 1819
10767,OO 3826
10769,C5 4923
10770,DL 1980
10777,EV 4486
10779,OO 3536
10786,DL 627
10791,EV 3999
10797,9E 5141
10799,DL 2410
10818,YX 3473
10821,DL 1170
10837,WN 1160
10842,WN 2316
10846,OO 4626
10853,B6 2553
10854,AA 1507
10860,9E 5268
10868,AA 880
10873,UA 2374
10878,EV 4468
10879,9E 5424
10885,OO 3743
10891,DL 1247
10898,YX 3568
10903,DL 777
10914,B6 318
10920,OO 4282
10937,UA 248
10945,EV 4100
10952,UA 1814
10955,DL 1646
10958,F9 2966
10961,OO 5988
10972,UA 1497
10973,DL 347
10975,YX 6118
10983,DL 2743
10986,WN 1187
11002,DL 2392
11008,EV 4293
11025,UA 1204
11027,OO 3534
11038,9E 5034
11050,9E 5296
11052,C5 4957
11054,DL 2081
11065,B6 1382
11069,9E 3389
11072,EV 4389
11073,NK 130
11078,DL 891
11082,UA 697
11098,DL 522
11107,UA 784
11109,OO 3674
11115,WN 1398
11121,9E 5404
11130,9E 5306
11132,MQ 3935
11145,EV 4305
11147,UA 1476
11148,OO 4695
11155,UA 765
11157,AS 195
11158,9E 5099
11163,OO 4228
11167,WN 4321
11168,AA 1984
11175,DL 2929
11183,EV 4147
11210,YX 6033
11211,DL 1989
11214,DL 1440
11217,UA 1172
11219,9E 4757
11220,UA 1244
11223,WN 1316
11226,DL 1302
11238,WN 2465
11246,EV 4060
11255,DL 1242
11280,DL 2032
11285,DL 1827
11293,OO 3609
11303,WN 3159
11310,C5 4937
11316,DL 2065
11327,OH 5693
11334,YX 6025
11340,AA 2215
11346,9E 3465
11350,UA 1627
11356,UA 971
11360,AA 1784
11361,B6 1505
11371,DL 1437
11396,9E 4823
11404,OO 3653
11409,UA 2034
11416,WN 2538
11419,WN 3951
11422,DL 967
11431,DL 1701
11437,WN 5340
11445,F9 2183
11446,DL 1549
11448,YX 3561
11455,EV 4348
11460,WN 1056
11471,UA 1965
11472,DL 2561
11484,UA 1480
11486,YX 4407
11487,EV 4215
11498,DL 1506
11500,YX 5912
11503,YX 3694
11504,DL 2565
11535,DL 1725
11539,OO 4048
11550,B6 904
11558,DL 2739
11561,G7 6226
11566,OO 3697
11567,OO 3645
11572,DL 969
11573,DL 735
11586,YX 4398
11592,DL 975
11605,DL 2670
11606,MQ 4095
11609,EV 4053
11616,B6 2301
11625,UA 1579
11645,DL 1559
11648,9E 5353
11651,WN 2252
11657,WN 997
11663,9E 3298
11669,B6 611
11683,UA 2075
11687,YX 3661
11692,WN 1285
11699,F9 2959
11714,9E 3451
11718,MQ 3461
11735,WN 928
11738,B6 83
11740,UA 1291
11753,OO 3886
11755,B6 1231
11767,DL 2688
11768,YX 3611
11770,UA 781
11772,DL 1798
11775,UA 2008
11779,WN 1165
11801,YX 3696
11807,YX 6021
11814,YX 5984
11818,YV 6077
11825,DL 658
11835,9E 3487
11838,YX 3647
11842,YX 3645
11844,DL 423
11847,OO 4040
11849,9E 5168
11853,UA 2005
11867,ZW 3786
11873,DL 2643
11879,DL 1202
11882,9E 5114
11883,WN 4751
11886,WN 1515
11888,F9 2962
11889,WN 2312
11909,OO 4235
11921,WN 1821
11923,DL 346
11924,UA 1449
11942,EV 4055
11954,AA 2005
11967,AA 1837
11974,DL 1446
11979,WN 705
11994,9E 4947
11997,DL 323
12001,G7 6273
12012,AA 2244
12016,9E 5236
12020,WN 3248
12023,DL 2420
12027,F9 123
12042,9E 4872
12044,AA 2218
12047,OO 3759
12052,G4 1201
12056,DL 2587
12061,WN 3288
12062,B6 2591
12071,DL 2163
12072,EV 4314
12090,YX 4619
12101,AA 2128
12115,DL 1443
12117,DL 2719
12122,DL 2828
12126,DL 1279
12131,EV 4245
12132,DL 1666
12147,DL 1153
12150,DL 2906
12153,WN 1168
12164,YV 6059
12165,WN 3890
12168,9E 3408
12171,EV 4006
12172,9E 4778
12173,DL 2287
12180,WN 2840
12182,YX 5890
12183,EV 3968
12198,9E 5083
12213,WN 1690
12214,UA 1055
12220,WN 1167
12224,AS 409
12227,DL 1786
12233,WN 2127
12235,WN 1785
12239,WN 1143
12242,9E 4761
12244,DL 528
12250,OO 3647
12256,OO 4559
12257,OH 5101
12259,UA 1572
12263,WN 2022
12267,YX 6110
12270,DL 983
12271,YX 3746
12274,WN 1384
12283,9E 5346
12288,9E 5504
12295,AS 166
12298,YX 3601
12312,OH 5488
12321,UA 1043
12329,UA 637
12345,9E 5008
12351,UA 284
12358,UA 1148
12359,EV 4420
12362,9E 4856
12371,YX 4532
12373,9E 5458
12376,OO 3621
12395,DL 1264
12405,DL 2973
12413,UA 1482
12422,NK 1521
12445,YX 3472
12448,YX 3600
12451,AA 1354
12462,EV 4194
12474,9E 4829
12484,OO 3870
12505,EV 4051
12508,WN 1994
12510,UA 1997
12516,MQ 3432
12522,DL 1175
12525,DL 1158
12541,DL 992
12565,B6 223
12575,AS 129
12577,WN 4419
12578,B6 2479
12581,WN 259
12584,YX 4712
12589,AA 1681
12592,9E 4791
12594,WN 1464
12602,DL 1529
12614,UA 1478
12619,MQ 3884
12624,YX 3632
12639,WN 2683
12642,DL 427
12648,DL 2871
12652,UA 1593
12653,G7 6277
12667,DL 1444
12684,WN 1089
12697,YX 3690
12714,DL 498
12715,WN 1375
12716,YX 6002
12718,WN 5574
12722,DL 2217
12730,UA 2391
12750,9E 5023
12754,OO 3977
12765,UA 422
12774,EV 4461
12777,YX 3482
12778,B6 81
12796,AA 922
12808,WN 1967
12825,WN 3593
12827,YX 5930
12841,DL 2447
12847,UA 1217
12849,YV 6188
12855,WN 4893
12864,YX 6111
12870,YX 3442
12879,EV 4299
12904,DL 2493
12909,9E 5546
12921,9E 4784
12925,DL 2846
12934,OO 3796
12955,UA 1484
12956,DL 2386
12958,DL 987
12974,G7 6218
12988,UA 756
12995,WN 4383
13002,OO 3524
13008,9E 5358
13012,OO 3752
13027,EV 4326
13037,OO 3646
13042,F9 2878
13043,AA 289
13058,9E 4766
13065,9E 3365
13067,YX 3480
13081,9E 5117
13083,OH 5423
13106,WN 425
13120,YV 6260
13130,AA 178
13146,OO 3966
13152,WN 5354
13164,9E 5464
13171,WN 3220
13176,AS 565
13177,UA 1608
13180,DL 2707
13190,OO 3755
13201,YX 3606
13203,9E 3412
13211,B6 902
13215,9E 5233
13216,WN 2367
13217,DL 2877
13218,UA 1769
13219,AS 135
13221,YX 3675
13227,UA 939
13235,YX 3713
13239,AS 77
13241,WN 3898
13246,9E 5091
13262,OH 5024
13266,YX 4380
13284,AA 2177
13311,UA 1660
13316,YX 3683
13317,EV 4262
13319,9E 4801
13326,UA 1816
13327,9E 5199
13337,DL 1845
13341,WN 4738
13345,AS 1011
13348,YX 3518
13352,AS 1161
13357,YX 6038
13379,AA 2819
13418,YX 4465
13430,EV 4143
13433,AA 2477
13448,AA 2286
13463,B6 1628
13470,UA 1548
13473,9E 5329
13477,EV 4441
13478,OO 3600
13483,9E 5486
13515,9E 4783
13520,WN 479
13524,DL 2112
13528,B6 2076
13529,WN 2450
13532,DL 1552
13535,ZW 3808
13536,MQ 3988
13539,OO 4089
13541,DL 1466
13545,AA 2901
13547,DL 1454
13549,YX 4130
13553,WN 2902
13555,B6 2224
13560,DL 1996
13568,WN 2748
13575,DL 854
13593,OO 3813
13619,EV 4148
13634,DL 548
13639,UA 338
13641,AA 791
13658,AS 627
13659,OO 3142
13665,AA 246
13676,AA 2395
13692,OO 4049
13694,9E 4800
13701,YX 3502
13706,9E 4795
13713,WN 861
13716,UA 1932
13721,WN 3091
13723,MQ 3440
13727,9E 5359
13735,YX 3492
13736,9E 5198
13769,9E 5088
13771,G7 6239
13773,WN 597
13774,YX 6039
13788,C5 4304
13791,UA 1678
13811,YX 3467
13823,DL 1003
13843,WN 2800
13850,C5 4929
13860,WN 24
13868,MQ 4213
13872,9E 3295
13885,WN 174
13898,9E 3320
13905,YX 3491
13923,YX 4434
13931,DL 1218
13933,DL 815
13942,YX 3522
13952,WN 4183
13957,DL 1655
13967,DL 2815
13971,MQ 4261
13972,YX 4699
13973,MQ 3426
13977,DL 1999
13985,UA 1254
13986,DL 1530
13990,9E 5282
13991,DL 313
13995,9E 5146
14012,DL 301
14013,WN 488
14030,9E 5098
14035,WN 4504
14037,WN 2836
14038,NK 2302
14064,YX 5900
14076,UA 1270
14080,UA 1206
14083,WN 6550
14085,OO 4444
14096,WN 1944
14102,MQ 3859
14106,WN 1172
14113,9E 4819
14119,WN 2848
14125,WN 4560
14137,DL 1424
14140,DL 1181
14145,YX 4455
14146,YX 3651
14152,EV 4121
14158,DL 1591
14163,UA 750
14170,DL 2884
14195,OO 3933
14202,G7 6186
14204,G7 6255
14215,DL 542
14223,DL 1167
14227,B6 453
14235,YX 3636
14237,AA 377
14241,WN 2091
14247,DL 1074
14263,OO 3706
14266,9E 5386
14289,9E 5365
14290,OO 3070
14295,WN 2339
14304,DL 1929
14308,EV 4369
14326,WN 1606
14331,DL 3005
14368,OO 3671
14377,OO 4149
14386,WN 6599
14429,9E 5374
14447,9E 5280
14484,AA 1377
14488,YX 4413
14495,NK 2307
14501,EV 4026
14515,9E 5501
14517,WN 4671
14533,WN 3791
14537,G4 2500
14542,9E 5020
14543,OO 4003
14557,DL 2933
14562,AS 1426
14563,MQ 4178
14566,OO 3602
14578,YX 4273
14581,DL 1439
14582,DL 2731
14595,NK 1807
14596,OO 3689
14607,9E 5421
14613,G7 6250
14623,DL 750
14626,WN 332
14627,AA 2125
14630,DL 2626
14637,UA 2395
14642,YX 6102
14666,YX 5868
14701,WN 665
14704,YX 3471
14707,WN 4549
14712,DL 2943
14725,9E 3319
14744,WN 2382
14745,9E 4868
14746,WN 274
14751,UA 1271
14752,AS 624
14778,WN 2357
14783,DL 1319
14813,WN 2212
14846,WN 3796
14847,9E 3308
14852,WN 3516
14860,DL 2440
14866,DL 2948
14889,DL 1969
14898,DL 1946
14899,UA 701
14900,B6 1804
14909,EV 4138
14928,WN 5421
14934,WN 1021
14938,9E 5438
14952,WN 5944
14954,DL 683
14963,OO 5636
15001,UA 1452
15010,WN 1982
15026,DL 1007
15032,UA 441
15034,UA 526
15049,YX 6036
15058,YX 4533
15062,9E 4804
15066,WN 2154
15083,YX 3562
15091,9E 5516
15094,UA 2254
15098,WN 2203
15132,YX 5920
15133,OO 4162
15142,9E 5071
15175,UA 2088
15181,WN 4532
15229,UA 685
15230,OO 3521
15231,DL 2356
15273,DL 2083
15274,UA 2097
15282,YX 3590
15287,G7 6238
15296,YX 3686
15303,9E 5132
15304,9E 5320
15341,DL 1956
15349,9E 5123
15371,WN 749
15376,YX 6079
15382,WN 1741
15383,9E 5032
15395,OO 3581
15408,YX 5905
15409,DL 1755
15420,YX 3711
15421,WN 5285
15425,WN 354
15427,9E 3297
15449,YX 5975
15451,OO 4124
15452,G4 2504
15459,WN 39
15463,9E 4841
15489,DL 451
15490,OO 3740
15493,9E 3416
15497,MQ 3791
15518,UA 745
15522,DL 1273
15526,DL 1917
15558,DL 1045
15559,DL 1449
15563,OO 3601
15579,OO 3957
15583,G4 2952
15587,WN 603
15600,9E 5221
15621,OO 4054
15629,DL 1688
15637,DL 756
15644,YX 3628
15657,UA 1639
15667,EV 4166
15673,WN 1411
15691,DL 2306
15692,EV 4058
15719,YX 4406
15746,DL 1719
15748,WN 173
15774,DL 2951
15777,AA 2900
15783,9E 5245
15797,DL 1853
15799,AA 2175
15805,WN 1278
15821,9E 5439
15853,EV 4104
15857,AA 40
15873,WN 1696
15874,AA 1043
15884,UA 656
15887,9E 4772
15889,9E 5193
15924,WN 777
15936,UA 1697
15939,WN 1990
15952,DL 333
15971,NK 524
15982,YX 5970
15990,WN 2084
16002,UA 1801
16010,UA 1423
16047,WN 1641
16054,DL 940
16061,DL 2690
16065,9E 5371
16099,OO 3777
16145,G7 6205
16155,OO 3517
16184,B6 1517
16187,B6 1525
16191,9E 4855
16194,WN 1653
16201,AA 223
16206,UA 2199
16216,B6 2183
16222,YX 4325
16231,WN 1399
16234,DL 2285
16237,DL 2953
16243,AA 1234
16246,UA 1412
16247,NK 525
16259,DL 724
16266,OO 4101
16281,9E 5512
16285,WN 2319
16297,DL 1601
16302,DL 1314
16303,YX 3599
16307,OO 3804
16342,B6 1339
16349,AS 454
16385,OO 3962
16388,9E 5139
16409,9E 5024
16412,DL 1746
16420,OO 3516
16425,WN 2999
16432,WN 265
16468,DL 2960
16496,YV 6101
16522,C5 4880
16524,DL 2913
16534,AA 1245
16540,OO 3660
16552,UA 1979
16559,WN 1828
16578,UA 1431
16593,DL 2384
16598,NK 805
16616,AS 440
16623,WN 247
16632,AA 2829
16633,DL 2692
16639,MQ 3518
16657,WN 453
16676,DL 2233
16685,WN 1759
16699,YX 6022
16700,YX 6020
16706,WN 3609
16717,WN 1037
16738,YX 4279
16750,DL 2427
16754,DL 1429
16773,G7 6204
16790,DL 3015
16800,MQ 3482
16808,WN 5015
16817,YX 6133
16853,YX 5980
16862,DL 396
16883,F9 122
16891,YX 6048
16902,DL 2676
16908,EV 4343
16916,UA 1428
16918,DL 2477
16932,WN 3068
16933,B6 2554
16945,NK 1251
16967,DL 1257
16971,DL 2170
16988,9E 3344
16998,B6 1674
17011,DL 2756
17015,DL 1977
17017,UA 498
17028,WN 1284
17033,B6 2905
17077,WN 4062
17081,9E 3354
17094,OO 3771
17119,AS 545
17128,WN 662
17130,OO 4221
17132,B6 1439
17136,9E 5368
17139,DL 1782
17153,WN 1264
17154,EV 4270
17162,EV 4078
17173,AA 1894
17179,DL 867
17200,OO 5388
17206,AS 20
17222,YV 6222
17233,WN 3895
17235,UA 2427
17242,B6 1297
17267,OO 3917
17269,YX 3579
17301,EV 4007
17306,F9 504
17322,YX 5878
17343,EV 4212
17344,NK 473
17352,DL 1633
17353,EV 4052
17363,DL 2313
17374,DL 1705
17378,AA 2123
17399,MQ 3489
17401,OO 3828
17406,DL 1332
17420,DL 311
17430,AA 1747
17433,YX 3708
17440,DL 1690
17450,OO 3734
17455,YX 5942
17470,WN 1757
17486,EV 4038
17525,DL 2755
17533,WN 711
17542,DL 1716
17558,OO 3970
17561,DL 2612
17574,UA 1643
17584,DL 2066
17606,G7 6258
17607,OO 3554
17615,9E 5510
17633,WN 3724
17642,WN 3134
17660,B6 79
17668,AA 229
17674,YX 3617
17675,ZW 3844
17680,UA 1235
17687,YX 3566
17691,DL 1345
17695,WN 5071
17732,AA 2531
17740,UA 226
17765,AA 959
17769,AA 2786
17781,DL 1627
17794,UA 1726
17806,OO 3778
17834,WN 2242
17875,WN 1301
17887,DL 1456
17888,G4 1232
17895,WN 1730
17915,DL 2661
17932,UA 405
17938,DL 300
17946,G4 402
17968,DL 2435
17974,WN 2569
17980,9E 3411
17987,WN 1492
17996,MQ 3780
18005,UA 1086
18007,WN 1300
18023,EV 4377
18025,9E 5247
18067,UA 1163
18072,AS 449
18090,WN 2924
18093,9E 5322
18112,UA 537
18113,9E 5075
18118,YX 6115
18123,WN 381
18144,YX 5963
18145,UA 1715
18152,WN 158
18158,DL 1259
18159,OO 4075
18166,WN 3030
18183,WN 5560
18197,WN 3602
18203,DL 2282
18213,DL 2622
18217,WN 5078
18227,OO 4071
18264,DL 2864
18270,9E 4003
18301,AA 350
18305,YX 3635
18307,9E 5211
18316,YV 6241
18338,AA 1031
18344,9E 3492
18357,WN 1442
18365,UA 1524
18401,DL 2069
18404,UA 1134
18406,WN 5338
18429,WN 2406
18434,WN 2023
18442,AA 277
18453,DL 505
18467,DL 731
18471,DL 2616
18487,B6 499
18500,AA 2893
18502,OO 3576
18517,NK 2308
18518,YX 4522
18525,DL 1479
18539,G7 6303
18548,OO 4098
18556,AA 2930
18568,DL 590
18583,G4 2530
18590,DL 772
18592,WN 1195
18597,AA 1528
18615,WN 5446
18617,9E 3312
18632,WN 866
18635,DL 456
18710,WN 258
18718,MQ 3469
18726,DL 2940
18733,WN 5624
18735,DL 2333
18740,WN 2756
18741,9E 4764
18750,WN 5479
18753,MQ 3378
18759,MQ 3949
18764,DL 2796
18774,DL 864
18807,YX 3534
18859,G7 6251
18860,9E 4864
18892,YX 3623
18894,YX 6088
18913,F9 2182
18917,YX 4270
18931,DL 1249
18938,9E 4907
18940,9E 5413
18942,DL 2715
18957,OO 3620
18977,9E 5270
18983,UA 2278
19002,WN 2324
19016,WN 4096
19034,UA 1850
19042,OO 3819
19070,UA 2137
19087,WN 1158
19097,WN 371
19104,WN 3812
19110,OO 3766
19128,G4 1218
19140,UA 215
19141,WN 2772
19146,OO 3994
19147,9E 5148
19157,9E 5540
19166,B6 500
19176,UA 1156
19177,9E 5423
19178,UA 307
19179,B6 106
19198,B6 2675
19208,WN 1104
19212,UA 1263
19268,WN 2376
19301,YX 4702
19315,AA 841
19318,B6 183
19325,DL 2504
19363,WN 1163
19364,DL 1068
19367,G4 2791
19384,B6 2628
19385,YX 3572
19393,B6 2517
19398,DL 1367
19399,WN 2767
19418,OO 3751
19420,EV 3982
19431,WN 5205
19433,9E 3467
19446,OO 3765
19463,DL 2904
19471,DL 1267
19499,WN 559
19542,OO 3868
19576,9E 5190
19595,WN 1139
19612,AA 914
19621,DL 1611
19653,WN 2623
19670,WN 3757
19673,DL 883
19685,DL 793
19688,G4 1321
19707,DL 2766
19734,WN 710
19740,OO 5681
19742,YX 3689
19753,DL 2697
19765,YX 3737
19766,UA 1124
19768,EV 4261
19796,OO 3974
19799,UA 367
19814,DL 1340
19834,WN 3282
19837,OO 4933
19844,WN 1310
19863,WN 363
19868,DL 2521
19885,WN 3205
19919,YX 3723
19935,YX 3738
19938,WN 1543
19940,YX 6143
19945,WN 1562
19963,WN 897
19969,WN 1987
19989,DL 2630
19998,B6 617
20016,YX 4403
20026,9E 5081
20036,DL 1614
20050,9E 5069
20054,DL 2919
20055,OO 3699
20056,DL 1420
20063,WN 244
20070,DL 1451
20083,DL 1009
20098,YX 3591
20105,DL 865
20145,WN 1245
20155,OH 5040
20157,B6 2534
20218,9E 4765
20221,OO 3909
20224,9E 5327
20240,9E 3372
20243,YX 6096
20259,WN 929
20263,WN 2035
20267,WN 434
20274,9E 5326
20283,WN 1331
20306,EV 4323
20316,YX 4633
20341,9E 5155
20347,UA 722
20355,UA 1054
20358,OO 3753
20369,AA 2598
20385,UA 1141
20387,YX 3649
20399,DL 1282
20408,WN 4535
20434,WN 40
20436,UA 404
20452,DL 1659
20472,WN 3804
20473,DL 2964
20511,EV 4046
20521,WN 2201
20532,DL 1628
20535,G7 6292
20558,9E 5425
20580,F9 2967
20611,OO 4439
20613,WN 6569
20630,WN 754
20652,OH 5250
20676,DL 2986
20724,DL 1377
20729,B6 879
20742,B6 717
20745,YX 6075
20753,DL 1964
20760,OO 5687
20765,C5 4869
20772,DL 511
20781,9E 5283
20800,9E 5313
20823,WN 3020
20835,UA 1859
20840,UA 558
20865,MQ 4084
20868,OO 3712
20870,OO 3912
20878,DL 879
20898,DL 1207
20901,G4 462
20904,OO 5638
20912,OO 3707
20919,DL 2240
20922,B6 1726
20948,AS 58
20959,DL 1833
20976,AA 18
20984,9E 5243
20998,NK 1400
21025,WN 2100
21038,MQ 3301
21046,YX 6043
21047,YX 6077
21078,DL 738
21083,WN 642
21086,WN 235
21091,EV 4325
21100,WN 5250
21118,C5 4904
21126,9E 4770
21128,DL 2119
21129,9E 5337
21137,UA 2022
21153,DL 796
21172,9E 5220
21178,WN 551
21181,C5 4927
21195,YX 6122
21216,DL 2958
21238,9E 5487
21240,MQ 4185
21249,EV 4065
21250,DL 897
21266,AA 696
21274,MQ 4131
21286,EV 4230
21328,WN 2471
21384,G4 1220
21388,9E 4788
21394,MQ 4029
21395,OO 4082
21403,DL 1209
21418,UA 375
21448,EV 4088
21486,OO 3861
21490,OO 3545
21498,B6 2092
21510,YX 5947
21578,OO 4013
21584,WN 1763
21588,WN 2038
21595,NK 1130
21622,UA 2145
21624,DL 307
21628,9E 3469
21634,AA 1025
21639,YX 4581
21650,OO 3750
21657,DL 1695
21672,F9 1258
21673,UA 673
21691,WN 1265
21707,OO 4279
21713,UA 2342
21723,9E 5262
21763,OO 3863
21820,AA 1120
21851,OO 3613
21882,AA 313
21935,9E 5399
21939,UA 1289
21952,9E 4900
21965,9E 5180
21980,OO 3500
22023,YX 6104
22043,DL 2528
22074,AA 2187
22081,YX 3629
22089,WN 206
22104,EV 4043
22105,9E 3292
22109,DL 1673
22134,C5 4977
22171,9E 4802
22181,YX 3557
22186,AA 194
22239,WN 3875
22240,DL 758
22262,WN 4672
22264,WN 636
22265,DL 555
22269,WN 1191
22280,OO 3593
22288,AA 2898
22294,AA 65
22311,DL 517
22312,OO 3963
22316,OO 3591
22329,DL 1998
22364,AA 52
22380,WN 1050
22384,EV 3996
22396,9E 5449
22407,DL 1707
22410,WN 2030
22425,DL 2672
22429,9E 4815
22449,WN 668
22473,DL 1041
22477,AA 1315
22499,WN 767
22523,AA 2250
22537,DL 704
22543,WN 870
22559,OO 3510
22572,DL 2985
22591,UA 1967
22675,G4 1319
22676,DL 2286
22687,F9 2960
22706,WN 3733
22740,UA 1050
22743,AA 2756
22747,AA 157
22756,9E 4811
22757,9E 5189
22773,DL 1354
22776,B6 2124
22784,9E 5104
22831,UA 1407
22838,WN 573
22848,DL 2691
22849,B6 1084
22854,DL 1408
22885,WN 2603
22900,9E 5033
22909,DL 2109
22946,WN 762
22951,UA 2345
22952,YX 3567
22955,DL 2500
22957,OO 3708
22959,G4 1351
22974,WN 5117
22975,DL 2703
22991,YX 4285
23004,WN 358
23033,G7 6197
23057,DL 2652
23075,9E 5366
23089,WN 4710
23092,DL 631
23101,WN 1875
23103,AA 1300
23115,AA 2410
23123,B6 2890
23133,MQ 3850
23135,B6 2529
23151,WN 1318
23163,WN 2360
23176,AA 2394
23192,AA 1439
23204,EV 4417
23321,UA 440
23329,9E 4782
23411,G7 6193
23453,WN 5125
23468,WN 2323
23495,EV 4435
23504,NK 750
23505,DL 1419
23508,DL 1499
23541,WN 4813
23551,DL 2470
23561,UA 2035
23567,EV 4188
23597,UA 1821
23617,B6 1918
23629,OO 3770
23633,AA 1240
23635,DL 2968
23641,UA 2036
23643,DL 318
23682,EV 4367
23686,WN 2556
23687,DL 2375
23694,WN 1699
23697,WN 5489
23701,UA 780
23711,WN 4024
23723,9E 4890
23725,OO 3916
23782,UA 1102
23797,DL 1590
23819,DL 2869
23820,YX 3672
23821,YX 6072
23831,DL 1315
23844,OO 3710
23848,WN 433
23878,OO 3789
23887,OO 3716
23891,9E 5250
23896,AA 429
23909,DL 1422
23938,WN 704
23947,G7 6263
23960,OO 3955
23997,UA 364
24013,WN 4455
24018,YX 3739
24032,DL 2088
24037,DL 554
24039,WN 3311
24041,AS 1665
24044,OO 3823
24053,DL 1660
24067,WN 5192
24080,DL 1067
24100,DL 3036
24104,WN 362
24119,DL 2070
24123,NK 1146
24125,DL 3088
24132,WN 512
24135,WN 895
24138,WN 1414
24143,WN 6010
24146,B6 2938
24151,OH 5016
24153,DL 755
24191,YX 3681
24228,AS 1409
24259,UA 1513
24275,9E 5064
24294,WN 1387
24320,UA 2294
24337,OO 3586
24342,F9 2035
24353,DL 2908
24382,OO 3967
24403,OO 3934
24405,WN 5433
24416,WN 1335
24418,WN 4387
24462,EV 4478
24497,DL 1480
24499,B6 1618
24533,EV 3966
24540,EV 4388
24581,DL 600
24583,AA 1143
24614,WN 915
24617,YX 3556
24618,WN 3956
24640,UA 391
24691,DL 1221
24702,WN 251
24728,G4 1302
24729,DL 1306
24740,MQ 3536
24763,YX 4620
24780,9E 5410
24786,UA 2065
24802,WN 246
24824,DL 1522
24825,DL 2303
24843,WN 2024
24852,YX 3546
24891,UA 1429
24894,WN 1333
24919,DL 1540
24931,DL 717
24932,YX 4644
24963,DL 1572
24983,AA 631
25013,OO 3526
25014,WN 2558
25023,UA 1791
25026,WN 3492
25034,C5 4958
25039,G7 6191
25069,AA 452
25076,DL 848
25088,DL 2664
25107,DL 1817
25110,WN 2325
25117,DL 890
25149,OO 4159
25183,AA 398
25187,WN 4179
25244,DL 1277
25272,DL 1731
25278,OO 5634
25284,9E 5453
25307,EV 4004
25309,9E 3337
25322,WN 1835
25331,WN 824
25350,WN 4386
25377,WN 1564
25384,OO 3582
25399,B6 2326
25421,B6 2192
25490,WN 4219
25519,DL 1333
25537,WN 5217
25570,AS 340
25571,EV 4318
25574,WN 2025
25581,WN 1738
25610,WN 1211
25630,WN 4143
25645,UA 493
25666,DL 2575
25675,DL 639
25685,DL 380
25687,OO 3782
25697,AS 1251
25732,WN 4794
25734,B6 380
25773,EV 3989
25776,OO 3880
25780,WN 3255
25814,9E 5111
25839,OH 5487
25879,OO 4847
25881,YX 6131
25900,YX 3728
25935,9E 4919
25949,WN 365
25951,EV 4347
25981,UA 1845
25984,OO 3584
26009,9E 4806
26017,B6 2817
26021,DL 1328
26022,WN 4992
26026,YX 6108
26036,DL 488
26042,OO 3910
26078,WN 1748
26085,WN 656
26140,WN 879
26142,UA 997
26148,WN 1377
26152,UA 1191
26156,DL 2757
26185,YX 6119
26190,WN 3994
26196,YX 6106
26200,DL 984
26206,WN 5410
26223,WN 3004
26243,WN 2526
26255,DL 2922
26263,DL 2198
26279,EV 4303
26281,9E 5059
26285,UA 1510
26288,9E 5138
26324,9E 5187
26327,WN 2502
26336,UA 2306
26337,9E 4774
26351,9E 5158
26361,WN 2153
26368,WN 2021
26377,DL 2436
26382,UA 2372
26384,YX 3476
26392,DL 320
26407,DL 1120
26438,G4 2953
26464,UA 2403
26471,OO 3841
26475,DL 1204
26492,C5 4907
26499,UA 561
26501,DL 1825
26505,UA 1026
26506,B6 2791
26564,MQ 3594
26585,YX 4354
26606,WN 4036
26607,UA 369
26611,C5 4348
26646,WN 5985
26650,WN 2244
26662,YX 3435
26666,9E 5021
26675,B6 402
26687,WN 3296
26694,9E 5162
26724,EV 3994
26732,EV 4249
26733,WN 2740
26760,B6 805
26793,WN 2936
26807,DL 1147
26820,WN 2020
26832,AA 2247
26839,DL 2662
26844,DL 2857
26868,AA 1621
26924,OO 5431
26931,9E 5085
26987,WN 2078
26994,DL 1581
27003,UA 2382
27009,WN 2403
27024,AS 536
27025,WN 2387
27079,EV 4252
27080,AA 774
27081,EV 4028
27082,DL 950
27126,YX 3583
27136,WN 1558
27168,DL 2718
27189,UA 1466
27201,ZW 3902
27210,9E 5174
27215,WN 1992
27226,9E 5237
27228,UA 1139
27267,EV 4123
27340,DL 1893
27374,DL 2689
27394,9E 5480
27414,OO 4234
27417,9E 5203
27473,WN 1308
27481,AA 1631
27495,WN 1154
27551,DL 1210
27554,OO 3738
27582,OO 4857
27585,AA 208
27615,WN 2120
27633,WN 3132
27673,UA 425
27688,9E 4894
27705,B6 2123
27716,OO 5615
27734,DL 2192
27735,B6 1601
27737,DL 1856
27750,EV 4075
27756,EV 4021
27768,WN 3817
27771,MQ 4142
27818,DL 1280
27821,DL 1840
27832,YX 3620
27924,OO 3677
27984,WN 133
27991,YX 3733
28013,MQ 3365
28068,9E 5143
28089,B6 704
28123,DL 400
28133,AA 1431
28134,WN 402
28146,WN 5630
28185,WN 1136
28202,WN 6437
28249,WN 4577
28267,YX 3544
28275,DL 1069
28360,WN 761
28373,DL 2323
28418,UA 1228
28453,MQ 3786
28466,9E 4847
28474,WN 2453
28542,DL 2727
28569,EV 4070
28574,UA 1989
28593,MQ 3575
28602,EV 4167
28612,9E 5242
28618,9E 5523
28621,EV 4340
28642,9E 5506
28655,WN 819
28659,OO 3808
28686,WN 5403
28722,DL 1290
28735,WN 3732
28749,UA 1153
28750,MQ 3863
28755,YX 4553
28795,WN 3590
28813,AA 1027
28829,DL 570
28831,WN 1326
28839,AA 2479
28845,DL 1997
28856,F9 2961
28866,OO 3519
28904,YX 4365
28910,OO 4120
28927,DL 1046
28948,DL 2009
28958,DL 397
28983,9E 5430
29038,DL 2101
29049,OO 5958
29139,WN 2113
29167,9E 4921
29168,C5 4873
29192,EV 4018
29197,DL 1105
29203,OO 3572
29222,DL 1192
29245,9E 3488
29299,WN 1263
29323,WN 2751
29345,OO 4078
29361,YX 3674
29374,WN 3577
29409,EV 4022
29431,AS 1005
29432,9E 4880
29433,WN 1965
29444,UA 2277
29468,OO 4051
29483,YX 4395
29494,9E 4860
29519,YX 4369
29520,WN 724
29524,WN 1307
29534,DL 2115
29540,UA 1453
29572,OO 3173
29593,9E 4895
29644,DL 670
29650,DL 2509
29660,WN 5036
29662,9E 4905
29665,WN 5064
29711,DL 697
29719,WN 865
29757,UA 1419
29813,AA 2050
29825,WN 3934
29864,YV 6251
29876,9E 5110
29902,WN 3106
29927,OO 3850
29949,G4 1906
29951,WN 478
29996,EV 4412
30017,DL 995
30052,WN 4449
30060,EV 4049
30096,MQ 3918
30104,MQ 4237
30106,9E 5144
30127,UA 2238
30152,WN 1219
30159,YX 4331
30179,YV 6267
30185,YX 3514
30193,DL 1448
30231,PT 4775
30234,WN 3314
30241,WN 5726
30255,WN 5451
30256,WN 3241
30270,AA 2932
30274,WN 3221
30288,OO 5250
30300,YV 6065
30321,WN 5508
30326,DL 963
30334,WN 3561
30336,9E 5046
30375,WN 783
30418,WN 3071
30430,WN 508
30472,DL 1608
30493,9E 3499
30508,YX 6117
30522,9E 5230
30536,WN 1275
30537,AA 2253
30548,G7 6188
30554,AA 885
30558,AS 1413
30574,EV 4289
30582,DL 1576
30587,DL 1225
30643,WN 796
30646,9E 3445
30657,AA 1326
30661,9E 5336
30687,F9 1261
30689,WN 2581
30702,WN 1640
30705,OO 3985
30749,WN 948
30785,WN 2564
30819,WN 3538
30820,WN 4733
30880,EV 4265
30884,UA 1499
30944,DL 1307
30969,OO 3996
30972,WN 6707
31002,9E 5178
31009,EV 4156
31013,WN 4876
31061,DL 1928
31062,YX 5936
31100,WN 4541
31111,WN 650
31151,WN 4858
31179,WN 3800
31222,9E 5308
31344,WN 3836
31351,OO 3940
31356,UA 834
31382,WN 1174
31384,9E 5160
31416,UA 1157
31417,UA 1629
31450,DL 1334
31465,EV 4140
31480,WN 2932
31483,G7 6227
31501,DL 3014
31502,DL 1410
31509,B6 2704
31530,WN 353
31563,UA 1450
31567,WN 1330
31673,AA 2166
31675,AA 1021
31698,9E 4835
31704,9E 3286
31709,DL 677
31710,EV 4335
31731,DL 1154
31746,AA 1045
31814,DL 1024
31819,DL 2752
31860,DL 519
31915,EV 4207
31925,G4 403
31937,YX 3607
31947,EV 4378
31959,9E 5161
32001,MQ 4072
32013,WN 1145
32037,WN 1250
32041,DL 1404
32065,DL 751
32069,DL 1863
32100,9E 5440
32115,DL 2633
32123,UA 849
32140,OO 3781
32142,WN 803
32144,9E 5426
32159,DL 2717
32162,AA 1015
32171,DL 861
32179,UA 1022
32195,DL 2168
32223,UA 1021
32246,WN 2506
32260,YX 6128
32284,DL 1774
32286,MQ 4239
32327,DL 1587
32333,OO 5587
32366,WN 2410
32367,UA 1754
32388,9E 5228
32403,OO 4164
32417,YX 6135
32428,DL 2158
32454,OO 3665
32483,9E 5340
32511,WN 6630
32513,MQ 3736
32537,YX 5968
32577,DL 2712
32578,YX 6113
32585,WN 5248
32612,WN 3117
32618,9E 5514
32643,DL 1963
32666,YX 4352
32685,9E 5206
32690,WN 3634
32701,DL 2744
32749,WN 3865
32767,WN 2808
32807,DL 2763
32841,YX 6105
32854,WN 471
32874,AA 2486
32935,DL 2018
32939,OO 4443
32952,UA 1252
32959,WN 4567
32987,UA 1279
33048,WN 4440
33059,WN 4634
33095,B6 1808
33110,9E 4886
33116,DL 3049
33132,DL 2805
33136,OO 3541
33199,WN 1566
33209,WN 687
33216,9E 5310
33218,UA 1921
33221,YX 4277
33225,DL 976
33302,DL 2155
33325,9E 4889
33342,UA 1281
33356,9E 5074
33373,WN 4931
33397,EV 4032
33404,UA 1174
33406,9E 5442
33424,YX 3719
33426,DL 1521
33428,DL 1557
33582,DL 1961
33595,AA 1399
33603,DL 1967
33638,WN 3156
33653,DL 2312
33662,WN 388
33681,9E 5257
33692,YX 3465
33710,MQ 3742
33717,DL 2229
33718,OO 4122
33726,WN 5381
33741,DL 2108
33786,UA 2185
33790,B6 1610
33800,OO 4167
33817,OO 4796
33874,WN 1080
33875,DL 1109
33876,C5 4959
33905,WN 3738
33911,WN 2747
33915,DL 2781
33924,WN 3567
33949,OO 5773
33960,UA 1738
33965,WN 461
33980,UA 1775
33984,B6 1905
34041,AA 2306
34045,DL 1316
34067,WN 2162
34070,UA 480
34094,WN 3022
34132,WN 2032
34149,OO 4134
34168,UA 521
34172,DL 999
34204,WN 3110
34218,EV 4096
34222,WN 3751
34240,C5 4865
34241,WN 2776
34268,WN 1156
34273,WN 4269
34396,OO 3948
34416,G7 6283
34419,OH 5654
34425,UA 1029
34448,WN 1718
34456,B6 2026
34458,WN 5874
34469,WN 3820
34496,9E 5549
34531,OO 3663
34596,9E 3417
34606,YX 4555
34611,DL 1501
34641,UA 1057
34648,WN 2282
34660,DL 1814
34722,AA 801
34736,WN 3946
34859,DL 2210
34884,9E 3424
34897,WN 3228
34905,DL 2840
34912,UA 565
34925,G4 1233
34941,WN 2648
34959,YX 3637
34961,WN 3806
34982,WN 5331
35009,WN 5394
35015,AS 590
35042,WN 955
35045,WN 396
35059,B6 580
35086,YX 5950
35103,WN 3980
35115,WN 2437
35116,WN 925
35121,DL 2802
35177,WN 486
35184,DL 496
35215,DL 1243
35219,9E 4893
35237,WN 2503
35246,OO 4032
35249,WN 1749
35261,OO 3728
35265,UA 205
35267,AA 2885
35304,AA 1208
35321,EV 4040
35329,DL 2602
35393,YV 6291
35405,WN 1521
35440,WN 3072
35455,WN 2414
35463,DL 1253
35477,WN 1397
35489,AA 2155
35506,DL 2978
35513,DL 1968
35518,YX 4364
35548,OO 3922
35551,OO 3540
35591,DL 2004
35595,WN 4145
35603,OO 3571
35605,DL 1945
35613,9E 3296
35622,9E 4858
35674,OO 3799
35691,YX 6112
35855,OO 4931
35894,WN 1797
35896,EV 4107
35919,WN 4652
36007,WN 4090
36036,9E 4935
36052,WN 2510
36077,B6 784
36097,DL 982
36131,DL 2701
36181,DL 508
36184,WN 3807
36186,AA 2578
36196,WN 4246
36218,WN 1407
36231,AA 698
36291,WN 426
36305,WN 1661
36323,B6 753
36339,9E 4904
36343,WN 3114
36356,AA 2862
36360,UA 377
36372,WN 3610
36388,WN 1831
36407,DL 814
36434,WN 240
36481,AA 459
36519,OO 4042
36525,UA 324
36536,OO 3511
36544,WN 4588
36557,WN 3194
36598,DL 340
36630,WN 3347
36673,OO 3847
36674,WN 3894
36681,B6 2639
36756,UA 1280
36785,EV 3997
36788,WN 4531
36804,DL 746
36809,OO 3727
36821,AA 1833
36855,DL 617
36873,YV 6087
36878,B6 2638
36891,WN 1527
36894,WN 578
36922,MQ 3370
37014,DL 1366
37024,AA 1954
37035,YX 3680
37048,OO 3713
37094,OO 4869
37119,WN 1146
37165,AA 636
37231,WN 5344
37272,EV 4169
37314,B6 2533
37366,AS 104
37378,WN 5050
37387,YX 3560
37397,OO 3821
37401,WN 2257
37435,WN 1413
37438,OO 3952
37449,YX 5882
37472,WN 4050
37505,DL 1128
37525,WN 222
37549,WN 120
37561,NK 423
37566,AS 1025
37570,UA 1853
37579,WN 3302
37607,YV 6371
37608,WN 732
37619,DL 1483
37644,DL 1733
37665,WN 4586
37673,WN 5321
37674,WN 957
37717,AA 484
37724,EV 4095
37734,WN 2391
37750,OO 3731
37783,EV 3972
37916,9E 4833
37945,DL 708
37991,9E 5047
37999,EV 4324
38094,OO 5757
38104,UA 346
38151,EV 4487
38178,AS 1167
38186,WN 4793
38190,DL 665
38201,WN 3015
38210,EV 4041
38244,AA 2280
38271,UA 1522
38292,9E 3439
38293,YX 4459
38333,DL 403
38349,WN 3628
38364,UA 1187
38416,DL 2838
38428,WN 3583
38483,EV 4189
38553,EV 4481
38555,WN 5816
38557,WN 4506
38570,DL 2774
38585,UA 2379
38586,9E 3369
38596,DL 1049
38614,9E 6055
38631,MQ 3464
38641,WN 2815
38679,DL 881
38699,WN 5648
38705,MQ 3302
38714,WN 3344
38743,WN 1324
38802,DL 2704
38843,WN 264
38907,WN 2639
38969,EV 4135
38993,WN 700
39036,C5 4960
39046,DL 2880
39054,OO 4179
39076,9E 5493
39091,B6 2401
39099,WN 4663
39148,UA 1759
39168,OO 4265
39183,WN 1363
39221,WN 2458
39248,MQ 4250
39268,OO 4123
39288,DL 2579
39300,WN 2107
39325,WN 2766
39343,WN 298
39348,AA 2539
39350,WN 2754
39357,WN 671
39358,AA 2188
39370,WN 180
39446,DL 1380
39477,WN 756
39486,MQ 3875
39505,WN 2529
39519,AA 2585
39532,DL 1102
39553,WN 4925
39561,AA 2180
39583,WN 596
39625,YV 6294
39634,WN 4165
39661,OO 3873
39686,WN 4369
39713,AS 369
39736,AA 2262
39771,WN 1917
39790,WN 2424
39826,WN 1518
39827,WN 945
39894,WN 22
39907,YX 3630
39914,DL 1556
39935,UA 402
39967,OO 3980
40030,WN 3146
40032,9E 4870
40082,AA 2475
40083,WN 917
40119,9E 5463
40123,B6 103
40152,UA 459
40222,B6 2325
40227,AA 2836
40285,DL 1699
40286,DL 2438
40340,EV 4171
40365,EV 4228
40394,B6 806
40395,WN 4223
40440,MQ 4015
40444,EV 4376
40480,YX 5964
40482,UA 2100
40494,EV 4204
40518,OO 3605
40534,MQ 4209
40548,WN 5638
40591,WN 5440
40609,DL 609
40622,WN 1642
40630,AA 2937
40645,WN 3299
40660,OO 4911
40698,WN 766
40722,AA 656
40738,G4 411
40772,9E 5086
40854,9E 4827
40874,UA 1201
40891,DL 3103
40907,9E 5065
40939,EV 4033
41072,AA 2284
41095,9E 5548
41097,EV 4174
41114,DL 3026
41166,WN 4027
41183,DL 1432
41209,UA 286
41218,WN 4899
41260,YX 4573
41268,YX 5988
41279,UA 593
41281,OO 4152
41287,9E 4916
41288,DL 2653
41291,B6 1590
41301,WN 1676
41317,UA 317
41348,WN 3129
41360,WN 4949
41374,EV 4064
41404,WN 981
41436,OO 4137
41448,WN 4317
41473,DL 1750
41502,WN 5439
41628,DL 1897
41663,DL 2463
41673,YX 6011
41793,DL 1040
41795,WN 2115
41817,OO 3824
41819,9E 4908
41833,WN 1758
41836,EV 4291
41844,YX 4496
41880,DL 819
41902,DL 1425
41940,OO 4062
41962,WN 4519
41985,WN 2432
41991,DL 956
42002,WN 1544
42019,WN 4485
42074,DL 823
42075,MQ 3633
42110,WN 4352
42127,DL 2328
42190,NK 2006
42197,WN 4068
42211,YX 5972
42266,UA 413
42371,EV 4474
42393,EV 4422
42444,WN 1287
42471,9E 5214
42482,WN 4021
42489,WN 1882
42497,9E 3482
42500,G4 1991
42518,WN 4303
42552,UA 843
42569,WN 4273
42578,DL 2619
42590,DL 805
42599,YX 6139
42610,G7 6265
42634,WN 1465
42681,AA 812
42691,WN 455
42725,9E 3460
42770,WN 3814
42789,WN 20
42834,DL 1342
42853,WN 4002
42875,OO 3588
42878,WN 1961
42920,OO 3904
42953,DL 422
42964,WN 126
43019,OO 3618
43026,OH 5525
43169,UA 1488
43221,9E 3305
43239,UA 260
43240,YX 3440
43277,DL 330
43303,WN 3083
43331,UA 263
43337,YV 6074
43355,WN 1903
43428,DL 1285
43429,B6 1626
43445,AA 2207
43452,WN 2393
43456,DL 2161
43483,DL 2533
43511,9E 5418
43567,9E 5027
43591,WN 2131
43625,WN 3398
43685,AA 2565
43697,AA 2615
43742,DL 804
43915,YX 5949
43965,G4 1305
43972,WN 3369
43974,9E 5016
43981,DL 994
44011,9E 5275
44075,WN 1582
44099,NK 2007
44120,WN 3878
44154,9E 4750
44156,WN 3797
44173,B6 2780
44188,WN 2147
44288,UA 335
44331,C5 4879
44374,AA 1030
44375,YX 4338
44512,DL 954
44517,WN 1341
44563,OO 5514
44573,DL 1013
44601,B6 1308
44674,UA 1142
44724,DL 1788
44937,WN 1884
44990,WN 3772
45043,DL 2028
45061,OH 5365
45074,OO 5266
45086,AA 2174
45095,9E 5212
45126,OO 4219
45153,UA 255
45180,UA 2020
45211,WN 2830
45214,9E 4818
45230,OO 4070
45238,G4 1337
45239,AA 2872
45259,DL 1176
45271,WN 2214
45309,OO 3701
45335,DL 442
45338,WN 5732
45354,WN 2716
45356,9E 5002
45386,9E 5380
45434,B6 1471
45482,EV 4464
45511,YX 6097
45602,AA 2919
45655,B6 1312
45674,DL 2806
45682,YV 6259
45688,YX 4626
45777,DL 362
45819,WN 4107
45840,OO 3703
45889,UA 2436
45897,WN 5477
45909,YV 6137
45967,OO 3685
46007,WN 2609
46070,B6 253
46165,WN 5074
46241,WN 4774
46324,EV 4019
46340,C5 4878
46357,9E 4885
46370,UA 1546
46443,WN 1463
46617,9E 5079
46619,UA 506
46646,9E 3294
46675,MQ 3807
46716,WN 3259
46719,WN 2914
46774,DL 2460
46792,C5 4357
46818,AA 1324
46819,B6 501
46848,WN 3746
46905,WN 2158
46924,WN 626
46929,DL 2037
46956,WN 4354
46989,WN 2945
47059,9E 4837
47073,B6 448
47122,DL 244
47133,UA 1744
47203,WN 5476
47208,DL 2853
47228,OO 3724
47247,WN 2401
47249,WN 1410
47258,WN 3186
47261,AA 2433
47267,NK 353
47301,WN 560
47339,AA 865
47413,OO 3662
47446,WN 5443
47487,WN 2729
47498,DL 730
47559,DL 1142
47672,9E 5150
47686,9E 4814
47696,WN 1277
47706,WN 55
47707,WN 5543
47731,DL 965
47747,WN 2582
47786,DL 1536
47847,9E 4865
47913,DL 2264
47923,DL 682
47940,OO 5477
47950,DL 355
47952,DL 1152
47955,OO 3504
47974,9E 5070
47980,EV 4312
47994,DL 714
48005,YX 3477
48006,UA 671
48015,WN 3343
48027,UA 1207
48046,B6 901
48047,WN 167
48072,G4 1203
48088,DL 831
48093,DL 652
48174,YX 4509
48178,EV 4012
48250,WN 5063
48281,WN 4255
48283,9E 5435
48296,9E 5447
48315,WN 3716
48334,OO 3651
48367,DL 1370
48495,OO 4241
48582,OO 3879
48669,WN 4152
48716,UA 1766
48727,WN 3054
48774,DL 716
48972,DL 3012
48982,WN 1256
49006,EV 3981
49026,YX 4430
49055,EV 4085
49071,WN 4982
49082,YX 3735
49098,WN 3019
49117,WN 1345
49157,OO 3729
49221,9E 4781
49229,WN 4862
49291,WN 839
49306,AA 803
49329,WN 2671
49332,OO 5654
49466,WN 278
49469,WN 4921
49516,B6 2702
49584,9E 4863
49594,EV 4003
49629,9E 4883
49677,OO 5256
49734,WN 2151
49750,AA 2312
49810,WN 2227
49837,9E 5395
49845,WN 6212
49847,WN 1764
49894,B6 2089
49895,DL 2027
49912,WN 4410
49925,DL 1603
50023,WN 5346
50046,DL 1538
50221,AA 2458
50230,WN 1004
50257,DL 2394
50286,WN 41
50295,UA 1224
50386,DL 1393
50418,DL 2578
50434,OO 4076
50448,DL 357
50495,WN 2118
50574,YX 5875
50705,WN 2835
50706,WN 3105
50747,YX 4683
50778,DL 1847
50779,WN 5572
50829,9E 5345
50832,DL 1303
50846,EV 4339
50857,WN 4600
50930,UA 2033
51023,WN 2546
51035,DL 2773
51067,OO 3898
51084,OO 3760
51091,OO 3535
51147,WN 2054
51178,AA 1677
51180,WN 1138
51205,UA 387
51215,WN 4340
51233,DL 2270
51281,OO 3902
51298,DL 1190
51369,UA 655
51372,WN 5047
51395,AA 451
51432,WN 1870
51436,DL 2110
51440,MQ 3484
51444,WN 1988
51463,UA 38
51483,WN 941
51491,UA 385
51533,WN 3415
51644,WN 6648
51760,YX 6066
51785,9E 4780
51807,C5 4876
51838,9E 3283
51909,WN 3975
51911,OO 4151
51968,OO 3655
51995,WN 3215
52062,WN 2901
52069,OO 3999
52104,G7 6269
52149,OO 4097
52354,WN 3493
52396,AS 1420
52413,DL 1580
52418,WN 2646
52443,OO 3990
52474,WN 589
52504,WN 851
52672,F9 1259
52675,DL 2870
52766,UA 2249
52771,OO 3569
52782,OO 3978
52785,OO 3988
52915,G4 412
52919,MQ 3347
52947,DL 1939
52966,OO 3829
53025,WN 2149
53083,UA 841
53148,DL 1639
53152,WN 2900
53174,9E 3426
53284,OO 3640
53299,OO 3930
53386,WN 1022
53453,9E 4826
53456,DL 2790
53469,OO 3705
53498,WN 1845
53536,G4 1349
53587,WN 1164
53634,B6 1609
53639,WN 3271
53671,OO 3767
53697,OO 3643
53758,DL 2367
53777,DL 2205
53837,WN 4495
53838,YX 4426
53894,G7 6177
53936,WN 2014
53981,DL 1979
54089,OO 3637
54093,WN 4501
54103,WN 1314
54127,AA 983
54157,DL 1296
54211,WN 3572
54247,EV 4034
54324,YX 3618
54411,UA 654
54421,DL 2695
54462,AS 79
54514,DL 1677
54530,9E 5172
54542,9E 3329
54545,WN 3608
54560,YX 4424
54586,AA 2886
54642,WN 3698
54645,AA 1652
54674,G4 476
54692,WN 2785
54695,AA 1207
54708,UA 2133
54786,DL 327
54790,WN 4916
54803,WN 4728
54852,AA 1757
54877,WN 6903
54904,9E 4887
54926,WN 3300
54962,WN 2423
54995,WN 1773
55071,DL 386
55084,DL 2741
55140,G4 1922
55238,WN 3543
55271,9E 4779
55274,AS 592
55280,YX 4664
55312,WN 4787
55390,EV 4057
55399,WN 1034
55434,WN 4341
55444,WN 5583
55490,OO 3959
55519,DL 1904
55537,DL 786
55622,WN 1545
55676,YX 4499
55734,WN 4307
55737,UA 934
55756,OO 3690
55777,WN 1445
55861,UA 623
55884,WN 5052
55917,WN 5294
55921,OO 3907
55925,OO 3564
56027,G7 6248
56072,OO 3694
56073,9E 5457
56082,YX 3730
56095,OO 4926
56098,EV 4333
56105,DL 1502
56115,DL 1509
56265,UA 1902
56352,UA 689
56398,YX 4579
56400,UA 1671
56429,DL 2396
56499,WN 770
56569,UA 470
56581,9E 5503
56625,9E 4927
56639,YV 6073
56688,OO 3744
56702,WN 4888
56705,OO 3874
56718,WN 3563
56742,WN 4457
56746,MQ 3941
56878,WN 4236
56881,EV 4067
56904,DL 2892
56949,DL 1675
56997,YX 3469
57019,G4 1990
57051,DL 2837
57171,WN 5320
57226,WN 1302
57396,AA 1666
57512,DL 1873
57561,OO 5832
57810,OO 3853
57832,WN 5165
57892,WN 2265
57997,WN 5247
57998,B6 939
58150,UA 1242
58249,MQ 4060
58312,WN 2847
58385,DL 1652
58431,DL 2425
58495,DL 1114
58524,AA 80
58541,G7 6220
58574,WN 3173
58594,WN 849
58641,B6 1567
58677,WN 4258
58787,DL 699
58835,EV 4094
58840,WN 2390
58946,UA 659
59068,MQ 4252
59143,EV 4151
59159,NK 2322
59253,WN 5503
59272,F9 1530
59278,B6 1026
59383,EV 4082
59512,WN 2196
59604,OO 4227
59618,DL 916
59712,YX 4304
59776,YX 3513
59783,WN 2513
59790,UA 551
59804,WN 562
59843,DL 1113
59898,AA 2883
59905,EV 4226
59960,WN 30
59987,WN 4292
59995,UA 2295
59997,OO 3721
60005,9E 4756
60122,WN 3584
60232,DL 1150
60235,OO 4067
60265,WN 976
60269,DL 2759
60432,WN 2281
60448,OO 3542
60464,WN 3874
60541,EV 4237
60656,WN 5600
60793,WN 1435
60852,WN 1210
60898,EV 4408
60989,UA 1400
61064,EV 4436
61080,DL 1692
61115,OO 4861
61122,WN 3434
61162,WN 6114
61185,WN 3613
61197,WN 2812
61228,WN 2579
61269,MQ 3590
61329,DL 2513
61350,G4 1904
61420,UA 278
61575,WN 6796
61600,B6 725
61609,OO 3919
61738,MQ 3537
61845,WN 2085
61937,WN 1444
61997,WN 1547
62000,EV 4069
62185,WN 3790
62217,OO 4115
62328,OO 3866
62408,WN 3811
62430,AA 749
62471,DL 1642
62600,DL 2510
62726,AA 592
62952,OO 3825
63001,DL 966
63027,DL 2991
63045,OO 3746
63048,WN 3171
63124,OO 4445
63135,WN 1573
63143,9E 4877
63180,WN 3137
63217,DL 2045
63390,UA 793
63395,OO 3812
63480,AA 1812
63532,EV 4465
63641,WN 3744
63698,9E 3392
63706,NK 757
63762,WN 2532
63840,DL 1413
63873,G7 6281
63926,WN 4969
63931,WN 3661
63948,AA 497
63960,WN 1548
63963,WN 1121
64059,YX 4508
64097,UA 1120
64121,WN 4081
64198,WN 4707
64264,MQ 4223
64324,UA 2412
64368,WN 3612
64398,WN 4029
64441,UA 878
64446,EV 4410
64470,AA 161
64548,UA 306
64560,C5 4972
64571,DL 2981
64603,ZW 3872
64618,WN 2621
64702,WN 4555
64876,WN 3445
64890,DL 2851
64907,9E 4763
64936,WN 1150
64940,WN 2870
64967,B6 618
65074,DL 2673
65077,DL 1643
65086,WN 3848
65111,YX 4671
65140,G4 1330
65161,WN 1563
65294,WN 3190
65296,C5 4877
65341,MQ 4232
65356,WN 3107
65406,DL 684
65409,WN 4282
65422,OO 3944
65457,B6 1402
65517,B6 1576
65559,B6 2717
65583,EV 3969
65587,UA 1168
65668,UA 316
65777,WN 1267
65825,AA 2549
65855,WN 1489
65984,WN 6809
65990,UA 1529
66176,WN 1957
66246,WN 2235
66284,WN 5408
66293,DL 1810
66339,9E 5159
66395,YV 6136
66420,AA 99
66491,WN 5238
66496,WN 2218
66534,AA 2880
66549,WN 4003
66587,WN 2279
66599,G7 6293
66709,WN 624
66718,UA 2398
66723,DL 2762
66726,DL 792
66743,YX 3755
66785,WN 3709
66813,WN 285
66816,9E 4792
66827,WN 4815
67009,YX 4605
67107,EV 4429
67150,WN 6970
67291,YX 4437
67295,EV 4137
67328,WN 1852
67340,DL 2824
67475,G4 1200
67481,WN 2075
67525,WN 5061
67532,EV 4424
67676,WN 3759
67769,WN 4589
67832,UA 1032
67833,DL 1262
67850,WN 1945
68012,DL 1276
68065,DL 2297
68087,DL 2786
68104,OO 3180
68117,AA 201
68139,WN 2492
68222,YX 6123
68285,DL 1385
68315,DL 694
68362,DL 923
68365,EV 4457
68463,DL 2260
68502,UA 1647
68543,OO 3667
68571,DL 1148
68645,OH 5511
68669,WN 159
68697,G7 6212
68739,EV 4132
68741,UA 1792
68774,OO 3903
68789,C5 4976
68945,WN 1643
68951,DL 2998
68954,WN 4330
68963,YX 3702
69024,UA 805
69100,EV 4328
69135,WN 5694
69277,DL 1717
69291,OO 3733
69337,DL 358
69428,OO 3644
69516,WN 2056
69606,B6 1307
69612,OO 3717
69632,DL 1720
69657,WN 5081
69743,EV 3978
69759,9E 4812
69795,OO 4148
69798,9E 4834
69898,WN 2921
69991,WN 5274
70007,UA 2014
70092,UA 1171
70151,WN 753
70285,WN 1941
70430,WN 3058
70449,WN 3287
70489,WN 4355
70497,UA 1872
70523,UA 981
70719,YX 5981
70774,WN 4033
70789,WN 1148
70835,AA 1699
70937,WN 779
71004,WN 1469
71031,UA 332
71042,AA 1720
71118,MQ 3597
71123,AA 284
71199,UA 2149
71214,WN 3412
71260,DL 491
71313,WN 4192
71435,WN 4091
71632,OO 3773
71690,WN 465
71901,WN 5140
71919,9E 4917
71944,YV 6252
72016,WN 5076
72025,WN 1072
72215,DL 674
72254,DL 860
72322,OO 3681
72378,DL 1124
72400,DL 377
72517,WN 2795
72556,WN 3048
72590,EV 3987
72606,B6 2818
72619,AA 2830
72733,YX 4690
72756,WN 6465
72935,WN 6716
72956,UA 288
72992,WN 635
73003,UA 617
73017,C5 4421
73029,DL 1269
73138,AA 1427
73223,OO 4214
73233,WN 1144
73270,9E 4771
73277,DL 659
73332,AA 608
73373,9E 5519
73649,WN 4243
73796,G4 1944
73811,WN 5097
73880,DL 1071
73909,9E 4751
73921,DL 935
73982,UA 1160
74112,EV 4196
74114,WN 4704
74134,WN 4314
74161,WN 281
74233,AA 1758
74339,YX 4356
74410,DL 2794
74463,WN 4324
74487,WN 6412
74548,UA 322
74606,B6 754
74646,OO 3969
74690,WN 1692
74696,DL 790
74770,DL 1680
74803,WN 1109
74840,EV 4020
74878,WN 4910
74908,AA 2918
74933,WN 3600
74976,MQ 4240
75069,AA 495
75106,WN 4496
75112,UA 696
75128,WN 4563
75224,OO 3528
75262,WN 2965
75325,AA 2523
75333,OO 4873
75359,WN 875
75411,UA 1687
75576,DL 418
75606,G4 2501
75716,DL 941
75919,WN 5770
75979,EV 4154
75997,WN 1117
76200,WN 2338
76305,MQ 9310
76351,WN 1157
76592,B6 2814
76593,UA 1547
76671,WN 2832
76732,WN 949
76777,WN 2586
76800,9E 5284
76933,WN 6741
77019,YX 9387
77164,WN 4380
77171,WN 1443
77185,YX 3470
77233,AA 1559
77383,WN 2949
77399,WN 3298
77596,UA 1873
77864,WN 768
77939,WN 632
77995,DL 2122
78020,B6 2429
78161,WN 3036
78238,MQ 3539
78244,9E 5416
78288,B6 411
78331,AA 1445
78432,WN 3725
78479,G7 6201
78519,WN 3098
78552,UA 2060
78579,WN 2962
78594,WN 2824
78670,UA 390
78776,UA 1416
78864,AA 2071
78873,DL 700
78968,EV 3983
79110,WN 3710
79131,AA 942
79143,YX 4383
79397,WN 2705
79420,AA 2949
79457,EV 4317
79473,9E 4793
79607,DL 2317
79650,B6 1904
79672,MQ 4139
79680,WN 3509
79792,WN 489
79857,MQ 4266
79860,AA 1094
80239,YV 6340
80312,OH 5165
80340,WN 2638
80484,WN 3687
80587,EV 4351
80626,DL 679
80695,WN 3373
80725,EV 4281
80835,DL 1398
80878,WN 528
80901,WN 864
80911,MQ 3376
80935,OO 5964
80971,9E 5137
81007,WN 1273
81016,UA 607
81029,DL 1343
81078,DL 1759
81088,DL 822
81109,WN 4837
81132,WN 1486
81180,WN 1141
81181,WN 257
81200,UA 1443
81226,DL 2751
81303,AS 1036
81520,YX 4347
81554,WN 4315
81609,OH 5375
81828,DL 2012
81895,MQ 3778
81920,UA 2074
81977,UA 325
82011,AA 2891
82195,9E 5272
82229,EV 3974
82371,WN 5101
82462,UA 829
82510,DL 1802
82570,WN 3341
82614,DL 2606
82638,DL 2091
82667,AA 2211
82714,DL 1481
82820,9E 5377
82997,WN 3168
83035,OO 3693
83103,9E 4845
83142,WN 3482
83222,YX 4495
83237,WN 2834
83268,YX 4341
83339,UA 449
83344,WN 5549
83512,UA 1931
83531,9E 4873
83558,DL 1484
83630,WN 2801
83739,DL 2702
83759,WN 4978
83782,9E 5165
83784,WN 3028
83935,MQ 3436
84073,EV 4125
84093,UA 1177
84204,WN 4617
84260,WN 1483
84272,DL 494
84296,WN 1972
84350,EV 4224
84414,WN 1599
84423,DL 850
84491,WN 4019
84493,WN 2947
84576,AA 230
84634,WN 4683
84666,YX 3511
84696,WN 5223
84743,WN 5586
84747,WN 4509
84858,WN 2811
84865,AA 2875
84918,YX 5918
84989,WN 6376
85086,WN 2289
85091,DL 2793
85093,WN 5555
85106,OO 3552
85203,DL 489
85414,G4 404
85576,WN 5468
85591,WN 5260
85613,OO 5299
85697,EV 4449
85715,G4 1316
85758,9E 4928
85789,WN 4287
85797,YX 4384
85837,WN 2123
85882,WN 640
86131,OO 5624
86206,DL 707
86221,YV 6374
86267,DL 2171
86367,B6 506
86388,9E 5489
86495,EV 4009
86518,WN 1348
86552,DL 2094
86603,DL 1187
86813,DL 1100
86989,WN 1359
86997,OO 3624
87153,UA 2021
87168,AA 842
87214,DL 2800
87491,UA 770
87596,OO 3555
87598,WN 5083
87718,9E 5334
87720,WN 5627
87771,WN 4279
88099,WN 4850
88239,WN 5696
88278,UA 1728
88366,WN 5645
88445,MQ 4123
88514,OO 4454
88559,OO 4118
88563,YV 6156
88711,WN 5150
88757,DL 1261
88787,G4 1225
88908,C5 4470
88919,OO 3594
89025,WN 1274
89210,YX 4423
89279,WN 420
89333,DL 1130
89350,AA 1869
89354,WN 5500
89492,B6 1690
89494,G4 1215
89503,WN 4208
89610,WN 4373
89626,MQ 4179
89661,WN 3197
89856,WN 5268
89958,OO 4074
90024,WN 3999
90028,AA 338
90084,WN 6609
90272,OO 4708
90311,WN 1280
90453,AA 1800
90470,YX 4300
90515,WN 3187
90589,YX 3757
90687,DL 618
90711,DL 875
90740,C5 5013
90919,WN 4060
90946,WN 1185
91011,WN 3526
91014,MQ 3438
91079,AS 419
91204,UA 445
91213,DL 2845
91242,WN 3283
91354,WN 5490
91355,AA 2231
91362,OH 5318
91437,DL 745
91458,UA 1014
91615,DL 2432
91703,WN 3043
91813,WN 5464
91889,C5 4926
92004,UA 964
92006,WN 3821
92061,DL 1379
92134,B6 2906
92174,WN 3692
92192,MQ 4130
92239,WN 4482
92340,AA 861
92369,EV 4114
92535,UA 376
92560,UA 1426
92682,WN 3033
92862,WN 2318
92910,DL 1943
92950,WN 3617
93012,WN 1453
93045,UA 1835
93072,EV 4173
93094,WN 3944
93122,UA 1112
93125,DL 1338
93203,OO 4890
93349,B6 2053
93366,YV 6375
93383,OO 4169
93425,AA 798
93432,B6 1772
93463,AS 1183
93472,DL 859
93487,WN 5695
93612,B6 217
93786,DL 828
93810,DL 1561
93915,OO 5478
94098,WN 4721
94170,DL 2467
94316,WN 3727
94369,WN 409
94417,G4 1380
94515,9E 3441
94535,WN 5442
94631,WN 5471
94652,WN 3638
94656,G4 2513
94676,WN 1751
94684,AA 1889
94703,WN 4874
94710,WN 5147
94762,OO 4175
94828,AA 2216
94840,UA 2119
94889,B6 1407
94965,9E 5414
94990,WN 4148
95012,YX 4396
95166,WN 4713
95193,WN 1060
95242,WN 4538
95300,WN 2350
95418,WN 3621
95422,AA 2922
95436,DL 2157
95793,OO 3631
95828,DL 560
95829,WN 5107
95863,UA 710
95873,DL 2970
95912,OH 5186
96107,WN 3856
96186,DL 2687
96223,WN 418
96275,AS 1176
96277,DL 2199
96400,F9 7881
96420,WN 951
96500,OH 5523
96545,UA 207
96620,OO 4146
96720,G7 6240
96733,AA 1990
96978,MQ 4039
97080,WN 5284
97144,WN 2855
97226,WN 4525
97244,9E 5511
97283,WN 5882
97309,B6 526
97389,WN 3155
97399,WN 3892
97442,OO 3832
97495,WN 4216
97608,WN 28
97695,YX 4494
97769,WN 192
97876,B6 1025
98009,OO 3508
98105,NK 1710
98110,OO 3532
98214,WN 3467
98216,WN 496
98245,WN 3301
98363,9E 3495
98577,WN 3227
98616,WN 2822
98678,OO 5208
98802,OO 3739
98835,YX 3753
98874,OO 4455
98998,G7 6261
99089,MQ 4157
99255,9E 5509
99424,MQ 3357
99595,WN 2877
99755,OO 3557
99795,AA 64
99992,UA 786
100024,MQ 4226
100134,WN 5727
100217,G7 6219
100354,WN 1366
100439,WN 3239
100455,OO 4922
100559,UA 1986
100650,OO 4446
100652,EV 4419
100901,YX 4463
101079,DL 2359
101159,WN 4156
101200,9E 5490
101292,UA 1595
101309,OO 4045
101340,WN 3611
101419,MQ 3327
101454,G4 2523
101459,UA 662
101687,AA 1088
101715,OO 5941
101945,AA 239
101977,OH 5618
102007,WN 6723
102051,WN 4958
102249,AA 2863
102347,DL 1890
102370,DL 747
102416,WN 4421
102445,EV 3698
102580,DL 711
102630,WN 3141
102685,OH 5219
103014,9E 4799
103043,AA 2039
103169,YX 4617
103173,DL 1959
103235,YX 4418
103267,MQ 4227
103298,WN 5622
103823,WN 5957
103832,9E 5488
103922,WN 5186
104034,WN 1059
104104,WN 3432
104117,DL 942
104194,WN 4417
104275,WN 6605
104282,EV 4175
104558,OO 4194
104564,WN 3550
104568,AA 2493
104659,UA 1545
104789,WN 1282
104871,G7 6209
104995,MQ 4114
105025,MQ 4152
105047,AA 2171
105049,AA 999
105089,WN 1592
105121,DL 1126
105168,AS 1182
105262,EV 4466
105389,WN 3461
105451,WN 1347
105508,UA 2144
105554,G4 1237
105847,WN 4740
105965,9E 6276
105993,OO 3780
106008,WN 1854
106059,WN 2676
106072,WN 1122
106224,DL 701
106342,DL 726
106351,OO 4129
106453,9E 4918
106470,EV 4471
106490,UA 1116
106592,DL 915
106637,B6 880
106672,AA 1381
106673,DL 775
106827,YX 4628
106839,WN 2469
106956,DL 844
107062,OO 4199
107066,WN 1880
107165,OO 4142
107199,WN 4416
107209,WN 4162
107713,AA 1890
107720,EV 4401
107771,YV 6237
107815,WN 4132
107823,WN 4640
107912,WN 3164
107931,WN 1520
107967,G7 6208
108228,MQ 3544
108402,DL 1735
108516,EV 3984
108531,DL 1761
108739,UA 556
108902,UA 1132
109022,UA 1406
109026,YX 3519
109150,WN 4366
109450,UA 1493
109547,G7 6185
109601,EV 4187
109695,WN 339
109987,UA 237
110028,DL 424
110185,DL 1571
110264,WN 4394
110266,WN 4508
110463,WN 2719
110555,DL 2745
111032,WN 4043
111064,WN 3158
111154,WN 4339
111158,WN 3530
111229,WN 4229
111467,EV 4483
111468,F9 1462
111925,9E 5062
111942,UA 1720
112031,UA 608
112082,DL 2990
112126,WN 2636
112154,WN 1526
112337,WN 5570
112443,AS 158
112562,DL 1958
112698,AA 1728
112735,WN 6081
112837,AS 1195
112848,WN 1036
112858,WN 3017
112869,DL 506
113101,WN 171
113132,AA 269
113273,WN 4510
113333,OO 3837
113359,OO 3852
113420,DL 1721
113443,WN 4098
113564,UA 2150
113605,WN 4488
113994,DL 1118
114011,AS 1168
114084,DL 2309
114260,OO 4024
114361,DL 1352
114386,WN 5558
114620,WN 5089
115071,UA 1542
115132,WN 5031
115187,WN 5137
115260,WN 2195
115486,WN 4622
115546,DL 2666
115553,9E 5323
115617,9E 4759
115899,OO 4160
115918,DL 1157
116263,9E 5218
116274,B6 775
116290,UA 1161
116489,9E 4934
116566,UA 2441
116582,DL 851
116702,DL 932
116944,UA 2090
116967,OO 3506
117122,DL 425
117127,YX 3699
117198,WN 5300
117262,WN 2504
117297,B6 1789
117325,WN 5505
117408,G7 6256
117624,AA 1383
117666,WN 4080
117701,WN 4281
117777,WN 3539
117837,OO 3684
117854,WN 5254
118007,UA 1435
118124,DL 1494
118181,AA 55
118186,WN 3053
118273,G7 6300
118280,WN 2992
118287,DL 1339
118304,WN 4847
118332,MQ 4191
118378,WN 4042
118465,B6 1425
118533,AA 1119
118633,WN 2664
118710,DL 2373
118750,WN 4353
118872,UA 211
118891,WN 3002
118901,B6 2067
119166,UA 370
119562,OO 3628
119612,WN 2511
119635,WN 3500
119672,YX 3412
120183,WN 4981
120271,OO 4854
120316,UA 1264
120416,DL 1463
120551,OH 5554
120698,DL 2501
120730,YV 6116
120975,WN 5518
120996,UA 1039
121031,WN 1299
121255,9E 5538
121326,MQ 3337
121444,WN 3618
121548,MQ 3308
121591,WN 1691
121643,WN 2385
121719,DL 1703
121747,AA 2427
121783,WN 1546
121842,WN 3133
121910,WN 1114
122041,B6 74
122111,OO 4138
122199,DL 2256
122397,9E 4777
122578,AA 2625
122750,WN 4390
123030,WN 6683
123120,WN 518
123268,MQ 3885
123341,WN 3191
123379,DL 1723
123483,WN 3522
123542,DL 1442
123644,DL 2259
123775,YX 4301
123776,WN 5537
123838,EV 4384
123943,WN 4676
124026,9E 4822
124156,WN 3051
124387,EV 4327
124467,YX 4679
124649,AA 1850
124748,AA 2348
124856,WN 627
124869,YX 4280
125054,YX 3459
125080,UA 312
125362,YV 6377
125610,9E 4882
125754,WN 2179
125803,WN 3507
125880,EV 4048
126062,B6 229
126088,DL 2211
126167,WN 4063
126319,WN 3909
126326,AS 1260
126404,DL 784
126450,WN 406
126474,UA 371
126638,WN 5424
126702,WN 5427
126711,OO 4601
126856,EV 4337
126981,WN 5434
127108,YX 4593
127537,WN 4720
127627,WN 2156
127689,AA 2293
127922,EV 4191
127970,B6 393
128067,OO 3525
128068,AA 365
128077,WN 2899
128117,WN 3009
128157,YV 6089
128205,WN 6879
128391,AA 36
128451,WN 867
128589,WN 3433
128605,UA 2211
128615,WN 716
128978,WN 3988
129002,WN 3576
129228,WN 4528
129262,WN 5960
129278,YX 4405
129462,DL 1546
129531,AA 1787
129535,WN 2757
129596,WN 2635
129652,WN 4545
129836,DL 997
129842,WN 3893
129877,WN 2700
129939,UA 224
130047,WN 4109
130168,EV 4415
130395,WN 3138
130484,WN 2953
130698,WN 4276
130834,WN 702
130844,WN 2789
130886,DL 2591
130978,DL 1763
131036,OO 3730
131279,B6 776
131457,UA 646
131458,WN 1734
131650,DL 2897
131691,WN 2604
131812,DL 974
131919,OH 5061
132023,EV 4124
132149,YX 4582
132154,YX 3758
132227,WN 3717
132273,DL 821
132697,OO 4895
132756,WN 2355
132800,DL 605
132846,B6 1998
132930,WN 4934
132946,WN 2928
133038,B6 226
133206,WN 6
133355,WN 2349
133435,WN 4985
133437,YX 4366
133583,WN 2274
133587,WN 5369
133643,MQ 4156
133748,WN 3868
133753,DL 1205
133986,C5 4995
134009,AA 2887
134198,DL 389
134236,WN 4654
134252,WN 1482
134255,B6 1283
134398,DL 938
134534,WN 1120
134559,WN 3104
134782,B6 2654
134809,DL 2764
134827,YV 6376
134835,OO 3527
134917,EV 4246
134982,WN 1449
135017,WN 2753
135052,WN 4550
135128,WN 748
135213,UA 1909
135244,WN 3614
135351,AA 2439
135403,WN 2819
135508,WN 3989
135549,WN 4112
135629,WN 3284
135641,WN 6012
136053,DL 1820
136081,WN 3172
136087,WN 3517
136350,WN 5605
136916,WN 3151
137134,MQ 3930
137388,DL 669
137559,WN 6220
137563,OO 3905
138050,AA 1594
138251,B6 2118
138747,OO 3899
138755,WN 2303
139348,OO 5485
139484,WN 2745
139825,UA 727
140018,AA 2183
140045,WN 266
140081,DL 988
140195,WN 4013
140337,ZW 3885
140497,WN 2821
140857,DL 1080
140980,9E 5181
141077,9E 5456
141105,WN 1536
141441,AS 1165
141600,WN 1097
141607,DL 1754
141626,AA 2592
141735,9E 5001
141788,WN 4073
141794,DL 2698
141801,WN 3696
141936,WN 5119
141938,B6 2044
141965,DL 1185
142208,WN 5295
142383,DL 1612
142893,9E 5077
143054,OO 3726
143090,DL 893
143113,OO 3761
143428,WN 123
143462,AS 1109
143463,WN 3209
143487,EV 3988
143499,G7 6229
143520,WN 3012
143615,AA 275
143673,DL 1228
143759,MQ 3506
143833,WN 2159
144144,WN 2906
144308,WN 5166
144382,UA 2042
144519,YX 4675
144522,C5 4868
144645,UA 366
144766,OH 5026
144903,OO 4131
144930,YX 4097
144973,WN 5066
144984,WN 2632
145015,OO 4025
145039,MQ 3408
145064,WN 5188
145362,WN 4077
145560,DL 1240
145646,B6 2201
146127,WN 3102
146397,OO 3950
146638,OO 4816
146653,WN 1193
146790,WN 1849
146847,WN 5481
147121,WN 3095
147461,OH 5304
147494,AA 244
147517,AA 2904
147547,AA 2385
147553,OO 5382
147651,YX 3718
147776,DL 331
147862,WN 4256
148147,WN 3672
148186,DL 2010
148537,OO 3816
148702,UA 760
148752,AA 2683
148755,OO 4746
148990,B6 495
149102,WN 2617
149211,G4 477
149249,G4 2524
149351,DL 2382
149403,YX 4351
149570,WN 367
149621,UA 351
149725,WN 3983
149816,OO 3558
150000,WN 6668
150015,OO 5645
150184,WN 2593
150335,UA 348
151042,DL 1081
151083,MQ 4249
151207,DL 2984
151208,WN 4257
151210,WN 5679
151425,WN 3764
151480,WN 4790
151573,UA 1287
151586,MQ 3325
151685,WN 4297
151800,9E 4755
151837,WN 5482
151884,DL 2801
151937,G7 6253
152353,WN 5449
152358,DL 1923
152414,WN 3407
152477,WN 3502
152525,9E 5183
152673,YX 4543
152686,9E 5522
152711,WN 836
152766,G4 1208
152791,WN 255
153013,WN 3024
153201,DL 2910
153419,DL 1826
153538,UA 1558
153587,WN 2934
153644,WN 3162
153779,OO 3772
153918,DL 1337
154014,EV 4047
154015,OO 4028
154313,OO 3683
154351,NK 2301
154396,MQ 3848
154441,MQ 3552
154569,WN 569
154716,DL 2183
154781,WN 4521
154896,OO 5528
154921,WN 4956
155105,YX 4666
155554,WN 5115
155677,OO 3598
155745,AA 235
155820,DL 2737
155841,DL 672
156015,WN 2968
156132,WN 117
156265,WN 1152
156605,DL 2113
156662,OO 3622
156874,OO 5346
156910,B6 653
157111,WN 3275
157245,WN 2742
157269,WN 4980
157403,WN 2711
157486,AA 1560
157565,WN 3160
158118,EV 4251
158121,F9 1597
158210,OO 5213
158250,9E 5513
158381,DL 429
158552,AA 657
158690,WN 2861
158699,AA 1239
158734,YX 4435
159099,DL 2896
159332,AA 2193
159418,WN 2798
159471,WN 2616
159475,WN 1487
159594,UA 1261
159758,WN 315
159861,YV 6339
160203,AS 1091
160242,DL 2823
160917,G7 6178
161354,EV 4112
161617,OO 5551
161779,WN 4991
161880,AA 1332
161949,UA 1027
162052,B6 2785
162219,WN 2872
162223,UA 483
162247,WN 3154
162524,G7 6232
162567,B6 2484
162583,AA 1902
162887,WN 4527
162902,WN 5480
163013,B6 1801
163127,WN 3244
163133,UA 1457
163225,YX 4512
163291,WN 4124
163372,AA 233
163506,MQ 4176
163712,9E 4838
163861,DL 2194
164637,9E 4866
164653,EV 3985
164749,DL 2590
164865,WN 5530
165118,WN 3919
165178,9E 4831
165346,B6 2902
165491,WN 5159
165930,WN 3386
166389,WN 3615
166391,WN 2952
166517,MQ 3433
166660,WN 3601
166804,WN 3525
167351,WN 5447
167618,WN 4031
167720,WN 1969
167735,DL 1477
168090,YX 3624
168442,WN 5611
168540,WN 2768
168683,WN 3582
168708,WN 4908
168791,OO 3529
168817,WN 3208
168949,DL 1092
169088,WN 3620
169321,WN 4929
169554,DL 690
169717,B6 983
169792,WN 2843
169803,EV 4489
170010,WN 2369
170101,WN 4293
170155,B6 1683
170438,NK 2321
170611,WN 904
170677,WN 3741
170798,WN 364
170840,WN 5352
170908,OO 3596
171012,G7 6192
171418,DL 1208
171559,YX 3466
171666,UA 1559
171817,UA 1988
172131,YX 4691
172220,G4 1211
172554,WN 3136
172660,WN 2662
173110,OO 3575
173151,OO 3589
173311,WN 3192
173345,YX 4006
173401,9E 4931
173531,UA 372
173674,AA 872
174137,AA 1684
174461,WN 6382
174521,WN 2723
174565,UA 1987
174979,UA 1532
174995,DL 619
175025,C5 4007
175032,WN 4074
175129,AA 768
175416,WN 2973
175577,WN 3233
175855,WN 3242
176291,YV 6207
176403,WN 139
176423,WN 5329
176709,AA 972
176843,OO 4267
176851,AS 359
176863,WN 4854
177052,WN 4655
177933,B6 395
178051,WN 4831
178216,WN 5905
178246,WN 3166
178353,B6 1754
178447,AA 1394
178568,WN 3877
178617,WN 5111
178845,WN 4277
179017,WN 1530
179077,WN 2178
179168,AA 2495
179285,YV 6131
179703,DL 2597
179800,WN 5599
179856,WN 5229
179908,WN 4272
179999,WN 3101
180080,YX 4313
180310,DL 1884
180632,WN 2633
180674,WN 4540
180685,G4 1397
180825,DL 2125
180870,WN 2926
180889,OO 3583
180998,B6 2815
181539,WN 5744
181653,WN 3082
181686,WN 5639
181821,WN 4270
181966,OO 4064
182002,9E 4810
182035,DL 3041
182271,EV 4284
182287,OO 4712
182318,WN 6438
182449,WN 3674
182473,UA 337
182591,F9 1596
182643,WN 1218
182714,YX 3505
182845,AA 1585
182846,WN 2099
182914,WN 2625
183080,DL 2889
183272,B6 943
183303,B6 284
183330,DL 448
183462,DL 2234
183498,EV 3967
183778,YX 4400
183839,MQ 3430
183880,WN 6254
184124,B6 2984
184203,WN 1140
184294,DL 1299
184367,WN 6396
184456,UA 438
184473,WN 3128
184513,9E 4915
184658,WN 3061
184676,WN 4299
184756,WN 5225
184812,WN 3553
184915,WN 3622
185025,WN 5348
185598,WN 5118
185732,9E 4851
186071,WN 5672
186140,OO 3735
186179,WN 4316
186248,DL 2353
186527,9E 4948
186846,EV 4205
187015,EV 4086
187305,AA 2051
187351,OO 3939
187486,B6 1902
187547,WN 4333
187965,WN 4479
188089,AA 2265
188114,OH 5019
188140,G7 6288
188267,WN 6253
188484,YV 6010
188544,OO 5834
188666,DL 2020
188872,WN 2598
188929,MQ 3333
189007,WN 3863
189223,EV 4298
189275,WN 3264
189374,WN 2138
189449,WN 4265
189719,DL 960
189764,UA 1609
189787,OO 4165
190075,DL 2596
190152,DL 3035
190330,UA 365
190397,WN 4833
190516,YX 4530
190888,WN 6031
191382,UA 1031
191398,OO 3702
191574,WN 2820
191700,B6 2218
191989,MQ 3908
192186,WN 3037
192294,OO 4121
192564,WN 3565
192640,DL 1495
193133,9E 4830
193248,DL 1376
193323,OO 3942
193512,DL 733
193711,WN 4459
193801,DL 979
193938,B6 2167
194056,WN 4248
194126,WN 5597
194258,WN 5214
194633,DL 2844
194656,UA 505
194914,9E 5210
195080,UA 2293
195113,DL 752
195341,WN 2941
195923,9E 5369
196106,WN 5775
196125,WN 4561
196726,WN 2777
196797,UA 1063
197039,DL 768
197528,WN 579
197865,YX 3688
198041,DL 1361
198310,EV 4045
198370,OO 4452
198567,UA 1560
198912,B6 2420
199152,WN 677
199223,UA 2226
199281,WN 260
199409,WN 3056
199423,WN 5793
200239,UA 2346
200269,AA 366
200644,AA 1974
200795,AA 209
200967,UA 2189
201342,UA 533
202056,WN 2321
202095,DL 375
202156,OO 4188
202346,WN 2240
202383,UA 1481
202440,DL 798
202730,WN 3324
202742,WN 6684
202802,DL 2368
202925,WN 1504
202932,WN 3079
203198,AA 470
203364,WN 4057
203785,WN 3276
204254,DL 2640
204519,AA 856
204651,WN 4184
204663,WN 1895
204707,UA 1214
204795,UA 728
204810,UA 1446
205018,DL 1256
205032,WN 154
205386,WN 2943
206080,9E 3419
206118,9E 4891
206629,UA 1143
206758,WN 3840
206926,WN 2955
207198,YX 4475
207272,B6 505
207313,WN 4816
207585,AA 2283
207598,DL 946
207834,AA 1665
208869,WN 3592
208915,9E 4846
208920,WN 4020
209102,B6 2217
209291,WN 3977
209436,DL 2077
209611,UA 2423
209628,OO 3514
209709,YX 4611
210125,WN 566
210733,UA 1138
210882,WN 2605
211124,WN 4619
211369,WN 2722
211548,UA 311
211586,AA 147
211607,WN 4827
211872,G4 1924
211907,EV 4199
211942,WN 1648
211946,WN 4190
211988,YV 6024
212248,OO 3809
212344,AA 694
212407,B6 625
212733,WN 4607
212936,YX 4061
213059,WN 5461
213368,G4 1921
213659,WN 3112
213743,UA 1237
214132,DL 1330
214403,WN 4489
214694,9E 5342
215310,UA 1634
215943,WN 156
216310,DL 2097
216681,MQ 4037
216765,YX 5987
216827,EV 4366
217049,DL 1062
217140,DL 1953
217148,UA 476
217233,AA 1637
217309,DL 1683
217320,DL 1650
217403,WN 56
217516,WN 5158
218377,AA 1742
218622,MQ 3914
219438,AA 2902
219497,WN 3631
219666,AA 1912
219822,EV 4428
220124,OO 4190
220147,WN 5467
220346,EV 3998
220581,G7 6182
220717,WN 2541
220989,MQ 3358
221218,AA 622
221313,WN 2061
221318,WN 3712
221357,YX 3553
221377,WN 5509
222176,MQ 4245
222229,OO 3700
222271,WN 3021
222520,WN 473
222762,WN 4092
222827,AA 1173
223109,AA 1523
223308,EV 3979
223391,WN 5615
223681,WN 5512
223876,WN 142
224286,DL 466
224312,UA 471
224341,WN 3047
224554,UA 2443
224704,DL 736
224774,WN 1077
225184,OO 4195
225195,WN 3841
225324,G4 1963
225395,WN 2065
225513,AS 1156
225558,AA 1753
225568,WN 2190
225733,WN 2712
226028,WN 2732
226379,YX 4339
226645,OO 3658
226936,G7 6181
227116,DL 1355
227308,AA 111
227478,UA 302
227559,UA 1556
227562,WN 4846
227832,DL 1246
228193,AA 96
228307,YV 6272
228563,OH 5064
228599,WN 4826
228682,OO 5520
228755,9E 5169
229092,WN 3076
229136,ZW 3784
229979,YX 4299
230077,WN 1291
230664,WN 2668
230976,G4 1395
231045,DL 2993
231117,OO 4090
231136,WN 5124
231340,WN 4630
231772,WN 6732
231880,WN 5143
232000,G4 1238
232712,UA 2318
232822,WN 46
232878,OO 3984
232961,WN 4181
232998,WN 1733
233005,WN 2170
233097,YX 3498
233110,OO 4116
233363,OO 3567
233717,DL 1871
233746,OO 3518
233801,YV 6274
233846,OO 3802
233976,WN 4442
234347,WN 2613
234349,AA 1404
234523,YX 4567
235654,WN 3406
235739,UA 1799
236176,WN 734
236525,DL 2024
236615,AS 1098
236778,AA 2191
236932,OO 3872
237007,UA 1025
237119,WN 1722
237258,WN 4289
237482,B6 1617
237498,WN 6766
238118,WN 3331
238393,WN 6549
238503,OO 5973
238584,WN 5077
238629,WN 6875
238631,OO 3603
238817,DL 1434
239643,WN 2514
239994,EV 4400
240265,UA 586
240630,AA 2801
240829,DL 2390
241787,UA 1256
242034,WN 1374
242483,WN 574
242734,YX 3485
242961,EV 4260
243429,WN 2354
243537,WN 3330
243677,WN 3313
243917,C5 4872
244169,WN 5347
244750,AA 2616
244941,AA 1913
245000,AA 508
245095,WN 3519
245116,MQ 3933
245178,OO 3953
245428,WN 3404
245459,WN 3557
245929,WN 1626
246488,DL 2809
246809,WN 5742
247105,AA 46
247165,YX 9393
247212,WN 5681
247320,WN 153
247845,B6 726
247979,WN 1798
248115,WN 4691
248400,WN 4119
248485,MQ 3560
248509,WN 4795
248989,DL 569
248998,OO 3565
249426,WN 3121
249748,DL 1251
249946,MQ 4173
250012,MQ 3558
250141,DL 2476
250680,WN 3822
251104,WN 4935
251461,WN 4420
251966,UA 515
252238,9E 3586
252431,YX 4552
252454,EV 4273
253261,DL 348
253582,OO 3742
254401,WN 5103
255051,DL 2319
255067,DL 2450
255207,C5 4231
255588,DL 2246
255778,WN 2421
255799,UA 2265
256302,DL 2572
256381,WN 5823
256533,WN 4644
256992,9E 3447
257234,DL 1233
257709,OO 3515
257725,WN 2839
257747,WN 3442
258223,WN 3393
258391,AA 907
258582,WN 3351
258597,B6 2034
259144,WN 2993
259170,WN 5005
259380,WN 4385
259389,YX 3438
260085,WN 3961
260806,DL 2529
260813,9E 3394
261088,DL 1230
261120,WN 6742
261387,WN 1583
261576,WN 3045
261890,UA 802
262445,F9 423
262695,WN 2046
262921,WN 882
263042,OH 5202
263404,OO 3562
264159,WN 6516
264473,OO 4918
264524,WN 6466
264576,WN 3170
265561,AS 1187
265721,AA 487
265856,OO 4073
265866,WN 5256
266054,C5 4006
266119,MQ 4243
266272,UA 1521
266360,WN 1069
266524,UA 1616
266616,DL 2683
266617,WN 5282
266974,WN 735
267156,WN 743
267300,OO 4114
267616,EV 4398
267837,MQ 3781
268009,WN 4356
268298,YX 4578
268346,B6 1474
268433,UA 1925
268642,DL 2621
268736,WN 4832
268934,WN 1462
268958,WN 3884
269346,EV 4477
269478,WN 2663
269480,WN 3883
269521,WN 3528
269537,OH 5210
269714,WN 4673
270009,DL 1216
270093,WN 3309
270135,OO 4178
270311,WN 4875
270315,DL 2005
271139,WN 1257
271194,OH 5350
271239,OO 3623
271386,DL 1567
271425,WN 3497
271868,DL 2120
272146,WN 3196
272236,WN 5542
272367,WN 4188
273194,WN 6906
273273,OO 4172
273328,AA 1914
273544,UA 1238
273878,OO 4154
273955,AA 2533
274024,AA 1748
274232,WN 3566
274589,UA 1690
274839,WN 2909
275645,MQ 3568
275779,B6 2917
275842,OO 4096
275867,WN 38
275904,DL 887
275937,WN 3065
276006,EV 4185
276403,WN 6177
276561,WN 399
276765,OO 3650
276812,WN 4187
277719,WN 5263
278478,YX 4278
278732,WN 5010
278867,UA 455
278894,MQ 4149
278910,AA 528
279252,WN 4502
279484,WN 3758
279540,DL 316
279961,MQ 4244
279980,WN 3815
280017,WN 3430
280018,WN 6112
280061,WN 1926
280335,OO 3718
280436,WN 5540
280658,G4 1227
280820,B6 2154
280983,WN 3453
280997,G7 6278
281313,WN 3880
281950,AA 110
282618,MQ 3346
282702,WN 2205
283521,YX 4458
283789,OO 3807
283847,WN 169
284413,UA 361
284528,WN 2942
284760,B6 2583
284824,DL 2022
284998,9E 4840
285020,WN 3691
285239,YX 4274
285261,WN 6654
285806,WN 5502
286042,EV 4017
286117,WN 1012
286168,MQ 3315
286699,WN 5506
286708,WN 6293
286913,OO 3791
287500,B6 938
287898,DL 1174
288442,WN 617
288911,WN 5986
289487,DL 1957
289853,DL 698
290054,EV 4030
290192,9E 4775
290392,WN 3179
290880,DL 459
291153,WN 4608
291228,DL 1849
291394,YX 4399
291471,OO 5758
292236,WN 3175
292473,UA 1762
292610,G7 6268
292633,B6 1853
292762,WN 6657
292897,WN 3135
292958,AA 170
293110,MQ 3595
293170,DL 2817
294053,WN 5258
294650,WN 2074
294808,ZW 3875
295236,UA 1683
295601,WN 3588
295840,WN 6917
296105,WN 1344
296238,WN 3304
296505,OO 4135
296709,DL 1304
296808,WN 1932
296840,WN 2731
296848,YX 4486
296910,WN 3457
297094,WN 2202
297367,OO 5673
297503,WN 2130
298676,9E 5405
298858,WN 3440
298948,WN 3720
299672,WN 1685
300137,WN 774
300529,WN 2012
300750,UA 1444
300926,WN 1123
301296,OO 4005
301584,WN 3272
302053,WN 2263
302145,UA 1594
302459,9E 4787
302614,EV 4168
303047,DL 1179
303411,WN 1881
303640,EV 4141
304204,WN 239
304456,EV 4139
304586,AA 1859
305463,OO 3666
305475,UA 713
305881,AA 898
305956,OO 4187
306175,WN 5437
306285,WN 4048
306365,OO 4184
306535,DL 1990
306723,WN 5507
306740,WN 4334
307030,WN 2890
307196,WN 4093
307290,DL 789
307609,WN 3014
308218,G4 1314
308379,9E 4762
308651,AA 1695
308747,WN 1079
309750,WN 4478
310320,OO 4099
310556,AA 259
310781,DL 1160
310817,WN 1412
311320,WN 2642
311462,WN 4770
312250,AA 2274
312585,WN 6581
312930,9E 4888
313498,WN 2908
313687,WN 1426
313765,WN 4298
315005,UA 547
315151,DL 2271
315417,WN 3219
315802,WN 3729
315943,WN 1118
316385,UA 1245
316480,UA 641
317253,AA 2841
317375,EV 4101
317841,WN 5792
317989,UA 594
318669,OO 5357
318679,WN 1460
318881,9E 6234
318890,OO 4941
318978,WN 2673
319659,WN 2525
320171,AA 123
320374,UA 1677
320793,DL 390
320886,UA 203
321781,DL 885
321883,WN 5065
321913,C5 4160
321968,WN 5359
322010,DL 1059
322521,WN 3867
323222,DL 2242
324652,DL 2393
324670,OH 5531
324779,OO 3882
324914,WN 3460
324989,AA 1640
325409,WN 3795
325651,WN 5409
326093,OO 5502
326299,WN 2889
326415,DL 1632
326734,OO 3935
326890,YX 4358
327054,9E 5478
327517,G4 1213
327798,WN 3077
327827,WN 558
327923,WN 4389
328283,WN 4692
328287,DL 2239
328354,DL 767
329972,WN 4493
330457,WN 6133
330468,EV 4392
330670,9E 4062
330942,WN 5525
330979,UA 1079
331022,WN 2610
331783,WN 53
332498,DL 2534
332637,WN 6416
332744,WN 3788
332908,9E 5061
333095,OO 4030
333195,UA 2263
333528,AA 2865
333677,WN 980
333995,WN 1899
334057,YX 4385
334719,DL 2881
335557,YX 4421
336676,DL 2146
336764,WN 2887
336913,YX 4621
337427,DL 398
337885,WN 2758
337987,WN 522
338252,WN 3897
338256,AA 646
338837,DL 2849
339793,9E 5012
339880,DL 977
340275,WN 4575
340719,UA 754
340893,B6 1443
341754,YV 6380
341790,UA 481
343722,YX 3400
343808,MQ 3305
343943,WN 5501
344144,WN 3206
344394,B6 2268
344567,DL 2208
344741,B6 1483
345017,UA 1042
345130,AA 981
345260,WN 2675
345394,WN 6250
345489,DL 1151
346415,AS 1037
346866,WN 141
346971,WN 4626
346977,WN 4758
347456,DL 847
347704,WN 1656
347757,WN 448
347954,OO 3817
348348,WN 3084
348584,WN 2692
348651,WN 4989
348657,DL 2947
349005,UA 2161
349088,OO 4006
349729,WN 4818
349866,WN 1743
350821,DL 2660
351562,YX 3525
351798,DL 1461
352535,WN 1537
353062,WN 2291
353075,WN 4865
353129,WN 3728
353142,UA 238
353328,AA 2857
353412,AA 1629
353513,WN 3212
353770,YV 6197
353817,WN 1353
354078,WN 4569
354481,WN 241
354661,WN 61
355223,UA 1864
355236,DL 2835
356148,WN 4278
356540,9E 4768
357021,G4 1927
357157,WN 3866
357245,AA 836
358134,9E 5145
359877,WN 4880
360167,WN 3537
360204,WN 5206
360657,OO 3669
361100,UA 1170
362147,YV 6141
362182,WN 2791
362595,UA 1495
362632,DL 1920
362773,UA 1455
362818,AA 580
362940,WN 4065
363993,DL 1329
364165,YX 4550
364329,YV 6146
364401,WN 3776
364593,WN 2174
364660,WN 4870
364732,G7 6216
364932,DL 939
364993,WN 862
365074,WN 3147
365118,AA 1614
365386,AA 148
365545,EV 4370
365899,C5 4208
366051,9E 3556
366718,G4 1913
366975,EV 4211
367035,WN 197
367096,WN 5851
367593,DL 783
367737,DL 2206
368929,WN 3070
369307,WN 3204
369671,WN 3198
371615,WN 2112
371620,DL 1095
371704,G4 1247
371786,WN 4348
371914,WN 2064
372252,DL 769
373834,WN 2476
373875,WN 549
373926,OO 3979
374753,WN 5109
374882,WN 2680
374923,WN 1262
375602,WN 4529
376952,B6 2919
377341,WN 859
377571,F9 7880
378416,WN 3081
379372,G7 6210
379423,DL 1198
379566,WN 3580
379583,DL 760
380795,AA 2727
381197,B6 1208
381446,DL 2789
381795,DL 729
381832,ZW 3828
382312,DL 1752
382313,WN 5275
382361,WN 2655
382591,AA 442
382776,DL 1272
383046,WN 3570
383809,DL 2887
383963,B6 418
384222,AA 529
384291,UA 1883
384460,WN 2352
384515,WN 2236
384616,DL 1468
384829,WN 3697
385023,WN 2804
386673,WN 2384
386949,UA 785
387629,WN 3379
387880,OO 5972
388034,AA 1565
388120,WN 474
388150,9E 4859
388308,WN 2206
388928,F9 1722
388986,OO 4125
389472,DL 1245
391113,EV 4321
391150,UA 507
391287,WN 5226
391514,WN 2042
391614,DL 2532
391724,B6 1930
391842,WN 5535
392090,DL 1405
392275,WN 2879
392423,9E 5451
393526,UA 2018
394350,OO 3965
395378,AS 1411
395584,UA 1860
396533,DL 2758
397214,WN 863
397724,WN 356
397871,MQ 4242
398488,UA 1724
398854,OO 3513
399439,OO 3928
400448,WN 1603
400832,WN 2298
401504,AA 2911
402059,UA 1781
402236,WN 1334
402454,WN 3214
402579,WN 3995
402613,UA 1776
402736,AA 992
402928,WN 2794
403506,WN 5441
403664,WN 3016
403791,WN 5809
403920,DL 1794
404552,9E 3595
404912,WN 5292
405316,WN 6505
405742,WN 606
405858,WN 4004
405958,MQ 3867
405988,WN 890
406261,WN 423
406287,AA 2524
407008,OO 3522
407928,UA 736
409161,DL 779
409227,WN 5012
409301,WN 2245
409348,UA 716
410297,WN 1409
411204,AA 1864
411206,DL 1551
411451,UA 979
412023,9E 3775
412101,WN 4715
412674,WN 3668
413573,UA 1939
413889,WN 4877
414485,UA 768
415144,G7 6309
415158,AA 1269
415293,WN 3623
415336,WN 1646
415905,WN 29
416789,WN 4680
416805,UA 1525
416832,WN 678
416844,WN 3029
417012,WN 5228
417773,B6 1230
417966,UA 1692
418042,WN 6044
418074,OO 4092
418417,UA 1439
418618,UA 799
418743,UA 2180
419272,WN 786
419448,AA 1878
419708,UA 2270
419818,OO 4113
419967,B6 2483
420034,DL 640
420238,9E 5007
420881,UA 456
420972,UA 2244
420992,9E 5499
421071,MQ 4248
421181,WN 1500
421713,OO 3908
421947,B6 1507
422947,WN 3342
425032,AA 1167
425425,YX 4272
425633,9E 4786
426873,9E 5292
427895,WN 4249
428087,WN 5236
428525,DL 550
428793,UA 276
428945,WN 3305
429727,WN 6104
430251,WN 1279
430707,WN 1942
431712,UA 444
431771,WN 2693
431933,DL 2541
432298,OO 5721
432310,WN 5069
433331,WN 2764
433760,MQ 3410
433968,DL 1001
434386,WN 5564
434852,9E 4862
434966,WN 644
435298,AA 66
435774,AA 1063
435857,WN 5212
435941,AS 1303
436002,WN 5318
437156,AA 1093
438277,9E 4805
438318,WN 896
438477,DL 2866
438880,AA 848
439053,AS 1255
439224,B6 2419
440326,WN 2690
440379,WN 6998
440584,G4 413
441103,DL 1925
441448,WN 3039
441680,DL 1630
442116,WN 2681
442127,WN 4714
442582,OO 3814
442877,UA 678
442952,WN 1682
443551,YX 4667
444310,WN 4668
445017,WN 3858
445192,WN 3145
445322,UA 273
446000,WN 4642
447858,G7 6244
447963,B6 125
448649,UA 1475
449997,AA 2076
450096,WN 2466
451474,UA 1135
451678,WN 4786
453325,DL 1070
453649,AA 1452
454772,9E 5305
454846,B6 2813
455016,WN 5203
455097,AA 279
456055,DL 387
456101,WN 1370
456926,DL 1619
457172,9E 5014
458150,DL 2301
458240,WN 3360
458461,WN 300
458636,WN 2066
458660,WN 1684
459592,DL 689
460223,WN 2292
460714,DL 1060
461204,WN 2297
462546,UA 1901
462630,WN 3008
462885,DL 1629
462932,EV 4122
463002,9E 4809
463377,WN 1979
463477,WN 6132
463836,UA 816
464013,WN 4302
464938,DL 808
465079,WN 4842
465419,WN 1346
465612,YV 6199
465726,YV 6144
465922,WN 4322
466398,UA 1780
466442,WN 2498
466827,WN 3268
466987,DL 1244
467239,WN 4800
468380,B6 1490
470218,AA 89
470600,WN 6770
470796,WN 586
470891,WN 2979
471373,DL 1555
472023,WN 2328
472196,WN 1228
472585,UA 1215
473399,YX 4282
473490,WN 2954
475089,WN 1819
475207,UA 591
475475,OO 4173
475997,UA 242
477970,DL 2266
478064,DL 1962
479058,WN 3824
479320,DL 421
480495,WN 1634
481040,DL 1616
481299,DL 2716
481331,WN 908
481920,WN 4651
482098,WN 940
482222,WN 2128
482386,YX 4231
484071,WN 2261
486366,UA 494
487222,WN 1615
487755,DL 284
488527,DL 1544
488609,WN 5814
489431,G7 6217
489830,WN 3193
489884,WN 1510
491695,DL 1227
493002,UA 431
493204,MQ 3366
493318,OO 5231
494079,YV 6200
494184,WN 1686
494271,WN 3050
494418,B6 2939
494533,WN 1538
495545,WN 4167
495799,OO 4117
496262,NK 1980
496470,DL 371
498164,WN 3630
499441,G4 1396
499632,UA 2380
500436,EV 4310
500815,AA 757
500849,WN 3831
501079,DL 1951
501786,EV 4430
503714,WN 1429
503906,C5 3261
503956,WN 893
504158,WN 4158
504743,UA 1852
504760,DL 1940
505194,WN 2749
506620,ZW 3780
507797,AA 130
508542,DL 749
508563,UA 214
508597,MQ 3797
508903,DL 664
509433,C5 4033
509690,WN 487
511092,9E 4839
511238,OO 5245
511696,OO 3951
512107,AA 2297
512352,OO 3927
512620,WN 977
513250,YX 9385
513572,WN 19
513952,B6 2302
514433,WN 1534
517206,WN 3711
517415,WN 100
517917,DL 2275
518083,WN 2805
519184,DL 2025
519684,WN 4546
521705,WN 3148
522935,WN 4565
523715,WN 1281
524140,9E 6045
525644,WN 3178
526360,B6 1253
526625,B6 889
527037,WN 3464
527149,UA 1718
527686,WN 5072
527839,WN 2484
528053,WN 6477
528648,B6 1317
529048,WN 1048
529819,WN 3052
530592,UA 1612
530598,C5 4081
530995,ZW 3829
531114,WN 4008
531358,WN 2076
532503,DL 776
532793,WN 1362
532797,DL 1831
533135,DL 339
534017,OO 3715
535660,YX 3563
535787,DL 1906
536057,UA 520
536141,DL 2314
536249,YX 4514
536348,AA 2894
538611,WN 4251
539195,YX 9388
540088,WN 2884
540292,WN 3340
541318,DL 1144
542364,DL 894
542918,WN 2933
544935,OO 3968
545799,WN 1029
547164,MQ 3542
547199,UA 1491
547622,WN 4359
548012,WN 6315
548077,OO 3745
548341,WN 6037
548496,WN 290
549508,WN 4682
550392,DL 1749
550606,9E 4878
552834,WN 1776
553510,B6 1447
553843,WN 4868
554761,OO 5240
554849,YX 4293
555561,AA 676
555809,OO 4041
556895,UA 244
556965,WN 1448
558621,WN 3361
558817,UA 517
559118,WN 1477
560070,DL 1532
560175,DL 1756
561979,WN 16
562062,WN 2697
562373,EV 4201
562518,9E 5197
563711,WN 411
564092,C5 4123
565032,UA 1875
566102,EV 3990
566169,DL 835
566393,OO 3920
566780,WN 184
566931,WN 3042
567107,WN 6888
567381,DL 458
567756,9E 5481
568629,YX 3627
568806,MQ 9312
569872,YX 4483
571266,WN 3293
571371,UA 2011
571462,AA 2622
571509,OO 4110
572218,WN 3491
572272,WN 3232
572567,UA 992
573439,DL 2736
576038,WN 357
576384,B6 2318
576857,UA 1048
577058,AA 2438
578773,G4 409
580509,WN 6330
580830,OO 3943
581171,WN 633
581535,YX 4622
584232,WN 3150
584755,WN 4993
585490,DL 827
585920,AA 2379
586099,DL 629
586293,AA 2828
586331,WN 500
586424,WN 4045
586743,DL 1178
586860,DL 2678
587250,AA 1434
587873,B6 2684
588676,EV 4295
588752,WN 5548
590240,WN 600
590838,WN 6576
592878,WN 2095
593569,WN 1103
594519,DL 1200
594955,C5 4233
596709,WN 2169
596982,WN 1371
597100,WN 5316
597454,9E 4794
597936,AS 970
597943,WN 3387
598925,WN 5457
600665,WN 6323
601061,OO 4109
601738,B6 813
602160,WN 3055
602432,ZW 3956
602557,AA 1686
603578,OO 5239
604395,WN 1806
604943,WN 2657
605088,WN 4871
605176,WN 5573
605258,9E 3723
606748,WN 3483
607651,YX 4678
607881,WN 2211
609508,WN 349
609770,WN 1030
610489,WN 757
610693,UA 1880
610704,C5 4291
611647,WN 3718
612581,WN 2168
612730,WN 5197
612998,WN 2049
613531,WN 4696
614780,UA 283
614940,UA 1222
615713,YX 9386
616094,C5 3259
616199,DL 1010
616430,DL 2437
616557,MQ 3306
617198,WN 2724
617227,WN 2778
617488,WN 4088
617676,WN 2886
617958,AA 2721
618184,C5 4443
618593,WN 201
618981,OO 3533
619195,EV 4454
620311,WN 2490
620596,WN 4658
620820,OO 5630
620859,OO 3762
620922,WN 5246
621089,WN 968
621999,B6 2826
622935,WN 3073
623201,DL 1654
623652,WN 4840
623800,WN 4471
624204,WN 969
624975,WN 1124
625142,WN 1873
625722,UA 721
625811,OO 4170
626658,B6 2102
627445,9E 5031
627506,UA 1798
627944,9E 4861
628117,AA 2878
628572,UA 1588
629350,AA 1670
629388,WN 564
630160,MQ 4026
631305,OO 5589
632641,UA 291
633277,WN 1822
633504,WN 2981
633977,WN 324
634273,WN 1095
634955,WN 5131
635042,WN 2891
635754,WN 1501
636381,WN 4845
636596,DL 402
637418,WN 336
637959,YX 4252
638135,WN 4336
638499,AA 2225
639070,OO 4174
639310,AA 2867
639341,WN 2660
640151,AA 756
641332,DL 2976
641718,WN 1337
643319,OO 4592
644163,WN 6263
644246,WN 198
644398,B6 2490
644805,C5 4228
644883,WN 2679
645577,DL 2261
645897,UA 2004
646316,UA 2450
646595,UA 2109
648156,WN 378
648686,WN 3066
649345,MQ 3363
649513,WN 4134
650358,WN 3723
651377,YX 3559
651594,WN 663
652092,WN 2695
652915,DL 1765
653696,NK 1941
653987,UA 1554
654267,AA 1217
655562,WN 1051
655714,UA 1041
656103,DL 1485
656176,WN 628
656223,WN 4937
657768,UA 1603
657894,WN 2930
658861,DL 2635
659136,YV 6092
659388,WN 6714
659665,UA 231
660931,DL 2089
661374,WN 3230
662458,UA 634
663571,AA 1303
664764,DL 2129
664801,WN 1539
667150,B6 1584
667774,UA 2314
668316,AA 1387
669705,WN 1629
670075,WN 495
670905,WN 531
670978,AA 2676
671226,UA 2056
671479,9E 4832
671599,OO 3851
673034,WN 712
673938,WN 1283
675405,WN 2810
675645,AA 314
675653,EV 4896
676001,WN 1939
676661,DL 1899
676996,DL 1465
678559,WN 1016
678652,DL 1002
678940,UA 2055
679352,WN 5563
679733,B6 73
682636,DL 373
682713,WN 3981
684526,WN 5073
685608,WN 5980
686247,WN 833
686494,WN 5425
686878,9E 5038
687155,AA 2895
688350,WN 4578
689541,EV 4209
689835,WN 3515
690886,WN 4643
691146,OO 5322
691925,DL 2150
693376,B6 2453
693440,WN 2225
693777,OO 5293
695602,UA 1500
695677,WN 2718
695803,G4 1928
697045,WN 2342
697318,WN 637
698075,DL 2180
698584,WN 4517
701110,WN 511
701199,UA 2017
701414,WN 5176
702145,YV 6081
702498,C5 4148
703904,WN 1783
704352,B6 1719
704573,WN 1674
705809,WN 6691
705879,UA 2127
706364,WN 4430
706379,WN 4001
706659,UA 1842
707240,DL 1789
708010,WN 3619
708048,UA 1088
708250,WN 4016
708384,UA 451
708506,WN 1276
708788,UA 1966
710097,DL 1320
710429,AS 1302
710487,B6 383
710748,9E 6048
711391,WN 1532
712559,WN 2883
712628,WN 1851
713490,OO 3523
713564,B6 1826
713990,EV 4074
714251,WN 2094
714625,DL 2391
716363,WN 2868
716855,WN 4259
716922,AS 1198
717336,DL 384
721870,MQ 9313
722288,B6 925
722938,DL 624
723124,WN 4883
723177,WN 5514
723257,MQ 4222
723604,DL 781
724083,WN 4046
725767,DL 1459
726394,UA 688
728450,WN 567
728996,WN 6050
729434,WN 6206
730112,OO 3921
733767,WN 3514
734168,UA 1107
734958,DL 1061
735375,DL 837
735536,WN 4945
735678,WN 1402
736878,WN 3976
738834,9E 4914
739059,WN 3506
739522,WN 3152
741081,B6 2816
741287,DL 1301
741792,9E 4946
741901,OO 3599
742906,DL 754
744263,UA 220
744600,WN 161
744615,UA 1040
744974,WN 2983
745210,WN 6769
745962,OO 3949
746803,UA 487
747822,B6 2827
749483,OO 5937
749596,WN 54
750937,OO 3546
751608,AS 1110
751612,WN 6215
751897,WN 291
751934,C5 4037
754407,WN 6475
759127,WN 2036
760083,WN 37
760997,UA 2279
762387,UA 352
762628,WN 6597
762632,DL 2160
762920,UA 1045
763624,C5 3971
764769,UA 294
764812,WN 3939
766508,AA 1157
766905,B6 2918
767163,WN 3793
767769,DL 1452
768153,OO 3507
768247,UA 1597
768374,B6 1889
768398,WN 5121
768415,YX 3587
768491,WN 5210
769760,OO 5398
770879,DL 2137
771900,C5 4461
774398,WN 3223
774862,YX 3569
775168,B6 1117
775519,YX 3745
775621,YX 3727
776442,WN 4086
777561,B6 2454
778801,WN 1683
779864,OO 5336
780386,WN 3394
781173,EV 4888
781523,WN 3149
781921,YX 4428
782295,WN 5998
784022,UA 2012
784568,DL 2374
786139,AA 1004
786870,9E 6059
787006,WN 680
787032,WN 4909
787139,WN 5343
787798,WN 5057
788101,AA 2192
788485,AS 1304
788706,WN 5566
788894,YV 6217
789671,WN 3869
792435,WN 1542
794133,9E 5300
794355,DL 503
795138,EV 4362
795219,WN 2806
795609,WN 1792
797275,YX 5022
798373,WN 1802
799058,WN 2050
799115,AA 1616
799747,DL 2055
801308,AA 2393
802771,WN 3124
803598,UA 1952
806228,WN 1800
807597,DL 1194
807661,B6 1917
808463,WN 2439
809327,WN 2631
809348,DL 1211
809440,WN 1554
810914,AA 509
811101,UA 1181
812199,WN 6997
812633,OH 5237
813240,YX 3750
814113,WN 245
814120,DL 685
814612,OO 5497
815243,B6 857
816129,UA 1576
816548,9E 5084
818112,WN 3670
819653,OO 4196
825294,DL 2060
825867,WN 3721
826055,WN 3201
828254,B6 1101
830407,WN 1493
831206,OO 5428
831889,DL 1760
834980,UA 965
835107,WN 1585
836402,9E 4843
837920,WN 3115
838215,WN 1189
838727,WN 2311
839670,UA 512
839789,WN 2016
841612,WN 3648
842110,DL 1470
842915,WN 5311
842934,WN 2737
843372,WN 1446
843670,EV 4288
844063,UA 1774
844573,WN 5682
845058,WN 3336
845130,YX 4462
846155,9E 4773
846583,DL 2236
846945,WN 3352
848568,AA 226
849041,WN 5620
849228,WN 3167
849571,WN 2885
850519,OO 4079
850898,DL 2039
850934,AA 1727
851249,WN 2045
13,DL 516
29,9E 4842
42,NK 55
44,DL 1023
49,DL 2804
50,DL 989
52,WN 1339
55,UA 894
56,WN 437
57,YX 3443
58,UA 2444
64,YX 4714
73,UA 1648
74,YX 5779
84,YX 5616
92,UA 1760
93,AA 1165
96,9E 4767
99,YX 3666
100,9E 4923
101,B6 710
109,AA 2548
113,AS 1999
116,YX 5662
118,UA 554
122,UA 386
123,YX 5687
125,B6 373
128,DL 3121
136,YX 5611
158,WN 532
159,UA 2377
160,YX 5615
163,DL 2469
169,NK 1906
171,WN 2433
172,YX 5751
175,UA 2274
176,YV 6158
178,AA 153
180,DL 3190
186,UA 492
187,DL 3110
197,YX 5623
200,UA 2447
202,DL 243
204,AA 1356
206,YX 5643
208,YX 5625
211,WN 3278
215,9E 4926
216,ZW 3835
217,B6 628
219,MQ 3319
222,NK 1169
225,DL 1201
229,9E 4813
236,NK 1197
240,YX 5618
241,WN 544
243,NK 57
245,WN 375
256,B6 2204
262,9E 4797
263,AA 2255
270,DL 378
281,NK 1035
285,DL 705
291,YX 5772
296,UA 2455
297,UA 2116
301,DL 45
306,WN 1572
311,NK 3154
323,MQ 3746
327,G7 4388
329,B6 84
331,YX 4375
333,UA 229
336,DL 3031
337,UA 2222
339,DL 1255
340,9E 4691
341,YX 5617
348,AA 2452
349,DL 688
351,WN 930
361,9E 4828
363,WN 1995
371,DL 3099
383,EV 4452
390,DL 497
392,YX 5628
399,DL 227
402,DL 1371
414,UA 2388
422,NK 3205
426,9E 4962
427,DL 654
437,YX 5621
438,YX 4750
441,UA 2343
456,DL 2900
463,UA 2469
476,NK 827
480,AA 1450
481,B6 384
483,AA 2294
487,DL 1078
489,DL 703
500,YX 5863
504,WN 1246
507,MQ 3961
510,B6 285
511,YV 6021
514,UA 1729
528,DL 535
535,AA 2045
537,NK 1192
538,WN 341
539,DL 308
546,DL 443
547,B6 2574
548,YX 5598
549,B6 2820
552,B6 1589
553,YX 5594
556,UA 339
557,G7 4457
562,B6 1212
575,EV 4198
579,9E 4884
587,B6 739
593,G7 4451
595,B6 483
599,B6 920
600,B6 1643
601,DL 2131
602,B6 2202
612,YX 5728
615,UA 310
617,MQ 3326
619,B6 1448
625,YV 6037
632,WN 331
634,9E 5450
645,G7 4404
646,YX 5813
650,YX 5761
652,YX 5676
653,G7 4507
658,AA 2550
660,DL 114
662,UA 1700
665,NK 3756
666,DL 1563
667,DL 115
673,B6 606
680,9E 4743
683,UA 420
686,UA 1528
689,UA 579
695,AA 844
701,UA 1961
710,DL 515
720,9E 4702
721,G7 4428
735,B6 1924
737,DL 753
741,WN 5393
745,UA 612
750,DL 2544
752,YX 5732
756,G7 4405
763,YX 5597
767,G7 4589
768,B6 629
769,B6 140
771,WN 136
773,OO 3293
777,YX 3747
782,AA 2336
785,9E 4867
787,YV 6113
789,OO 5475
795,YX 3650
797,UA 737
801,DL 1779
802,B6 5
803,9E 4968
810,UA 797
816,UA 555
820,AS 29
823,YX 5595
824,B6 115
831,YX 5657
839,G7 4431
846,YX 5630
853,B6 1305
857,DL 372
859,UA 412
872,9E 5533
874,AA 2189
875,YX 5793
883,AA 658
886,WN 165
887,UA 2451
892,C5 4290
899,B6 2703
902,G7 4435
904,YX 5666
921,YX 5624
924,YX 5810
925,G7 4380
927,DL 1464
931,9E 5518
936,DL 1020
938,B6 1829
952,DL 436
955,B6 1554
957,DL 3003
962,YX 4706
966,G7 4406
967,UA 2281
969,9E 4997
970,AA 2103
977,YX 5639
987,AA 2504
988,YX 5702
990,UA 333
992,9E 4980
996,B6 1654
998,DL 1653
1013,YX 5745
1034,YX 5785
1036,9E 4658
1038,DL 1295
1043,WN 2143
1045,UA 454
1053,B6 1711
1058,UA 589
1061,AA 12
1064,UA 1956
1067,DL 463
1070,DL 1681
1077,YX 5626
1086,DL 845
1091,UA 1589
1100,YX 5590
1102,UA 1194
1109,9E 4632
1112,YX 5592
1123,9E 4729
1128,AA 132
1129,B6 1874
1133,MQ 3784
1135,B6 1498
1143,AA 672
1150,YX 5783
1152,AA 1273
1153,DL 858
1162,YV 6357
1177,DL 985
1178,UA 1605
1189,C5 4329
1193,DL 2048
1194,9E 4964
1198,AA 1768
1201,B6 1501
1202,DL 1704
1210,WN 1706
1214,DL 325
1231,DL 8810
1233,9E 4957
1235,YX 5635
1239,F9 259
1240,DL 1063
1243,UA 1663
1245,9E 4652
1261,DL 2123
1263,B6 2060
1265,EV 4066
1267,YX 5604
1269,B6 1983
1270,DL 1087
1281,YV 6157
1288,DL 1358
1292,B6 820
1294,YX 5603
1300,AA 1832
1302,UA 399
1314,UA 2253
1320,DL 2574
1328,DL 431
1333,G7 4523
1347,B6 1573
1348,YV 6204
1350,WN 529
1361,YX 5638
1366,WN 978
1373,UA 1520
1383,UA 2491
1390,NK 54
1392,YX 5811
1394,UA 2435
1401,G7 4429
1407,B6 1756
1411,MQ 3311
1416,YX 5613
1421,YX 5782
1427,UA 2449
1436,UA 511
1439,YX 5740
1449,AS 28
1455,B6 2404
1456,9E 4940
1458,NK 61
1459,UA 738
1460,NK 58
1464,DL 561
1473,G7 4389
1491,DL 1635
1496,YX 4484
1504,YX 5818
1507,G7 4400
1531,C5 4276
1534,9E 4820
1537,UA 543
1540,YX 5650
1545,AS 160
1558,G7 4420
1560,9E 4943
1565,WN 548
1578,MQ 4042
1588,DL 1905
1589,UA 859
1590,NK 828
1607,B6 192
1610,DL 2067
1614,UA 2454
1615,NK 2432
1627,WN 450
1646,YX 5862
1652,DL 354
1658,EV 4409
1664,MQ 3313
1667,DL 474
1670,AA 2832
1678,WN 2097
1681,AA 2941
1690,WN 6002
1695,9E 4949
1700,9E 4978
1716,YX 5645
1726,DL 1014
1727,YX 5812
1732,AA 1197
1734,WN 189
1737,G7 4499
1745,YX 5660
1754,DL 410
1755,UA 732
1769,G7 4464
1771,G7 4407
1776,DL 3118
1784,9E 4659
1788,AA 122
1795,DL 702
1814,WN 1731
1831,DL 1275
1843,UA 549
1846,WN 595
1849,OO 3862
1851,AA 131
1859,NK 53
1863,OO 5561
1865,YX 5642
1870,AA 2840
1875,DL 1017
1881,DL 417
1885,WN 344
1894,UA 567
1897,9E 4952
1898,YX 5627
1902,AA 2019
1907,YX 5668
1908,DL 2202
1909,DL 1027
1915,AA 2453
1921,DL 2996
1930,YX 5609
1939,DL 2335
1942,UA 1981
1950,UA 1494
1987,G7 4500
2023,UA 2471
2027,WN 6232
2030,WN 1894
2032,DL 1600
2044,B6 2103
2046,DL 222
2048,AA 876
2051,DL 1598
2052,UA 2296
2068,DL 206
2075,YX 4710
2086,G7 4509
2105,DL 991
2108,WN 1914
2115,WN 5190
2126,UA 539
2130,DL 673
2132,UA 1077
2138,DL 481
2141,AA 633
2142,WN 2827
2152,UA 2092
2153,DL 635
2156,UA 1004
2159,NK 2309
2160,DL 3135
2165,YX 5809
2166,G7 4466
2194,B6 1306
2201,G7 4410
2203,UA 2445
2204,YX 5729
2212,DL 477
2214,WN 1933
2215,DL 3073
2224,NK 3242
2228,DL 2494
2231,DL 1841
2235,AS 425
2237,MQ 4189
2242,AA 237
2251,G7 4489
2253,9E 4733
2260,UA 1914
2261,UA 419
2273,YV 6226
2280,DL 406
2281,B6 399
2283,C5 4287
2287,YX 4864
2291,NK 1173
2302,DL 1400
2303,DL 246
2313,B6 2304
2325,UA 469
2329,B6 821
2330,DL 1029
2337,DL 2219
2349,DL 1318
2367,B6 1211
2369,NK 2420
2372,AA 516
2374,DL 1011
2384,DL 655
2385,B6 2073
2386,AA 605
2392,WN 5756
2395,9E 4901
2399,WN 5445
2400,YX 5652
2402,DL 1297
2409,YX 5855
2412,MQ 4068
2419,DL 1648
2424,B6 956
2430,MQ 3310
2444,DL 680
2450,DL 3132
2451,B6 2929
2488,G7 4399
2490,G7 4445
2491,WN 1181
2493,YX 5715
2494,9E 4631
2496,YX 5651
2504,AA 2033
2512,B6 1724
2514,MQ 3303
2517,9E 4983
2534,UA 1544
2543,B6 2003
2559,YX 4477
2567,DL 8783
2575,AA 1931
2577,YV 6094
2583,YX 5794
2584,B6 579
2591,YX 4503
2610,G7 4397
2614,DL 501
2622,G7 4381
2623,B6 273
2625,WN 1107
2630,UA 2461
2631,WN 556
2633,NK 2266
2654,9E 4694
2662,DL 2502
2672,DL 467
2675,B6 2930
2685,AA 625
2688,ZW 3960
2705,B6 1757
2708,9E 4686
2709,YX 4281
2720,AA 443
2733,AS 19
2737,UA 1236
2740,WN 985
2765,G7 6189
2776,YX 3543
2788,WN 343
2791,AA 2738
2806,OO 3895
2810,WN 155
2823,UA 298
2829,WN 2825
2830,WN 6332
2831,G7 4385
2832,YX 5608
2837,UA 222
2850,WN 1756
2854,DL 1026
2872,9E 4816
2881,YX 4292
2891,DL 321
2894,YV 6166
2903,YX 4614
2918,YX 3483
2933,EV 5022
2944,DL 309
2945,DL 420
2960,YV 6123
2976,B6 730
2979,G7 4408
2982,B6 1361
2987,DL 1852
2990,DL 2132
2995,AA 794
3012,NK 1193
3016,DL 2019
3033,YV 6147
3034,YX 5607
3045,B6 919
3053,UA 1607
3054,UA 381
3060,UA 2234
3075,B6 663
3079,DL 2263
3081,YV 6107
3087,YX 5710
3110,UA 241
3117,B6 1928
3118,B6 2528
3119,UA 1587
3124,YX 5661
3131,G7 4393
3137,DL 444
3138,B6 1046
3143,UA 1691
3167,UA 245
3222,UA 2200
3229,G7 4562
3232,OH 5301
3240,YX 5591
3241,WN 1485
3243,G7 4423
3254,NK 318
3274,AA 1678
3279,WN 4245
3286,UA 518
3291,OO 3855
3320,G4 1900
3326,NK 1011
3337,DL 909
3339,UA 2448
3340,NK 59
3345,DL 849
3359,AA 418
3374,9E 4653
3385,UA 2246
3407,YX 5734
3419,UA 1730
3426,DL 1730
3429,B6 1484
3435,UA 920
3438,G7 4444
3442,YX 5805
3445,WN 2103
3458,UA 1701
3466,DL 408
3468,EV 4271
3477,UA 2470
3480,DL 1065
3481,YX 5622
3483,DL 1988
3501,WN 438
3513,YX 5640
3523,B6 827
3526,UA 357
3529,UA 358
3530,WN 5747
3534,DL 628
3560,B6 1497
3561,YV 6363
3570,DL 1127
3579,B6 957
3592,UA 2264
3601,9E 4656
3603,G7 4443
3607,DL 3090
3609,YX 5694
3617,WN 2233
3619,9E 4925
3626,AS 1808
3640,DL 3112
3647,OO 5692
3653,DL 1036
3659,DL 328
3661,G7 4577
3667,WN 814
3697,DL 1838
3698,AA 2846
3702,UA 359
3707,OO 5516
3708,NK 2431
3712,NK 629
3727,UA 1721
3732,UA 261
3743,B6 2144
3744,YX 3506
3747,DL 1129
3768,NK 3280
3772,YX 5704
3777,DL 414
3783,YX 5636
3788,9E 4933
3797,YX 5722
3806,YX 5677
3813,C5 4363
3815,9E 4703
3835,UA 660
3852,WN 4129
3866,WN 4869
3888,G7 4541
3923,YX 5705
3924,F9 258
3927,UA 2452
3933,WN 979
3939,DL 3079
3959,B6 1574
3962,YX 5763
3968,UA 569
3980,WN 166
3985,YX 5801
3995,UA 531
3998,B6 729
4022,DL 1241
4030,DL 1403
4032,B6 2084
4055,YV 6066
4079,9E 4995
4081,AA 2916
4094,NK 1174
4105,UA 731
4116,YX 4368
4118,DL 1260
4142,UA 233
4144,WN 672
4166,DL 3187
4182,DL 951
4183,9E 4979
4191,OO 3884
4197,YX 5612
4202,9E 4817
4205,YV 6150
4240,NK 683
4242,B6 211
4249,YX 5822
4254,AA 2554
4259,NK 1528
4276,9E 4709
4284,B6 1684
4302,AA 600
4303,WN 613
4337,MQ 3894
4340,B6 605
4343,YX 5620
4355,YX 5764
4362,WN 280
4365,9E 4821
4374,G7 4468
4378,DL 1487
4392,NK 2430
4416,DL 1872
4418,WN 1198
4436,B6 2371
4457,YV 6184
4481,UA 578
4503,UA 2178
4508,WN 202
4527,WN 347
4568,DL 2105
4572,9E 4874
4584,WN 2194
4592,NK 1195
4609,G7 4555
4630,UA 580
4633,DL 1217
4638,NK 60
4640,MQ 3312
4644,MQ 4175
4656,AA 1435
4658,DL 2195
4663,YX 5675
4666,WN 1559
4667,WN 1587
4680,WN 2183
4685,AA 1536
4700,AA 2631
4704,YX 3710
4709,YX 5637
4716,9E 4665
4723,9E 4857
4725,UA 2288
4733,DL 1018
4738,9E 4930
4744,9E 4649
4747,AA 513
4751,UA 1241
4754,G7 4413
4763,AA 2089
4764,UA 323
4787,YX 5792
4798,B6 589
4802,NK 314
4809,B6 630
4833,DL 1854
4835,WN 2260
4843,YX 5847
4856,OO 5778
4862,DL 2159
4864,B6 474
4866,G7 4441
4876,9E 4953
4880,B6 709
4881,B6 840
4884,WN 1525
4885,UA 2205
4887,DL 1674
4928,WN 463
4940,B6 304
4951,AA 1108
4953,WN 403
4967,G7 4424
4973,9E 4844
4980,YX 4337
4988,DL 44
4990,WN 1908
4997,DL 2377
5005,B6 482
5007,EV 3952
5015,WN 4133
5021,DL 812
5022,DL 319
5024,WN 2493
5045,DL 1224
5047,UA 698
5052,WN 1878
5094,AA 1312
5096,UA 1299
5104,AA 2195
5105,WN 1436
5106,AA 2261
5109,UA 1105
5127,UA 2208
5132,DL 3192
5137,DL 765
5138,UA 779
5158,DL 3071
5162,DL 553
5181,YX 4490
5186,WN 335
5203,MQ 4031
5207,YX 5723
5224,DL 1476
5237,AA 1287
5247,9E 4798
5258,DL 404
5267,UA 1188
5272,DL 1577
5275,YX 4610
5279,YX 5768
5287,G7 4425
5292,B6 394
5306,UA 1226
5309,UA 1223
5317,B6 2105
5331,UA 1630
5333,B6 443
5353,UA 1618
5362,DL 978
5390,UA 2360
5402,WN 3281
5446,YX 5599
5466,YV 6135
5468,B6 2111
5479,G7 4432
5486,YX 5641
5501,DL 1562
5514,UA 2177
5525,YX 4290
5530,B6 141
5572,WN 1924
5583,AA 317
5592,B6 723
5599,G7 4415
5605,MQ 4035
5619,DL 312
5630,G7 4584
5631,UA 450
5634,AS 371
5646,G7 4411
5651,B6 1753
5655,WN 1922
5663,DL 401
5666,YX 5799
5671,G7 4576
5674,9E 4986
5679,YX 5683
5698,B6 2198
5706,9E 4875
5721,B6 2879
5731,B6 944
5745,AS 46
5747,UA 631
5748,DL 3061
5755,AA 1057
5759,DL 1055
5760,B6 2128
5765,WN 2468
5781,YV 6072
5783,AA 2120
5791,NK 3288
5824,AA 1994
5829,YX 4580
5833,WN 5856
5834,AA 2029
5843,DL 1960
5883,WN 482
5897,DL 1335
5905,YX 4551
5916,G7 6207
5931,UA 1121
5945,9E 4967
5953,UA 1571
5992,UA 1152
5998,9E 4936
6004,UA 2003
6009,B6 1974
6031,G7 4516
6033,WN 3210
6057,DL 388
6079,DL 1171
6087,OO 5703
6098,DL 272
6107,G7 4436
6123,DL 3120
6126,YX 4602
6134,UA 1083
6141,NK 50
6161,NK 3202
6174,YX 5674
6182,DL 446
6184,DL 2023
6240,WN 4810
6267,NK 1010
6301,DL 918
6318,YV 6020
6320,B6 738
6323,YV 6310
6335,B6 1074
6338,UA 734
6339,G7 4558
6341,G7 4482
6382,DL 809
6397,B6 2327
6413,AA 2552
6441,B6 674
6469,DL 1462
6498,WN 909
6523,YX 4287
6532,YX 5798
6552,AA 2119
6564,DL 1186
6606,9E 4637
6612,B6 1426
6624,DL 479
6627,DL 1795
6646,WN 2707
6649,B6 1524
6658,NK 1190
6669,WN 1161
6673,B6 544
6682,NK 51
6699,UA 1768
6701,C5 4824
6706,WN 287
6711,YX 5719
6724,UA 2235
6729,UA 1732
6756,DL 1360
6763,YX 4997
6772,UA 1023
6778,YV 6328
6786,9E 4958
6789,YX 4716
6790,EV 4098
6812,YX 4425
6818,AA 1148
6844,AA 159
6894,NK 1207
6921,AS 221
6933,G7 4488
6948,WN 2122
6965,AA 1706
6977,AA 850
7038,OO 5216
7048,B6 2427
7073,WN 3450
7076,DL 1365
7079,OO 5680
7086,DL 199
7120,NK 2323
7139,OO 3946
7155,9E 4848
7165,WN 4056
7179,AA 1193
7211,DL 1019
7224,WN 3792
7264,F9 2555
7268,9E 4956
7274,YX 4848
7306,WN 483
7309,G7 4403
7313,YX 4822
7329,UA 2209
7338,YX 5648
7354,OO 5744
7364,YV 6029
7381,B6 104
7383,C5 4364
7384,B6 610
7385,9E 5194
7399,UA 1745
7413,UA 1467
7418,YX 4794
7441,DL 273
7446,WN 781
7448,DL 2015
7457,YX 5614
7485,AA 612
7510,UA 285
7522,B6 2963
7527,WN 480
7538,DL 651
7546,UA 664
7557,B6 17
7566,B6 2926
7573,UA 342
7583,B6 1648
7585,UA 2453
7599,G7 4433
7619,WN 3378
7632,AA 190
7648,9E 4913
7661,YX 5778
7692,WN 1568
7706,YX 5753
7715,G7 4437
7733,DL 242
7739,NK 2421
7748,DL 412
7751,AA 345
7799,YX 4492
7842,WN 3597
7872,B6 664
7885,B6 86
7888,DL 1084
7893,UA 208
7897,NK 1098
7914,C5 4871
7930,UA 669
7944,DL 2787
7957,YV 6078
7990,G7 4538
7995,NK 221
8013,UA 1568
8017,B6 25
8028,B6 527
8080,DL 1076
8088,B6 1390
8094,B6 1903
8096,B6 853
8131,AA 1396
8144,UA 742
8150,UA 453
8162,DL 374
8193,B6 2913
8209,B6 1805
8223,WN 6005
8227,WN 449
8240,UA 1620
8253,B6 1616
8260,YX 5703
8288,UA 2009
8308,WN 2874
8319,UA 246
8325,WN 971
8336,UA 272
8370,9E 4824
8381,9E 4850
8393,UA 2359
8435,DL 2473
8474,9E 4969
8518,YV 6015
8523,YX 4934
8525,WN 3337
8554,UA 1704
8555,UA 1854
8567,B6 1030
8587,WN 953
8595,MQ 3745
8601,B6 1954
8613,9E 4643
8621,WN 3422
8643,B6 94
8656,WN 4799
8666,NK 56
8673,G7 4505
8676,WN 2309
8683,DL 1072
8689,DL 234
8692,DL 1111
8698,WN 2172
8711,UA 661
8719,UA 1111
8748,UA 1155
8752,9E 4939
8768,B6 1712
8789,YX 4782
8795,G7 4422
8796,DL 530
8814,G7 4401
8839,DL 1661
8847,G4 1905
8848,YX 5632
8883,YX 5606
8893,AA 966
8896,NK 1062
8897,DL 1834
8910,AA 2556
8928,WN 1671
8946,NK 52
8950,B6 2236
8966,YX 5633
9018,WN 170
9035,G7 4387
9041,WN 526
9043,G7 4426
9102,YX 5647
9136,G7 4398
9141,DL 1823
9150,9E 4700
9154,YV 6128
9170,DL 3117
9189,UA 223
9224,B6 1225
9233,G7 4447
9234,NK 1189
9276,YX 5658
9282,WN 4070
9295,WN 1687
9331,UA 1977
9332,WN 634
9361,B6 2677
9392,WN 2126
9416,WN 5662
9429,DL 687
9444,DL 2156
9445,WN 4513
9468,WN 138
9469,WN 2817
9501,DL 762
9524,UA 305
9555,YX 5665
9575,UA 435
9633,9E 5087
9649,UA 2498
9669,B6 1783
9718,9E 4897
9731,YV 6282
9738,G7 4412
9740,YX 4866
9749,WN 3384
9772,DL 1030
9781,YX 5800
9828,B6 172
9855,YX 5664
9868,AA 315
9907,AA 461
9910,NK 3219
9967,9E 4854
9983,9E 4996
10016,G7 4610
10042,AA 2228
10048,G7 4556
10051,UA 809
10066,NK 605
10080,AA 2490
10109,B6 216
10171,B6 2403
10172,UA 1723
10212,G4 1311
10218,AA 88
10249,OO 4084
10263,WN 456
10271,WN 1796
10384,DL 817
10424,C5 4367
10431,YV 6179
10440,9E 4929
10442,WN 1430
10450,DL 376
10460,DL 1163
10493,MQ 3495
10515,AA 1281
10526,9E 5409
10546,UA 1229
10552,WN 810
10597,OO 4102
10601,DL 8794
10616,DL 1427
10620,YX 4709
10650,DL 1237
10662,DL 742
10669,OH 5358
10678,B6 1986
10684,NK 1196
10685,WN 373
10688,G7 4469
10706,YV 6056
10712,WN 390
10725,AA 738
10731,YX 4777
10732,YV 6153
10751,OO 3860
10755,B6 2480
10758,UA 2446
10766,UA 1621
10781,9E 4664
10795,B6 1718
10801,EV 4900
10818,DL 710
10847,DL 2174
10860,AA 2601
10879,ZW 4849
10888,AA 490
10903,WN 195
10914,WN 160
10916,YV 6242
10941,AA 1319
10944,YX 4669
10960,YV 6155
10962,B6 884
10987,YX 4748
11000,DL 3182
11024,B6 2042
11036,WN 4014
11045,AA 409
11098,C5 4874
11104,UA 2459
11168,9E 4942
11170,DL 3022
11171,YX 5771
11191,B6 1873
11260,YX 4271
11278,UA 287
11307,9E 4906
11318,WN 2741
11321,DL 1291
11332,G7 4452
11333,WN 3348
11363,ZW 3817
11375,AA 1252
11390,WN 5191
11456,F9 1353
11487,G7 4456
11522,AA 2860
11540,YX 5605
11543,AA 1059
11549,DL 1047
11552,DL 2519
11578,YX 4556
11588,WN 3346
11600,B6 1506
11630,NK 1097
11683,WN 193
11727,NK 2310
11730,NK 1059
11789,G7 4439
11804,C5 4812
11817,AA 1705
11881,B6 308
11884,WN 5875
11890,UA 1836
11891,UA 458
11896,MQ 4236
11918,AA 2909
11932,DL 1396
11951,B6 274
12006,UA 2439
12010,WN 2256
12043,UA 2229
12044,DL 1311
12048,WN 5432
12073,WN 727
12089,DL 1229
12096,YX 5619
12113,DL 933
12129,WN 2052
12130,WN 436
12143,YX 5644
12168,AA 1348
12177,G7 4465
12192,EV 4062
12196,WN 6501
12197,DL 1250
12208,UA 1828
12251,UA 472
12253,G7 4529
12292,YX 5670
12316,DL 3059
12323,UA 392
12364,NK 1036
12386,YX 4859
12425,YX 4744
12463,NK 708
12499,YV 6044
12510,WN 927
12515,DL 392
12528,WN 6017
12530,B6 2911
12577,WN 2508
12591,DL 1206
12604,YX 4441
12629,UA 1739
12645,YX 5720
12652,DL 1156
12663,YX 5610
12703,WN 4128
12739,YX 5717
12740,UA 249
12761,WN 6109
12768,UA 439
12791,OO 3801
12818,MQ 4101
12844,9E 4975
12853,WN 2193
12887,AA 264
12888,UA 447
12909,DL 1125
12965,WN 410
12992,G7 4438
13013,AA 2692
13047,DL 3094
13070,AA 2310
13096,WN 964
13109,UA 599
13119,WN 3586
13120,YX 4767
13150,AA 834
13223,DL 1935
13229,UA 360
13256,MQ 3883
13262,YX 5649
13272,UA 762
13281,WN 2630
13287,OO 3856
13321,YV 6033
13327,AA 2663
13340,9E 4651
13364,UA 1598
13373,ZW 3820
13381,WN 1052
13394,WN 1102
13461,DL 2222
13491,UA 354
13524,NK 3155
13557,YX 4783
13575,DL 437
13576,AA 787
13636,WN 3262
13646,AA 1851
13667,UA 1675
13684,B6 2061
13703,YV 6366
13741,9E 4629
13759,YV 6043
13800,UA 1555
13823,DL 1348
13824,UA 694
13843,B6 1004
13860,AA 810
13867,DL 399
13887,DL 409
13889,WN 1231
13898,WN 960
13913,9E 4677
13957,AA 2083
13979,UA 1646
13992,YX 4276
14013,NK 3755
14035,B6 947
14054,UA 774
14105,G7 4450
14225,UA 1896
14242,UA 467
14293,C5 4345
14313,B6 328
14334,B6 2973
14358,NK 925
14374,AA 168
14388,DL 8811
14413,UA 1296
14449,AA 361
14451,DL 1021
14456,NK 317
14459,YX 5701
14475,DL 2127
14489,YX 5743
14538,NK 1748
14559,WN 5550
14585,WN 1708
14625,UA 2176
14665,DL 1421
14728,OO 3520
14732,WN 3787
14751,UA 1613
14753,B6 1045
14766,9E 4984
14782,DL 1238
14795,C5 4823
14861,WN 286
14878,AA 2059
14919,NK 1191
14947,AA 1806
14951,G7 4504
14976,C5 4362
14978,UA 424
14998,YX 5762
15066,ZW 3831
15117,DL 3113
15127,AA 458
15227,C5 4294
15302,MQ 3475
15312,F9 1482
15317,WN 4614
15327,UA 330
15407,MQ 3580
15408,UA 1067
15435,OH 5290
15464,AA 2213
15475,B6 2009
15483,DL 1203
15517,WN 2562
15519,AA 2855
15566,WN 250
15626,B6 138
15667,DL 2153
15680,G4 1338
15688,C5 4284
15698,WN 4725
15723,DL 2126
15734,NK 3181
15744,AA 29
15757,9E 4924
15774,G7 6267
15781,NK 3188
15790,B6 271
15830,G7 4392
15844,YX 5654
15879,9E 4672
15898,YX 5736
15910,DL 434
15917,AA 2834
15997,AA 2023
16029,DL 540
16059,UA 530
16073,YX 5601
16134,DL 1685
16153,WN 5003
16165,UA 1862
16194,YX 5770
16291,YX 5646
16292,UA 995
16371,DL 476
16373,UA 2350
16404,WN 1361
16409,WN 2956
16474,G7 6190
16489,YX 4429
16557,OO 3614
16584,AA 297
16616,C5 4286
16621,G7 4440
16672,WN 1
16696,WN 3382
16725,UA 2407
16784,OO 4119
16811,ZW 3894
16823,WN 296
16844,UA 684
16849,B6 295
16894,9E 4987
16975,WN 424
16981,AA 1884
16991,B6 1602
17079,9E 4959
17139,B6 361
17232,WN 1002
17250,OO 5238
17293,9E 4693
17306,C5 4283
17311,B6 2830
17357,G7 4430
17459,G4 2511
17609,UA 776
17616,WN 200
17635,WN 351
17720,DL 1073
17724,WN 2708
17751,G7 4598
17928,G7 4459
17970,WN 342
17979,NK 926
17996,DL 1356
18090,B6 689
18091,UA 2155
18100,DL 1663
18103,OH 5586
18106,NK 2701
18111,NK 319
18113,NK 2267
18121,WN 3885
18124,UA 620
18126,WN 196
18142,B6 29
18231,F9 545
18232,C5 4289
18253,YV 6288
18269,DL 571
18352,WN 4882
18356,F9 1483
18374,DL 462
18442,WN 441
18446,WN 4944
18500,ZW 4847
18565,YX 4288
18571,9E 5526
18617,WN 2041
18642,G4 796
18656,WN 6899
18663,YV 6079
18682,9E 4727
18817,B6 614
18831,AA 2515
18862,B6 110
18916,DL 416
19098,WN 214
19152,9E 4974
19261,AA 2432
19264,DL 695
19348,DL 407
19374,9E 4689
19381,B6 2975
19408,DL 235
19427,UA 752
19469,DL 739
19471,YX 5795
19489,G7 4481
19513,WN 5580
19553,AS 39
19564,OO 5745
19572,NK 220
19576,WN 289
19654,9E 4941
19768,AA 420
19785,YX 4970
19789,B6 926
19816,DL 1416
19836,WN 2739
19857,DL 1742
19968,WN 5037
20099,C5 4343
20114,UA 1033
20115,B6 191
20140,B6 1919
20173,G7 4579
20294,WN 1729
20409,NK 1601
20443,UA 1283
20480,DL 1022
20524,WN 2264
20553,G4 1907
20568,WN 5151
20569,OO 5542
20572,NK 2702
20597,UA 1742
20718,C5 4336
20830,B6 2164
20859,WN 651
20954,9E 4758
20994,YX 6141
21012,WN 3372
21049,UA 2309
21097,F9 2554
21139,G4 1206
21167,WN 1230
21172,G7 4503
21187,C5 4857
21227,DL 564
21321,G7 4544
21396,WN 1132
21439,9E 4708
21460,DL 1564
21477,DL 1991
21542,UA 622
21546,WN 17
21741,OO 5668
21823,YV 6014
21842,WN 3448
21845,WN 2982
21872,UA 680
21931,AA 2127
22008,YV 6370
22014,UA 2141
22032,G7 4545
22035,G7 4462
22082,UA 2187
22208,YX 5765
22231,NK 3183
22289,AA 446
22389,WN 3429
22394,DL 3128
22432,NK 3152
22467,YX 4975
22512,WN 3425
22552,UA 2401
22578,UA 782
22692,YX 5724
22722,DL 2111
22825,UA 624
22883,YX 5593
22907,WN 1565
22995,DL 1809
23075,B6 1544
23080,WN 1177
23085,9E 4993
23129,NK 232
23161,WN 2102
23212,WN 370
23293,WN 582
23298,9E 4988
23350,AA 2345
23433,UA 1061
23462,AS 35
23463,NK 2336
23510,WN 725
23511,WN 6239
23570,DL 1271
23610,DL 395
23614,B6 683
23643,DL 1486
23857,NK 3180
23882,NK 2433
23948,DL 510
24018,YX 5707
24022,WN 1385
24027,YX 5711
24100,YX 4332
24102,YX 5656
24156,UA 766
24215,WN 3937
24219,YX 5682
24258,WN 6020
24299,B6 1830
24312,OO 5253
24723,DL 1647
24797,DL 441
24927,WN 914
24937,WN 5604
24983,MQ 4190
25015,WN 4580
25061,WN 1367
25098,WN 2456
25108,WN 2071
25279,UA 1246
25331,MQ 3422
25364,YX 4294
25441,YX 5721
25588,UA 448
25589,B6 254
25595,WN 5087
25654,UA 681
25659,UA 430
25727,B6 1362
25764,WN 1664
25782,DL 1308
25798,B6 2597
25858,DL 1860
25876,DL 1281
25879,UA 1887
25887,G7 4418
26014,DL 1034
26089,UA 798
26109,WN 2869
26136,B6 343
26151,DL 551
26156,YX 4531
26208,NK 1194
26211,MQ 3456
26239,C5 4859
26284,DL 3175
26323,WN 4345
26393,WN 1368
26433,UA 236
26442,EV 4363
26445,B6 2873
26474,G7 4421
26492,AS 17
26618,WN 534
26687,UA 1010
26705,G7 6247
26709,YX 4749
26731,OO 5212
26738,YX 4987
26768,UA 719
26787,AA 450
26871,AA 1449
26920,NK 1061
26992,YX 5802
27034,DL 2481
27106,DL 3122
27111,UA 398
27114,NK 233
27205,WN 2259
27207,YX 5634
27260,9E 4640
27344,UA 2172
27513,WN 1031
27515,YX 5655
27528,WN 1322
27642,WN 840
27769,WN 2684
27796,DL 8789
28074,OO 5577
28085,WN 2592
28102,MQ 3981
28118,YV 6049
28144,B6 2083
28174,B6 1073
28372,AA 2472
28399,B6 1717
28442,DL 924
28515,DL 1384
28806,YX 5754
28818,UA 1292
28916,B6 2678
28942,DL 1535
28959,AS 499
29035,B6 2135
29092,YX 4548
29094,WN 1974
29174,WN 4755
29177,B6 1040
29235,YX 4833
29247,B6 2472
29279,G7 4491
29293,AA 433
29344,MQ 4047
29370,WN 2237
29444,YX 5789
29594,B6 139
29731,WN 5068
29766,WN 3222
29796,B6 1884
29873,B6 347
29887,MQ 3586
29909,G7 4484
29963,WN 800
29975,YX 4780
30109,AA 84
30140,OH 5200
30186,B6 2050
30192,WN 2105
30206,NK 1205
30223,B6 2010
30232,UA 418
30282,EV 3933
30344,UA 1208
30396,DL 1534
30409,WN 3140
30486,G7 4583
30496,WN 2783
30624,WN 1011
30878,AA 1700
30962,WN 4562
31002,AA 746
31034,WN 7
31095,YX 5791
31169,DL 1322
31173,B6 484
31248,WN 2627
31315,UA 281
31319,DL 1758
31344,9E 4716
31443,OO 4007
31476,NK 3281
31529,OO 3998
31634,AA 1724
31644,WN 3326
31665,G7 4409
31783,OO 5735
31938,F9 2595
32064,DL 1235
32108,B6 538
32121,G4 1343
32131,F9 1257
32134,DL 1430
32166,YX 5602
32197,NK 2311
32249,DL 996
32255,UA 2434
32285,YV 6213
32288,UA 383
32359,WN 2702
32630,B6 2027
32787,YX 5669
32848,EV 4469
33035,B6 1227
33039,UA 1147
33054,G7 4391
33083,YX 5596
33095,9E 4922
33286,WN 2007
33500,9E 5201
33548,UA 532
33979,WN 1533
33982,DL 8771
34004,DL 1670
34089,F9 548
34102,AA 323
34104,OO 5795
34135,WN 1106
34166,DL 8784
34221,B6 463
34259,DL 1517
34475,UA 321
34555,WN 5096
34677,YX 4586
34706,WN 32
34751,MQ 3892
34896,WN 1087
34908,EV 4383
34987,AA 386
35078,B6 1849
35215,UA 1100
35322,WN 3290
35396,G4 1224
35471,YX 5797
35478,DL 2258
35519,B6 239
35631,F9 2282
35661,G7 4446
35671,WN 4239
35699,WN 2447
35806,DL 3085
35853,9E 4998
35882,WN 4894
35935,MQ 4104
35937,UA 2458
35983,YX 5739
36034,WN 5714
36092,WN 4250
36104,YX 4525
36177,C5 4817
36178,YX 5673
36232,WN 1130
36345,DL 1373
36356,B6 2964
36567,AA 2062
36634,NK 3243
36660,YV 6318
36673,UA 759
36708,G4 1359
36749,C5 4318
36766,9E 4898
36772,UA 379
36787,WN 537
36789,UA 1113
36825,WN 2862
36854,AA 845
36960,WN 815
37003,UA 1190
37019,B6 513
37042,B6 2974
37070,B6 348
37170,EV 4149
37243,DL 2829
37351,DL 1745
37410,B6 895
37460,WN 135
37476,NK 3220
37542,G4 2502
37713,DL 122
38004,F9 674
38051,OH 5126
38130,9E 4981
38152,AA 1101
38285,AA 1713
38334,AA 2852
38338,B6 2914
38365,WN 446
38443,UA 708
38523,G7 4514
38635,G7 4568
38684,G7 4597
38702,YV 6151
38709,DL 3133
38932,UA 1706
38956,ZW 3770
38992,9E 4994
39064,EV 3976
39075,B6 2976
39192,UA 1505
39331,NK 3278
39353,B6 1243
39402,B6 1003
39433,WN 2315
39549,UA 1459
39618,G4 464
39654,C5 4845
39841,WN 1964
39850,DL 953
39928,DL 1254
40004,DL 1298
40073,WN 3629
40373,EV 3956
40374,YX 5737
40550,WN 4616
40585,G7 4402
40730,G4 2517
41034,DL 2278
41319,UA 2110
41417,NK 2703
41420,WN 4951
41833,G4 1323
42285,B6 303
42537,F9 1985
42545,WN 4443
42574,G4 466
42578,YX 3494
42598,WN 2364
42780,WN 3380
42834,PT 4756
42911,NK 3182
42928,AA 2116
42947,B6 2125
43077,WN 1053
43204,DL 1511
43389,DL 514
43544,OO 5602
43755,OO 4061
43871,DL 3096
43920,WN 1098
43951,WN 6022
44173,DL 1116
44186,WN 947
44354,G4 2519
44418,DL 195
44494,WN 2583
44645,G4 423
44649,B6 564
44688,WN 4335
45267,WN 660
45392,YX 5725
45671,NK 2306
45739,YX 5788
45740,DL 523
45807,B6 528
45814,UA 1114
45887,UA 573
45896,DL 1769
46187,9E 4660
46250,DL 8786
46271,WN 3749
46279,G7 4476
46376,YV 6084
46586,WN 1336
46611,AA 2275
46638,F9 1989
46880,YX 5653
47014,YX 5629
47245,B6 921
47470,UA 1533
47478,AA 415
47610,WN 2044
47793,B6 1906
47880,G7 4394
48514,DL 832
48610,C5 4316
48657,DL 962
48753,NK 152
48774,NK 3279
48776,AA 2092
48947,UA 1662
49060,WN 4604
49264,EV 4193
49334,AA 1058
49403,DL 1813
49438,B6 2211
49664,OO 4069
49829,EV 3912
50078,WN 3375
50209,WN 2775
50453,WN 1973
50793,G7 4479
51052,DL 8788
51143,B6 430
51260,9E 4808
51341,YX 4655
51648,B6 2604
51720,B6 590
51781,YV 6127
51814,DL 221
51815,G7 4463
51858,UA 1418
52026,UA 2483
52077,WN 2187
52214,UA 216
52239,UA 1046
52240,B6 2389
52297,AA 1146
52310,YX 5803
52502,WN 5051
52565,DL 1119
52569,WN 498
52936,G4 1980
53070,OO 5263
53140,B6 48
53166,B6 1005
53194,NK 3253
53302,AA 1909
53609,AA 2553
53684,YX 4283
53934,UA 2495
54106,DL 8796
54317,DL 2338
54550,DL 1985
54597,WN 4834
54606,G7 4578
54740,OO 5417
55196,NK 2335
55211,G4 2507
55225,WN 5204
55372,G7 4510
55701,ZW 3769
55761,WN 852
55802,AA 1824
55879,B6 2285
56119,WN 5148
56182,WN 2388
56278,UA 2164
56316,DL 841
56536,UA 1294
56690,YX 5688
56906,G4 1918
57015,NK 3250
57115,YX 4289
57160,WN 5704
57224,NK 3153
57741,YV 6307
57754,9E 4954
57969,WN 4912
58478,G4 1954
58652,YV 6332
58856,MQ 3906
58888,NK 2700
59086,WN 2880
59230,B6 2584
59244,B6 1103
59528,OO 5755
59729,WN 5635
59734,WN 5576
59795,G4 1310
59826,UA 1577
59851,EV 4448
60363,YX 5671
60738,EV 3930
60887,WN 4018
60985,WN 6190
61050,WN 2913
61857,YX 5726
61891,WN 2602
61978,MQ 3399
61995,YX 5774
62334,UA 1917
62429,9E 4638
62544,WN 3932
62678,WN 5172
62767,DL 3127
62816,G7 4553
62929,WN 2857
63170,G4 1902
63406,OO 4034
63697,WN 185
63837,WN 3775
63890,DL 2342
64194,YX 5679
64304,B6 1982
64310,MQ 4080
64327,AA 2324
64357,DL 2200
64578,OO 5365
64990,AA 758
65364,YV 6006
65680,AA 773
65828,AA 806
65850,NK 1060
65984,YX 5667
66294,G4 2521
66716,G7 4551
66758,UA 2482
66846,YX 4974
66930,WN 4903
66971,WN 1677
67010,G4 1308
67025,WN 3808
67518,YX 3652
67984,AA 2377
68678,AA 1097
69009,EV 5238
69245,B6 2683
69611,9E 5479
69645,G7 4478
69725,WN 5961
69984,YX 5749
70255,UA 265
70537,YV 6160
70748,EV 3917
70894,DL 1351
70997,WN 3078
71306,DL 2348
71364,NK 1600
72595,G7 4490
72817,WN 379
72999,WN 1898
73190,G4 407
73356,WN 254
73388,DL 1471
73661,G7 4543
73788,AA 575
73976,UA 771
74019,9E 4999
74081,UA 2473
74126,YX 3654
74313,WN 2818
74377,G7 4486
74658,AA 718
74701,OH 5068
74757,F9 675
74801,UA 1096
74890,DL 8818
74919,WN 6045
75066,UA 1654
75448,AA 1413
75582,WN 5093
76205,DL 2902
77128,YX 4998
77311,G7 4396
77342,DL 8787
77356,B6 307
77459,UA 2478
78172,DL 538
78373,WN 2096
78537,B6 2106
78621,B6 2019
78813,B6 316
78856,NK 3204
79255,NK 3189
79427,9E 4671
79582,AA 616
79648,WN 3270
79712,OO 3630
79939,WN 4941
80357,B6 56
80448,DL 892
80844,G4 468
80869,WN 2829
81378,NK 1749
81449,WN 3001
81481,DL 8790
81618,G7 4526
82222,UA 978
82444,UA 524
82628,G7 4559
82758,NK 1963
82910,AA 374
82996,WN 5088
83168,B6 638
83545,C5 4855
83891,DL 1266
84051,AS 37
84279,WN 1085
84526,ZW 3881
84817,WN 5324
85038,G4 1916
85299,AA 1792
85778,AA 471
86293,YX 4983
86508,WN 5664
86692,DL 2295
86945,UA 1268
87131,UA 1950
87350,F9 1365
87692,9E 3824
87918,WN 4201
88623,G4 1914
88630,DL 8815
88650,G4 1207
88670,WN 3
88753,UA 394
89468,B6 673
89528,UA 652
90148,AA 521
90476,AA 1995
90530,G7 4449
90816,OO 5777
91162,WN 4703
91321,G7 4528
91796,UA 1962
91819,B6 962
92070,NK 3252
92178,B6 684
92451,DL 2507
92737,WN 4716
93142,WN 2665
93199,C5 4307
93422,DL 512
93755,B6 2992
93758,B6 941
94053,YX 4312
94064,WN 4839
94367,YX 4603
94614,9E 4754
94963,DL 1183
95017,UA 1445
95299,EV 4913
95644,UA 2477
96349,WN 6577
96389,EV 4306
96414,G7 4472
97245,C5 4856
97440,UA 545
97620,WN 3436
97983,UA 1401
98763,B6 982
98787,EV 4183
98843,WN 4697
99116,UA 724
99188,G4 2515
99268,F9 2771
99606,YX 5769
100002,B6 1819
100248,AA 163
100252,9E 4699
100663,WN 6058
100676,G7 4502
100891,AA 376
100902,DL 223
101471,G7 4599
101805,WN 2831
102049,WN 3575
102223,DL 1971
102245,F9 1757
102326,B6 1984
102513,OO 3592
102647,G4 408
102796,UA 1073
103385,AA 2487
103657,OO 3764
103835,WN 5173
104338,WN 2271
104605,AA 363
104666,B6 101
105137,UA 2016
105443,9E 4950
106132,WN 4511
106184,WN 652
106513,WN 3490
108261,9E 4966
108826,WN 4964
109673,F9 473
109699,DL 1117
109778,UA 1008
110214,B6 2041
110317,OO 5580
110884,UA 1517
111935,UA 1485
112202,G7 4617
112427,9E 6186
112641,G7 6225
112765,DL 1676
112979,F9 673
113450,DL 1025
113766,EV 3938
114304,WN 21
114405,DL 878
114477,B6 1254
114775,WN 3026
114890,F9 1509
115574,B6 1912
115606,YX 4685
115731,YX 4414
116136,UA 651
116420,YX 5600
117056,B6 1328
117079,DL 8785
117085,UA 326
118546,WN 3119
118983,YX 4860
119161,AA 1477
119695,UA 2142
120359,B6 1536
120745,DL 1239
120916,G4 789
120929,UA 1169
120964,DL 1196
121722,DL 2426
121794,B6 2223
121800,B6 2925
122163,9E 4892
122203,UA 1080
122506,WN 2111
123113,DL 2207
123262,C5 5027
123333,G7 4550
123424,DL 1108
123556,AA 1821
123569,AA 590
123605,WN 1183
123866,AA 2447
124535,F9 962
125068,DL 8799
125340,UA 2038
125536,WN 4796
125998,UA 1231
126466,UA 1740
126591,ZW 3913
126668,B6 1612
126861,9E 3799
127425,F9 963
127519,WN 6015
128140,G7 4580
128313,9E 4902
128534,G4 2512
128928,G7 4540
129019,B6 412
130120,G7 4570
130195,WN 6513
130931,AA 1337
130957,UA 1216
131593,AA 1419
131973,OO 3971
132376,WN 1067
132686,G7 4536
132773,UA 1024
133421,WN 2961
133571,EV 4892
134558,MQ 3705
134636,9E 4976
134716,NK 1951
135401,YX 4443
136413,OO 3089
137637,G4 2509
138161,UA 254
138606,WN 5496
139222,B6 57
139333,WN 5387
140117,WN 933
140350,DL 1706
140632,B6 517
141827,NK 3289
142328,DL 445
142786,WN 3157
143356,DL 1747
144107,OO 5845
146050,B6 2426
146486,EV 4042
146736,G7 4612
147147,OO 3696
147617,UA 1911
147999,NK 3251
148128,UA 1006
148467,G7 4581
149217,WN 5327
149480,WN 6225
149566,UA 1184
149942,ZW 3812
150681,9E 4937
150808,EV 3929
151613,MQ 4234
151722,DL 1234
152828,F9 1630
152854,MQ 4228
153413,AA 481
153471,9E 5467
153820,AA 1194
154172,B6 2348
154232,WN 6049
154358,UA 1514
154882,9E 4989
154908,AA 1224
155284,G7 6262
155433,AA 2462
155536,F9 659
156078,YX 3640
156180,WN 6905
156181,NK 1201
156196,DL 829
157280,DL 573
157424,WN 3116
157433,AA 2249
157804,AS 260
157805,B6 1047
158384,WN 5086
158503,UA 536
158505,AA 1222
158517,DL 8792
158780,WN 2209
159429,WN 4621
159446,B6 1985
159674,YV 6019
160452,F9 676
160503,G7 4549
161867,G7 4557
162743,UA 1703
163576,G7 4590
163937,UA 1735
163938,B6 1244
164434,UA 923
164847,UA 1151
165020,DL 1054
165265,G7 4395
166424,G4 1917
166500,WN 2254
166804,EV 4946
166828,EV 4243
167256,WN 6767
167617,AA 1561
168028,AA 661
168108,DL 8805
168880,YX 4275
168927,WN 1847
170497,NK 1983
171588,NK 3203
173075,WN 34
173812,DL 1058
173990,WN 3405
174093,B6 2948
174963,UA 2147
175093,EV 3964
176099,WN 818
176261,AA 688
176843,G7 4383
177728,B6 30
177850,G7 4458
178003,AA 2946
178191,B6 1604
178449,B6 268
178788,B6 987
179462,UA 822
179517,G4 1923
180092,DL 8802
180141,WN 5913
180735,UA 725
181150,B6 206
181194,WN 5429
181278,WN 4835
181306,WN 2399
181832,F9 1764
183680,AA 2664
185265,WN 2005
185426,G4 2505
185690,YV 6025
186140,DL 1008
188518,AA 2142
189240,OO 4107
189337,OO 5290
189830,DL 8777
190696,WN 1826
190883,G7 4546
191299,G7 4596
191347,UA 433
191435,WN 2704
191901,UA 1030
192045,UA 1064
192197,DL 8804
192399,AA 2316
193387,WN 3435
193487,WN 5404
193559,9E 4938
194311,EV 4427
194522,F9 1680
196665,G7 4448
196939,B6 848
197023,UA 1140
197171,F9 658
197697,DL 1438
198625,OO 3887
200100,AA 1409
200212,DL 475
200962,F9 1508
201177,WN 2860
202014,9E 5207
202789,OO 5804
203954,F9 2770
204113,EV 4285
205707,F9 1638
205717,9E 4991
206801,9E 5293
207828,UA 1503
207991,DL 3043
208702,AA 1297
209844,NK 1961
210762,C5 4875
211284,UA 39
212848,UA 1251
213012,UA 1943
213280,UA 2428
213309,OO 6207
215175,AA 2060
215346,UA 1511
215758,C5 5030
216226,UA 2466
216634,B6 847
217818,DL 1031
218504,WN 1919
219340,EV 3995
219561,B6 1725
220540,DL 8817
220710,F9 2594
222572,B6 2824
223518,WN 5707
223969,G4 2506
224234,UA 815
224762,YX 5663
224917,UA 1103
225586,WN 4838
225725,G7 4473
226937,OO 4014
227020,OO 5233
228137,DL 1412
228742,DL 1052
229071,DL 1180
229813,DL 1112
230272,B6 1034
230407,NK 1998
231387,NK 1200
232710,F9 7182
233301,EV 3958
233321,OO 4081
233650,OO 5733
234041,WN 854
234384,YV 6220
234513,DL 2090
236494,AS 882
237859,EV 5346
239126,B6 2605
239147,MQ 3362
239280,C5 4831
239301,G4 1925
239485,DL 1738
240778,UA 1044
240951,UA 1186
244854,G4 1216
246782,DL 2401
247184,DL 2117
248114,EV 4386
248261,G4 2525
249161,9E 4911
251146,WN 5194
254317,UA 1822
254331,DL 8803
254389,B6 817
254425,F9 472
255129,DL 1321
255403,G7 4560
255469,9E 4742
256200,UA 436
256421,DL 1349
256848,DL 1793
257815,DL 1407
258004,OO 5952
258668,AA 328
259229,G7 4454
260538,WN 3431
260954,9E 4972
261534,F9 1654
261621,WN 5002
262384,UA 1707
262925,NK 2002
263180,PT 4746
263503,G4 1266
263733,NK 2320
266724,9E 3954
267998,EV 3957
270417,OO 6218
271554,B6 1327
272306,WN 66
273380,WN 6261
274228,AA 492
274663,AS 251
275044,AA 1552
279292,EV 5009
279497,WN 5017
281747,B6 2548
281909,DL 8798
282516,DL 3018
283942,UA 1518
284750,WN 6775
285322,DL 2283
287753,YV 6182
288131,B6 2842
288391,EV 4949
288447,C5 4342
288931,G7 4585
290316,WN 3627
292768,G4 1936
293911,AA 2501
294565,G4 1304
297005,EV 3905
301188,G7 4593
301634,DL 2414
302637,C5 4830
303809,YX 5808
306421,UA 2393
306734,UA 1757
310298,F9 1631
311883,AA 2661
311900,G7 4571
312045,B6 11
312224,EV 5007
312905,DL 2537
313006,AA 1480
313536,YX 5773
313885,G4 443
314023,AA 2240
314337,WN 5035
314365,EV 4961
314499,MQ 3417
316216,EV 4936
320947,UA 1737
321838,B6 82
326159,B6 1702
327127,B6 1988
328852,EV 4105
329601,DL 2651
330947,AA 1847
331463,B6 2511
332057,EV 4987
332487,DL 2799
334138,UA 500
334862,B6 1116
334899,EV 4988
335621,C5 4867
336872,ZW 4817
338013,F9 1256
338564,UA 2054
339472,AS 526
340331,G7 4427
341093,C5 4303
341237,YV 6345
342446,NK 2201
342752,AA 1486
346529,9E 4977
346585,WN 6799
347095,DL 411
347457,YV 3812
348633,G7 4565
349800,B6 2306
351471,B6 290
356004,YX 4632
356379,UA 575
356495,DL 2224
357900,DL 1801
358048,AS 884
358258,YV 6218
358996,DL 1146
359082,9E 5166
359600,B6 2117
359992,G4 449
360429,DL 8809
0,UA 2280
6,DL 478
9,G7 4587
11,G7 4494
12,YX 4529
18,AA 1079
19,B6 844
20,UA 686
21,B6 1061
27,UA 2135
28,YX 5777
42,YX 5757
43,DL 526
44,B6 2294
46,B6 2310
49,UA 460
51,DL 382
53,AA 824
60,YX 4887
61,DL 2872
68,YX 4877
78,AA 2813
84,NK 852
88,G7 4382
89,G7 4416
92,9E 4736
95,9E 4747
96,YX 5733
99,AA 1766
102,AA 618
115,UA 1536
129,B6 494
133,C5 4281
136,WN 11
138,AA 813
140,UA 1209
147,YX 4654
148,B6 407
160,B6 2693
162,B6 2695
171,DL 557
172,B6 1603
182,YX 4758
189,DL 531
202,9E 4731
208,YX 5790
215,B6 694
216,UA 2660
222,YX 4641
225,YX 4534
232,AA 1373
247,B6 2193
250,AA 571
259,9E 4690
263,WN 5179
269,YX 4981
273,AA 541
274,UA 1486
277,YX 4587
278,YX 5823
281,B6 1261
283,UA 1863
287,9E 5044
295,G7 4539
296,B6 2205
297,AA 2038
298,B6 2495
299,UA 2287
303,G7 4175
304,YX 4759
323,DL 1326
328,G7 4434
330,YX 4861
331,UA 401
333,B6 1993
336,DL 1139
339,UA 2093
340,AA 482
342,C5 4825
344,YX 4863
345,B6 1278
362,YX 4935
369,YX 5727
377,G7 4390
380,DL 2043
381,UA 514
386,NK 466
393,DL 452
395,DL 2416
397,9E 4635
398,DL 2525
403,YX 4815
411,B6 2473
419,DL 2238
420,B6 2184
422,NK 1250
424,9E 4666
429,WN 6759
432,AA 1466
438,9E 4687
440,YX 5756
446,AA 1139
450,NK 98
454,DL 484
457,UA 1635
458,B6 2292
459,UA 473
468,9E 5470
476,YX 4656
499,AA 846
509,9E 4683
515,B6 2295
519,DL 2549
527,YX 5013
534,UA 1933
535,UA 2667
544,9E 4668
546,YX 5766
550,AA 606
553,C5 4851
560,YX 5837
564,9E 5321
565,B6 92
583,UA 1018
587,YX 4813
592,NK 1370
609,DL 2767
615,YX 5829
621,B6 1882
627,9E 4676
638,B6 798
639,YX 4542
640,YX 4746
645,AA 2338
650,UA 1461
652,B6 152
659,AA 2222
660,YX 5821
676,G7 4171
682,AA 2032
694,B6 2893
696,B6 2155
697,B6 2506
702,WN 431
703,DL 461
705,UA 1117
706,DL 524
712,9E 5030
723,YX 5758
730,9E 4912
731,UA 2355
732,AA 626
734,B6 2257
742,WN 284
746,G7 4604
749,YX 4594
750,YX 5659
754,AA 967
773,ZW 3743
782,YX 4723
787,YX 5752
795,UA 1127
796,YX 4631
801,DL 556
803,YX 5696
808,YX 5781
810,YX 5686
811,UA 2114
812,DL 2095
822,B6 1538
824,NK 3120
826,YX 5796
830,B6 249
835,WN 2229
849,UA 2426
851,UA 2494
854,YX 5820
859,AA 2538
861,NK 99
866,WN 391
868,9E 4738
879,UA 563
883,YX 4870
885,DL 2345
895,DL 958
914,UA 773
918,DL 2868
921,AA 2389
929,AA 454
935,AA 414
938,DL 432
952,YX 5824
956,G7 4477
958,DL 2307
968,UA 2101
969,G7 4573
983,AA 2091
995,YX 5678
999,YX 5004
1002,YX 4684
1003,DL 2776
1007,YV 6095
1009,YX 4979
1013,UA 2132
1021,YX 5826
1022,DL 2454
1026,9E 4634
1030,NK 1695
1037,AA 558
1038,WN 593
1042,AA 700
1052,G7 4511
1058,9E 5524
1065,YX 4852
1067,DL 743
1072,C5 4841
1080,YX 4733
1081,DL 314
1082,AA 488
1091,G7 4513
1094,DL 1226
1097,DL 2999
1098,B6 2309
1109,C5 4821
1120,UA 2630
1122,NK 467
1130,YX 5767
1133,ZW 3851
1136,DL 2890
1137,B6 1378
1138,DL 1051
1139,DL 1035
1142,9E 4701
1150,YX 5018
1152,WN 5185
1159,YX 5731
1160,DL 363
1164,OO 3539
1165,B6 598
1166,G4 2686
1171,YX 4913
1180,YX 4521
1188,YX 5804
1191,OO 5585
1196,YX 4559
1201,UA 778
1205,AA 2906
1210,YX 4931
1215,UA 2053
1217,YX 4544
1218,G7 4607
1219,UA 1097
1223,G7 4386
1225,DL 2059
1229,YX 5786
1230,DL 2269
1232,YX 4717
1234,B6 1881
1236,YX 4943
1241,B6 2353
1264,B6 2079
1266,9E 4725
1272,B6 2748
1289,YX 4513
1290,AA 2496
1295,UA 1504
1299,UA 1765
1310,UA 1108
1316,YX 4824
1324,UA 2611
1330,UA 676
1333,AA 1405
1337,NK 278
1340,YX 5780
1346,G7 4184
1347,C5 4293
1352,AS 469
1357,B6 2692
1366,NK 1692
1369,UA 653
1396,9E 4674
1399,DL 359
1402,AA 977
1403,YX 5019
1405,UA 735
1406,AA 2933
1413,YX 5856
1417,NK 1678
1418,YX 4545
1422,NK 856
1424,G7 4460
1425,DL 2584
1427,YX 4689
1428,YX 4946
1439,DL 549
1441,G7 4495
1442,AA 2139
1446,YX 5714
1448,YX 5750
1450,YX 4909
1454,AA 1693
1455,NK 241
1456,B6 910
1462,YX 4807
1466,AA 934
1479,G4 2417
1487,YX 5850
1500,DL 2873
1503,YX 4802
1520,B6 2157
1523,YX 4811
1538,YX 5833
1539,YX 4539
1564,AA 1233
1567,B6 294
1570,AA 2356
1572,NK 1676
1575,UA 462
1576,DL 2506
1577,UA 709
1579,DL 2611
1592,B6 2855
1612,AA 479
1616,G7 4520
1621,UA 2663
1622,B6 2392
1623,YX 4718
1624,AA 524
1628,WN 999
1634,B6 47
1641,DL 2100
1646,AS 547
1649,YX 4889
1662,B6 572
1664,AA 437
1665,WN 998
1667,AA 1875
1668,B6 1032
1675,YX 5697
1676,AA 1643
1684,AA 578
1688,B6 2566
1693,9E 4973
1694,B6 2492
1702,G7 4384
1707,AA 396
1711,NK 695
1730,AA 1880
1732,G7 4442
1758,DL 1748
1763,UA 1182
1765,AS 97
1783,AA 2889
1784,B6 715
1785,G7 4515
1786,B6 2331
1791,YV 6038
1839,DL 2540
1840,9E 4675
1841,AA 564
1844,B6 2293
1870,AA 785
1876,G7 4183
1880,YX 4892
1888,YX 5742
1898,DL 1082
1905,YX 4893
1909,WN 2717
1916,B6 1774
1932,B6 1521
1938,AA 1473
1941,9E 4646
1949,F9 2135
1955,AA 465
1961,YX 4995
1962,UA 1200
1963,YX 4980
1972,G4 2159
1973,B6 1728
1979,B6 2670
1983,DL 1166
1987,OO 4704
1996,YX 4541
2001,YX 4571
2009,WN 4444
2020,B6 662
2022,DL 2422
2032,DL 543
2036,YX 4747
2037,9E 5412
2038,B6 459
2046,NK 1311
2064,UA 1964
2070,B6 332
2074,WN 3713
2080,AS 392
2088,9E 4961
2092,UA 1599
2096,B6 2592
2105,WN 934
2107,B6 2594
2111,G7 4608
2118,DL 2072
2120,B6 1489
2127,UA 2230
2131,UA 2628
2134,WN 2034
2138,DL 1579
2151,YX 4763
2152,DL 1292
2160,DL 1378
2165,YX 4515
2167,UA 1773
2171,OO 5255
2184,YX 5007
2195,YX 4536
2199,DL 1083
2205,AA 1270
2209,UA 541
2220,UA 1641
2223,WN 646
2224,NK 1513
2230,AA 2384
2237,B6 2606
2250,WN 416
2258,DL 2265
2261,YX 4886
2268,AA 947
2271,ZW 3785
2274,AA 1291
2279,B6 1963
2292,DL 2462
2294,OO 5369
2315,YX 4623
2330,G7 4564
2334,AA 1378
2335,B6 1706
2346,G7 4524
2350,NK 2157
2362,UA 43
2367,B6 2287
2371,YX 4653
2380,AA 2271
2382,YX 4816
2383,C5 4811
2385,YX 5807
2410,G7 4170
2429,DL 1159
2431,G7 4542
2450,9E 4746
2452,UA 504
2454,9E 5529
2479,UA 2637
2482,YV 6171
2488,DL 470
2494,C5 4264
2497,B6 2219
2500,YX 4939
2504,DL 471
2512,UA 2162
2517,YX 4672
2524,NK 857
2529,UA 1575
2534,AA 1054
2535,B6 2291
2544,DL 2641
2545,YX 4604
2548,G7 4534
2553,AA 1092
2564,AA 2380
2574,AA 2387
2576,AA 1901
2583,UA 1218
2584,YX 4990
2585,UA 705
2592,YX 4520
2595,NK 1357
2596,AA 1032
2598,UA 1578
2600,YX 5718
2602,G7 4414
2615,YX 5776
2646,UA 2488
2674,AA 1638
2691,YX 4895
2696,UA 1185
2704,B6 1092
2713,G7 4522
2717,9E 4990
2718,AA 316
2723,B6 458
2752,ZW 3964
2756,YX 5839
2762,NK 1215
2764,B6 1860
2766,B6 2505
2768,WN 5964
2776,YX 4768
2781,G4 2205
2783,9E 5288
2793,YV 6071
2796,AA 1647
2797,YX 5859
2800,AA 2398
2803,WN 4117
2806,DL 356
2807,YV 6076
2829,G7 4165
2833,B6 2332
2834,AA 1003
2847,WN 3229
2853,UA 2468
2860,UA 2438
2865,B6 2593
2873,YV 6154
2892,YX 4944
2895,DL 1188
2908,UA 747
2909,UA 540
2913,YX 4638
2921,WN 183
2922,G4 454
2940,WN 430
2947,AA 975
2952,YX 5760
2956,AS 393
2967,UA 611
2969,YX 5852
2974,NK 804
2978,9E 4748
2983,DL 1728
2986,B6 1019
2996,G7 4181
3003,DL 1426
3008,YX 4585
3013,NK 602
3018,G7 4586
3020,YX 5827
3024,OO 5248
3026,YX 4872
3027,YX 4936
3035,UA 794
3046,UA 2656
3054,AA 476
3056,AA 2944
3058,AA 742
3059,UA 740
3078,NK 1512
3081,YX 4501
3087,G7 4574
3088,UA 2624
3101,DL 2637
3103,DL 2079
3105,YX 4846
3107,YX 4651
3108,YX 4901
3119,YX 4996
3150,C5 4844
3165,AA 2414
3173,UA 468
3182,AA 2353
3196,G7 4455
3198,G7 4600
3199,9E 4636
3201,YX 5680
3215,UA 604
3218,G4 1919
3227,AS 715
3247,AA 2030
3251,DL 2527
3252,AA 786
3277,B6 385
3280,OO 5265
3292,YX 4951
3293,UA 544
3298,B6 1530
3299,YX 4825
3309,9E 4721
3313,YX 4947
3318,B6 1861
3328,WN 5828
3331,9E 4965
3339,DL 559
3341,YX 4524
3342,YX 4791
3350,YX 4760
3358,UA 2605
3359,WN 4194
3379,YX 4787
3380,WN 4593
3382,G7 4532
3394,YX 4592
3397,UA 2153
3404,YV 6075
3412,DL 2711
3416,UA 2651
3438,UA 292
3445,C5 4379
3449,AA 9
3450,WN 535
3451,WN 106
3454,YV 6177
3456,DL 566
3458,DL 1341
3480,9E 4752
3485,YX 4564
3488,B6 686
3528,AA 2367
3541,YX 5755
3549,DL 1270
3557,YX 4911
3563,UA 2052
3567,YX 5695
3572,ZW 3886
3577,B6 1876
3578,G7 4194
3581,WN 856
3587,B6 1277
3592,AA 2513
3595,UA 2632
3604,DL 499
3608,YX 4920
3612,G7 4611
3615,YX 4786
3619,YX 4727
3624,G7 4471
3632,YX 5834
3646,YX 4814
3647,OO 5656
3649,OO 5534
3655,DL 2484
3675,YX 4769
3679,AA 1826
3695,UA 1250
3705,B6 1120
3721,AA 1385
3729,B6 186
3732,AA 1870
3741,AA 802
3744,UA 621
3762,AA 383
3767,YX 5693
3773,UA 2228
3785,G4 2207
3788,YX 5698
3794,YX 4648
3802,UA 2266
3813,9E 4662
3819,UA 1958
3823,AA 1696
3831,G7 4173
3844,DL 562
3848,9E 5011
3858,UA 1574
3861,9E 5536
3864,9E 4718
3875,9E 4647
3900,AA 1176
3908,UA 582
3914,UA 2638
3938,YX 4830
3948,C5 4848
3953,UA 1058
3954,AA 1228
3957,UA 2681
3959,WN 3769
3962,B6 1622
3963,G7 4496
3964,OO 5225
3971,UA 2639
4004,YX 4725
4005,9E 4697
4024,AA 978
4025,YX 4591
4033,B6 2565
4040,UA 1414
4047,NK 1033
4048,9E 4724
4054,WN 4624
4064,OO 5237
4069,AA 2647
4070,YX 4799
4079,YX 4798
4101,B6 1875
4116,AA 1174
4137,UA 2615
4138,9E 4715
4140,ZW 3798
4155,DL 1605
4158,B6 1132
4176,OO 5594
4183,B6 64
4184,OO 3115
4193,YX 4658
4194,G7 4169
4198,DL 368
4205,AA 2270
4217,AA 2694
4234,YX 4789
4242,AA 1823
4260,YX 4692
4265,NK 1401
4274,YX 5817
4287,G7 4467
4299,UA 650
4304,YX 4540
4307,WN 2383
4322,DL 353
4331,YV 6100
4343,YX 4609
4352,WN 1108
4374,YX 4575
4386,YX 5003
4396,WN 5495
4414,YX 4785
4419,YX 4969
4435,DL 2366
4438,UA 2464
4453,YX 4663
4463,WN 3325
4474,YX 4670
4484,YX 5825
4490,G7 4485
4508,YX 4855
4510,YX 4803
4516,B6 531
4534,B6 843
4550,NK 1487
4552,AA 224
4557,AA 1458
4574,UA 2311
4585,DL 2615
4589,YX 5738
4592,UA 1604
4620,DL 2982
4624,YX 5845
4627,AA 652
4636,YX 4797
4637,UA 1082
4638,AA 2296
4668,YX 4668
4671,9E 4628
4674,YV 6269
4689,UA 2631
4695,OO 5224
4696,G7 4508
4701,UA 2674
4727,WN 1890
4730,YX 5815
4737,G7 4591
4744,AA 818
4757,WN 4401
4769,YX 4662
4796,YX 5784
4804,YX 4788
4816,DL 2564
4827,B6 602
4837,YV 6248
4839,YX 3701
4843,AS 406
4854,AA 410
4860,UA 1892
4863,WN 2220
4871,G7 4588
4875,UA 1422
4879,B6 503
4895,WN 1224
4901,YX 5747
4903,WN 1775
4915,OO 4031
4932,AA 402
4936,AA 318
4939,UA 1253
4944,DL 2551
4957,B6 2742
4965,B6 1994
4969,AA 1555
4973,AA 547
4987,YX 4781
4993,9E 4641
5012,WN 2531
5018,B6 2669
5023,G7 4537
5026,AA 1717
5028,YX 5853
5032,AA 1548
5054,OO 3509
5056,AA 1184
5066,DL 2994
5070,B6 341
5084,B6 2718
5088,9E 4951
5119,AA 311
5122,UA 2613
5127,NK 1324
5131,AA 426
5163,B6 2894
5187,UA 1007
5197,B6 2339
5207,WN 484
5220,B6 2810
5221,UA 2672
5224,G7 4182
5234,WN 1617
5235,C5 4315
5242,YX 5840
5253,OO 5550
5258,WN 903
5260,UA 2652
5265,AA 1860
5271,NK 1486
5282,YX 5838
5284,9E 5455
5287,C5 4816
5288,YX 4516
5296,ZW 3900
5314,G7 4483
5324,YX 4835
5328,NK 903
5330,AA 1769
5343,YX 4988
5344,UA 1670
5346,WN 5863
5364,YV 6149
5366,WN 937
5370,B6 126
5374,WN 1084
5376,YX 5806
5393,YX 5832
5400,YX 4574
5419,9E 4726
5430,B6 2029
5435,AA 2917
5436,YX 4839
5437,AA 2130
5450,UA 1590
5480,G7 4176
5506,UA 635
5519,G7 4501
5521,DL 900
5523,B6 1605
5539,UA 297
5549,UA 2425
5555,YX 5735
5557,UA 1778
5587,YX 5672
5591,UA 2223
5596,UA 1924
5600,UA 2059
5602,WN 1669
5611,AA 21
5628,YX 4945
5634,B6 2864
5648,NK 3119
5697,DL 2300
5709,AA 707
5715,B6 2030
5718,C5 4288
5721,YV 6061
5747,B6 2156
5750,WN 3075
5752,DL 2441
5758,G7 4186
5764,NK 1639
5777,G7 4547
5792,G7 4619
5801,UA 1807
5803,YX 4642
5804,AA 2088
5810,WN 1575
5811,YV 6068
5826,UA 495
5847,WN 4357
5849,UA 1868
5860,UA 1789
5875,DL 1402
5876,YX 4649
5879,B6 931
5898,WN 993
5909,YX 4673
5926,YX 4704
5952,G7 4180
5958,NK 3170
5960,G7 4530
5968,AA 1363
5988,AS 427
6038,WN 4544
6046,UA 679
6048,YX 4687
6069,WN 1415
6070,UA 1891
6083,AA 1096
6104,YX 5631
6105,YX 5746
6121,B6 372
6139,WN 2474
6191,UA 457
6193,B6 585
6224,WN 2224
6231,WN 6357
6255,C5 4828
6263,NK 1482
6268,UA 2614
6275,YV 6106
6296,B6 2595
6302,WN 6004
6304,YV 6111
6322,DL 500
6335,AA 2500
6339,YX 4766
6352,NK 1253
6354,9E 5029
6386,WN 2409
6387,AA 2850
6396,B6 1515
6409,DL 493
6421,UA 2225
6422,WN 1422
6434,AA 489
6452,AA 2129
6501,G7 4592
6507,YX 4526
6508,DL 563
6522,AA 1959
6526,AS 714
6545,WN 590
6550,9E 4678
6556,B6 2206
6559,G7 4419
6584,ZW 3805
6595,WN 3458
6596,YX 4624
6655,9E 5527
6677,UA 1506
6693,UA 2664
6702,AA 1967
6720,UA 1508
6740,AA 1282
6750,YX 4832
6754,9E 4730
6755,AA 2710
6765,DL 970
6776,WN 401
6786,AA 1325
6797,B6 809
6830,UA 1940
6834,NK 853
6871,NK 123
6888,B6 342
6892,YX 5700
6900,UA 1900
6916,YX 5816
6925,G7 4605
6931,WN 3973
6942,YX 3684
6963,YX 4891
6964,YX 5849
6986,UA 2024
6987,DL 2232
7004,DL 529
7005,WN 3799
7010,UA 1496
7012,B6 2274
7049,F9 2134
7057,AA 346
7063,AA 1508
7075,G4 1367
7081,NK 1677
7092,YX 5684
7141,UA 1711
7162,9E 5375
7168,DL 2550
7169,DL 2557
7188,YX 4792
7189,YX 5009
7190,UA 1968
7194,UA 2112
7205,DL 2074
7210,AA 2407
7246,WN 873
7279,G4 1908
7283,AS 353
7289,WN 2552
7291,UA 789
7314,UA 677
7340,AA 408
7400,B6 171
7411,DL 349
7418,B6 2747
7436,NK 1356
7444,OO 4450
7468,9E 5525
7470,AA 462
7516,WN 1094
7522,G7 4595
7524,B6 2428
7544,WN 5040
7545,YX 5712
7553,UA 1410
7556,UA 1905
7574,AA 570
7576,AA 1592
7577,WN 629
7583,YX 4963
7596,YX 4801
7628,WN 277
7635,ZW 3839
7647,WN 1390
7657,DL 1503
7661,AA 1664
7663,AA 1463
7675,YX 4793
7678,DL 1387
7689,YX 5836
7710,YX 5828
7715,YX 5843
7719,9E 5494
7727,G7 4518
7729,YX 4724
7733,YX 4938
7757,YX 5857
7759,WN 62
7775,B6 2288
7793,YX 4518
7801,WN 3034
7802,UA 2251
7807,YX 4903
7816,UA 1011
7818,AS 1472
7824,YV 6233
7844,9E 4685
7847,AA 976
7875,B6 1031
7884,G7 4602
7895,YX 5858
7947,YX 4588
7961,AA 493
7964,YX 4862
8023,WN 939
8050,G4 416
8075,B6 1854
8090,UA 1265
8095,DL 1519
8099,AA 2179
8100,YX 4817
8143,YX 5730
8148,G7 4535
8150,NK 1399
8162,UA 702
8195,UA 2603
8203,AS 374
8205,UA 1104
8232,YX 5775
8256,YX 4558
8263,AA 1998
8286,AA 594
8293,YV 6105
8320,B6 1216
8333,WN 6296
8344,NK 576
8356,YX 5748
8357,OO 5538
8379,AA 2190
8393,UA 2629
8407,OO 5278
8432,9E 4642
8502,B6 2179
8503,YX 4681
8527,DL 901
8546,AA 1104
8550,UA 2476
8564,WN 6003
8588,DL 650
8597,YX 4601
8599,UA 795
8628,G7 4601
8686,B6 46
8694,WN 3926
8699,B6 2174
8709,B6 356
8723,UA 2640
8724,UA 2231
8752,B6 1964
8773,B6 2431
8779,AA 595
8807,DL 657
8808,UA 1411
8810,B6 1006
8811,AA 2492
8836,9E 4723
8875,9E 5396
8894,9E 4960
8929,B6 2173
8940,WN 26
8942,9E 4790
8961,G7 4609
8973,9E 5202
8976,YX 4989
8991,UA 1193
9019,DL 1524
9025,WN 44
9028,WN 683
9033,B6 339
9058,UA 388
9061,YX 5011
9063,UA 374
9075,DL 2201
9081,DL 2738
9098,WN 3130
9121,WN 110
9185,AA 725
9186,WN 1519
9207,DL 2975
9242,AA 1886
9258,G7 4172
9274,B6 2493
9311,9E 4992
9312,AA 654
9346,YX 4608
9371,AA 589
9372,UA 1651
9397,AA 1479
9402,YX 5692
9429,WN 6761
9430,WN 3419
9446,UA 2410
9457,NK 190
9464,YX 4562
9482,DL 2116
9518,NK 122
9546,YX 5851
9556,UA 1795
9563,YV 6070
9610,YV 6162
9624,UA 235
9637,WN 1971
9684,WN 15
9730,YX 4560
9745,AS 1392
9820,OO 3859
9854,AA 2012
9872,DL 558
9902,UA 1851
9916,YX 4796
9919,WN 5110
9927,WN 1440
9952,WN 2307
9972,NK 193
9985,YX 4904
9991,WN 1867
9995,B6 1539
10017,WN 961
10031,YX 4599
10049,UA 10
10091,NK 2418
10101,DL 2841
10136,YX 4511
10160,WN 4171
10166,WN 5688
10219,UA 2602
10222,YX 4922
10223,UA 1786
10231,YX 4930
10233,UA 2002
10245,OO 5371
10254,UA 527
10289,NK 2151
10294,9E 4717
10323,C5 4334
10339,WN 4319
10350,UA 1470
10357,YX 5016
10365,DL 782
10375,C5 4255
10388,WN 4127
10393,WN 5952
10411,WN 5396
10427,B6 386
10440,B6 406
10450,WN 5868
10451,UA 1971
10507,WN 2234
10508,AA 623
10516,WN 329
10542,WN 2527
10570,WN 5492
10615,F9 2586
10618,YX 4615
10641,G7 4193
10643,UA 2064
10644,WN 5049
10666,WN 1369
10694,AA 2113
10699,AA 2140
10700,G7 4614
10726,YX 4590
10745,AS 902
10750,YX 5709
10791,B6 2163
10818,B6 340
10825,AA 799
10891,G7 4191
10929,B6 854
10973,YV 6034
10999,AA 397
11026,UA 2670
11089,B6 1027
11106,B6 823
11118,DL 1568
11138,YX 5685
11147,YX 4577
11189,DL 2250
11195,AA 1339
11197,UA 2031
11206,AA 532
11210,YX 4549
11247,B6 2432
11270,WN 2725
11275,AA 1077
11294,WN 2969
11311,B6 1773
11358,UA 315
11370,DL 2347
11372,WN 5842
11401,WN 469
11426,WN 1171
11438,AS 341
11448,NK 279
11462,WN 5039
11468,AA 744
11490,B6 2388
11505,AA 473
11511,UA 2326
11512,B6 818
11533,WN 1620
11569,AA 670
11586,YX 4572
11616,B6 331
11625,UA 1756
11640,AA 2484
11647,B6 1820
11682,DL 1138
11699,NK 2165
11754,YX 4924
11760,B6 2694
11764,WN 2678
11823,YV 6223
11857,YX 4756
11893,YX 4731
11924,AA 1603
11933,YX 4607
11947,WN 5008
11965,YX 4834
11994,AA 621
12008,9E 5528
12024,OO 5753
12036,UA 2049
12050,B6 2136
12061,WN 4213
12065,YX 5848
12088,G7 4453
12106,9E 4654
12114,DL 785
12121,G7 4572
12166,UA 403
12173,YX 4696
12207,C5 4262
12212,UA 1667
12288,B6 2898
12364,AA 732
12376,G7 4554
12379,9E 4633
12408,YX 5444
12455,G7 4192
12457,WN 4196
12466,YV 6321
12476,YX 4657
12482,UA 1433
12578,AA 324
12589,C5 4829
12690,OO 4767
12708,UA 1772
12729,G7 4498
12756,YV 6063
12770,G7 4167
12776,AA 2425
12778,9E 5473
12784,G7 4531
12788,AA 2015
12795,WN 1093
12797,NK 2417
12822,F9 2587
12852,AA 544
12854,B6 1892
12902,YX 4734
12942,9E 4657
13019,WN 5579
13031,B6 557
13052,AS 23
13076,WN 4480
13153,G7 4174
13161,9E 4944
13269,B6 2180
13298,G7 4521
13321,NK 2950
13344,WN 5642
13382,YX 4634
13388,WN 3960
13466,AA 2104
13480,WN 5108
13500,NK 1032
13533,DL 482
13534,DL 1005
13544,B6 2474
13581,B6 472
13604,B6 2346
13605,C5 4310
13606,DL 2298
13637,YX 4775
13657,NK 686
13665,AA 574
13710,C5 4820
13744,YX 4537
13764,B6 2220
13788,UA 2612
13796,WN 1555
13806,UA 1507
13814,G4 422
13889,WN 3097
13900,WN 338
13926,DL 1248
13981,WN 5916
13988,DL 366
14053,AA 648
14079,AA 2636
14137,YX 5831
14158,AA 607
14177,B6 1062
14194,UA 301
14253,YX 4728
14302,UA 2499
14313,AA 877
14353,UA 1623
14373,NK 1252
14428,YX 3685
14466,WN 3842
14483,G7 4188
14488,AA 1485
14494,AA 1993
14498,YX 4695
14500,YX 4968
14564,UA 619
14595,WN 2
14614,UA 1432
14632,UA 2186
14664,UA 2242
14676,YX 5860
14711,YV 6114
14712,DL 2518
14713,AA 1785
14717,B6 471
14811,G4 2634
14854,AS 1473
14885,UA 783
14901,WN 4054
14914,DL 2102
14917,AA 1922
14931,WN 5105
14987,G4 2606
14991,C5 4271
15004,NK 2150
15010,UA 2111
15038,DL 2499
15044,UA 672
15050,AA 659
15066,WN 462
15115,NK 1683
15135,B6 1320
15162,9E 5466
15164,NK 3173
15168,DL 317
15187,WN 853
15314,UA 1659
15334,YX 4961
15368,9E 5460
15374,WN 2483
15415,UA 2067
15424,YX 5844
15473,OO 4675
15485,YX 4761
15488,YV 6180
15490,YX 5861
15539,AA 1986
15546,UA 2136
15581,UA 2184
15619,YX 5841
15645,G7 4166
15655,WN 226
15657,AA 2555
15679,B6 1417
15684,UA 1164
15726,AA 439
15729,UA 2173
15751,YX 4596
15766,B6 1629
15772,NK 2000
15776,NK 694
15777,UA 42
15822,ZW 3967
15833,G4 2691
15884,DL 2184
15926,UA 389
15928,AA 480
16032,WN 4368
16040,WN 4061
16060,AA 435
16077,WN 787
16087,B6 232
16122,9E 4630
16172,UA 1970
16173,AA 2588
16286,G4 2146
16294,UA 1424
16309,G7 4569
16332,UA 1657
16333,UA 2181
16374,G4 2613
16384,YX 4926
16474,G7 4517
16487,DL 937
16501,G7 4527
16532,UA 1145
16547,WN 1921
16579,UA 304
16590,9E 4663
16601,WN 3871
16619,UA 1910
16624,YX 5759
16641,WN 5090
16716,YV 6165
16721,G4 2423
16772,UA 1531
16906,AA 1111
16987,9E 5725
17011,G4 1325
17012,9E 5517
17015,AS 458
17060,UA 262
17066,WN 530
17172,UA 437
17198,UA 499
17199,AA 2940
17211,9E 4982
17236,ZW 3813
17245,WN 1252
17262,AA 2167
17285,MQ 4160
17383,DL 1075
17397,YV 6232
17448,G7 4475
17465,WN 6831
17473,9E 4896
17539,WN 1900
17547,DL 8795
17606,UA 2081
17640,YX 4688
17662,B6 2203
17669,MQ 3678
17676,B6 2823
17695,AA 2360
17728,G4 1301
17795,DL 1177
17828,ZW 3823
17856,OO 5277
17945,OO 5545
17954,YX 4917
17990,WN 2966
17992,9E 5381
18085,WN 4932
18120,OO 5269
18126,G7 4582
18130,B6 2256
18151,WN 1235
18204,WN 4458
18208,WN 3853
18210,WN 3080
18240,WN 6264
18366,YX 5691
18386,DL 1350
18399,YX 4740
18445,WN 525
18474,AA 562
18505,B6 571
18513,DL 614
18545,UA 2673
18557,B6 532
18564,9E 4704
18633,UA 1793
18641,WN 5419
18660,C5 4349
18698,WN 5034
18703,DL 1143
18754,WN 2251
18764,B6 1845
18775,UA 2204
18803,AS 1471
18809,C5 4322
18828,YX 4972
18838,B6 2345
18862,WN 707
18916,B6 1891
18938,OO 5391
18965,WN 5948
19031,WN 2521
19051,WN 6198
19075,WN 1269
19082,UA 1734
19112,AA 1398
19214,B6 231
19233,YX 4732
19238,AA 2112
19279,YX 5008
19358,DL 2997
19404,OO 5614
19421,AA 1533
19457,YX 5006
19473,WN 5807
19555,UA 2233
19558,G4 681
19575,UA 1665
19582,WN 695
19597,G7 4185
19626,WN 1091
19644,DL 525
19663,9E 4744
19679,WN 6847
19703,UA 1928
19714,YX 4729
19766,UA 2669
19832,DL 2613
19849,UA 1785
20037,WN 1128
20081,AA 1355
20126,AS 342
20136,WN 2144
20178,UA 1922
20207,DL 391
20237,UA 2626
20278,WN 2964
20312,G7 4606
20373,UA 2671
20388,WN 2937
20416,DL 2765
20497,G7 4561
20499,UA 1904
20505,WN 5420
20511,WN 546
20599,AA 428
20662,WN 3827
20671,AA 2430
20708,WN 4812
20762,G7 4493
20826,UA 2339
20842,YX 4738
20886,B6 1088
20901,B6 2340
20926,C5 4257
21019,DL 2977
21072,G4 1004
21089,WN 5703
21122,WN 1498
21192,OO 5394
21197,WN 3180
21235,NK 1312
21269,UA 1824
21297,AS 332
21328,WN 1786
21364,NK 1684
21376,WN 1170
21500,WN 607
21505,AA 576
21532,NK 2153
21594,WN 5884
21601,WN 2640
21622,YX 5741
21664,UA 2241
21697,YX 4640
21711,G7 4567
21728,G4 1309
21756,WN 5454
21765,WN 4568
21768,AA 1944
21800,UA 1820
21827,WN 1635
21920,UA 2191
21932,G7 4187
21972,G7 4487
22073,WN 3040
22079,WN 5837
22153,AA 1465
22195,NK 406
22251,DL 2969
22269,DL 2141
22326,UA 464
22331,WN 3978
22344,C5 4299
22416,UA 1870
22419,NK 2152
22421,WN 1428
22480,WN 4015
22489,UA 2157
22497,NK 191
22659,NK 670
22688,AA 1215
22707,G4 2602
22708,WN 128
22750,WN 4397
22873,WN 2990
22921,WN 23
22954,AA 319
22969,UA 2082
23015,UA 1179
23065,WN 2570
23068,NK 688
23128,9E 4737
23281,UA 720
23289,NK 1323
23290,AA 2741
23292,YX 4858
23326,OO 4027
23459,DL 2357
23481,WN 759
23519,YX 5854
23544,UA 1403
23559,AA 637
23560,AS 900
23590,AS 354
23602,AA 2037
23603,YX 4735
23604,UA 1580
23688,UA 1969
23692,NK 803
23694,WN 2699
23748,WN 1049
23843,OO 5390
23898,YX 4742
23902,YX 4697
23980,UA 2091
24006,DL 2726
24068,YX 5842
24111,YX 4755
24256,9E 5604
24294,OO 5308
24350,9E 4711
24408,B6 2741
24460,UA 1448
24532,WN 5538
24633,9E 4722
24700,WN 6087
24785,DL 2520
24841,AA 1160
24856,WN 4438
24966,G4 673
25024,NK 192
25068,WN 5265
25263,G7 4613
25325,UA 1434
25363,UA 1472
25425,WN 1678
25469,NK 1360
25480,NK 3551
25500,UA 1631
25541,YV 6348
25549,OO 4688
25683,UA 2487
25746,AA 2025
25747,WN 4965
25752,WN 4399
25780,YX 4754
25784,WN 2222
25845,G4 2148
25954,AA 1607
26066,B6 2129
26109,YX 4940
26150,9E 5537
26156,WN 2163
26168,YX 4910
26209,DL 1134
26546,B6 1377
26577,DL 2861
26581,WN 6747
26644,WN 2911
26662,UA 630
26721,9E 4705
26835,NK 2166
26952,YX 4686
27113,WN 3510
27155,AS 225
27343,WN 5969
27371,DL 1140
27374,YX 4627
27376,AA 2114
27524,WN 6066
27552,WN 2040
27562,B6 2080
27656,WN 4514
27659,WN 1092
27703,AA 1825
27762,WN 4804
27870,WN 6257
28044,WN 5991
28080,AA 1017
28217,C5 4274
28312,G4 2601
28422,WN 2377
28554,WN 5883
28631,AA 2879
28658,WN 6222
28771,UA 2267
28791,B6 1621
28819,UA 2389
28863,OO 5611
28905,YX 4932
29047,YX 4743
29104,YV 6109
29143,UA 1876
29160,DL 2336
29518,UA 668
29670,C5 4351
29851,WN 4371
29895,YX 4885
29899,B6 2266
29945,WN 4168
29976,WN 2940
29980,UA 2492
30001,DL 1737
30058,UA 1673
30156,YX 4643
30193,AA 2259
30235,WN 1213
30249,OO 5222
30448,YX 4900
30501,G7 4417
30613,DL 1066
30650,WN 5155
30665,UA 2479
30673,WN 1787
30748,UA 772
30926,WN 3673
30955,YX 4949
30974,AA 1121
30983,WN 3466
31015,YX 4701
31049,WN 942
31056,UA 1865
31078,WN 2164
31100,WN 187
31121,WN 1040
31162,WN 2378
31195,WN 1529
31443,YX 4888
31455,WN 3074
31456,AA 1358
31504,WN 855
31557,WN 765
31617,9E 4720
31630,OO 4729
31680,AA 2939
31708,C5 4852
31749,WN 5032
31754,YX 4955
31807,AA 2150
31821,AA 1618
31868,UA 1277
31963,UA 2051
31968,UA 1653
31971,UA 1615
32348,B6 2784
32457,WN 4103
32481,UA 1919
32554,AA 2750
32586,UA 587
32764,C5 4314
32863,UA 1975
33089,WN 4083
33110,DL 2831
33144,WN 521
33167,9E 5476
33182,B6 2880
33217,AA 347
33510,YX 5017
33561,YX 4837
33618,WN 845
33786,UA 1068
33887,YV 6090
33900,DL 2728
33939,AS 10
34021,AS 394
34156,B6 993
34351,DL 2331
34434,AS 27
34615,AA 1606
34821,C5 4277
34888,AA 1767
34965,NK 573
35217,WN 6746
35281,WN 5958
35433,AA 840
35560,WN 1580
35690,NK 900
35892,YX 4999
35966,YX 5835
35991,AS 517
36172,WN 6763
36185,WN 790
36206,B6 210
36254,UA 1095
36271,UA 2169
36399,UA 432
36420,AA 2744
36499,B6 1095
36547,9E 5461
36584,DL 8806
36647,YX 4840
36657,UA 1619
36699,OO 5606
36710,AA 1514
36720,C5 4324
36841,WN 1712
36855,G4 2618
36906,WN 5084
36975,AA 1563
37052,WN 6074
37085,WN 2919
37168,G7 4474
37177,WN 4996
37185,AA 1238
37218,WN 2499
37272,B6 878
37385,WN 1192
37448,WN 4892
37671,C5 4849
37680,WN 5308
37739,WN 1419
37740,AS 477
37763,WN 1379
37806,WN 3826
37909,UA 2058
38060,OO 5568
38153,WN 4572
38201,AS 356
38259,9E 5593
38348,WN 64
38470,9E 4655
38619,B6 2265
38635,AA 2638
39009,WN 2563
39277,C5 4279
39311,NK 1680
39344,C5 4309
39362,B6 2771
39456,WN 1420
39466,YX 4715
39488,WN 5671
39512,YV 6062
39654,WN 1791
39680,UA 2125
39745,C5 4836
39859,AA 2644
39864,AA 1513
39912,WN 1096
40007,AA 1265
40027,AA 2695
40145,C5 4827
40146,G4 2656
40241,B6 1624
40259,UA 1049
40294,WN 4089
40301,9E 5508
40631,AA 2845
40844,WN 4762
40921,B6 2098
41036,WN 5487
41165,WN 3338
41203,B6 509
41280,UA 2419
41446,UA 2243
41623,WN 2803
41739,WN 2428
41767,AS 1114
41921,AA 1644
41932,C5 4300
41943,9E 5531
41987,WN 31
42100,AA 2090
42129,YX 5681
42311,YV 6231
42415,NK 1227
42464,C5 4282
42598,G4 693
42630,WN 2624
42713,9E 4645
42751,G4 1210
42860,YV 6275
43196,G4 1292
43235,B6 595
43343,WN 1584
43579,AA 1318
43816,WN 3754
44107,OO 5586
44216,AS 1018
44340,YX 5787
44666,AA 1553
44817,UA 1674
44876,WN 3559
44955,WN 726
45100,B6 1879
45206,WN 4777
45269,B6 157
45388,WN 1173
45966,WN 6846
46025,WN 3693
46045,UA 1733
46076,YV 6299
46270,WN 4032
46550,AS 462
46582,WN 3358
46839,WN 6309
46898,AA 2530
47168,UA 1672
47200,UA 2040
47220,AS 433
47221,UA 1239
47405,WN 145
47685,WN 714
47713,WN 1524
47928,WN 4247
48109,OO 4058
48664,NK 671
48736,WN 6084
48784,NK 407
48947,B6 1705
49010,AS 476
49060,AA 1950
49225,C5 4838
49293,WN 4474
49318,WN 1352
49321,AA 1022
49438,WN 741
49506,G7 4492
49622,AS 1115
49716,UA 763
49755,B6 2773
49807,G7 4461
49843,WN 581
49938,AA 591
50134,WN 6874
50178,AA 933
50282,AA 2263
50551,WN 3545
50582,C5 4832
50603,OO 5533
50956,WN 2207
50975,UA 2385
51125,WN 3069
51363,AA 627
51472,UA 2392
51518,AA 2317
51560,WN 2634
51697,DL 1388
52103,UA 588
52175,C5 4270
52265,YV 6330
52675,G4 1005
52741,WN 5950
52790,WN 4400
53029,WN 2786
53052,NK 728
53147,WN 1075
53221,WN 1665
53292,G4 1329
53760,B6 2417
54013,UA 100
54149,WN 970
54179,AA 530
54443,UA 638
54459,G7 4497
54600,WN 3111
54683,UA 1805
54769,WN 6060
54809,WN 5106
55123,WN 5056
55203,B6 2387
55285,AS 399
55311,AS 459
55663,DL 8770
55978,YX 4993
56112,YX 4736
56328,AA 1872
56330,G7 4512
56447,G7 4548
56835,WN 3990
56908,B6 877
56935,YX 4739
57027,WN 3755
57047,AA 2540
57367,YX 4950
57391,B6 2195
57645,UA 1036
57819,WN 182
57934,WN 3489
58081,G7 4470
58259,WN 1386
58353,UA 2627
58413,MQ 3674
58426,WN 6158
58684,WN 3801
58720,WN 2833
58834,UA 2363
59055,AA 593
59164,B6 2324
59206,AS 1004
59439,WN 14
59446,WN 6325
59519,G4 2685
59568,DL 8793
59890,DL 1507
60066,WN 2987
60105,AA 412
60152,WN 6743
60183,WN 1233
60262,WN 3646
60276,DL 2133
60343,9E 5492
60372,WN 3504
60594,9E 4728
61266,AA 390
61398,C5 4350
61406,WN 1705
61702,G4 2604
61707,WN 2626
61784,YV 6280
61804,WN 5966
62029,AS 339
62196,WN 3234
62500,WN 443
62828,NK 759
62876,WN 1303
62924,WN 5114
63233,WN 1023
63403,WN 1249
63510,AA 411
63787,OO 5385
64664,WN 2828
65084,WN 5415
65109,AA 2237
65268,OO 5483
65288,UA 1985
65299,AA 2404
65848,AA 2528
65924,B6 1093
66228,DL 8800
66284,UA 2273
66338,AS 747
66819,AA 641
66998,WN 4178
67013,WN 4873
67333,DL 1508
67377,G7 4594
67555,NK 1950
68004,AA 2110
68007,WN 2547
68280,G7 4178
68463,WN 3059
68649,WN 1540
68729,WN 5498
68925,UA 2108
69185,WN 4185
69362,G4 734
69402,WN 5070
69592,WN 6041
69754,WN 6907
69777,G4 2682
70229,WN 4285
70542,YV 6316
70608,WN 48
70649,WN 2922
70660,WN 1342
70685,B6 2099
70741,NK 1667
70968,WN 6295
71161,UA 1128
71284,9E 5539
71376,NK 601
71421,WN 4040
71627,WN 1997
72129,B6 2774
72132,B6 954
72267,B6 2133
72589,YX 4674
72800,WN 1589
73064,UA 1126
73379,B6 2094
73568,WN 2762
74714,YX 4829
74735,C5 4835
74763,DL 2580
74774,WN 1576
75106,AS 216
75181,WN 3963
75264,WN 3446
75267,B6 1992
75328,AA 1036
75447,AS 355
75484,OO 5553
75537,WN 5029
75633,YV 6048
75949,NK 1806
76175,WN 850
76458,G7 4168
76639,WN 4432
76743,YX 4722
76997,YV 6083
77116,WN 5713
77185,NK 1483
77548,WN 3357
77640,AS 748
78203,B6 953
78391,9E 4650
78451,MQ 4201
78594,WN 5357
78886,UA 1846
79015,UA 1566
79080,WN 4404
79115,WN 5923
79226,YX 5830
79447,AS 480
79457,AA 1775
79538,WN 5965
79791,G7 4190
80008,G4 691
80197,B6 156
80525,AA 1570
80753,NK 1666
81067,B6 2043
81073,WN 1630
81149,WN 4350
81290,UA 2156
81353,WN 3473
81378,AS 692
81461,AA 1384
81736,AA 2579
81923,YX 4937
81976,UA 1074
82163,B6 2983
82168,AS 1009
82302,YX 4878
82445,AS 1020
82512,MQ 9631
82644,WN 2960
82720,DL 1431
82765,WN 2976
82840,B6 212
83222,UA 2272
83565,9E 5534
83747,YV 6306
84324,WN 619
84453,WN 1035
84560,AS 357
84567,WN 3316
84612,YX 4639
84629,G4 1375
84664,WN 5455
84867,WN 472
84876,WN 713
85132,UA 2300
85485,YX 5814
85869,G7 4506
85932,UA 2655
86159,B6 1880
86221,WN 4976
86256,WN 405
86512,WN 5968
86610,UA 2030
86674,G4 2508
86696,WN 1481
86815,G7 4533
86865,UA 560
86933,WN 4227
87102,WN 2500
87558,G4 683
87567,9E 4648
87852,C5 4863
88204,DL 1547
88413,WN 4418
88534,G4 1306
88717,WN 2750
89125,G4 459
89211,UA 1106
89505,OO 3893
89530,WN 6310
89742,YX 4773
90136,WN 4592
90339,B6 1529
90415,WN 5046
90470,B6 2023
90879,WN 4781
91151,B6 446
91234,WN 4147
91350,B6 2354
91629,WN 6046
91823,WN 4872
92917,DL 2566
93097,OO 5603
93222,9E 5742
93332,UA 1230
94220,G4 2687
94304,WN 4585
94838,WN 3322
94954,YX 5699
95167,AA 896
95500,DL 1912
95652,AS 432
95661,AA 1620
96441,WN 427
96610,NK 3550
96809,DL 2878
97247,WN 676
97414,9E 4669
97892,B6 1583
97919,WN 6073
97980,UA 571
98112,B6 511
98192,NK 729
98751,AS 995
98997,B6 2972
99176,WN 59
99750,YX 4854
100187,UA 1625
100387,B6 1846
101714,AA 2307
102090,YX 4810
102261,C5 4301
102368,WN 3675
102977,UA 2183
103029,WN 2714
103046,NK 3101
103088,UA 597
103206,G4 2702
103305,9E 4741
103383,UA 1806
103935,WN 830
104606,9E 4985
104830,WN 1770
104904,OO 4500
105625,UA 2371
105990,9E 5796
107070,WN 5956
107164,WN 3480
108087,WN 5578
108416,WN 3472
108500,WN 1009
108671,YX 4745
108908,UA 2196
108917,WN 6036
109059,WN 2059
109572,AS 403
109752,UA 1436
110012,YX 4912
110316,MQ 3690
112089,DL 2642
112526,WN 5970
112543,WN 4375
112813,WN 995
113650,YX 4771
114227,B6 679
114335,B6 2062
114667,OO 5658
114782,DL 1268
115140,WN 5567
115223,YX 4853
116013,YX 4919
116472,WN 797
116701,B6 626
117312,B6 2805
117316,YX 4809
118777,AS 1010
119857,AA 1029
119904,WN 3625
120352,WN 5963
121206,WN 5591
121482,WN 935
121590,YX 4915
122250,YX 4906
122556,AA 2040
122685,AA 1074
123122,WN 2533
123165,WN 5782
123235,YX 4726
124230,WN 6762
124570,DL 1032
124637,9E 5609
124803,WN 2551
125111,YX 4986
125345,WN 4475
125935,WN 533
126145,AS 1417
126169,WN 2537
126494,YX 4876
126650,WN 1304
126985,UA 1617
127964,AA 2426
128179,G4 2681
128242,B6 1886
128431,UA 1681
128658,WN 2566
128797,B6 984
129647,WN 2536
130135,YV 6164
130607,UA 2154
131144,UA 1788
131232,UA 2619
131807,WN 2773
132154,WN 3274
133024,YV 6051
134486,AA 760
135722,NK 1490
136086,AA 1395
136245,WN 2735
136254,WN 1320
136809,UA 101
137311,AA 1307
137429,YX 4676
137621,G4 1255
137728,WN 2728
138947,WN 4230
139516,WN 151
139731,WN 2559
142178,G7 4618
142498,G4 2144
143452,WN 3968
144740,B6 1564
145618,WN 5976
147064,B6 744
147982,WN 3449
148062,WN 3088
148148,WN 6320
148417,WN 2864
148751,WN 4856
148799,C5 4365
148900,UA 1889
149884,B6 439
150243,B6 992
152146,F9 7261
155086,AS 429
155398,WN 5953
155771,YV 6209
157686,WN 4779
157719,YV 6039
157948,UA 1686
158858,UA 633
158895,WN 4533
159050,YX 4661
159762,WN 3962
161750,WN 6758
162455,WN 6001
162548,DL 1668
163937,UA 1420
164090,B6 792
166668,WN 801
166910,F9 7001
167264,F9 1262
167338,G4 1267
167707,9E 5297
167802,WN 5949
168472,G4 2603
169309,WN 2701
169619,WN 6153
169780,G4 2688
169964,DL 8772
170118,AA 1518
170853,B6 1234
171129,AA 629
172425,AS 716
172848,WN 4962
174151,G4 473
176229,WN 4920
176313,WN 5637
177447,AA 948
177781,UA 1719
178475,WN 6321
178625,YX 4971
179006,OO 5625
179795,C5 4368
181496,WN 2978
182837,NK 3100
182868,DL 2735
183023,OO 4093
183343,WN 47
183569,WN 6032
183650,G4 2637
184686,B6 2116
184699,B6 2130
184967,WN 3546
185174,AA 830
186115,WN 5631
186363,UA 525
186556,WN 1512
186953,G4 2145
187189,AA 2640
187314,WN 3770
187585,AA 1402
188562,WN 758
188627,WN 4071
189127,AA 2028
189188,B6 2253
189349,WN 5136
190716,B6 1929
190828,DL 394
192509,OO 5285
192655,C5 4847
194926,WN 4301
196422,WN 2317
196660,AA 831
197756,9E 5462
198226,WN 1912
198991,G4 1334
199377,OO 4518
200002,AA 989
200670,UA 2089
202170,ZW 3918
202705,DL 8791
202957,WN 5138
205210,9E 5722
208397,WN 6007
208438,WN 3479
208792,B6 2115
208874,MQ 3651
209442,WN 3669
209576,WN 2608
209623,B6 2915
209739,WN 4376
211046,UA 1831
212253,WN 4290
213216,UA 489
214192,WN 2641
214811,AA 1659
215299,UA 1830
216030,AA 2602
216104,WN 4530
216293,WN 5253
217310,YX 4806
218568,B6 2772
219164,WN 5928
219188,WN 3844
220281,C5 4235
220945,G4 678
223678,UA 2353
225419,UA 2396
226065,B6 1676
227396,B6 353
228134,YV 6253
229032,AS 258
231018,G4 2620
231200,WN 2721
231560,WN 5529
232266,AA 1107
232735,AA 681
234069,WN 1883
234250,YX 4880
236113,WN 124
236587,9E 5860
237377,AA 340
238584,B6 1948
239857,B6 2127
241150,UA 2123
241326,9E 5614
247068,G4 2441
247261,DL 2644
247349,NK 713
247684,NK 1956
247951,DL 2905
248097,WN 3957
248315,WN 3261
248447,YX 4871
249436,WN 605
251075,F9 7879
253191,WN 3253
253298,WN 5334
253895,F9 1263
254482,G4 433
254885,UA 2462
255187,G4 2147
256306,WN 6089
257722,WN 5601
257972,UA 2390
260053,WN 2198
261332,G7 4563
262554,WN 4123
263727,B6 2783
264407,WN 3773
266229,G4 2614
267575,YX 4765
268540,B6 44
270131,UA 2210
272446,WN 5660
273547,UA 1069
274810,B6 515
275223,WN 3562
276302,AA 2757
277286,YX 4978
278399,AA 2334
278815,B6 2971
278864,WN 4598
280731,B6 2920
283233,ZW 3916
284881,B6 119
285029,AA 1517
289032,DL 1689
289276,AA 1244
289346,DL 2761
291642,B6 2181
291666,UA 2650
292300,AA 2678
292310,WN 6024
292722,9E 5758
292778,UA 831
293703,C5 4311
294875,9E 5747
295566,WN 6313
298285,DL 2992
298376,G4 1272
300298,9E 5806
300942,F9 7878
301127,OO 5451
302095,NK 2185
302100,9E 5821
304314,AA 1573
304969,YX 4776
305821,9E 5628
305844,B6 2524
306218,AA 1391
308131,WN 5395
309812,OO 4157
310098,AA 2319
310727,B6 2161
311700,G4 2704
312153,B6 1086
314978,WN 4126
314994,WN 2083
315428,DL 8774
316521,OO 4809
316674,AA 1408
319468,9E 5541
322275,WN 4699
323021,G4 2716
325368,OO 5301
326324,UA 667
328520,DL 1741
331238,WN 5758
332843,WN 6009
332974,WN 5776
334579,UA 1115
335409,WN 3243
336692,UA 2606
343061,G4 453
343262,UA 2299
344635,UA 1118
345727,NK 2158
346025,UA 1093
347724,B6 1416
348314,UA 1761
348938,UA 256
349074,AA 2603
349472,WN 2916
349919,G7 4566
350467,9E 4735
350561,UA 1712
350684,G4 1312
353302,UA 1581
355986,YX 4907
358191,G4 2714
359058,WN 4700
360381,B6 1675
361256,ZW 3744
361784,B6 184
362071,WN 6266
362273,B6 2527
364693,AA 817
367128,G7 4525
368263,UA 2648
368965,B6 111
370845,B6 2993
373914,WN 5592
374866,UA 340
378495,AA 245
378611,F9 2136
378632,UA 2347
384070,NK 1175
386993,DL 903
388781,YX 5689
388791,G4 2149
388930,WN 746
389458,UA 1592
390033,G7 4575
390226,AS 622
395767,9E 5743
396616,DL 1091
398957,F9 2114
400747,B6 180
403416,UA 1668
404247,C5 4319
408732,C5 4818
410196,OO 5003
412792,9E 4670
415899,G4 742
417319,AA 1520
418836,WN 4005
420331,UA 733
425679,AS 1222
425943,YV 6211
430847,AA 2800
431017,C5 4839
433980,B6 1174
433991,UA 1541
434262,WN 3969
435844,B6 2114
439286,9E 5809
442405,WN 6048
442510,AS 648
444849,B6 2072
445333,9E 5791
446578,9E 5827
446645,DL 1397
447057,UA 313
447352,YX 4958
450656,B6 1962
450838,UA 1247
451290,9E 5640
451861,B6 1316
451873,9E 5811
452892,C5 4340
453952,B6 1085
455725,WN 6047
456710,B6 762
457068,UA 2413
458415,UA 1638
461608,B6 2199
461812,UA 368
464028,YX 5716
465162,UA 2259
468695,NK 1000
468988,WN 5709
469904,G4 463
471243,WN 6025
472580,DL 8807
476014,WN 4058
476918,G4 2617
477276,G7 4615
482109,NK 2175
484111,UA 2456
485066,F9 2956
489446,B6 112
491603,NK 1970
493090,G4 686
494948,NK 1779
497950,B6 1828
501275,G7 4519
503370,B6 2228
504465,UA 2442
505227,AS 383
505275,B6 2995
505466,WN 5304
507485,UA 640
508074,AA 2706
