,flight_number,origin,dest
0,9E 5076,LGA,ORF
1,DL 2955,JFK,SEA
2,YX 4645,LGA,CMH
3,MQ 3513,LGA,ORF
4,AA 294,ORD,LGA
5,B6 1273,JFK,CHS
6,NK 922,LGA,DTW
7,DL 2934,ATL,EWR
8,B6 1043,EWR,PBI
9,9E 3437,JFK,PWM
10,9E 3403,LGA,ORF
11,UA 2394,EWR,LAX
12,DL 955,LGA,DTW
13,DL 2181,LGA,MCO
14,YX 3454,EWR,MSY
15,AA 118,LAX,JFK
16,9E 3497,JFK,RDU
17,9E 3367,MCI,LGA
18,AA 2036,LGA,CLT
19,DL 1842,LGA,ATL
20,DL 1709,LGA,ORD
21,9E 3484,MSN,LGA
22,DL 2058,MCO,JFK
23,DL 1492,MSY,LGA
24,AA 164,SFO,JFK
25,B6 98,DEN,JFK
26,UA 334,DFW,EWR
27,AA 2435,LGA,ORD
28,B6 2802,JFK,BUF
29,UA 2094,IAH,LGA
30,9E 3422,JFK,DCA
31,UA 513,DEN,EWR
32,UA 1519,IAD,EWR
33,DL 2923,CLT,JFK
34,B6 507,PWM,JFK
35,AA 1791,LGA,PHL
36,DL 1876,LAX,JFK
37,UA 609,ORD,EWR
38,UA 2328,EWR,MSY
39,AS 991,JFK,LAX
40,DL 2486,LGA,ORD
41,DL 2568,ATL,LGA
42,UA 746,EWR,IAD
43,DL 2465,JFK,MIA
44,B6 2028,MCO,EWR
45,MQ 3836,IND,LGA
46,AS 556,LAX,EWR
47,YX 5913,BOS,LGA
48,OO 3769,OMA,LGA
49,B6 1438,JFK,MVY
50,C5 4986,SAV,EWR
51,9E 5127,JFK,ORD
52,OO 3570,LGA,SDF
53,UA 690,ATL,EWR
54,DL 1686,JFK,FLL
55,YX 4324,LGA,DCA
56,9E 5188,DCA,JFK
57,B6 1041,JFK,SAV
58,AA 360,MIA,LGA
59,AA 2194,DFW,JFK
60,DL 1578,JFK,LAS
61,UA 1551,BOS,EWR
62,MQ 3335,GSO,LGA
63,YX 4417,LGA,ILM
64,AS 773,EWR,SAN
65,UA 519,LGA,ORD
66,EV 4092,CAK,EWR
67,B6 80,RNO,JFK
68,B6 282,HOU,JFK
69,EV 4267,EWR,SYR
70,9E 3342,ROC,LGA
71,9E 4807,LGA,CVG
72,UA 415,LAX,EWR
73,MQ 4093,CMH,LGA
74,B6 644,PBI,EWR
75,9E 3353,BWI,JFK
76,DL 1891,LAX,JFK
77,YX 6091,DCA,LGA
78,EV 4331,SYR,EWR
79,OO 3896,LGA,GSO
80,B6 745,JFK,PSE
81,AA 2226,DFW,LGA
82,UA 833,LGA,IAH
83,YX 4563,MIA,LGA
84,UA 2078,LGA,IAH
85,YX 3424,EWR,MSP
86,AA 1424,MCO,JFK
87,DL 2164,LAX,JFK
88,B6 916,SFO,JFK
89,C5 5021,CMH,EWR
90,AS 345,EWR,SFO
91,AA 2580,JFK,CLT
92,9E 3470,JFK,ROC
93,YX 5888,LGA,CMH
94,EV 4054,GSO,EWR
95,C5 4948,CAK,EWR
96,YX 3655,CLT,EWR
97,OO 4043,JFK,BOS
98,AS 31,EWR,SEA
99,DL 2280,MSP,LGA
100,YX 6095,LGA,CMH
101,YX 3427,CLT,EWR
102,9E 3302,LGA,CVG
103,DL 1512,JFK,TPA
104,UA 2174,MCI,EWR
105,9E 3376,GSO,LGA
106,UA 1826,EWR,MCO
107,DL 2056,MSY,LGA
108,DL 737,ORD,LGA
109,9E 3324,LGA,TYS
110,YX 3724,SDF,EWR
111,9E 5232,LGA,PIT
112,UA 271,EWR,BNA
113,DL 2169,EWR,DTW
114,C5 4928,BTV,EWR
115,DL 1975,JFK,LAX
116,B6 2153,JFK,PBI
117,WN 1236,EWR,STL
118,AA 41,ORD,EWR
119,9E 3421,MCI,LGA
120,9E 5441,GRR,LGA
121,AA 2143,DCA,LGA
122,C5 4913,SAV,EWR
123,UA 1614,MIA,EWR
124,9E 5274,MSN,LGA
125,AA 247,JFK,LAX
126,OO 3595,ORD,JFK
127,WN 2530,ATL,LGA
128,UA 1076,RSW,EWR
129,YX 6114,SDF,LGA
130,YX 3593,MKE,EWR
131,UA 991,EWR,MCO
132,OO 3610,SAV,LGA
133,DL 106,MSP,JFK
134,9E 3434,SYR,JFK
135,EV 4300,RIC,EWR
136,9E 3485,CVG,LGA
137,YX 6065,BOS,LGA
138,DL 713,MSY,LGA
139,AS 1193,EWR,SFO
140,DL 2814,ATL,LGA
141,B6 286,JFK,ROC
142,AS 363,EWR,SFO
143,9E 3366,LGA,ORF
144,UA 247,LAX,EWR
145,UA 584,EWR,BUF
146,UA 2007,MSY,EWR
147,9E 5188,JFK,DCA
148,DL 2778,LGA,ATL
149,AA 1060,MIA,EWR
150,C5 4967,EWR,BUF
151,DL 3045,JFK,IAH
152,9E 3280,LGA,SAV
153,AS 1166,LAX,EWR
154,9E 3377,JFK,ROC
155,WN 2929,HOU,LGA
156,9E 3306,JFK,DFW
157,B6 971,LGA,FLL
158,YX 3509,MCI,EWR
159,B6 671,ORH,JFK
160,9E 5107,LGA,MHT
161,EV 4365,CLE,LGA
163,B6 670,SJC,JFK
164,YX 4708,LGA,BNA
165,DL 2912,LGA,FLL
166,EV 4097,MKE,EWR
167,C5 4894,BTV,EWR
168,DL 2413,EWR,ATL
169,YX 3527,DTW,EWR
170,B6 1106,ORD,JFK
171,YX 5943,LGA,DCA
172,AA 852,JFK,ORD
173,YX 3531,EWR,MSP
174,YV 6052,LGA,IAD
175,9E 5049,JFK,BTV
176,DL 2151,MIA,LGA
177,AA 1928,CLT,JFK
178,WN 2366,DEN,EWR
179,AA 1722,LGA,CLT
180,B6 1678,JAX,JFK
181,AA 2115,DCA,LGA
182,YX 6121,LGA,STL
183,DL 2093,JFK,MCO
184,G4 1348,CVG,EWR
185,UA 329,DEN,EWR
186,DL 537,JFK,PDX
187,DL 2212,ATL,EWR
188,YX 6089,LGA,SDF
189,DL 545,LGA,DFW
190,9E 5265,LGA,DSM
192,DL 2654,JFK,CHS
193,MQ 3740,LGA,IND
194,OH 5163,PIT,LGA
195,NK 150,MCO,EWR
196,C5 4889,EWR,IND
197,UA 538,EWR,MSY
198,C5 4934,BUF,EWR
199,YX 4461,ILM,LGA
200,DL 2371,JFK,LAS
201,OO 3537,LGA,BHM
202,UA 2140,ORD,LGA
203,B6 711,JFK,LAS
204,YV 6337,IAD,LGA
205,9E 3490,LGA,RDU
207,EV 3975,EWR,STL
208,DL 2299,LGA,ATL
209,9E 5108,LGA,BNA
210,DL 2190,MIA,JFK
211,EV 4133,ROC,EWR
212,YX 3670,EWR,PIT
213,DL 1428,FLL,LGA
214,UA 2394,BOS,EWR
215,UA 2416,LGA,DEN
216,MQ 3634,ORF,LGA
217,DL 539,ATL,EWR
218,B6 643,EWR,PBI
219,UA 2224,LAX,EWR
220,YX 5954,CMH,LGA
221,MQ 3878,JFK,RDU
222,DL 2404,SJC,JFK
223,WN 5801,BNA,LGA
224,MQ 4137,LGA,CAE
225,NK 1529,EWR,FLL
226,DL 1191,JFK,SEA
227,B6 164,SRQ,JFK
228,C5 5007,GSO,EWR
229,UA 1543,EWR,SJU
230,UA 1978,EWR,SFO
231,UA 1827,EWR,SAN
232,YX 3404,EYW,EWR
233,EV 4035,MYR,EWR
234,AA 2925,ORD,LGA
235,YX 3421,EWR,IND
236,B6 1634,JFK,BTV
237,B6 803,JFK,SJU
238,B6 1161,LGA,PBI
239,YX 3570,DFW,EWR
240,UA 1584,EWR,SFO
241,OO 3619,JFK,PIT
242,YX 5913,MCI,LGA
243,B6 162,SMF,JFK
244,9E 5013,MSP,EWR
245,YX 4708,BNA,LGA
246,UA 400,EWR,BTV
248,WN 1662,HOU,LGA
249,WN 1597,BNA,LGA
250,UA 1992,EWR,IAD
251,DL 1131,FLL,LGA
252,YX 3574,EWR,MSN
253,9E 3346,LGA,STL
254,AA 276,SFO,JFK
255,OO 3820,CLE,JFK
256,C5 4966,RIC,EWR
257,DL 2142,EWR,ATL
258,B6 1901,BUF,JFK
259,AA 1639,CLT,LGA
260,DL 2655,FLL,JFK
261,DL 2452,EWR,ATL
263,DL 2967,DTW,LGA
264,DL 2448,ATL,EWR
265,9E 5309,ORF,LGA
266,YX 3732,EWR,JAX
267,AA 2163,BOS,LGA
268,DL 1469,MIA,LGA
269,MQ 4202,LGA,STL
270,UA 730,EWR,MCO
271,YX 3533,EWR,PIT
272,UA 1882,LAX,EWR
273,AA 388,JFK,CLT
274,AA 2434,PHX,JFK
275,B6 1274,CHS,JFK
276,DL 949,ATL,EWR
277,YX 5973,PIT,LGA
278,MQ 3688,CVG,LGA
279,YX 3759,EWR,IND
280,AA 2521,LGA,DFW
281,UA 1527,MIA,EWR
282,AA 1380,EWR,CLT
283,EV 3992,EWR,CLE
284,9E 3313,LGA,BHM
285,DL 465,STT,JFK
286,B6 16,SFO,JFK
287,YX 4451,DCA,JFK
288,B6 514,LGB,JFK
289,WN 1125,LGA,MKE
291,B6 1518,JFK,BOS
292,OH 5598,CAK,LGA
293,DL 1098,JFK,AUS
294,C5 4912,LGA,IAD
296,MQ 4023,GSO,LGA
297,OO 4059,LGA,RIC
299,UA 1051,EWR,EGE
300,9E 5350,JFK,IND
301,DL 1658,BOS,LGA
302,DL 1816,SLC,JFK
303,C5 4890,EWR,BUF
304,UA 2159,EWR,RDU
306,WN 6205,LGA,ATL
307,WN 684,DEN,LGA
308,UA 2418,EWR,SLC
309,DL 1526,JFK,TPA
310,DL 780,DFW,JFK
311,MQ 3374,LGA,DTW
312,DL 2816,LGA,ORD
313,9E 3386,RDU,JFK
314,WN 1381,FLL,EWR
315,YX 3520,MSP,EWR
316,AA 2141,BOS,LGA
317,9E 3428,MKE,LGA
318,OH 5162,LGA,PIT
319,DL 303,LGA,ORD
320,YX 4370,LGA,BNA
321,AA 321,JFK,DFW
323,AA 2693,EWR,ORD
324,YX 5915,LGA,DCA
325,UA 1944,EWR,AUS
326,UA 2317,EWR,AUS
327,WN 2296,ATL,LGA
328,B6 917,BOS,JFK
330,DL 546,LGA,ORD
331,F9 2881,LGA,MIA
332,G4 441,EWR,TYS
333,YX 5992,JFK,DCA
335,B6 2380,EWR,BOS
336,B6 28,MCO,EWR
337,WN 1169,LGA,STL
338,AA 2666,EWR,CLT
341,DL 2535,MSY,JFK
342,PT 4981,JFK,PHL
343,WN 1395,EWR,STL
344,YX 3497,EWR,MSP
345,MQ 4055,JFK,RDU
346,DL 1042,JFK,JAX
347,UA 2037,EWR,IAH
348,9E 5129,DTW,JFK
350,UA 1149,EWR,MCO
351,DL 1799,DFW,LGA
354,UA 2312,EWR,MCO
355,B6 54,PBI,JFK
356,B6 1701,JFK,FLL
357,DL 2324,JFK,FLL
358,WN 670,EWR,MDW
359,AS 411,JFK,LAX
360,YX 6008,IAH,LGA
361,DL 1888,ATL,JFK
362,AS 14,SEA,EWR
363,AS 331,EWR,LAX
364,UA 230,EWR,PHX
365,AA 129,ORD,LGA
366,B6 1990,SJU,EWR
367,9E 3494,LGA,BUF
368,DL 1409,ORD,LGA
369,AA 1746,LGA,CLT
371,AA 203,ATL,LGA
372,AA 2268,JFK,MIA
373,YX 5927,RDU,JFK
374,B6 24,LAX,JFK
375,9E 3323,PWM,LGA
376,DL 577,EWR,MSP
377,YX 4457,LGA,RIC
378,UA 2015,EWR,ORD
379,DL 1169,JFK,ATL
380,9E 3435,JAX,LGA
381,OO 3597,BNA,LGA
382,YX 6136,LGA,ROC
383,C5 4987,EWR,GSO
384,B6 1431,BOS,LGA
385,EV 4292,GRR,EWR
386,YX 4523,SDF,LGA
387,B6 615,JFK,SFO
388,NK 174,FLL,LGA
389,NK 917,LGA,DFW
390,UA 1460,EWR,SRQ
391,DL 2279,MCO,JFK
393,AA 588,ATL,LGA
394,DL 1908,LAX,JFK
395,B6 2516,JFK,SYR
396,WN 3684,LGA,BNA
397,DL 2175,JFK,MIA
398,DL 107,JFK,MSP
399,YX 4329,DCA,LGA
400,NK 712,IAH,EWR
401,B6 1973,EWR,TPA
403,UA 2333,EWR,RDU
404,YX 3429,EWR,PIT
405,UA 1976,PHX,EWR
406,YX 4412,CAE,LGA
407,B6 1099,LGA,MCO
408,9E 3347,JFK,RDU
409,9E 5266,LGA,MSY
410,YX 4442,PIT,LGA
411,UA 674,ATL,EWR
412,DL 1514,TPA,JFK
413,UA 1652,EWR,ATL
414,DL 2379,LGA,MCO
415,DL 1644,LGA,ORD
416,AA 1575,EWR,CLT
417,DL 370,JFK,DEN
418,DL 1310,MSP,JFK
419,DL 2654,CHS,JFK
420,B6 1262,PBI,LGA
421,DL 302,SJU,JFK
422,EV 3991,CLE,EWR
423,MQ 4134,LGA,SDF
424,B6 1190,MCO,JFK
425,YX 3614,CVG,EWR
426,YV 6053,LGA,IAD
427,AA 171,JFK,LAX
428,AA 598,LGA,CLT
429,AA 1187,LGA,DFW
430,AA 28,LAX,JFK
431,MQ 4137,RDU,LGA
432,WN 1494,TPA,LGA
433,AA 1263,DFW,LGA
434,DL 2456,FLL,JFK
435,UA 2335,FLL,EWR
436,YX 3558,EYW,EWR
437,B6 1331,BOS,LGA
438,UA 1867,IAH,EWR
439,DL 2262,LAX,JFK
440,OO 3854,LGA,RDU
441,YX 6018,LGA,BOS
442,YX 3626,JAX,EWR
443,DL 1992,LGA,ATL
444,UA 535,SFO,EWR
445,YX 3462,RDU,EWR
446,AA 1191,DFW,LGA
447,9E 3400,SAV,JFK
448,YX 6027,LGA,ORF
449,DL 2925,JFK,SAN
450,UA 996,EWR,DTW
451,YX 4445,JFK,DCA
452,9E 3459,JFK,SAV
453,9E 3386,MEM,LGA
454,DL 744,LGA,BOS
455,B6 1184,MCO,JFK
456,9E 5124,LGA,MKE
457,B6 1232,LGA,BOS
458,DL 1539,LGA,ATL
459,9E 5051,ROC,JFK
460,OO 3932,CHS,LGA
461,UA 1811,IAD,EWR
462,YX 4703,LGA,RIC
463,OO 3937,LGA,BNA
464,YX 4361,TYS,LGA
465,UA 1764,MCO,EWR
466,9E 3462,LGA,CVG
467,9E 3476,DFW,JFK
468,DL 2321,JFK,BOS
469,EV 4341,ROC,EWR
470,UA 1890,EWR,TPA
471,AA 288,LAS,JFK
472,DL 1436,LAX,JFK
473,DL 2858,ATL,LGA
474,9E 5363,CLT,LGA
475,UA 755,EWR,ORD
476,B6 789,JFK,MCO
477,OO 3993,LGA,CLT
478,AA 1923,LGA,CLT
479,EV 4213,EWR,RIC
480,DL 1900,ATL,JFK
481,DL 3051,PBI,LGA
482,UA 1002,EWR,IAH
483,UA 753,SFO,EWR
484,YX 4445,DCA,JFK
485,WN 4657,MDW,EWR
486,YX 5993,LGA,BOS
487,DL 2634,MCO,JFK
488,DL 2255,JFK,DEN
489,DL 1258,LAX,JFK
490,9E 5185,JFK,BWI
491,UA 1447,EWR,DFW
492,AA 238,LAX,JFK
493,MQ 4077,JFK,BNA
494,DL 1542,SEA,JFK
495,C5 4944,EWR,ALB
496,EV 4463,EWR,CHS
497,OH 5458,DCA,JFK
498,EV 4024,TYS,EWR
499,MQ 3943,CMH,LGA
500,9E 5022,DCA,JFK
501,B6 927,EWR,MCO
502,DL 2148,LGA,DTW
503,EV 4176,EWR,CHS
504,9E 5216,RDU,JFK
505,YX 5979,DCA,JFK
506,9E 5398,BGR,LGA
507,9E 5431,JFK,BUF
508,AA 367,ORD,LGA
509,EV 4421,EWR,BTV
510,YX 6065,LGA,IND
511,9E 5351,LGA,CLT
512,9E 5303,IAD,JFK
514,AA 519,LGA,ORD
515,B6 928,MCO,EWR
517,UA 577,SFO,EWR
518,YX 5966,DCA,LGA
519,EV 4381,EWR,MSN
520,9E 3358,RSW,LGA
521,G7 6274,EWR,DTW
522,EV 4037,BNA,EWR
523,MQ 3741,LGA,BGR
524,DL 2629,ATL,LGA
525,C5 4984,SYR,EWR
527,AA 337,LGA,ORD
528,DL 2952,LGA,DFW
529,AA 1011,DFW,LGA
531,B6 127,EWR,MCO
532,UA 2124,EWR,CLE
534,DL 2962,LGA,ATL
535,AA 3,JFK,LAX
536,DL 2588,TPA,LGA
538,OO 4001,ORF,LGA
540,B6 632,LGA,BOS
542,B6 89,JFK,SAN
544,UA 2417,PDX,EWR
545,OO 3961,LGA,BNA
546,C5 4914,MEM,EWR
547,DL 2413,ATL,EWR
548,F9 1260,MCO,EWR
549,9E 3483,LGA,RIC
550,UA 1702,EWR,LAX
551,9E 3291,BNA,JFK
552,UA 1750,EWR,ATL
553,9E 3314,ROC,LGA
554,DL 1006,IAH,LGA
555,UA 1611,EWR,ORD
556,WN 750,EWR,MCO
558,B6 1730,RSW,JFK
559,DL 2599,DTW,EWR
560,9E 3352,PWM,JFK
561,WN 3536,MDW,LGA
562,B6 136,PHX,JFK
563,AA 2115,LGA,DCA
564,NK 347,DTW,LGA
565,OO 3830,BNA,LGA
566,UA 363,EWR,HNL
567,AS 343,EWR,LAX
568,AA 222,LGA,ORD
570,OO 4690,GSO,LGA
571,DL 1414,TPA,LGA
572,YX 3695,PIT,EWR
573,B6 2883,JFK,MCO
574,UA 1167,LGA,IAH
575,YX 3487,EWR,CLT
576,9E 3476,LGA,ROC
577,AA 2392,LGA,MIA
578,DL 838,LGA,DTW
579,DL 2418,ATL,LGA
580,OO 3723,LGA,BNA
581,OO 2953,EWR,ORD
583,AA 1187,DFW,LGA
584,F9 1113,LGA,MCO
585,NK 1163,ATL,EWR
586,MQ 3550,LGA,ILM
587,UA 1183,EWR,RSW
588,9E 3430,SYR,JFK
589,UA 1176,MIA,EWR
591,C5 4918,EWR,SYR
593,UA 840,MIA,EWR
595,UA 1255,SFO,EWR
596,UA 583,EWR,SFO
597,DL 1391,CVG,LGA
598,DL 2209,JFK,PHX
599,UA 1741,ORD,LGA
600,DL 986,JFK,SLC
601,9E 5497,JFK,DFW
602,B6 289,JFK,MCO
603,AS 1407,JFK,LAX
604,OO 3929,JFK,DCA
605,OO 4268,ORD,LGA
606,G7 6200,DTW,EWR
607,DL 2503,JFK,SEA
608,C5 5006,EWR,CLE
610,B6 102,JFK,BUF
611,AS 546,LAX,EWR
612,C5 4966,MEM,EWR
613,AA 30,ORD,LGA
614,9E 3328,LGA,BNA
615,9E 5328,PIT,LGA
617,C5 5016,PVD,EWR
618,OH 5432,LGA,DAY
619,AA 2827,LGA,MIA
620,C5 4939,EWR,PQI
621,YX 5871,LGA,SDF
622,B6 205,EWR,FLL
623,UA 356,EWR,SAV
624,UA 1913,FLL,EWR
625,OO 3747,CLT,LGA
627,DL 1488,JFK,MSP
628,EV 4056,EWR,RIC
629,YX 3486,EWR,DCA
630,AA 835,ATL,LGA
631,UA 421,EWR,BOS
632,C5 4893,EWR,CMH
633,AS 11,EWR,SEA
635,DL 816,LAX,JFK
636,EV 4257,RIC,EWR
637,9E 4871,RDU,JFK
638,AA 1060,EWR,MIA
639,MQ 3441,JFK,CVG
640,UA 1274,DEN,LGA
641,G7 6228,DTW,EWR
642,DL 2448,EWR,ATL
643,YX 4466,LGA,CLE
645,MQ 3421,LGA,DTW
646,B6 746,PSE,JFK
647,DL 1085,JFK,LAX
648,AA 1039,RDU,LGA
649,9E 5101,ROC,JFK
650,AA 628,LGA,CLT
651,YX 3593,CVG,EWR
652,YX 4322,LGA,DCA
653,B6 601,JFK,FLL
654,AA 1221,CLT,EWR
656,DL 2893,SLC,EWR
657,9E 3287,JFK,DFW
658,AA 598,CLT,LGA
660,9E 3361,LGA,MYR
661,YX 3705,EWR,MCI
662,WN 1716,BNA,LGA
663,DL 329,LGA,ORD
664,DL 1950,MCO,LGA
665,WN 966,LGA,DAL
666,AA 1279,JFK,ORD
667,EV 4093,EWR,BGR
668,B6 2892,ACK,JFK
669,DL 2593,JFK,TPA
670,DL 2385,JFK,MIA
671,AA 2154,LGA,DCA
672,UA 1534,EWR,IAH
673,YX 6109,LGA,CMH
674,NK 875,EWR,CLT
675,OO 3577,LGA,OMA
676,DL 2057,LGA,ATL
677,B6 359,JFK,BUR
679,B6 1403,JFK,SJU
680,9E 4876,EWR,CVG
681,9E 3406,LGA,BHM
682,B6 675,JFK,MSY
683,YX 5869,LGA,RDU
684,AS 163,EWR,SFO
685,EV 4010,ALB,EWR
686,NK 140,MCO,EWR
687,YX 5898,LGA,SDF
688,NK 791,EWR,MYR
689,MQ 3616,CMH,LGA
690,YX 4506,XNA,LGA
691,UA 2165,BOS,EWR
692,B6 1202,FLL,JFK
693,OH 5480,LGA,DAY
694,B6 72,SLC,JFK
695,YX 4360,XNA,LGA
696,AA 952,JFK,PHX
697,AA 1278,JFK,BOS
698,UA 695,BOS,EWR
699,DL 1505,SLC,JFK
701,DL 2655,JFK,FLL
702,YX 4415,JFK,DCA
703,DL 2730,DTW,JFK
704,YX 5877,LGA,SRQ
705,C5 4949,EWR,ORF
706,C5 4952,EWR,IAD
707,UA 2143,EWR,SFO
708,DL 1713,EWR,ATL
709,EV 4027,IND,EWR
711,UA 1929,EWR,PHX
712,F9 419,LGA,ATL
714,OO 3692,LGA,RIC
715,AA 2423,DFW,JFK
716,OO 4023,LGA,CLT
718,DL 1878,ATL,EWR
719,B6 1677,JFK,JAX
720,OO 3725,SAV,LGA
721,F9 1510,ATL,LGA
722,UA 2010,LGA,ORD
723,UA 628,LGA,ORD
725,UA 602,EWR,SLC
726,EV 4011,GSO,EWR
727,UA 2057,EWR,SAT
728,WN 681,ATL,LGA
729,9E 5022,GSO,LGA
730,YX 4467,JFK,CMH
731,DL 2355,MSP,EWR
734,9E 3463,JFK,SYR
735,B6 272,FLL,LGA
736,B6 1715,JFK,SFO
737,EV 4360,EWR,CMH
738,UA 2001,EWR,ORD
739,UA 1162,BQN,EWR
740,WN 835,EWR,STL
741,OO 4181,BOS,JFK
742,9E 3399,SYR,JFK
743,DL 577,MSP,EWR
744,YX 4454,JFK,DCA
745,MQ 3787,IND,JFK
746,C5 5019,EWR,IAD
748,UA 2418,LAX,EWR
749,AA 1719,ATL,LGA
750,9E 5135,LGA,BGR
751,B6 167,JFK,OAK
752,YX 4500,LGA,MSP
753,9E 5507,JFK,SAV
754,B6 2018,JFK,BOS
755,DL 1309,ORD,LGA
756,YX 3586,PIT,EWR
757,YX 4393,ILM,LGA
758,AS 783,EWR,SJC
760,OO 3531,OMA,LGA
761,9E 5018,LGA,RDU
762,EV 4274,EWR,ORF
763,B6 1206,PDX,JFK
764,B6 485,ROC,JFK
765,UA 1165,LAX,EWR
766,C5 4883,BUF,EWR
767,AA 255,JFK,LAX
768,9E 5175,ORF,JFK
770,B6 426,TPA,JFK
771,DL 1995,JFK,IAH
772,EV 4063,EWR,PVD
773,EV 4302,LGA,CLE
775,WN 1937,STL,LGA
776,DL 2956,EWR,MSP
777,YX 3576,SDF,EWR
779,B6 130,RSW,JFK
780,YX 3700,EWR,SYR
781,YX 3609,PIT,EWR
783,C5 5005,SBN,EWR
784,C5 4925,EWR,BTV
786,UA 2047,BOS,EWR
789,YX 5891,DCA,LGA
790,MQ 3562,CLE,LGA
791,DL 2646,TPA,LGA
792,9E 3338,PWM,LGA
796,G7 6297,EWR,RDU
797,DL 2524,ATL,LGA
800,WN 276,LGA,DAL
801,C5 4965,IAD,EWR
802,AA 1580,PHX,EWR
803,YX 5958,DCA,LGA
804,MQ 3770,LGA,PIT
805,DL 2963,ATL,LGA
807,9E 3326,PIT,LGA
808,EV 4455,SAV,EWR
810,B6 685,ROC,JFK
811,DL 610,JFK,SFO
812,UA 674,CLE,EWR
813,UA 1483,EWR,SFO
814,UA 1583,LAS,EWR
815,B6 154,PBI,JFK
816,9E 5041,LGA,CLE
817,B6 1217,BOS,JFK
818,B6 676,JFK,ORH
819,B6 1205,JFK,PDX
820,YX 4535,IND,LGA
821,DL 1469,LGA,MIA
822,YX 3427,DCA,EWR
823,9E 5167,BUF,LGA
824,EV 3971,ORF,EWR
825,UA 700,BOS,EWR
826,AA 251,MIA,JFK
827,YX 3673,MSP,EWR
828,UA 1290,EWR,FLL
829,B6 703,JFK,SJU
830,B6 1503,JFK,SJU
831,OH 5170,LGA,ORF
832,YX 3548,MSY,EWR
833,YX 5888,CMH,JFK
834,DL 3104,EWR,SLC
835,YX 5925,LGA,MEM
836,UA 1649,EWR,RSW
837,9E 5376,LGA,CHO
838,UA 856,EWR,IAD
839,AA 2514,JFK,AUS
840,DL 1886,ATL,LGA
841,AA 1186,CLT,JFK
842,B6 2254,PBI,JFK
843,B6 1013,JFK,LGB
844,AA 1788,CLT,LGA
847,C5 5003,PWM,EWR
849,DL 1606,EWR,SLC
850,AA 1608,LGA,DFW
851,YX 5945,LGA,CLT
852,DL 1944,LGA,MSP
853,B6 1802,FLL,JFK
854,EV 4472,JAX,EWR
855,AA 310,LGA,MIA
856,YX 4491,BNA,LGA
858,C5 5024,PWM,EWR
859,9E 5419,BOS,JFK
860,YX 3523,EWR,MCI
861,DL 326,SJU,JFK
862,DL 183,JFK,SEA
864,DL 2937,LGA,ATL
865,UA 1534,RSW,EWR
866,B6 520,ATL,JFK
867,9E 3368,JFK,RIC
868,DL 1099,LGA,DFW
869,AA 292,LAX,JFK
870,AA 2161,LGA,BOS
871,UA 977,EWR,ORD
872,YX 3526,DTW,EWR
873,NK 792,MYR,EWR
875,WN 2072,EWR,BNA
879,YX 4546,PBI,LGA
881,B6 53,JFK,PBI
882,YX 6019,EWR,BOS
883,EV 4404,EWR,TYS
884,F9 1511,LGA,ATL
885,DL 1911,MSP,LGA
887,9E 5266,JFK,RDU
888,AS 1301,EWR,SFO
889,9E 5530,ORF,LGA
890,DL 1088,JFK,FLL
891,DL 473,JFK,LAX
892,YX 4510,LGA,CMH
893,YX 3503,EWR,DTW
894,UA 1523,EWR,SJU
895,AA 1782,CLT,LGA
896,NK 300,MYR,LGA
897,UA 1885,EWR,SFO
898,YX 5899,LGA,CMH
900,B6 27,EWR,MCO
901,WN 256,DEN,LGA
902,WN 445,LGA,DAL
904,AA 1049,EWR,ORD
905,9E 5248,BUF,LGA
906,YX 3409,DTW,EWR
907,UA 663,EWR,IAH
908,9E 5515,CLE,LGA
909,UA 743,TPA,EWR
910,AA 581,LGA,DFW
911,DL 2598,JFK,TPA
912,9E 5290,DCA,JFK
913,B6 1424,LAX,JFK
914,9E 3415,JFK,SAV
915,9E 5140,JFK,PIT
916,B6 574,TPA,EWR
918,WN 1166,LGA,BNA
919,UA 280,EWR,SEA
920,AA 2443,DFW,LGA
921,YX 4517,MIA,LGA
922,B6 1198,MCO,LGA
924,9E 5195,IAD,JFK
925,DL 585,ORD,LGA
926,9E 3359,LGA,MEM
927,YX 5946,LGA,DCA
928,C5 4947,EWR,DCA
929,MQ 4257,JFK,ORF
930,YX 3515,DCA,EWR
931,9E 3449,MHT,LGA
932,9E 3474,JFK,IAD
933,B6 864,JFK,HYA
934,EV 4283,ORD,LGA
935,NK 171,LGA,FLL
936,DL 797,JFK,AUS
937,AA 1862,LGA,CLT
940,OO 3580,EWR,MSP
941,9E 5072,DSM,LGA
942,B6 190,SAN,JFK
943,AA 1444,JFK,CLT
944,B6 1289,EWR,SJU
945,UA 904,AUS,EWR
946,9E 5015,BGR,LGA
948,UA 2321,EWR,BOS
949,YX 4576,STL,LGA
950,AS 647,JFK,SFO
951,9E 3333,SAV,LGA
952,C5 4993,EWR,IAD
953,EV 4072,LGA,CLE
954,OO 3608,LGA,MKE
955,DL 1702,LGA,FLL
956,AA 2716,DFW,LGA
957,9E 5100,JFK,JAX
958,WN 5562,LGA,ATL
959,DL 2822,MCO,JFK
962,EV 4016,EWR,CVG
963,B6 450,CLT,JFK
964,9E 3366,STL,LGA
965,9E 3466,JFK,BTV
966,NK 180,FLL,LGA
967,AS 407,JFK,LAX
968,AA 2669,LGA,MIA
969,DL 2571,JFK,SJU
973,DL 2409,JFK,SLC
974,AA 2728,EWR,DFW
975,YX 6012,CMH,LGA
977,C5 4910,EWR,CMH
978,DL 2389,EWR,ATL
979,B6 883,JFK,MCO
980,DL 917,BOS,LGA
981,OO 3783,LGA,RIC
985,DL 2654,JFK,PHX
986,OO 4094,LGA,MKE
987,YX 3610,OKC,EWR
989,9E 3310,BUF,LGA
990,YX 3405,CHS,EWR
991,DL 2988,EWR,ATL
992,YX 4485,RIC,LGA
993,YX 4447,MSP,LGA
994,9E 5319,LGA,CVG
995,9E 5352,BGR,LGA
996,WN 1497,LGA,DEN
997,AA 2814,DFW,EWR
998,AA 16,SFO,JFK
999,B6 1389,EWR,SJU
1000,WN 382,MDW,EWR
1001,UA 715,SAT,EWR
1002,B6 490,MCO,JFK
1003,MQ 3637,LGA,CHO
1004,DL 2598,TPA,JFK
1005,MQ 3943,LGA,CMH
1006,YX 3516,EWR,EYW
1007,B6 6,FLL,EWR
1008,C5 5012,BUF,EWR
1009,AA 2136,BOS,LGA
1010,UA 1240,ORD,EWR
1012,AA 177,LGA,JAC
1013,B6 1185,JFK,RDU
1016,OO 4068,JFK,PIT
1018,AA 2461,LGA,ORD
1019,YX 3436,DCA,EWR
1020,EV 4394,EWR,DCA
1021,YX 3580,EWR,CVG
1024,YX 3641,MSP,EWR
1025,DL 1389,JFK,CLT
1027,WN 2077,LGA,BNA
1028,UA 2138,EWR,LAS
1029,UA 761,LGA,ORD
1030,MQ 3943,LGA,ILM
1031,AA 871,MIA,LGA
1032,B6 1290,SJU,EWR
1033,B6 2530,RSW,JFK
1034,WN 2362,LGA,ATL
1036,UA 1013,DEN,LGA
1037,OO 3858,JFK,SAV
1038,EV 4116,ROC,EWR
1039,DL 1133,JFK,AUS
1040,DL 834,LGA,DEN
1041,AA 1171,MIA,LGA
1042,AA 1891,EWR,CLT
1043,UA 1857,EWR,RSW
1045,UA 1417,EWR,MCO
1046,DL 2289,PBI,LGA
1047,DL 1287,MCO,LGA
1048,AA 1280,PHX,JFK
1049,YX 5891,BOS,LGA
1050,UA 299,EWR,CHS
1052,DL 2421,LAS,JFK
1053,UA 2193,ORD,EWR
1054,MQ 3349,EWR,ORD
1055,NK 921,LGA,MYR
1056,WN 2643,LGA,BNA
1057,UA 711,EWR,FLL
1058,UA 2139,EWR,ORD
1059,OO 5364,ORD,LGA
1060,AA 357,LGA,ORD
1062,YX 4371,STL,LGA
1063,AA 837,JFK,MIA
1064,DL 2543,DEN,JFK
1065,DL 1691,CHS,JFK
1066,UA 2121,IAH,EWR
1067,B6 423,JFK,LAX
1068,B6 199,LGA,MCO
1069,MQ 3420,LGA,BNA
1070,9E 5422,JFK,ORF
1071,MQ 4023,LGA,CLE
1072,B6 1633,BTV,JFK
1074,DL 428,JFK,LAX
1075,B6 1572,FLL,LGA
1076,YX 6082,BOS,JFK
1079,UA 1923,EWR,MIA
1080,YX 4659,LGA,MEM
1083,DL 797,AUS,JFK
1084,9E 5474,JFK,BNA
1086,AA 1407,DFW,LGA
1088,B6 1054,PBI,JFK
1090,UA 2319,SFO,EWR
1091,C5 4949,GSP,EWR
1092,MQ 3803,RDU,LGA
1093,DL 2944,MIA,LGA
1094,MQ 3796,JFK,BWI
1095,YX 4491,LGA,BNA
1096,YX 3692,EWR,JAX
1098,AS 229,JFK,LAX
1099,YX 3669,EWR,RDU
1101,WN 445,EWR,PHX
1102,UA 1699,EWR,DEN
1105,MQ 4148,JFK,ORF
1106,B6 1218,JFK,BOS
1107,MQ 3716,JFK,CMH
1108,DL 928,BOS,JFK
1109,DL 675,LGA,ATL
1110,9E 5254,MSP,EWR
1111,AA 2572,JFK,MIA
1114,9E 5244,JFK,ROC
1115,UA 693,LGA,ORD
1116,UA 1866,EWR,DFW
1117,DL 381,LGA,RSW
1118,AA 2136,LGA,BOS
1119,UA 1983,EWR,TPA
1120,C5 4897,BGR,EWR
1121,YX 5941,EWR,BOS
1122,DL 1214,ORD,LGA
1123,AA 10,LAX,JFK
1124,UA 2151,EWR,SEA
1125,B6 1224,LAX,JFK
1126,YX 6084,LGA,MSN
1127,C5 4991,CVG,EWR
1128,C5 4991,EWR,MSN
1129,OO 3875,MSP,EWR
1130,UA 1298,PBI,EWR
1131,DL 453,JFK,LAX
1132,9E 3406,MSN,LGA
1133,B6 720,ATL,JFK
1134,YX 3565,MCI,EWR
1135,UA 213,SFO,EWR
1137,AA 1283,BOS,JFK
1139,YX 6089,CLE,LGA
1140,OO 3938,ORD,LGA
1142,B6 1290,FLL,EWR
1143,WN 1255,HOU,LGA
1144,9E 3401,LGA,STL
1145,B6 2923,JFK,LAX
1146,AA 2809,LGA,MIA
1147,B6 2990,MCO,JFK
1148,OO 2979,EWR,ORD
1149,DL 1875,TPA,LGA
1150,YX 3413,CLE,EWR
1152,AA 2157,BOS,LGA
1153,B6 828,MCO,EWR
1154,B6 263,JFK,SEA
1155,DL 757,SFO,JFK
1156,DL 2350,ATL,JFK
1157,AA 1539,CLT,EWR
1158,OO 4080,LGA,GSO
1159,9E 5095,BUF,JFK
1160,YX 4635,LGA,BNA
1162,B6 15,JFK,SFO
1163,YX 6063,PIT,LGA
1164,AA 2121,LGA,BOS
1165,YX 6073,LGA,RSW
1166,DL 874,DTW,LGA
1167,YX 4322,DCA,LGA
1168,OO 3757,JFK,SAV
1169,WN 2216,MDW,LGA
1171,DL 1796,MSP,LGA
1173,DL 1585,LAS,JFK
1174,B6 516,SFO,JFK
1175,UA 687,EWR,IAH
1176,YX 5903,CMH,LGA
1177,YX 6013,MSN,LGA
1178,MQ 3666,JFK,CLE
1180,YX 3461,RDU,EWR
1181,UA 259,TPA,EWR
1182,YX 3657,EWR,MKE
1184,UA 2321,PHX,EWR
1186,OO 4208,CLE,JFK
1187,YX 3425,EWR,PIT
1188,NK 1150,MSY,EWR
1190,DL 870,MCO,LGA
1191,YX 6060,PIT,LGA
1193,AS 468,LAX,JFK
1194,F9 647,LGA,CVG
1195,AA 1626,LGA,MIA
1196,DL 1057,LAS,JFK
1197,YX 5971,RIC,LGA
1198,DL 870,LGA,MCO
1199,YX 3455,RDU,EWR
1200,AA 359,DFW,LGA
1201,9E 3325,LGA,MCI
1202,C5 4973,EWR,PVD
1203,EV 4354,EWR,SYR
1204,WN 952,LGA,MCI
1205,9E 3493,LGA,ROC
1206,DL 961,JFK,SAN
1207,9E 3281,JFK,CLT
1208,9E 5153,JAX,LGA
1211,B6 1105,JFK,ORD
1213,9E 5316,LGA,GRR
1214,WN 1754,DEN,EWR
1215,MQ 3829,JFK,BNA
1216,YX 4478,LGA,XNA
1217,YX 3698,EWR,DCA
1218,YX 6125,LGA,PIT
1219,UA 1637,EWR,RDU
1220,WN 962,ATL,LGA
1223,B6 719,JFK,ATL
1224,C5 4947,BGR,EWR
1225,9E 5121,RDU,JFK
1226,B6 677,JFK,JAX
1227,G4 1915,EWR,VPS
1229,DL 1265,LGA,MCO
1230,OO 3800,LGA,CLE
1231,DL 1445,SFO,JFK
1232,YX 3453,PIT,EWR
1233,AA 2144,LGA,DCA
1234,YX 3622,EWR,CHS
1236,WN 771,MDW,EWR
1237,UA 1796,SFO,EWR
1238,YX 4319,LGA,DCA
1239,AA 771,CMH,LGA
1240,EV 4231,EWR,CHS
1242,AS 59,JFK,SJC
1243,UA 1249,LGA,ORD
1244,WN 2826,LGA,DEN
1245,OO 3611,RIC,JFK
1246,MQ 3623,DTW,LGA
1248,YV 6358,IAH,LGA
1250,B6 2503,JFK,SJU
1252,UA 2271,LAS,EWR
1254,DL 2593,TPA,JFK
1255,9E 3360,RSW,LGA
1256,C5 4932,CVG,EWR
1257,YX 3408,BOS,EWR
1258,B6 1472,FLL,LGA
1259,B6 1323,JFK,LAX
1263,AA 1788,LGA,CLT
1264,YX 3598,ORD,LGA
1265,YX 5894,LGA,BOS
1266,9E 5385,LGA,CLT
1267,WN 1382,LGA,ATL
1268,9E 5229,LGA,CLE
1269,B6 149,JFK,PSP
1270,AA 2572,MIA,JFK
1271,UA 897,BNA,EWR
1273,9E 5231,JFK,PWM
1275,DL 2052,MSP,EWR
1277,WN 4943,MSY,LGA
1278,AA 2825,JFK,CLT
1279,UA 1549,TPA,EWR
1280,EV 4206,IND,EWR
1281,G7 6173,DTW,EWR
1282,G4 1313,EWR,CVG
1283,UA 788,EWR,SNA
1286,DL 1094,JFK,FLL
1287,UA 1837,EWR,AUS
1288,C5 4981,EWR,SYR
1289,B6 415,JFK,SFO
1290,9E 3317,JFK,CLE
1293,UA 1269,SLC,EWR
1294,B6 1502,FLL,JFK
1295,WN 1782,ATL,LGA
1297,9E 5054,PWM,LGA
1298,DL 2406,EWR,ATL
1299,AS 237,JFK,LAX
1301,EV 4013,BUF,EWR
1303,UA 1065,MSY,EWR
1304,B6 502,FLL,JFK
1305,AA 2485,EWR,ORD
1306,DL 2118,LGA,IAH
1307,C5 4917,PWM,EWR
1309,9E 3483,RIC,LGA
1311,C5 4901,CHS,EWR
1313,UA 1257,EWR,SFO
1314,B6 168,OAK,JFK
1315,DL 2639,JFK,SEA
1316,AA 2731,CLT,JFK
1317,YX 3419,EWR,DTW
1318,WN 4609,LGA,STL
1319,UA 639,ORD,LGA
1320,DL 2822,PDX,JFK
1321,YX 3551,EWR,IND
1322,DL 468,LAX,JFK
1323,MQ 3524,PIT,JFK
1325,DL 2412,JFK,ATL
1326,OO 3736,LGA,MKE
1328,AA 2305,JFK,SFO
1330,9E 5354,IAD,JFK
1333,UA 1877,EWR,SNA
1335,YX 3554,EWR,RDU
1336,UA 2072,EWR,CLT
1337,UA 247,EWR,FLL
1338,DL 1830,SLC,JFK
1339,YX 3664,SRQ,EWR
1341,MQ 3521,LGA,CLE
1342,NK 327,EWR,IAH
1344,WN 611,LGA,MDW
1345,YX 6074,LGA,BOS
1346,NK 705,LGA,FLL
1347,DL 1473,SJU,JFK
1348,C5 4955,JAX,EWR
1349,B6 812,RSW,EWR
1351,C5 4899,EWR,SYR
1352,AA 1500,JFK,CLT
1353,YX 6056,LGA,BOS
1354,9E 5271,JFK,BUF
1355,WN 664,HOU,LGA
1357,9E 5443,BWI,JFK
1358,DL 2648,JFK,ATL
1359,AA 2162,LGA,BOS
1360,YX 6070,LGA,STL
1361,DL 447,JFK,LAX
1362,UA 675,LGA,IAH
1364,EV 4108,ORF,EWR
1366,OO 4087,LGA,SYR
1367,OO 3779,ORD,LGA
1368,WN 4456,FLL,EWR
1369,YX 3452,PIT,EWR
1370,YX 6014,BOS,LGA
1371,9E 3364,SYR,JFK
1373,9E 3432,CVG,LGA
1374,AA 1490,LGA,DFW
1375,B6 2979,BOS,EWR
1376,EV 4355,STL,EWR
1378,AA 1891,CLT,EWR
1379,B6 90,SAN,JFK
1380,UA 446,MCO,EWR
1381,B6 66,ABQ,JFK
1382,EV 4119,EWR,RIC
1383,WN 2477,STL,EWR
1384,G7 6183,EWR,RDU
1386,DL 1565,LGA,MCO
1387,G7 6301,EWR,DTW
1388,YX 5887,LGA,RDU
1389,MQ 3727,RIC,LGA
1390,AS 1023,JFK,SFO
1391,UA 2340,PIT,EWR
1392,OO 3747,BOS,LGA
1393,B6 1280,EWR,BOS
1394,B6 842,SAV,JFK
1396,B6 202,FLL,JFK
1397,C5 4961,MSN,EWR
1398,OO 3941,LGA,ORD
1399,YX 3403,EWR,OMA
1401,B6 2901,JFK,FLL
1402,UA 2006,EWR,SFO
1403,9E 5367,CLE,LGA
1404,UA 2216,EWR,DEN
1406,AA 2118,BOS,LGA
1407,DL 1993,JFK,ATL
1408,UA 552,EWR,TPA
1409,AA 381,ORD,LGA
1410,C5 4951,ORF,EWR
1411,9E 5234,LGA,JAX
1412,UA 355,EWR,IAH
1413,AA 2214,SAT,JFK
1414,YX 4318,DCA,LGA
1415,WN 4378,LGA,MCI
1416,UA 2080,EWR,SFO
1417,OO 3641,ORD,JFK
1418,UA 1999,LAS,EWR
1420,MQ 3866,BWI,JFK
1421,MQ 3970,LGA,ORF
1422,B6 863,HYA,JFK
1423,UA 2258,ORD,LGA
1425,G7 6252,EWR,DTW
1426,UA 2429,EWR,DEN
1427,MQ 3773,CLE,LGA
1429,UA 343,EWR,PBI
1430,DL 2915,JFK,DEN
1432,AA 1333,EWR,PHX
1433,B6 71,JFK,SLC
1435,YX 5959,LGA,DFW
1436,UA 2304,LAX,EWR
1437,B6 18,JFK,BOS
1438,YX 5885,RDU,LGA
1441,9E 5249,GSO,LGA
1442,YX 3555,EWR,SRQ
1443,YX 3536,DCA,EWR
1444,9E 5082,LGA,GSP
1445,UA 550,TPA,EWR
1446,9E 3396,JFK,PWM
1447,B6 1418,JFK,BOS
1448,AA 2652,JFK,SFO
1449,AA 2371,EWR,PHX
1450,9E 5156,CVG,LGA
1451,9E 3448,JFK,PWM
1452,UA 1489,EWR,PBI
1453,DL 1162,LAX,JFK
1455,DL 322,LGA,DFW
1456,YX 3521,EWR,MSP
1458,UA 2062,EWR,BOS
1459,OO 3835,LGA,BHM
1460,9E 3393,LGA,XNA
1465,9E 3404,JFK,SYR
1466,EV 4158,EWR,AVL
1468,DL 2830,JFK,PBI
1469,B6 2807,PWM,JFK
1473,EV 4008,BUF,EWR
1474,AS 1024,SFO,JFK
1475,UA 2044,SFO,EWR
1476,UA 2206,RSW,EWR
1477,DL 748,EWR,DTW
1478,C5 4975,DCA,EWR
1479,9E 5108,LGA,LEX
1480,UA 443,IAH,EWR
1481,B6 2601,BUF,JFK
1482,WN 568,MDW,EWR
1485,9E 5116,MKE,LGA
1486,AA 2186,LGA,RDU
1487,AA 349,ORD,LGA
1489,WN 223,LGA,STL
1490,YX 3426,CMH,EWR
1491,B6 34,JFK,BTV
1492,DL 896,LGA,ATL
1493,DL 1982,MIA,LGA
1495,B6 1332,LGA,BOS
1496,9E 3390,ROC,LGA
1497,YX 6040,IND,LGA
1498,DL 842,LGA,DTW
1499,YX 3451,PIT,EWR
1501,WN 561,BNA,EWR
1504,UA 485,EWR,DEN
1505,YX 3415,EWR,CLT
1507,YX 4698,SDF,LGA
1508,B6 2379,BOS,EWR
1509,AS 334,SFO,EWR
1510,YX 3605,OMA,EWR
1511,B6 124,LAX,JFK
1512,UA 1213,LGA,ORD
1513,UA 2214,DEN,LGA
1514,YX 3749,EWR,SDF
1515,YX 3449,EWR,STL
1516,MQ 3320,LGA,ILM
1519,DL 182,SEA,JFK
1520,AA 1942,CLT,LGA
1521,B6 2002,JFK,BUF
1522,AS 657,JFK,SFO
1524,DL 794,MSP,EWR
1525,B6 1124,LAX,JFK
1526,DL 1607,EWR,DTW
1527,DL 2181,MCO,LGA
1528,DL 973,DTW,LGA
1529,G7 6200,EWR,DTW
1530,9E 5154,LGA,STL
1531,UA 1087,RDU,EWR
1532,DL 1473,MCO,JFK
1533,WN 739,MCI,LGA
1534,YX 5973,JFK,CMH
1535,9E 3303,DSM,LGA
1537,MQ 3549,LGA,PWM
1539,UA 746,SFO,EWR
1540,DL 2243,MSP,LGA
1541,YX 4500,MSP,LGA
1542,DL 1835,PBI,JFK
1543,B6 1272,FLL,LGA
1544,WN 846,MCI,LGA
1545,UA 748,IAH,EWR
1547,NK 847,LGA,ORD
1548,DL 40,LAX,JFK
1549,UA 1537,LAS,EWR
1550,9E 3340,LGA,ROC
1552,UA 1990,EWR,BOS
1553,DL 2169,MIA,LGA
1555,9E 3402,PIT,LGA
1557,AA 1142,MIA,JFK
1559,AS 470,LAX,JFK
1560,AS 162,LAX,EWR
1561,AS 1399,JFK,LAX
1562,UA 1708,FLL,EWR
1564,WN 2989,EWR,MDW
1566,NK 347,LGA,MYR
1567,YX 4506,BNA,LGA
1570,AA 2153,DCA,LGA
1571,AA 1263,LGA,DFW
1572,9E 3485,LGA,CVG
1574,UA 2378,MCO,EWR
1576,AA 306,JFK,LAX
1577,YX 4606,STL,LGA
1578,DL 895,LAX,JFK
1579,YX 3515,CMH,EWR
1580,OH 5450,DAY,LGA
1581,UA 704,IAH,EWR
1582,C5 4919,CHS,EWR
1583,MQ 4195,CMH,LGA
1584,UA 1573,LGA,ORD
1587,EV 4208,MEM,EWR
1589,YX 5891,BOS,JFK
1590,9E 5060,JFK,DFW
1591,DL 2571,SJU,JFK
1593,AA 1556,LGA,MIA
1595,DL 1839,MCO,LGA
1596,EV 4458,EWR,IND
1598,YX 4589,STL,LGA
1599,B6 698,MCO,LGA
1600,UA 600,EWR,LAX
1601,B6 1729,JFK,RSW
1602,DL 2415,ATL,EWR
1603,UA 2337,LAS,EWR
1605,DL 1372,JFK,AUS
1606,UA 1538,EWR,PBI
1609,YX 3721,MKE,EWR
1610,DL 1231,EWR,DTW
1611,B6 2580,EWR,BOS
1612,9E 5018,LGA,CAE
1613,YX 4334,DCA,LGA
1615,YX 5895,LGA,DCA
1616,YX 4504,RDU,LGA
1617,YX 4362,TYS,LGA
1619,DL 545,BOS,LGA
1620,DL 2974,PDX,JFK
1621,9E 5179,PIT,JFK
1623,DL 2383,DFW,LGA
1624,MQ 3610,LGA,CVG
1625,DL 715,BOS,LGA
1626,UA 2411,EWR,SMF
1628,WN 4711,ATL,LGA
1629,B6 631,BOS,LGA
1630,DL 889,DTW,EWR
1631,YX 6024,LGA,BOS
1632,DL 430,JFK,SFO
1633,DL 306,ORD,LGA
1634,9E 3480,IND,JFK
1635,OO 4018,LGA,CLE
1636,9E 3371,ROC,JFK
1639,WN 2186,TPA,LGA
1644,YX 4317,LGA,DCA
1645,DL 2748,FLL,LGA
1647,DL 1778,LGA,RSW
1648,DL 1894,LGA,BOS
1649,UA 2275,EWR,RSW
1650,EV 4061,ORD,LGA
1651,DL 801,LGA,MSY
1653,AA 76,JFK,SFO
1654,DL 2769,LGA,ATL
1657,YX 4637,PIT,LGA
1658,MQ 3749,JFK,ORF
1659,UA 2312,CHS,EWR
1660,UA 408,IAH,EWR
1662,YX 3500,EWR,SYR
1663,AA 332,MIA,LGA
1664,UA 509,ORD,LGA
1665,YX 5893,DCA,LGA
1666,UA 1858,IAH,EWR
1667,AA 56,JFK,LAX
1668,B6 1473,JFK,CHS
1669,DL 1903,LGA,MSP
1671,EV 4133,EWR,DTW
1673,9E 5213,JFK,IND
1674,YX 4660,LGA,DTW
1675,YX 5872,LGA,RDU
1677,DL 2775,ORD,LGA
1681,DL 1762,JFK,LAX
1682,WN 659,OAK,EWR
1684,UA 1601,MCO,EWR
1685,YX 4557,LGA,STL
1686,B6 1201,JFK,FLL
1687,NK 1013,EWR,RSW
1688,YX 4359,TYS,LGA
1689,AA 295,LGA,ORD
1691,EV 4458,TYS,EWR
1693,OO 4252,LGA,ORD
1694,YX 3422,DCA,EWR
1695,C5 5020,GSO,EWR
1696,AA 250,JFK,PHX
1698,UA 1180,EWR,ORD
1699,DL 214,IAH,JFK
1700,UA 1823,ORD,LGA
1701,AA 1888,CLT,EWR
1702,AS 1063,JFK,SEA
1703,AA 331,JFK,LAX
1705,AS 7,JFK,SEA
1710,UA 699,EWR,FLL
1711,B6 354,ONT,JFK
1712,C5 4978,ORF,EWR
1713,9E 5258,LGA,BTV
1714,9E 3491,CVG,LGA
1715,WN 1266,EWR,MDW
1716,YX 3445,EWR,PIT
1717,EV 4225,CLE,LGA
1718,9E 5498,BOS,JFK
1720,OO 3881,JFK,RIC
1721,UA 2217,EWR,DEN
1724,YX 3478,EWR,CMH
1725,UA 303,DEN,LGA
1727,OO 4751,RIC,LGA
1728,9E 3403,LGA,XNA
1729,9E 5267,LGA,MSY
1730,UA 2098,LGA,IAH
1731,UA 463,LGA,ORD
1733,UA 2143,CLE,EWR
1734,MQ 3320,JFK,CVG
1736,DL 998,DFW,LGA
1737,DL 2185,FLL,JFK
1738,AA 1382,EWR,DFW
1739,MQ 3770,PIT,LGA
1740,YX 6059,LGA,RDU
1741,WN 1008,LGA,STL
1742,EV 4329,PWM,EWR
1743,AA 2369,JFK,PHX
1744,OO 4091,LGA,SYR
1745,G4 1214,EWR,AVL
1746,C5 4973,EWR,JAX
1748,NK 1159,EWR,MCO
1749,YX 3643,EWR,CLT
1751,C5 4991,MHT,EWR
1752,9E 3351,JFK,IAD
1753,C5 4942,EWR,JAX
1754,DL 2850,JFK,ATL
1756,UA 649,LGA,IAH
1757,9E 3496,BUF,JFK
1758,9E 5318,MSP,EWR
1759,YX 6046,BOS,JFK
1761,YX 5927,LGA,BHM
1762,DL 2175,MIA,JFK
1764,9E 5164,STL,LGA
1766,YX 5961,LGA,BOS
1767,YX 3744,EWR,PVD
1768,AS 479,JFK,PDX
1769,DL 2423,JFK,MSP
1772,C5 4990,EWR,ROC
1773,AA 349,LGA,ORD
1774,MQ 4055,RDU,JFK
1776,B6 1563,JFK,SRQ
1777,B6 153,JFK,PBI
1778,UA 758,EWR,LAX
1779,AS 1059,JFK,SEA
1780,9E 5314,CHA,LGA
1782,YX 6085,IND,LGA
1784,UA 1173,SJU,EWR
1785,AA 2137,BOS,LGA
1786,C5 4931,EWR,CHS
1788,UA 683,EWR,BUF
1792,DL 795,JFK,PDX
1794,UA 1402,SEA,EWR
1795,UA 1078,BOS,EWR
1797,YX 6067,LGA,RDU
1798,UA 490,EWR,ROC
1799,B6 1504,SJU,JFK
1801,C5 4980,EWR,CVG
1802,DL 449,JFK,HNL
1806,DL 896,LGA,MIA
1808,YX 3456,DFW,EWR
1811,MQ 3354,ORF,LGA
1812,9E 5274,RDU,JFK
1815,YX 3441,BTV,EWR
1818,9E 5244,MVY,LGA
1819,9E 3387,MKE,LGA
1820,YX 3714,SAT,EWR
1822,WN 454,LGA,BNA
1823,MQ 4146,STL,LGA
1824,DL 302,SEA,JFK
1825,YX 5895,LGA,PWM
1826,UA 2352,EWR,LAS
1827,DL 1488,TPA,LGA
1828,YX 5977,LGA,IND
1829,9E 5133,CLE,JFK
1830,UA 985,FLL,EWR
1831,MQ 3343,RDU,LGA
1832,YX 5892,LGA,SDF
1833,YX 4546,LGA,PBI
1836,9E 5403,JFK,CLE
1837,YX 3582,CMH,EWR
1838,DL 2807,LGA,DTW
1839,DL 1274,MIA,JFK
1842,YX 5904,LGA,GSP
1843,DL 1131,LGA,FLL
1844,DL 2592,JFK,SLC
1845,MQ 3623,LGA,DTW
1851,EV 4257,EWR,CLE
1852,YX 3457,EWR,GSP
1853,AA 1056,LGA,DFW
1857,DL 1496,LGA,MSP
1859,AA 2068,CLT,LGA
1860,YX 3524,EWR,OMA
1863,AA 2505,EWR,CLT
1864,NK 1520,FLL,EWR
1865,AA 74,LGA,PHL
1866,YX 3456,EWR,CLT
1867,9E 5301,ORF,JFK
1868,DL 2244,JFK,MCO
1869,EV 4080,EWR,RIC
1870,YX 5916,LGA,CMH
1871,C5 4900,CMH,EWR
1874,YX 6009,LGA,IND
1875,B6 2101,BUF,JFK
1876,AA 2133,LGA,DCA
1878,OO 3779,GSO,LGA
1879,C5 4974,RIC,EWR
1881,9E 3440,LGA,ROC
1882,C5 4920,EWR,PWM
1883,B6 871,JFK,SLC
1884,MQ 3915,LGA,RDU
1885,EV 4031,BNA,EWR
1886,DL 732,BOS,LGA
1889,NK 718,DFW,LGA
1890,OO 4060,LGA,RIC
1892,AA 2822,DFW,LGA
1894,YX 6012,LGA,CMH
1895,9E 5253,BTV,JFK
1896,YX 5952,LGA,DCA
1899,9E 3339,RIC,LGA
1900,DL 2604,LGA,TPA
1901,9E 3315,GSO,LGA
1902,UA 1282,EWR,BOS
1903,DL 1592,CHS,JFK
1907,EV 4113,EWR,IND
1908,YX 4652,RDU,LGA
1909,UA 1293,EWR,CLE
1910,UA 2383,EWR,DFW
1913,C5 4975,EWR,ROC
1915,DL 2292,LGA,MSP
1919,UA 508,EWR,IAH
1921,UA 2106,EWR,IAD
1922,UA 2250,IAD,EWR
1923,UA 295,EWR,BNA
1924,UA 327,BZN,EWR
1925,9E 5295,ORF,LGA
1926,DL 1182,MSY,LGA
1927,UA 1929,SEA,EWR
1928,C5 4934,EWR,ACK
1929,WN 1598,HOU,LGA
1930,AA 2718,CLT,EWR
1931,EV 4334,ORD,LGA
1932,UA 416,EWR,BOS
1934,DL 2231,DTW,LGA
1935,UA 1727,MCO,EWR
1936,YX 6050,CLE,JFK
1937,B6 1143,EWR,PBI
1938,OO 3704,ORD,JFK
1939,OO 4759,GSO,LGA
1941,MQ 3938,CVG,LGA
1944,9E 5393,TYS,LGA
1945,C5 4947,JAX,EWR
1946,MQ 3653,JFK,PIT
1947,UA 2297,ORD,EWR
1948,EV 4073,EWR,BTV
1949,EV 4414,EWR,MSN
1950,AA 336,ORD,LGA
1952,MQ 3459,EWR,ORD
1954,OO 3732,MKE,LGA
1955,EV 4136,EWR,CMH
1956,G7 6236,DTW,EWR
1958,9E 5433,JFK,ORD
1959,OO 4052,JFK,RIC
1961,DL 838,LGA,MIA
1962,AA 1267,CLT,JFK
1963,AS 317,EWR,SFO
1966,AS 1022,SFO,JFK
1967,OO 3530,ORD,JFK
1969,OO 3926,MSP,EWR
1970,DL 1048,CLT,JFK
1971,UA 475,EWR,ATL
1972,DL 1664,JFK,JAX
1974,9E 5022,JFK,DCA
1977,YX 5883,LGA,STL
1978,DL 2248,DTW,LGA
1979,9E 5186,JFK,CLT
1981,AA 1506,MIA,EWR
1982,AA 336,LGA,ORD
1983,DL 2464,TPA,JFK
1984,YX 3588,RDU,EWR
1985,9E 5066,PIT,LGA
1986,YX 3504,EWR,SDF
1989,C5 4980,SYR,EWR
1990,B6 794,AUS,JFK
1992,DL 2496,MSP,JFK
1993,9E 5067,JFK,CVG
1994,YX 3687,LGA,ORD
1995,DL 2341,JFK,ATL
1998,OO 3649,CHS,LGA
1999,9E 3285,PWM,LGA
2002,DL 1942,ATL,EWR
2004,WN 1754,MDW,LGA
2005,DL 1902,LGA,ORD
2006,B6 224,LAX,JFK
2007,UA 2219,MCO,EWR
2010,DL 2638,CLT,JFK
2013,AA 25,ORD,LGA
2014,MQ 3818,LGA,RIC
2015,UA 210,AUS,EWR
2017,C5 4946,EWR,ALB
2021,DL 592,SFO,JFK
2022,OO 3839,BHM,LGA
2023,UA 1877,TPA,EWR
2024,UA 410,ATL,EWR
2025,WN 4879,ATL,LGA
2026,WN 2568,ATL,LGA
2027,C5 4894,EWR,CAK
2029,DL 2302,MCO,JFK
2031,C5 4983,EWR,MKE
2032,WN 2238,MDW,LGA
2033,9E 5232,CVG,LGA
2034,YX 4321,LGA,DCA
2035,B6 233,BTV,JFK
2038,WN 775,LGA,MKE
2039,B6 1623,JFK,LAX
2042,AA 1196,EWR,MIA
2044,EV 4130,EWR,MKE
2046,DL 1097,JFK,AUS
2048,B6 1630,RSW,JFK
2049,AA 304,DFW,JFK
2050,AA 2643,JFK,CLT
2051,B6 553,JFK,PBI
2052,G4 2514,EWR,SAV
2054,UA 251,IAH,LGA
2055,WN 788,EWR,FLL
2056,AA 33,JFK,LAX
2058,EV 4308,CLE,LGA
2059,YX 4504,CHS,LGA
2060,B6 1183,JFK,MCO
2062,WN 421,MCI,LGA
2063,DL 419,JFK,LAS
2065,G7 6221,DTW,EWR
2067,YX 4528,LGA,CMH
2068,WN 2985,AUS,EWR
2070,UA 2337,EWR,BNA
2071,YX 6057,LGA,BOS
2073,AA 1311,MIA,LGA
2074,EV 4202,EWR,STL
2075,YX 6054,LGA,BOS
2076,OO 3811,RIC,LGA
2077,WN 4085,EWR,DEN
2078,UA 1527,EWR,MCO
2079,NK 504,MSY,EWR
2080,WN 798,HOU,LGA
2081,UA 2422,ORD,LGA
2082,DL 2398,EWR,ATL
2083,DL 483,RSW,JFK
2085,AS 1406,LAX,JFK
2087,UA 1974,MIA,EWR
2088,UA 628,PBI,EWR
2090,UA 1166,ORD,LGA
2091,B6 2358,BUR,JFK
2092,AA 2131,BOS,LGA
2093,OO 4035,JFK,BNA
2095,WN 1782,LGA,MCI
2097,9E 4876,CVG,EWR
2099,UA 1857,MCO,EWR
2101,YX 3432,EWR,RDU
2102,UA 427,ORD,EWR
2103,AA 1722,CLT,LGA
2104,AA 2708,DFW,LGA
2105,MQ 4052,JFK,BOS
2106,F9 2963,EWR,PBI
2107,DL 2486,ATL,JFK
2108,HA 50,HNL,JFK
2109,YX 3748,EWR,EYW
2110,DL 305,LGA,ORD
2111,YX 3598,EWR,DTW
2112,AA 2287,AUS,JFK
2114,F9 1112,MCO,LGA
2115,DL 2512,EWR,ATL
2120,9E 3381,CLT,LGA
2121,AA 1836,RDU,LGA
2122,YX 3564,CVG,EWR
2123,YX 5953,DCA,LGA
2124,B6 1001,BUF,JFK
2126,YX 4598,LGA,DTW
2127,WN 2866,LGA,DEN
2128,YX 6059,BOS,LGA
2129,9E 5209,BNA,LGA
2132,UA 2202,LGA,ORD
2134,C5 4992,GSO,EWR
2135,UA 570,EWR,DFW
2136,OO 3714,MKE,LGA
2137,AA 2783,JFK,EGE
2140,DL 869,LGA,DTW
2141,DL 1586,ATL,LGA
2143,DL 1278,SLC,JFK
2145,AA 2121,BOS,LGA
2146,OO 3846,CLE,LGA
2147,DL 2068,MCO,JFK
2149,WN 2554,LGA,MKE
2150,DL 1624,DTW,EWR
2151,EV 4279,EWR,GSP
2153,9E 5004,BUF,JFK
2155,AA 370,LGA,ORD
2157,C5 4887,BGR,EWR
2158,UA 1162,EWR,RDU
2159,B6 584,MCO,JFK
2160,YX 4461,DTW,LGA
2161,AA 2736,DFW,EWR
2163,9E 5115,IAD,JFK
2165,C5 4914,EWR,ORF
2166,YV 6238,IAH,LGA
2170,AA 1991,LGA,ATL
2171,UA 443,EWR,SAN
2172,UA 295,SFO,EWR
2173,NK 876,CLT,EWR
2174,NK 604,FLL,LGA
2176,DL 485,BOS,LGA
2181,EV 4368,STL,EWR
2183,B6 2279,BOS,EWR
2184,WN 1111,LGA,MDW
2185,MQ 3776,RIC,LGA
2186,EV 4014,EWR,MEM
2187,B6 283,JFK,MCO
2188,EV 4283,EWR,RIC
2189,UA 1787,JAX,EWR
2190,9E 5349,LGA,CAE
2191,B6 2504,SJU,JFK
2193,DL 728,BOS,LGA
2195,MQ 3803,LGA,RDU
2199,YX 4327,DCA,LGA
2200,YX 3555,EWR,CLT
2201,YX 4461,LGA,DTW
2202,UA 434,EWR,MCO
2203,EV 4000,EWR,BNA
2206,DL 2068,SAT,JFK
2207,C5 4920,CMH,EWR
2208,DL 1649,TPA,JFK
2209,9E 3401,JFK,SYR
2210,WN 577,DAL,LGA
2212,DL 1588,RSW,LGA
2213,9E 3346,CHS,JFK
2214,9E 5285,BNA,JFK
2216,9E 3436,SYR,JFK
2217,9E 5149,BUF,LGA
2221,YX 3639,EWR,CMH
2222,YX 6107,CMH,JFK
2223,AA 2773,JFK,DCA
2224,EV 4116,EWR,BTV
2227,B6 2525,JFK,TPA
2230,B6 1491,JFK,ACK
2231,9E 5119,BTV,LGA
2234,UA 1596,EWR,LAS
2236,B6 1374,CHS,JFK
2237,YX 4570,LGA,MSP
2238,YX 3512,EWR,DFW
2240,C5 4886,BNA,EWR
2242,YX 6062,LGA,BOS
2244,DL 863,MIA,LGA
2245,DL 1712,LGA,FLL
2246,MQ 4166,ORF,JFK
2247,OO 4072,IAH,LGA
2248,B6 1186,RDU,JFK
2249,AA 300,JFK,LAX
2250,WN 1100,HOU,LGA
2253,B6 201,JFK,FLL
2255,OO 4690,LGA,GSO
2256,WN 717,DEN,LGA
2257,YV 6055,IAD,LGA
2258,NK 316,DTW,LGA
2259,C5 4990,JAX,EWR
2260,EV 4234,STL,EWR
2261,UA 1490,LAX,EWR
2266,YX 3537,EWR,DTW
2268,WN 742,DEN,LGA
2273,DL 1359,SFO,JFK
2274,B6 428,MCO,EWR
2275,YX 4447,DTW,LGA
2277,B6 903,JFK,SJU
2279,C5 5017,EWR,DCA
2280,DL 1618,JFK,CLT
2281,DL 2515,LGA,ATL
2282,C5 4892,EWR,GSO
2285,DL 2197,LAX,JFK
2286,UA 240,EWR,LAX
2287,9E 3304,RDU,LGA
2288,B6 135,JFK,PHX
2289,WN 1695,STL,LGA
2290,UA 1002,SNA,EWR
2293,OO 4053,GSO,LGA
2294,NK 703,EWR,IAH
2295,YX 6100,BOS,LGA
2296,DL 2934,EWR,ATL
2297,C5 4922,CVG,EWR
2298,9E 3322,LGA,XNA
2299,AA 1035,EWR,DFW
2300,B6 478,JAX,JFK
2301,AS 54,PDX,EWR
2304,DL 947,JFK,PDX
2305,WN 2217,DAL,LGA
2306,G7 6215,RDU,EWR
2307,9E 5147,JFK,RDU
2308,9E 3442,MSN,LGA
2309,YX 3679,XNA,EWR
2310,B6 358,BUR,JFK
2312,C5 5020,EWR,IAD
2315,WN 1327,LGA,DEN
2317,DL 2972,JFK,MSY
2318,B6 464,SEA,JFK
2321,UA 665,EWR,LAS
2322,WN 1125,ATL,LGA
2323,YX 3479,EWR,ATL
2324,9E 5102,MCI,LGA
2325,DL 439,JFK,PBI
2326,9E 5500,PIT,LGA
2328,9E 3443,JFK,CVG
2329,C5 4917,EWR,MSN
2331,UA 692,ORD,LGA
2332,UA 1199,BOS,EWR
2334,AA 2067,JFK,CLT
2335,9E 5260,JFK,BUF
2337,AA 2153,LGA,DCA
2339,DL 2040,SFO,JFK
2341,YX 5935,BOS,LGA
2342,DL 1879,LGA,MSP
2343,EV 4278,ROC,EWR
2344,B6 198,MCO,LGA
2345,9E 3440,ROC,LGA
2346,C5 4938,BUF,EWR
2348,WN 1311,MDW,LGA
2351,UA 1898,PBI,EWR
2353,G7 6199,EWR,RDU
2354,C5 5022,EWR,PWM
2355,9E 3457,ORF,LGA
2356,DL 2875,JFK,ATL
2357,DL 930,LGA,DFW
2358,9E 3468,BOS,JFK
2360,DL 2221,ORD,LGA
2362,AA 2586,LGA,MIA
2364,YX 3517,GSP,EWR
2366,DL 1671,LGA,DTW
2368,B6 2227,EWR,MCO
2370,WN 3495,LGA,MKE
2371,UA 353,MIA,EWR
2372,YX 6029,CHS,LGA
2374,B6 573,EWR,TPA
2377,UA 1519,EWR,STT
2380,DL 1877,LGA,ATL
2381,UA 2120,EWR,FLL
2382,AA 1249,MIA,LGA
2383,9E 5131,LGA,MEM
2388,UA 628,EWR,LAX
2390,YX 6006,GRR,LGA
2392,9E 5089,JFK,BUF
2393,DL 907,ATL,JFK
2394,DL 1489,ORD,LGA
2395,EV 4162,STL,EWR
2396,YX 5929,DCA,LGA
2397,DL 630,LAS,JFK
2398,9E 5317,LGA,ORF
2400,MQ 3473,LGA,MEM
2402,YX 3413,EWR,ATL
2404,WN 4499,LGA,DAL
2406,AA 166,SFO,JFK
2407,YX 6116,LGA,IND
2409,AA 826,LGA,ATL
2410,OH 5691,LGA,DAY
2411,WN 3389,ATL,LGA
2415,AA 1192,PHL,LGA
2417,C5 5009,EWR,GSO
2418,DL 338,LGA,ORD
2419,9E 5382,LGA,GSP
2420,DL 1491,LGA,FLL
2421,WN 4310,LGA,HOU
2423,AA 2043,LGA,ATL
2425,MQ 4023,LGA,BGR
2427,EV 4241,DCA,EWR
2432,DL 1881,LGA,MCO
2433,9E 3376,MKE,LGA
2435,B6 108,JFK,PWM
2437,DL 676,STT,JFK
2440,UA 522,EWR,LAX
2441,YX 6078,LGA,IND
2442,DL 1625,DTW,LGA
2444,UA 1840,DEN,EWR
2448,UA 2322,EWR,BOS
2450,OO 3675,SAV,LGA
2451,9E 5080,JFK,BWI
2452,9E 3444,MCI,LGA
2453,9E 5287,ORF,LGA
2454,WN 805,LGA,STL
2455,UA 1421,EWR,TPA
2457,C5 4994,MSN,EWR
2458,DL 964,LGA,DTW
2461,MQ 3499,CMH,LGA
2462,EV 4128,SYR,EWR
2464,AA 367,LGA,ORD
2465,MQ 4132,CAE,LGA
2467,DL 2344,SFO,JFK
2468,UA 1695,SEA,EWR
2471,9E 3290,TYS,LGA
2472,WN 384,BNA,LGA
2473,WN 1735,MKE,LGA
2474,DL 2326,LGA,RSW
2477,YX 5907,LGA,ORF
2478,EV 4150,EWR,ORF
2480,B6 218,CLT,JFK
2482,YX 3700,STL,EWR
2483,C5 4905,EWR,MEM
2484,YX 3448,EWR,MSN
2485,AA 1330,DFW,LGA
2486,B6 1432,LGA,BOS
2489,DL 807,EWR,ATL
2493,DL 2474,JFK,SJU
2494,DL 709,LGA,PBI
2495,YX 4665,ATL,LGA
2496,B6 519,JFK,ATL
2497,UA 1702,MIA,EWR
2499,UA 314,DEN,EWR
2500,B6 117,BOS,JFK
2501,UA 627,DEN,EWR
2502,B6 2,FLL,JFK
2504,AA 2172,LGA,BOS
2508,DL 1121,JFK,LAX
2509,OO 3656,JFK,CHS
2510,EV 4234,EWR,STL
2512,UA 1415,EWR,MIA
2513,C5 4911,DCA,EWR
2514,DL 763,JFK,ATL
2518,MQ 4177,JFK,CVG
2519,UA 1790,EWR,FLL
2520,UA 217,BNA,EWR
2521,WN 1006,PHX,EWR
2524,UA 1640,EWR,TPA
2526,9E 3457,LGA,ORF
2528,DL 1724,SLC,EWR
2529,DL 1936,LGA,BOS
2531,MQ 3888,LGA,STL
2532,EV 4254,EWR,STL
2533,UA 2327,EWR,LAS
2534,9E 3340,ROC,LGA
2535,YV 6305,LGA,IAH
2536,AA 114,LGA,ORD
2538,YX 3415,CMH,EWR
2539,UA 296,BNA,EWR
2543,C5 4943,EWR,BUF
2546,DL 2891,LGA,DTW
2548,DL 2290,JFK,ATL
2549,9E 3358,LGA,CLT
2550,9E 3395,TYS,LGA
2551,DL 1770,EWR,ATL
2552,DL 2559,LGA,TPA
2553,MQ 4050,RDU,LGA
2554,9E 4899,JFK,SYR
2556,YX 4625,LGA,PHL
2557,AS 452,LAX,JFK
2558,C5 4913,EWR,IND
2560,UA 2320,EWR,BOS
2562,DL 336,DFW,LGA
2563,YX 3455,PIT,EWR
2564,C5 4900,MHT,EWR
2565,9E 3413,LGA,TYS
2566,UA 1471,EWR,FLL
2568,OO 5679,LGA,ORD
2569,DL 1981,LGA,MSP
2571,YX 4370,LGA,TYS
2572,9E 3311,SAV,LGA
2573,AA 30,LGA,ORD
2574,DL 2245,EWR,ATL
2575,DL 2288,JFK,SAN
2577,YX 6030,IND,LGA
2579,UA 625,EWR,MCO
2580,OO 3553,BNA,LGA
2584,DL 1528,JFK,TPA
2585,OO 2953,ORD,EWR
2586,9E 5128,LGA,SYR
2587,C5 4915,EWR,ORF
2590,C5 4987,PWM,EWR
2591,UA 2239,SFO,EWR
2594,UA 362,HNL,EWR
2596,B6 26,TPA,JFK
2597,DL 1504,LGA,DFW
2598,UA 590,EWR,TPA
2602,AA 1216,EWR,PHX
2603,UA 1197,EWR,PBI
2604,AA 1556,MIA,LGA
2605,DL 1441,JFK,SLC
2607,B6 841,JFK,SAV
2608,DL 2459,LGA,PBI
2609,DL 2788,ATL,LGA
2611,WN 616,LGA,MDW
2612,YX 3736,ORD,LGA
2613,WN 674,LGA,MDW
2614,AA 1140,JFK,CLT
2615,DL 2487,EWR,ATL
2616,WN 594,MDW,LGA
2618,DL 1644,MSY,LGA
2619,UA 743,EWR,ORD
2628,WN 2215,LGA,DEN
2629,WN 204,MKE,LGA
2630,DL 2332,MIA,JFK
2631,9E 3322,PWM,LGA
2632,EV 4117,EWR,CAK
2633,YX 5928,BNA,LGA
2634,DL 1869,ATL,JFK
2635,B6 2989,JFK,MCO
2636,DL 2103,LGA,DTW
2637,9E 5102,LGA,CVG
2638,DL 1395,MCO,LGA
2640,DL 2893,EWR,SLC
2641,UA 817,AUS,EWR
2642,AA 2423,JFK,DFW
2645,YX 5934,LGA,DCA
2646,DL 490,JFK,SFO
2649,B6 2680,EWR,BOS
2650,OO 3811,LGA,RIC
2653,B6 355,JFK,ONT
2654,9E 3403,ORF,LGA
2655,DL 1042,JAX,JFK
2656,DL 1518,MCO,JFK
2658,DL 2747,LGA,RSW
2659,AA 1506,EWR,MIA
2660,MQ 3491,LGA,PIT
2661,DL 1362,LAX,JFK
2662,9E 3317,CVG,JFK
2664,OO 3722,LGA,SAV
2667,B6 616,SFO,JFK
2668,C5 4971,ROC,EWR
2672,DL 1038,LGA,DFW
2674,UA 1753,EWR,LAS
2675,OO 5600,ORD,LGA
2676,WN 1703,DAL,LGA
2677,WN 4034,EWR,AUS
2678,DL 433,JFK,SJU
2679,YX 4527,ATL,LGA
2681,B6 838,BQN,JFK
2682,B6 1944,PBI,EWR
2684,EV 3965,BTV,EWR
2686,AA 1158,PIT,LGA
2689,MQ 4115,LGA,GSO
2690,DL 2836,DEN,JFK
2691,YX 4394,LGA,RDU
2692,C5 4890,MKE,EWR
2697,B6 3,JFK,SJU
2698,MQ 3846,ORF,JFK
2701,EV 4144,EWR,ROC
2705,9E 5093,STL,LGA
2706,DL 2149,LGA,MSP
2707,DL 2096,MSP,LGA
2709,AA 322,MIA,EWR
2710,AS 786,SJC,EWR
2711,MQ 3937,LGA,RIC
2712,B6 1090,SAN,JFK
2714,YX 6049,LGA,ROC
2715,AS 1034,SFO,JFK
2716,WN 898,EWR,MDW
2717,DL 2268,BOS,LGA
2718,B6 323,JFK,LAX
2719,AA 2914,CLT,LGA
2720,9E 5066,JFK,SYR
2724,C5 4918,CMH,EWR
2726,DL 1458,LGA,ORD
2728,B6 76,MSY,JFK
2731,UA 1094,PSP,EWR
2732,C5 4898,EWR,GRR
2735,OO 4063,EWR,MSP
2736,DL 2577,JFK,AUS
2739,OO 4846,LGA,GSP
2741,B6 163,JFK,SRQ
2743,DL 507,JAX,JFK
2744,YX 6081,RDU,LGA
2745,UA 576,DEN,EWR
2746,EV 4031,JAX,EWR
2748,UA 2411,EWR,PSP
2749,B6 672,FLL,LGA
2750,YX 3646,EWR,OMA
2752,AA 177,JFK,SFO
2753,C5 5024,EWR,PWM
2756,YX 4330,LGA,DCA
2757,DL 1588,MCO,LGA
2760,WN 1147,HOU,LGA
2761,DL 460,JFK,SLC
2763,AA 357,ORD,LGA
2765,YX 6063,BOS,LGA
2766,UA 548,LAS,EWR
2767,B6 1627,EWR,MCO
2768,B6 1304,SJU,JFK
2771,C5 4996,EWR,IAD
2774,UA 1843,BNA,EWR
2775,UA 2375,MCO,EWR
2776,AA 231,JFK,LAS
2777,DL 2946,JFK,SFO
2778,B6 305,EWR,FLL
2779,9E 5362,JFK,BWI
2780,MQ 3815,PIT,LGA
2783,B6 2430,RSW,JFK
2784,B6 1401,JFK,FLL
2785,AA 179,JFK,SFO
2786,DL 1382,JFK,DEN
2788,AA 2165,BOS,LGA
2790,YX 6140,LGA,RIC
2792,UA 1827,SAN,EWR
2793,DL 2732,MIA,JFK
2795,WN 3025,PBI,LGA
2796,UA 564,EWR,DEN
2798,UA 748,EWR,SFO
2799,DL 693,JFK,SLC
2800,AA 2844,DFW,JFK
2801,DL 888,BOS,JFK
2802,AS 426,SEA,JFK
2803,B6 1723,JFK,LAX
2804,C5 4916,ALB,EWR
2807,9E 5096,PIT,LGA
2808,B6 429,JFK,RSW
2809,YX 5957,ROC,JFK
2810,UA 1666,EWR,BOS
2812,OH 5622,ORF,LGA
2813,DL 757,JFK,SFO
2814,B6 62,PBI,LGA
2816,C5 5022,ROC,EWR
2818,AA 2311,CLT,JFK
2819,WN 3181,LGA,BNA
2820,B6 477,JFK,JAX
2821,DL 2093,JFK,LAS
2822,YV 6246,LGA,IAH
2823,UA 349,SFO,EWR
2824,UA 1705,EWR,PBI
2825,DL 1543,SLC,JFK
2826,DL 2316,FLL,JFK
2828,AA 2899,LGA,ATL
2830,9E 3374,JFK,ROC
2831,AA 2397,ORD,LGA
2832,AS 623,JFK,SFO
2834,9E 5195,JFK,IAD
2835,DL 886,ATL,LGA
2836,AA 1862,CLT,LGA
2837,WN 1309,MDW,EWR
2838,UA 2140,LGA,DEN
2839,WN 2217,MDW,LGA
2841,MQ 3931,GSO,LGA
2842,AA 2201,LAX,JFK
2844,AA 75,LGA,PHL
2849,YX 3633,MCI,EWR
2850,C5 5014,PVD,EWR
2851,9E 3431,JFK,PWM
2852,YX 6041,LGA,RDU
2853,9E 5042,IAD,JFK
2855,AA 2234,JFK,DFW
2857,WN 3142,LGA,ATL
2859,OH 5691,DAY,LGA
2861,DL 2713,PDX,JFK
2863,UA 1709,LGA,ORD
2864,YX 3678,EWR,SAT
2865,DL 2885,JFK,SFO
2866,9E 3328,BNA,LGA
2867,WN 745,LGA,TPA
2868,DL 719,LGA,IAH
2869,DL 2928,DEN,JFK
2870,AA 197,BOS,JFK
2872,DL 1135,DTW,JFK
2874,YX 4416,STL,LGA
2877,YX 6142,JFK,BOS
2878,DL 1711,LGA,MIA
2880,AS 375,EWR,SFO
2881,OO 3914,LGA,DSM
2882,9E 3327,RDU,LGA
2883,9E 5403,LGA,CLT
2885,UA 1972,IAD,EWR
2886,DL 2274,LGA,TPA
2888,C5 4979,EWR,STL
2889,YX 4523,LGA,SDF
2892,AA 1746,CLT,LGA
2893,WN 3307,MDW,EWR
2895,9E 5349,DTW,JFK
2897,YX 6028,LGA,IND
2898,B6 362,PBI,LGA
2900,UA 2341,PWM,EWR
2901,DL 2479,FLL,JFK
2902,DL 1851,LGA,DFW
2903,9E 3338,LGA,PWM
2904,AA 2141,LGA,BOS
2907,9E 5265,JFK,BUF
2911,YX 6001,BOS,LGA
2912,DL 2686,LAX,JFK
2915,AA 57,ORD,JFK
2918,UA 497,EWR,SFO
2922,DL 486,BOS,LGA
2923,MQ 3693,PWM,LGA
2924,DL 1325,EWR,MSP
2927,9E 3464,PIT,JFK
2930,YX 3595,LGA,ORD
2931,DL 1965,LGA,DEN
2933,OO 3769,LGA,ORD
2935,AA 2058,CLT,JFK
2936,B6 315,SYR,JFK
2939,9E 3463,SYR,JFK
2940,DL 876,SFO,JFK
2941,YX 6047,JFK,PIT
2944,DL 838,MIA,LGA
2945,DL 426,SFO,JFK
2947,AA 1655,PHL,LGA
2950,YX 4433,RDU,LGA
2951,B6 576,MSY,JFK
2957,YX 3676,CVG,EWR
2958,UA 378,LAX,EWR
2959,AA 1199,MIA,JFK
2961,WN 5014,ATL,LGA
2962,AA 2522,JFK,LAS
2966,C5 4961,EWR,ORF
2968,9E 5434,XNA,LGA
2969,9E 5173,RIC,JFK
2972,9E 5090,LGA,STL
2973,9E 5303,LGA,MEM
2976,EV 4218,EWR,PVD
2978,OO 5902,ORD,LGA
2980,DL 2907,ATL,LGA
2985,NK 1012,RSW,EWR
2986,DL 868,LGA,MCO
2987,AA 1694,LGA,RDU
2988,YX 3460,RDU,EWR
2993,YX 4650,LGA,BNA
2994,YX 4323,DCA,LGA
2995,UA 2329,EWR,PIT
2998,DL 2914,ATL,LGA
2999,DL 2629,MSP,JFK
3000,UA 602,DFW,EWR
3002,DL 2142,ATL,EWR
3003,C5 4902,MEM,EWR
3004,DL 882,DCA,JFK
3006,9E 5482,BOS,JFK
3009,9E 3355,JFK,BUF
3010,EV 4153,CHS,EWR
3011,WN 733,EWR,BNA
3012,YX 4422,LGA,DTW
3013,B6 1923,JFK,LAX
3016,YX 3446,ATL,EWR
3017,DL 2865,LGA,IAH
3018,UA 264,LGA,DEN
3019,YX 3592,MHT,EWR
3020,AA 1414,JFK,ORD
3021,9E 5048,EWR,RDU
3023,UA 479,LAX,EWR
3025,B6 2679,BOS,EWR
3026,DL 2548,ATL,JFK
3027,EV 4061,IND,EWR
3030,YX 5983,JFK,BOS
3034,YX 3642,CMH,EWR
3036,AA 2768,MIA,LGA
3038,EV 4089,MEM,EWR
3039,DL 2607,EWR,DTW
3041,AA 2111,PHL,LGA
3045,AA 388,CLT,JFK
3046,G7 6174,DTW,EWR
3048,C5 4896,CHS,EWR
3050,9E 3478,JFK,ORD
3051,9E 5434,TYS,LGA
3052,9E 4796,CVG,LGA
3053,9E 3414,MSN,LGA
3054,DL 2354,SLC,JFK
3055,WN 4708,STL,LGA
3056,NK 149,EWR,MCO
3057,WN 4851,LGA,BNA
3058,C5 4909,MKE,EWR
3060,DL 1613,DFW,LGA
3061,UA 1071,EWR,BQN
3062,NK 760,LAS,EWR
3066,YX 3434,EWR,DCA
3067,B6 2602,JFK,BUF
3069,AA 2541,EWR,ORD
3070,YX 3458,EWR,IND
3071,UA 2316,EWR,AUS
3072,UA 613,ORD,EWR
3074,DL 2487,ATL,EWR
3076,MQ 3675,BNA,LGA
3077,YX 3634,EWR,DCA
3078,YX 3406,ATL,EWR
3080,YX 4316,DCA,LGA
3083,AA 2146,LGA,BOS
3084,AS 90,JFK,SEA
3085,9E 5142,RIC,JFK
3086,AA 325,ORD,LGA
3089,YX 5904,CHS,LGA
3091,AA 2352,MCO,JFK
3095,WN 2881,MDW,EWR
3096,C5 4914,EWR,RIC
3097,YX 3437,DCA,EWR
3098,B6 543,EWR,PBI
3099,UA 1983,RSW,EWR
3100,YX 3463,HHH,EWR
3101,DL 2784,ATL,LGA
3103,EV 4155,EWR,BNA
3104,AA 1924,LGA,ORD
3105,9E 5219,DFW,JFK
3106,DL 1913,DTW,LGA
3108,MQ 3958,LGA,PIT
3109,DL 1694,LAS,JFK
3110,WN 1936,AUS,EWR
3112,DL 2190,JFK,MIA
3116,YX 4600,LGA,PIT
3118,9E 3288,ROC,JFK
3119,DL 3001,LGA,DFW
3121,DL 518,JFK,FLL
3122,C5 4898,ALB,EWR
3123,AA 2822,LGA,DFW
3124,C5 5011,EWR,ACK
3126,B6 65,JFK,ABQ
3127,MQ 3425,PIT,LGA
3128,YX 3417,BTV,EWR
3129,OO 3649,GRR,LGA
3131,UA 1688,FLL,EWR
3132,EV 4014,EWR,CLE
3136,OO 4747,CLE,LGA
3137,WN 610,LGA,MKE
3140,DL 2327,LGA,PBI
3142,B6 918,JFK,BOS
3143,AA 1489,CLT,EWR
3145,C5 4951,EWR,CVG
3147,WN 2366,STL,LGA
3148,DL 2636,DTW,EWR
3151,DL 2936,ATL,LGA
3152,DL 928,LGA,ATL
3153,YX 6120,LGA,CMH
3154,9E 5177,SYR,JFK
3155,C5 4915,ALB,EWR
3156,9E 5338,JFK,BOS
3157,F9 2034,MCO,LGA
3158,C5 4980,EWR,PWM
3159,YX 5906,LGA,RDU
3160,EV 4345,PVD,EWR
3161,OO 3607,LGA,MKE
3169,YX 3444,JAX,EWR
3172,OO 3805,GSP,LGA
3175,AA 1571,JFK,MIA
3176,YX 5935,DCA,LGA
3177,PT 4981,PHL,JFK
3178,UA 1978,FLL,EWR
3179,WN 744,EWR,STL
3183,AA 2151,LGA,BOS
3184,9E 5015,LGA,BGR
3185,C5 5007,EWR,CMH
3186,9E 5113,LGA,RIC
3187,DL 2355,JFK,AUS
3189,B6 2611,JFK,LAS
3191,EV 4426,RIC,EWR
3195,AA 2809,MIA,LGA
3196,DL 1862,LAX,JFK
3199,9E 5118,LGA,BGR
3200,OO 3844,RIC,LGA
3201,DL 2324,FLL,JFK
3204,YX 6087,LGA,CLT
3206,AS 625,JFK,SFO
3208,YX 3488,EWR,GRR
3211,DL 2464,JFK,MIA
3213,DL 1523,EWR,ATL
3214,AA 184,LAX,JFK
3215,B6 2904,SJU,JFK
3216,OO 3649,LGA,CHS
3218,WN 956,ATL,LGA
3220,AA 1530,LGA,MIA
3221,UA 1920,IAH,LGA
3223,YX 3644,RDU,EWR
3225,9E 5264,RDU,JFK
3226,DL 1775,BOS,LGA
3227,WN 4284,LGA,HOU
3230,MQ 4186,LGA,RIC
3231,AA 2181,LGA,RDU
3233,DL 2536,JFK,CLT
3235,DL 788,DTW,LGA
3236,9E 3345,CVG,LGA
3237,DL 2618,JFK,PDX
3238,9E 5402,JFK,BUF
3239,DL 1004,JFK,SFO
3242,YX 5957,LGA,SDF
3245,9E 5097,LGA,CLT
3250,B6 123,JFK,LAX
3252,9E 5432,CLE,JFK
3256,UA 406,DEN,LGA
3259,9E 5003,LGA,PWM
3260,AA 2,LAX,JFK
3261,UA 897,EWR,PHX
3265,DL 2924,DCA,JFK
3267,EV 4159,EWR,TVC
3268,WN 2092,TPA,LGA
3271,EV 4229,IND,EWR
3272,YX 3712,GRR,EWR
3273,DL 1383,LGA,MIA
3274,UA 1995,ORD,EWR
3275,B6 105,JFK,ORD
3276,NK 224,ORD,LGA
3277,WN 2166,LGA,DEN
3279,DL 1593,JFK,LAS
3280,AA 2510,LGA,MIA
3281,B6 1171,LGA,FLL
3283,OO 3858,MSN,LGA
3284,DL 1811,EWR,DTW
3286,UA 1849,RDU,EWR
3287,YX 6124,LGA,CMH
3288,YX 5992,GRR,LGA
3291,EV 4176,CVG,EWR
3296,UA 657,LGA,IAH
3297,9E 5469,LGA,MCI
3298,AA 2292,DFW,JFK
3300,DL 2708,JFK,IAH
3304,YX 5944,LGA,PIT
3305,EV 4029,EWR,SYR
3308,DL 968,MSP,LGA
3310,UA 529,EWR,BNA
3313,EV 4391,EWR,STL
3314,OO 3803,JFK,ORD
3315,YX 6004,JFK,CMH
3316,9E 5397,JFK,CLE
3317,UA 427,ORD,LGA
3318,C5 4999,EWR,STL
3319,9E 3318,ORD,JFK
3320,9E 3331,ORD,JFK
3322,C5 4964,ORF,EWR
3324,OO 4072,OMA,LGA
3326,MQ 3724,LGA,CVG
3327,DL 2446,LGA,PBI
3328,YX 5986,LGA,GRR
3329,DL 1213,PHX,JFK
3330,9E 5116,BGR,LGA
3331,UA 1714,DFW,EWR
3332,UA 1803,SJU,EWR
3333,AA 1002,CLT,JFK
3337,9E 5208,JAX,JFK
3340,UA 1144,LGA,ORD
3342,G4 440,TYS,EWR
3344,OO 3682,LGA,MKE
3345,AA 380,LGA,ORD
3346,9E 5135,BGR,LGA
3347,DL 964,PBI,LGA
3349,UA 2315,EWR,ATL
3350,YX 5871,JFK,CMH
3351,UA 614,EWR,LAS
3353,UA 1178,MCO,EWR
3355,9E 5072,CLE,LGA
3356,WN 5011,BNA,EWR
3357,EV 4364,MSN,EWR
3358,DL 2601,TPA,LGA
3360,WN 3527,HOU,LGA
3363,B6 732,LGA,BOS
3366,YX 5951,LGA,DCA
3368,DL 1395,LGA,MCO
3369,YX 3512,SAV,EWR
3370,9E 3384,RDU,JFK
3373,DL 1513,LGA,FLL
3374,B6 1827,EWR,MCO
3378,EV 4029,CMH,EWR
3379,DL 2685,JFK,SAN
3380,UA 739,ATL,EWR
3382,C5 4881,CAK,EWR
3383,9E 5263,RDU,LGA
3385,DL 2862,AUS,JFK
3386,UA 1980,MCO,EWR
3388,DL 1780,TPA,LGA
3389,9E 5259,EWR,MSP
3392,YX 3545,EWR,SDF
3396,9E 5279,JFK,ORD
3398,WN 1697,MDW,LGA
3399,UA 1871,EWR,LAX
3401,YX 5956,BOS,LGA
3404,YX 5881,LGA,IND
3407,YX 3660,RDU,EWR
3411,DL 2288,MIA,JFK
3412,MQ 3750,JFK,BOS
3413,DL 692,SAN,JFK
3414,YX 6058,LGA,BOS
3415,B6 416,SFO,JFK
3418,9E 5390,CLT,LGA
3419,UA 2163,SAN,EWR
3420,DL 1903,LGA,ATL
3421,9E 5255,SAV,JFK
3422,MQ 3416,BNA,LGA
3423,YX 3608,CVG,EWR
3425,B6 299,LGA,MCO
3426,C5 4905,ROC,EWR
3429,OO 3737,LGA,CAE
3438,9E 5106,LGA,MSN
3442,C5 4933,EWR,PQI
3443,OO 3869,BNA,JFK
3444,YX 3709,SAT,EWR
3445,9E 5311,LGA,TYS
3447,9E 5318,LGA,CVG
3459,UA 1602,EWR,FLL
3460,C5 4892,GRR,EWR
3461,WN 1717,MDW,EWR
3464,DL 1103,ATL,EWR
3466,DL 2443,LGA,BOS
3469,AS 665,JFK,SJC
3471,UA 293,MCO,EWR
3472,UA 1927,SNA,EWR
3475,WN 2420,LGA,DAL
3476,UA 600,PBI,EWR
3477,9E 3418,SAV,JFK
3479,YX 4568,SDF,LGA
3480,B6 1523,JFK,LAX
3483,DL 2237,JFK,ATL
3484,DL 2699,JFK,SEA
3486,YX 3575,EWR,PIT
3488,YX 6086,LGA,SDF
3489,9E 3285,LGA,PWM
3492,DL 1395,JFK,SFO
3493,UA 596,IAD,EWR
3494,UA 1926,LGA,IAH
3495,B6 1606,FLL,EWR
3496,9E 5164,PIT,JFK
3497,WN 1513,EWR,AUS
3498,9E 5192,BWI,JFK
3499,YX 3577,BUF,EWR
3500,AA 1311,LGA,MIA
3507,YX 4362,LGA,TYS
3508,C5 4891,EWR,CLE
3510,YX 5874,BOS,EWR
3512,AA 358,ORD,LGA
3515,UA 832,EWR,FLL
3516,9E 3289,RDU,EWR
3518,MQ 3693,LGA,PWM
3521,9E 3433,JFK,DTW
3522,WN 5589,LGA,HOU
3523,9E 3418,PWM,JFK
3524,UA 1696,EWR,PWM
3525,B6 2743,EWR,PBI
3526,C5 4968,RIC,EWR
3527,YX 5869,MSY,LGA
3530,AS 8,SEA,EWR
3531,AA 1893,CLT,LGA
3532,UA 712,EWR,CLE
3534,AS 314,SFO,EWR
3536,C5 4984,EWR,MEM
3543,DL 2930,ATL,LGA
3544,9E 5122,ORD,JFK
3545,AA 290,JFK,CLT
3546,AA 1782,LGA,CLT
3547,9E 3341,LGA,CLE
3549,9E 3498,LGA,GSO
3550,AA 1588,PHX,EWR
3551,MQ 4119,PIT,JFK
3553,OO 3616,LGA,GSO
3555,F9 646,CVG,LGA
3556,EV 4077,EWR,JAX
3558,9E 4909,MCI,LGA
3561,DL 1415,SFO,JFK
3562,OO 3972,BHM,LGA
3564,WN 900,EWR,MDW
3566,UA 2023,IAH,EWR
3567,YX 3420,STL,EWR
3569,9E 5384,JAX,LGA
3571,YX 5872,ROC,LGA
3572,B6 2359,JFK,BUR
3574,B6 14,LGB,JFK
3576,AA 1597,LGA,DFW
3579,UA 792,ATL,EWR
3582,B6 2579,BOS,EWR
3583,YX 5893,LGA,BUF
3585,B6 2526,TPA,JFK
3587,9E 5125,LGA,BTV
3590,C5 4925,ROC,EWR
3591,DL 1785,JFK,LAX
3592,9E 3398,DTW,JFK
3594,B6 1248,LAS,JFK
3596,YX 5902,SYR,LGA
3597,DL 1594,JFK,LAS
3598,YX 4381,LGA,BNA
3599,AA 2302,ORD,LGA
3602,UA 2330,MCI,EWR
3605,B6 1512,RSW,EWR
3606,9E 3400,DTW,JFK
3607,WN 1755,EWR,OAK
3608,B6 118,JFK,BOS
3609,9E 3428,LGA,BTV
3611,WN 2912,MSY,LGA
3612,YX 5939,JFK,CMH
3613,YX 3682,EWR,GSO
3615,F9 2958,MIA,EWR
3616,MQ 4052,BOS,JFK
3617,YX 3463,EWR,CMH
3619,UA 1960,LAX,EWR
3621,YX 3508,EWR,MKE
3622,DL 1132,LGA,DFW
3623,YX 6016,MSN,LGA
3624,AA 1407,LGA,DFW
3626,AA 2645,LGA,MCO
3627,AA 1489,EWR,CLT
3628,OO 3639,MKE,LGA
3630,AA 1487,JFK,PHX
3632,AS 410,LAX,JFK
3637,OO 3692,LGA,MKE
3638,AA 2146,BOS,LGA
3640,B6 264,SEA,JFK
3642,UA 723,EWR,CLT
3648,B6 581,JFK,HOU
3649,UA 714,ORD,LGA
3657,DL 663,LGA,ATL
3658,DL 2931,JFK,DEN
3659,UA 488,IAH,LGA
3660,B6 1094,AUS,JFK
3661,YX 5925,DCA,JFK
3664,9E 5390,CHO,LGA
3665,C5 4933,EWR,ROC
3666,DL 930,IAH,LGA
3667,C5 4985,EWR,STL
3668,WN 1447,STL,LGA
3670,DL 1664,JAX,JFK
3671,WN 1750,EWR,MDW
3673,G7 6241,EWR,RDU
3675,AA 1601,LGA,MIA
3676,YX 5879,LGA,CMH
3677,9E 5482,JFK,BOS
3679,YX 3653,GSO,EWR
3680,9E 5332,JFK,IAD
3681,9E 3348,LGA,STL
3683,DL 1965,DEN,LGA
3684,UA 1794,EWR,LAS
3685,9E 5101,CLE,JFK
3687,WN 1184,HOU,LGA
3689,UA 2406,EWR,FLL
3690,9E 3366,ORF,LGA
3691,AA 327,JFK,CLT
3692,AA 1164,DFW,LGA
3695,OO 4008,CLT,LGA
3698,AA 177,JAC,LGA
3699,AS 1026,SFO,JFK
3700,UA 1591,RSW,EWR
3701,YV 6261,LGA,IAD
3702,DL 1133,AUS,JFK
3705,WN 615,LGA,MDW
3706,DL 2583,MSP,JFK
3707,9E 5287,PIT,LGA
3708,YX 5897,LGA,CHS
3712,9E 5127,CLE,JFK
3716,DL 2498,JFK,CHS
3719,YX 6080,IND,LGA
3720,9E 5248,CVG,LGA
3721,C5 5000,EWR,CLE
3722,YX 3430,EWR,RDU
3723,MQ 3864,LGA,RIC
3725,9E 5246,MSY,LGA
3727,UA 2325,EWR,DFW
3730,DL 1634,PWM,LGA
3732,AA 1357,MIA,JFK
3733,B6 1289,EWR,FLL
3734,OO 3559,LGA,SAV
3737,UA 210,EWR,SFO
3738,OO 3604,JFK,ORD
3739,9E 5319,LGA,BUF
3741,DL 825,LGA,DFW
3742,9E 3498,BUF,JFK
3743,YX 5880,SDF,LGA
3744,EV 4434,STL,EWR
3748,B6 2280,EWR,BOS
3749,YX 4659,MEM,LGA
3751,9E 3477,BNA,JFK
3752,9E 5134,JFK,BTV
3753,YX 3401,CLT,EWR
3755,AA 1554,MIA,LGA
3756,WN 1063,LGA,HOU
3758,UA 1841,EWR,PBI
3759,UA 1262,EWR,DEN
3760,YX 4505,CLE,LGA
3761,YX 4498,LGA,ATL
3762,WN 3819,MDW,LGA
3763,MQ 3549,PWM,LGA
3764,DL 2511,MIA,LGA
3765,YX 5955,DCA,LGA
3766,YX 6053,LGA,PIT
3767,9E 5432,XNA,LGA
3770,EV 4233,EWR,DCA
3771,AA 2132,BOS,LGA
3772,OO 3634,GSO,LGA
3773,9E 3431,PWM,JFK
3774,AA 2273,LGA,ORD
3775,DL 2954,JFK,SEA
3776,DL 986,MCO,LGA
3777,EV 4431,DAY,EWR
3779,UA 1233,PHX,EWR
3782,MQ 3309,PIT,JFK
3783,AS 57,JFK,LAX
3784,B6 2953,JFK,PBI
3786,WN 1315,MDW,LGA
3788,DL 1830,LGA,MCO
3789,WN 1795,MKE,LGA
3790,OO 3505,JFK,BOS
3793,UA 1425,BOS,EWR
3794,UA 2327,LAS,EWR
3795,YX 3748,DTW,EWR
3796,DL 1803,LGA,MIA
3798,9E 4825,MSN,LGA
3802,9E 3359,JFK,PIT
3803,AA 43,MIA,LGA
3804,UA 1501,IAH,LGA
3806,WN 5581,LGA,ATL
3807,YX 6050,LGA,IND
3809,UA 800,EWR,MCO
3810,UA 503,SFO,EWR
3812,DL 465,JFK,STT
3813,WN 552,EWR,MDW
3814,B6 795,JFK,AUS
3818,NK 139,EWR,MCO
3822,YX 6099,CLT,LGA
3823,YX 4394,PHL,LGA
3824,9E 3290,JFK,SYR
3827,DL 2064,FLL,LGA
3829,YX 3420,EWR,DTW
3833,9E 3380,LGA,STL
3835,UA 1562,FLL,EWR
3836,YX 4554,LGA,XNA
3837,DL 613,JFK,PBI
3838,9E 3475,TYS,LGA
3839,UA 636,ORD,EWR
3840,YX 5974,LGA,DCA
3845,YX 5880,CMH,JFK
3848,DL 1992,ATL,JFK
3850,9E 5341,CVG,LGA
3851,DL 931,LGA,IAH
3852,DL 1596,MSP,LGA
3853,YX 4563,LGA,MIA
3854,OO 3900,CHS,LGA
3855,YX 4682,ILM,LGA
3859,B6 905,EWR,FLL
3860,DL 1657,JFK,LAX
3864,9E 5420,CVG,JFK
3867,UA 2313,RSW,EWR
3868,DL 1942,EWR,ATL
3870,OO 3638,RDU,JFK
3873,YX 4652,LGA,RDU
3874,YX 3500,EWR,BOS
3875,DL 1346,LGA,ATL
3876,MQ 4147,LGA,PIT
3877,C5 4946,PWM,EWR
3878,9E 5372,JFK,DCA
3879,YX 3715,EWR,RDU
3881,YX 4427,LGA,ILM
3883,B6 306,FLL,EWR
3884,OO 3784,LGA,GSP
3885,B6 302,FLL,JFK
3886,YX 3603,IND,EWR
3888,UA 2214,JAX,EWR
3889,YX 3621,EWR,MKE
3892,AA 1388,PHX,JFK
3894,B6 1284,MCO,JFK
3896,UA 1232,IAD,EWR
3898,AA 2704,JFK,MCO
3902,DL 1807,JFK,MCO
3904,UA 2213,JAC,EWR
3905,YX 3659,EWR,DCA
3907,YX 6001,CMH,LGA
3908,DL 1724,EWR,SLC
3909,9E 5136,BGR,LGA
3911,9E 3362,PIT,JFK
3912,MQ 3811,JFK,ORF
3914,MQ 3925,CLE,LGA
3916,NK 1165,ATL,EWR
3918,YX 5985,LGA,DCA
3920,EV 4361,GSP,EWR
3922,AA 320,BOS,JFK
3923,C5 4900,EWR,IAD
3927,UA 1210,EWR,SAT
3928,C5 4992,EWR,CVG
3929,EV 4002,CLT,EWR
3930,DL 843,ATL,JFK
3931,C5 5008,EWR,MEM
3932,MQ 3391,CLE,JFK
3934,9E 5042,JFK,IAD
3936,DL 1875,LGA,TPA
3939,EV 4099,EWR,CMH
3943,UA 2298,CHS,EWR
3950,OH 5503,LGA,DAY
3951,9E 5205,BTV,LGA
3952,YX 6017,GRR,LGA
3954,MQ 3851,LGA,CMH
3956,AA 53,JFK,LAX
3962,9E 3455,CLT,LGA
3965,DL 2623,LGA,DTW
3967,DL 2497,JFK,RSW
3969,9E 5054,LGA,PWM
3977,YX 6023,LGA,CHS
3979,AS 326,SFO,JFK
3980,B6 324,LAX,JFK
3983,WN 4295,MDW,EWR
3984,UA 2041,EWR,DEN
3985,C5 5008,EWR,CVG
3986,AA 185,JFK,LAX
3987,9E 5255,DSM,LGA
3989,9E 5251,LGA,ROC
3992,B6 398,MCO,LGA
3995,OO 3987,CLT,LGA
3996,DL 1048,JFK,CLT
3999,UA 741,LGA,ORD
4000,AA 2302,LGA,ORD
4001,AA 291,JFK,MIA
4003,UA 2050,EWR,MIA
4004,9E 3362,LGA,CHO
4005,AA 184,MIA,LGA
4007,YX 3509,DAY,EWR
4008,YX 3658,MSP,EWR
4010,9E 3361,CLT,LGA
4011,AA 2632,LGA,DFW
4012,DL 539,EWR,ATL
4014,9E 5152,LGA,STL
4018,WN 2048,LGA,HOU
4019,AS 102,JFK,LAX
4022,AA 15,MIA,JFK
4023,YX 6103,BOS,LGA
4024,AA 351,JFK,BOS
4028,UA 2334,FLL,EWR
4029,9E 3363,RIC,JFK
4030,UA 1202,BOS,EWR
4031,B6 116,JFK,SYR
4032,YX 3489,EWR,ATL
4036,9E 5003,JFK,ORF
4037,WN 3662,BNA,EWR
4038,G7 6266,CVG,EWR
4040,OO 3688,LGA,MKE
4041,YX 5932,LGA,BUF
4042,B6 1527,EWR,MCO
4045,B6 2290,MCO,JFK
4046,UA 1993,MIA,EWR
4047,YX 3698,EWR,SDF
4048,AA 2246,JFK,CLT
4050,DL 1994,PHX,JFK
4052,UA 687,SFO,EWR
4053,AS 337,EWR,LAX
4056,OO 3815,LGA,CLT
4057,WN 1063,STL,EWR
4061,B6 189,JFK,SAN
4062,9E 5436,CLT,LGA
4064,WN 384,MDW,EWR
4065,C5 4888,EWR,CLE
4066,OO 3664,GSO,LGA
4067,DL 1401,DTW,LGA
4069,C5 4980,IND,EWR
4071,MQ 3818,RIC,LGA
4072,DL 2358,LGA,PBI
4074,YX 5904,SDF,LGA
4078,UA 1953,LGA,ORD
4079,UA 1755,BUF,EWR
4080,YX 3541,EWR,MSY
4083,DL 637,TVC,LGA
4084,UA 1783,EWR,TPA
4085,9E 5106,CLT,LGA
4088,DL 1922,JFK,SEA
4089,YX 3495,EWR,MHT
4091,YX 5948,CMH,LGA
4092,YX 5873,RDU,LGA
4093,9E 5010,ROC,LGA
4096,AS 63,JFK,SFO
4099,9E 3364,JFK,PWM
4100,YX 3547,LGA,ORD
4101,WN 146,LGA,MKE
4103,MQ 3546,LGA,ROA
4105,OO 3642,PIT,JFK
4107,NK 528,FLL,EWR
4108,9E 5188,MSY,LGA
4113,YX 5991,MCI,LGA
4114,DL 2489,DEN,JFK
4119,B6 63,JFK,SEA
4125,YX 3578,EWR,MSY
4127,EV 4341,BGR,EWR
4130,YX 3571,EWR,MSY
4131,AS 1412,LAX,JFK
4132,DL 2340,MSP,EWR
4133,9E 5428,BOS,JFK
4139,UA 2258,BTV,EWR
4142,C5 4888,EWR,ALB
4143,DL 2376,PBI,JFK
4147,YX 3464,CHS,EWR
4148,WN 2418,LGA,ATL
4151,YX 3447,EWR,GSP
4152,C5 4943,BUF,EWR
4154,DL 706,JFK,SAT
4158,EV 4025,EWR,IND
4160,MQ 3390,JFK,ORF
4161,B6 2390,MCO,JFK
4162,C5 4933,ROC,EWR
4163,AA 1610,JFK,MIA
4167,B6 1044,PBI,EWR
4169,AA 2899,LGA,MIA
4170,WN 813,BNA,EWR
4172,YX 3402,CLT,EWR
4173,C5 4955,EWR,ORF
4174,B6 1089,EWR,SJU
4177,YX 3665,EWR,RDU
4178,AA 1539,EWR,CLT
4180,9E 3473,JFK,BOS
4181,AA 24,JFK,LAX
4182,9E 5312,DFW,JFK
4183,B6 150,PSP,JFK
4184,AS 1416,LAX,JFK
4188,B6 2402,JFK,BUF
4191,B6 885,JFK,RDU
4192,YX 6083,CLE,LGA
4193,AA 867,EWR,CLT
4195,G7 6234,DTW,EWR
4196,OO 4020,ORD,LGA
4199,B6 371,LGA,FLL
4200,AA 1532,LGA,MIA
4201,DL 1104,AUS,JFK
4203,9E 5129,LGA,BTV
4204,WN 5422,LGA,ATL
4205,YX 6024,PIT,LGA
4210,EV 4297,LGA,CLE
4211,DL 1482,LGA,FLL
4212,YX 5911,DCA,LGA
4214,MQ 3741,GSO,LGA
4216,OO 4111,LGA,SYR
4217,DL 1734,BOS,LGA
4218,OO 3793,CLE,LGA
4220,G7 6183,RDU,EWR
4225,AS 512,LAX,EWR
4229,OO 4017,BOS,JFK
4231,B6 812,FLL,EWR
4233,B6 1118,CLT,JFK
4235,DL 2724,LGA,MSY
4236,MQ 3604,LGA,CHO
4243,YX 4527,LGA,ATL
4244,YX 6120,IND,LGA
4247,9E 5182,LGA,SYR
4248,AA 1389,LGA,MIA
4252,DL 1433,LGA,MIA
4254,AA 2246,CLT,JFK
4257,B6 2024,LAX,JFK
4258,YX 4372,LGA,TYS
4259,DL 1623,LGA,MCO
4260,AA 2899,ORD,LGA
4261,UA 1038,EWR,DFW
4262,UA 1658,SNA,EWR
4264,B6 586,JFK,ROC
4265,AA 295,ORD,LGA
4267,DL 332,DFW,LGA
4268,G7 6179,MSP,EWR
4269,AA 1397,CLT,EWR
4272,DL 913,JFK,SAT
4276,AA 1056,DFW,LGA
4278,YX 5906,DCA,LGA
4280,OO 4083,LGA,BNA
4281,UA 1770,EWR,MYR
4282,EV 4029,PWM,EWR
4283,UA 2237,RSW,EWR
4289,9E 5343,LGA,BNA
4290,9E 5495,JFK,BOS
4294,G7 6305,EWR,DTW
4296,DL 350,SFO,JFK
4299,DL 856,LGA,ATL
4300,MQ 3390,PIT,JFK
4301,OO 3698,BNA,LGA
4302,AA 1200,PHX,EWR
4305,C5 4895,EWR,ROC
4313,OO 3937,JFK,SAV
4315,DL 2449,ATL,EWR
4321,9E 3388,RSW,LGA
4327,WN 4605,LGA,BNA
4328,YX 5880,LGA,MCI
4329,OO 3711,LGA,CLE
4330,NK 197,LGA,FLL
4331,DL 2961,JFK,SFO
4335,UA 1282,EWR,RDU
4336,DL 2190,MCO,JFK
4337,DL 2154,JFK,PHX
4339,B6 1295,JFK,AUS
4340,YX 5873,LGA,MSY
4341,9E 5252,RDU,LGA
4342,DL 1722,JFK,LAX
4344,B6 234,JFK,BTV
4346,WN 2578,LGA,ATL
4348,EV 4460,EWR,ORF
4350,YX 6130,CMH,LGA
4351,YX 3426,EWR,RDU
4354,EV 4439,EWR,ORF
4357,C5 5005,EWR,AVL
4358,DL 2798,MSY,JFK
4359,9E 3409,CHO,LGA
4360,AA 34,EWR,DFW
4361,DL 2276,MSP,LGA
4363,UA 1477,EWR,ORD
4367,DL 1467,SFO,JFK
4368,UA 572,ORD,LGA
4371,DL 490,SFO,JFK
4372,AS 629,JFK,SFO
4373,AA 2772,JFK,AUS
4374,OO 3550,JFK,ORD
4375,C5 4896,ALB,EWR
4378,UA 548,EWR,FLL
4379,YX 3499,CLT,EWR
4382,YX 6015,IAH,LGA
4386,UA 910,ORD,LGA
4391,UA 682,ORD,LGA
4392,WN 1151,MDW,EWR
4393,OO 3891,JFK,ORD
4396,YX 3585,PIT,EWR
4397,UA 426,EWR,ORD
4399,9E 3385,SYR,JFK
4400,YX 5894,LGA,SDF
4401,DL 1815,LAS,JFK
4402,B6 2980,EWR,BOS
4411,G7 6231,EWR,RDU
4418,YX 5877,STL,LGA
4419,YX 4498,ATL,LGA
4423,G7 6284,RDU,EWR
4424,DL 1819,LGA,DEN
4425,UA 1809,MSY,EWR
4427,EV 4118,CAK,EWR
4428,B6 161,JFK,SMF
4429,DL 1336,LGA,BOS
4431,EV 4091,EWR,BNA
4433,OO 3960,LGA,ORD
4436,AS 450,PDX,JFK
4437,9E 3378,STL,LGA
4439,OO 3691,LGA,MKE
4441,WN 2213,MDW,EWR
4443,NK 331,LGA,ORD
4445,UA 228,EWR,LAX
4446,YX 6044,GSP,LGA
4451,WN 256,LGA,MDW
4453,9E 5052,JFK,DTW
4454,9E 3396,DTW,JFK
4455,YV 6247,LGA,IAH
4457,9E 5361,CHO,LGA
4459,DL 846,ORD,LGA
4460,AA 1370,EWR,CLT
4461,DL 1096,JFK,AUS
4464,YX 6003,LGA,GRR
4467,UA 2248,EWR,MCO
4470,9E 3401,ORF,LGA
4471,YX 5992,LGA,BOS
4472,UA 1070,ORD,EWR
4473,AS 486,LAX,JFK
4475,C5 4962,GSO,EWR
4478,C5 5004,AVL,EWR
4479,B6 518,JFK,BOS
4480,DL 2214,MSP,JFK
4483,DL 2926,JFK,SFO
4484,YX 3691,EWR,SRQ
4485,DL 329,JFK,ATL
4487,AA 764,DFW,LGA
4491,9E 5005,LGA,CLT
4494,9E 5232,PIT,LGA
4495,DL 1881,JFK,IAH
4497,DL 2927,JFK,SEA
4498,YX 4335,LGA,DCA
4501,DL 1784,MSP,LGA
4503,B6 886,RDU,JFK
4506,DL 855,LGA,MSP
4509,OO 4008,BOS,JFK
4511,MQ 3320,ILM,LGA
4512,AA 1327,JFK,MIA
4514,EV 4418,PIT,EWR
4516,OO 3954,LGA,SAV
4517,UA 1682,EWR,RDU
4518,YX 4635,LGA,ACK
4519,B6 832,LGA,BOS
4520,YX 3662,DFW,EWR
4521,DL 1374,SFO,JFK
4522,UA 1810,EWR,IAH
4526,WN 4990,MDW,LGA
4527,9E 3355,LGA,RIC
4529,AA 129,LGA,ORD
4530,9E 5269,JFK,BUF
4533,DL 1995,JFK,ATL
4536,YX 4613,PHL,LGA
4537,9E 4852,JFK,PWM
4541,9E 5036,JFK,PIT
4542,9E 5051,JFK,ROC
4543,AA 83,JFK,LAS
4545,YX 5999,LGA,GSO
4546,MQ 3493,CHO,LGA
4550,DL 2923,ATL,LGA
4552,DL 1537,MIA,LGA
4554,UA 2032,MCO,EWR
4555,YX 4382,LGA,CMH
4557,B6 23,JFK,LAX
4559,9E 5188,CLE,LGA
4565,C5 4885,EWR,IAD
4571,UA 663,CLT,EWR
4573,OO 5854,LGA,ORD
4575,C5 4895,PVD,EWR
4582,UA 1550,EWR,SEA
4583,YX 3703,OMA,EWR
4588,DL 579,SJU,JFK
4590,OH 5444,DCA,JFK
4595,AA 833,CLT,EWR
4597,WN 1579,LGA,TPA
4599,DL 1574,LGA,PWM
4602,C5 4983,PQI,EWR
4604,OO 3834,IAH,LGA
4605,B6 678,JAX,JFK
4611,YX 5996,BOS,LGA
4614,OO 3629,GSP,LGA
4618,C5 4936,EWR,SBN
4619,AA 864,EWR,CLT
4622,9E 5389,JFK,IAD
4624,EV 4195,DCA,EWR
4625,WN 2554,DAL,LGA
4628,9E 3313,JFK,IND
4633,AS 628,SEA,JFK
4634,AA 310,JFK,ORD
4637,WN 1450,LGA,STL
4638,EV 4277,ORF,EWR
4640,9E 3395,LGA,MCI
4643,B6 2091,JFK,ACK
4646,YX 3423,EWR,MSP
4650,OO 3795,LGA,CLE
4651,9E 5344,PIT,JFK
4653,UA 1526,EWR,SFO
4656,YX 6070,STL,LGA
4657,NK 630,ORD,LGA
4658,EV 4413,LEX,EWR
4661,C5 4947,EWR,MSN
4662,9E 5547,CLT,JFK
4664,UA 2302,EWR,BZN
4666,WN 2142,EWR,BNA
4667,WN 234,LGA,ATL
4668,NK 521,EWR,FLL
4670,AA 1210,MCO,LGA
4672,YX 5886,LGA,STL
4677,9E 5390,BUF,JFK
4678,C5 4969,EWR,PVD
4679,G7 6302,DTW,EWR
4681,9E 5317,LGA,CLT
4682,C5 4971,EWR,CAK
4683,UA 309,EWR,SAT
4684,AA 1656,LGA,RDU
4685,9E 5130,LGA,TYS
4687,B6 702,JFK,BUF
4688,C5 4948,EWR,STL
4689,AA 32,LAX,JFK
4691,YX 3648,CMH,EWR
4696,DL 1548,SJC,JFK
4701,YX 3552,GRR,EWR
4702,YX 3414,EWR,CHS
4704,C5 4950,EWR,STL
4706,9E 3436,JFK,ORD
4708,DL 2439,EWR,ATL
4711,WN 2250,DEN,LGA
4713,UA 1936,EWR,DEN
4716,B6 2374,CHS,JFK
4718,WN 3607,LGA,HOU
4719,NK 887,EWR,FLL
4720,B6 811,EWR,RSW
4721,9E 3405,MSP,EWR
4722,NK 993,EWR,LAS
4723,9E 4879,GSP,LGA
4725,UA 2025,AUS,EWR
4726,WN 4296,LGA,HOU
4727,9E 5149,JFK,CLE
4729,9E 5350,IND,JFK
4732,WN 372,LGA,MSY
4733,AA 310,DFW,LGA
4735,B6 1373,JFK,CHS
4736,G7 6279,RDU,EWR
4737,YX 3450,DCA,EWR
4738,YX 4394,LGA,MSP
4740,DL 1573,SEA,JFK
4743,AA 2135,DCA,LGA
4746,C5 4888,STL,EWR
4748,9E 3284,RIC,LGA
4750,DL 886,JFK,LAS
4751,YX 5995,LGA,BOS
4752,DL 1447,LGA,ATL
4754,F9 2880,MIA,LGA
4755,AA 936,STT,JFK
4756,9E 3332,MSP,EWR
4759,UA 749,DEN,EWR
4760,B6 327,EWR,MCO
4763,DL 947,PDX,JFK
4767,UA 840,EWR,SFO
4768,EV 4214,EWR,SYR
4770,9E 5036,LGA,SDF
4773,AS 653,JFK,SFO
4774,B6 1381,JFK,IAH
4775,9E 4760,RDU,LGA
4777,9E 5401,ORD,JFK
4781,G4 401,TYS,EWR
4782,AA 1247,ORD,EWR
4784,DL 2442,EWR,ATL
4785,DL 1816,EWR,ATL
4788,UA 2130,PBI,EWR
4793,OO 3769,LGA,OMA
4794,YX 3499,LGA,ORD
4795,DL 41,JFK,LAX
4796,C5 4889,BUF,EWR
4799,DL 1914,LGA,ATL
4801,YX 5940,BUF,LGA
4805,C5 4989,SDF,EWR
4806,9E 5484,CLE,LGA
4810,9E 3349,LGA,BTV
4812,DL 1193,JFK,MCO
4814,YX 3410,DTW,EWR
4819,AS 623,JFK,SEA
4822,YX 5908,LGA,DCA
4826,YX 6034,IND,LGA
4827,9E 5170,MCI,LGA
4830,DL 1848,DTW,LGA
4832,EV 3971,EWR,GSP
4833,UA 2126,RDU,EWR
4834,MQ 4030,LGA,GSO
4836,DL 1596,JFK,LAS
4838,DL 1327,LGA,MIA
4840,YX 5869,CMH,JFK
4847,DL 315,LGA,MIA
4848,YX 3500,EWR,GRR
4849,B6 2776,MSY,JFK
4852,9E 5120,BTV,JFK
4854,WN 540,EWR,BNA
4855,C5 5010,BTV,EWR
4857,9E 5491,CLE,JFK
4862,DL 636,LGA,IAH
4863,WN 1937,LGA,ATL
4864,C5 4905,EWR,IND
4865,DL 2186,ATL,LGA
4868,AA 864,CLT,EWR
4869,YX 4370,BNA,LGA
4870,UA 1146,ORD,LGA
4871,WN 5366,EWR,BNA
4872,B6 2779,BOS,EWR
4875,DL 2925,DEN,JFK
4881,UA 2367,LGA,DEN
4882,9E 3309,JFK,ROC
4883,YX 4350,LGA,RIC
4884,B6 213,JFK,LGB
4885,DL 2903,DEN,JFK
4889,B6 2001,BUF,JFK
4890,UA 513,EWR,LAS
4891,C5 5019,RIC,EWR
4893,OO 3670,LGA,GSO
4894,B6 748,LAS,JFK
4895,YX 6087,RIC,LGA
4899,UA 496,ATL,EWR
4901,B6 1415,JFK,SFO
4903,YX 3540,EWR,SAV
4905,YX 5916,LGA,BOS
4906,9E 5055,LGA,CVG
4909,WN 1505,LGA,STL
4912,YX 3463,EWR,BTV
4914,UA 482,SFO,EWR
4915,EV 4402,DCA,EWR
4920,UA 2429,LAS,EWR
4922,WN 3655,AUS,EWR
4923,UA 1849,EWR,ATL
4924,OO 3673,MCI,LGA
4925,OH 5081,ORF,LGA
4927,9E 3331,PWM,JFK
4930,AS 110,SFO,JFK
4931,MQ 3604,CHO,LGA
4933,OO 4204,GSO,LGA
4935,UA 1037,EWR,DFW
4936,DL 310,JFK,CLT
4937,AA 234,SFO,JFK
4938,DL 2942,DTW,LGA
4941,B6 890,MCO,JFK
4945,G7 6235,EWR,DTW
4946,DL 824,SEA,JFK
4947,OO 3709,CLE,LGA
4949,UA 703,EWR,LAX
4950,C5 4978,JAX,EWR
4952,AA 2156,LGA,BOS
4953,9E 5095,JFK,BUF
4955,MQ 3395,CVG,JFK
4956,B6 575,JFK,MSY
4957,9E 3336,LGA,BGR
4959,B6 1611,JFK,LAS
4961,DL 1450,DTW,JFK
4962,B6 2706,FLL,EWR
4963,YX 3592,EWR,MSN
4966,MQ 3314,JFK,RIC
4967,UA 2179,IAH,LGA
4969,YX 6034,LGA,BOS
4971,DL 723,LGA,MIA
4974,UA 1129,MCO,EWR
4975,B6 185,ROC,JFK
4976,DL 1415,JFK,DEN
4982,9E 3343,LGA,RSW
4983,WN 476,PHX,EWR
4984,YX 3481,GSO,EWR
4985,YX 5891,LGA,PIT
4987,DL 840,LGA,PBI
4988,AA 1934,LGA,PHL
4992,9E 5335,JFK,DTW
4995,DL 2782,LGA,BOS
4998,DL 1778,RSW,LGA
4999,9E 5235,LGA,CVG
5000,YX 3589,EWR,SYR
5001,WN 1902,STL,LGA
5002,DL 1089,LGA,ATL
5003,B6 317,BOS,JFK
5004,AA 1893,LGA,CLT
5006,YX 5969,LGA,PIT
5007,YV 6276,LGA,IAH
5008,AA 299,DFW,EWR
5014,DL 2321,PBI,LGA
5017,C5 4924,RIC,EWR
5019,UA 1098,EWR,MCO
5022,YX 5937,BUF,JFK
5023,UA 2077,BOS,EWR
5024,DL 2623,JFK,DCA
5025,UA 1552,EWR,PBI
5026,C5 4945,EWR,BTV
5027,9E 5417,LGA,BGR
5030,WN 1312,MDW,LGA
5034,WN 763,LGA,BNA
5035,WN 557,BNA,EWR
5037,YX 3725,EWR,EYW
5045,HA 51,JFK,HNL
5046,NK 751,EWR,TPA
5050,DL 341,LGA,IAH
5051,UA 1834,DFW,EWR
5052,OO 3897,LGA,MSN
5053,C5 4895,CVG,EWR
5054,B6 1511,EWR,RSW
5055,AA 1352,EWR,PHX
5056,OO 3806,ORD,LGA
5058,AA 1566,JFK,MIA
5059,WN 1553,LGA,ATL
5060,UA 1600,EWR,LAX
5061,AA 2168,BOS,LGA
5062,MQ 3969,LGA,BNA
5065,9E 3453,CVG,LGA
5066,AA 309,LAS,JFK
5072,UA 1165,EWR,CHS
5073,C5 4895,SDF,EWR
5076,YX 3574,EWR,BTV
5079,UA 225,EWR,IAH
5080,YX 6134,BOS,LGA
5081,UA 2160,SFO,EWR
5083,B6 107,PWM,JFK
5086,UA 1125,IAH,EWR
5089,9E 5392,JFK,IAD
5090,OH 5541,LGA,CAK
5091,OO 3626,JFK,RDU
5092,YX 6126,RIC,LGA
5093,DL 661,EWR,DTW
5094,AS 790,SEA,EWR
5095,YX 4326,LGA,DCA
5096,DL 2299,EWR,DTW
5097,YX 5889,LGA,DCA
5098,WN 609,LGA,MDW
5099,9E 5167,LGA,BUF
5101,YX 6129,CMH,LGA
5102,DL 2771,SRQ,LGA
5103,WN 2296,LGA,DEN
5107,B6 1823,JFK,LAX
5111,C5 4971,ALB,EWR
5112,G4 1350,EWR,SAV
5116,AA 243,JFK,MIA
5120,YX 3668,EWR,RDU
5121,YX 3431,EWR,RDU
5124,WN 2929,ATL,LGA
5125,YX 3615,EWR,PNS
5126,AA 970,LGA,MIA
5127,YX 6073,LGA,STL
5128,UA 1935,PBI,EWR
5130,DL 925,LGA,MCO
5132,OO 3783,ORD,LGA
5133,AS 18,SEA,JFK
5135,C5 4885,BUF,EWR
5136,9E 5050,BOS,JFK
5139,9E 5392,LGA,CHA
5145,MQ 3477,LGA,CMH
5148,YX 4506,LGA,BNA
5151,DL 2581,JFK,MIA
5152,AA 2669,MIA,LGA
5153,YV 6359,LGA,IAH
5157,YX 3578,IND,EWR
5161,B6 1492,ACK,JFK
5164,EV 4160,EWR,IND
5165,YX 3598,ROC,EWR
5166,WN 2340,LGA,MSY
5168,B6 872,SLC,JFK
5170,YX 4386,RIC,LGA
5173,YX 3751,DCA,EWR
5174,AA 1457,MIA,LGA
5176,DL 2545,LGA,DFW
5179,DL 2395,JFK,MSP
5182,C5 5022,EWR,SYR
5183,DL 1922,LAX,JFK
5186,YX 5922,DCA,LGA
5189,C5 4967,EWR,RIC
5190,AA 2848,LGA,ATL
5191,DL 379,ORD,LGA
5193,DL 2649,JFK,TPA
5196,YX 6029,CMH,LGA
5200,EV 4357,SYR,EWR
5202,DL 761,MCO,JFK
5204,AA 1467,EWR,CLT
5205,AS 186,SFO,EWR
5208,9E 5231,ROC,JFK
5211,9E 5392,LGA,LEX
5213,9E 3309,LGA,LEX
5216,DL 2972,MSY,JFK
5222,YX 6030,LGA,MSN
5223,AA 832,EWR,ORD
5227,DL 2916,SAN,JFK
5229,9E 5226,JFK,BTV
5231,OO 4100,LGA,CLE
5234,C5 4918,EWR,GSP
5235,WN 2455,LGA,DAL
5236,ZW 3843,IAD,LGA
5239,OH 5060,PIT,LGA
5244,YX 3449,EWR,MSN
5245,AA 1554,LGA,MIA
5247,DL 608,JFK,MCO
5253,UA 318,EWR,FLL
5254,9E 3335,JFK,ORF
5256,UA 1606,ORD,LGA
5258,MQ 4143,ORD,EWR
5261,B6 785,JFK,RDU
5263,OO 4106,PIT,JFK
5264,OO 3768,LGA,OMA
5265,YX 4636,STL,LGA
5267,MQ 3741,LGA,GSO
5268,UA 2415,EWR,PDX
5275,YX 3428,CMH,EWR
5276,AA 2551,DFW,JFK
5278,YX 5917,BUF,LGA
5279,B6 329,JFK,RSW
5282,DL 1924,MSP,LGA
5283,DL 1101,AUS,JFK
5284,OO 3993,LGA,MKE
5285,YX 5917,SDF,LGA
5286,9E 3332,JFK,RDU
5287,9E 3457,CVG,LGA
5289,UA 1479,SNA,EWR
5291,YX 4700,DTW,LGA
5292,AA 2158,LGA,BOS
5293,9E 5009,LGA,CLT
5295,9E 4945,CHO,LGA
5296,DL 1636,TPA,JFK
5297,WN 733,LGA,STL
5301,C5 4906,EWR,CMH
5307,AA 1290,EWR,PHX
5310,YX 5978,LGA,DFW
5312,YX 6092,LGA,PIT
5317,AA 1,JFK,LAX
5318,9E 5324,PIT,LGA
5323,AA 1834,ORD,EWR
5325,UA 1469,EWR,MIA
5326,MQ 4044,JFK,PHL
5327,EV 3993,BNA,EWR
5333,YX 5902,CHS,LGA
5334,G7 6223,CVG,EWR
5335,UA 230,ORD,EWR
5336,9E 3382,STL,LGA
5337,EV 4313,CLE,LGA
5339,YX 3692,SRQ,EWR
5340,DL 1274,JFK,BOS
5341,OO 4192,LGA,GSP
5344,DL 668,ATL,LGA
5345,9E 5301,BWI,JFK
5346,UA 600,LGA,ORD
5351,9E 5043,LGA,RSW
5353,MQ 3392,DTW,LGA
5354,AA 1047,JFK,MIA
5355,AA 2031,CLT,LGA
5356,DL 518,MSP,EWR
5361,YX 6071,BOS,LGA
5362,UA 645,EWR,BNA
5363,AS 420,LAX,JFK
5366,9E 3334,LGA,CHO
5369,EV 4332,CLE,EWR
5372,DL 1336,LGA,FLL
5375,YX 6055,BOS,LGA
5376,YX 3493,EWR,MCI
5379,DL 2279,JFK,MCO
5383,AA 248,SEA,JFK
5387,YX 6017,IAH,LGA
5389,YX 5908,DCA,JFK
5393,AS 53,EWR,PDX
5394,B6 325,JFK,TPA
5395,C5 4975,CMH,EWR
5396,YX 3736,LGA,ORD
5400,WN 877,LGA,STL
5402,EV 4216,EWR,MSN
5403,AA 1662,ATL,LGA
5406,AS 349,JFK,SEA
5412,DL 636,IAH,LGA
5417,9E 5256,LGA,BUF
5421,DL 1744,JFK,DEN
5422,AS 306,SFO,EWR
5426,OO 4016,LGA,MKE
5428,DL 2488,JFK,MSY
5430,OO 3800,CLE,LGA
5431,YX 3408,CHS,EWR
5433,YX 4374,LGA,PWM
5436,YX 4528,CMH,LGA
5437,C5 5009,EWR,CVG
5438,B6 948,LAS,JFK
5439,DL 342,LGA,ORD
5440,YX 4319,DCA,LGA
5441,WN 3958,LGA,ATL
5443,B6 811,EWR,FLL
5444,DL 2315,MIA,JFK
5445,UA 994,SFO,EWR
5446,C5 4941,RIC,EWR
5447,YX 4598,DTW,LGA
5448,DL 2921,LGA,ATL
5450,DL 2810,LGA,DEN
5452,9E 3484,RIC,JFK
5460,WN 1801,MCI,LGA
5462,UA 1530,DEN,LGA
5463,DL 2001,JFK,FLL
5464,9E 5357,LGA,RDU
5469,DL 1389,LGA,CMH
5471,EV 4357,EWR,BUF
5472,DL 2212,EWR,ATL
5474,DL 2104,SFO,JFK
5475,C5 4943,EWR,ORF
5476,OO 3820,LGA,SYR
5479,C5 4980,PWM,EWR
5480,9E 5192,LGA,RDU
5484,YX 3416,EWR,CLT
5485,DL 1353,JFK,SFO
5488,9E 5147,SYR,JFK
5490,C5 4908,EWR,ALB
5492,9E 5452,BNA,LGA
5493,UA 581,EWR,PHX
5494,9E 5291,LGA,MCI
5495,UA 1409,EWR,LAS
5496,C5 5017,RIC,EWR
5498,YX 5928,PIT,LGA
5505,YX 4711,CLE,LGA
5509,9E 3475,BUF,JFK
5511,9E 5356,CLE,LGA
5512,UA 393,LGA,DEN
5513,9E 3410,ORF,LGA
5517,UA 482,EWR,LAX
5518,9E 3303,RDU,JFK
5520,B6 523,JFK,LAX
5522,9E 3359,LGA,JAX
5523,DL 352,JFK,BOS
5524,DL 1678,ATL,EWR
5525,C5 4973,EWR,SDF
5528,YX 6114,EWR,BOS
5529,YX 5901,LGA,CMH
5532,YX 5925,ILM,LGA
5541,9E 5532,JFK,DTW
5542,YX 5926,LGA,RDU
5543,9E 5017,TYS,LGA
5544,YX 5973,SDF,LGA
5547,DL 2360,TPA,JFK
5551,DL 2949,DFW,LGA
5552,C5 4938,EWR,BUF
5556,MQ 4056,CLE,LGA
5557,DL 1135,BOS,JFK
5559,C5 4971,BGR,EWR
5561,MQ 3832,RIC,LGA
5565,YX 3597,EWR,CVG
5566,EV 4235,LGA,CLE
5571,9E 3459,LGA,BGR
5574,C5 4887,MEM,EWR
5575,DL 2684,ATL,JFK
5576,OO 3629,LGA,GSO
5578,9E 5260,OMA,LGA
5581,EV 4182,EWR,JAX
5582,B6 1192,ACK,JFK
5583,UA 282,EWR,DEN
5586,C5 4889,EWR,CMH
5587,YX 5892,DCA,LGA
5591,YX 3700,EWR,PWM
5593,UA 2406,ORD,LGA
5595,9E 5436,JFK,RIC
5596,9E 3334,LGA,PWM
5597,9E 5213,IND,JFK
5600,YX 4473,CMH,JFK
5602,B6 1815,SYR,JFK
5605,DL 1417,MIA,LGA
5607,YX 5933,LGA,DCA
5609,AA 1669,EWR,CLT
5610,9E 3423,CVG,EWR
5613,MQ 3776,LGA,RIC
5615,UA 2336,FLL,EWR
5616,AA 1936,DFW,LGA
5617,OO 3748,SYR,LGA
5618,B6 244,PBI,EWR
5619,9E 5360,BOS,JFK
5620,C5 4885,CLE,EWR
5622,OO 3757,ORD,LGA
5623,DL 537,LGA,ATL
5624,9E 5151,LGA,CLE
5634,DL 2355,AUS,JFK
5638,9E 5331,LGA,CHA
5640,9E 3400,JFK,SAV
5641,DL 2296,MSP,LGA
5644,9E 4803,LGA,CHS
5645,DL 2945,DTW,LGA
5647,DL 2930,JFK,SLC
5650,DL 2818,JFK,LAS
5652,9E 5445,LGA,CLE
5655,MQ 3421,DTW,LGA
5657,YX 5921,MSN,LGA
5658,9E 5496,CLT,LGA
5663,YX 4637,LGA,PIT
5664,YX 6027,CHS,LGA
5666,UA 2301,LGA,ORD
5676,OO 3890,BNA,LGA
5677,AA 381,LGA,ORD
5680,WN 1552,BNA,LGA
5681,UA 1991,EWR,SFO
5682,B6 1298,DEN,JFK
5683,DL 1669,LGA,MIA
5684,B6 4,SJU,JFK
5687,MQ 3543,BNA,JFK
5689,UA 1717,TPA,EWR
5690,DL 993,AUS,JFK
5693,OO 4913,LGA,BHM
5694,B6 1338,JFK,MVY
5696,DL 2935,JFK,BOS
5698,C5 4899,EWR,RIC
5699,9E 3409,JFK,DTW
5701,WN 2026,EWR,MDW
5702,YX 6037,CHS,LGA
5703,YX 3677,EWR,CVG
5707,MQ 3546,ROA,LGA
5710,B6 1371,LGA,FLL
5712,9E 3472,JFK,RIC
5715,WN 2081,BNA,EWR
5718,9E 5373,LGA,CHO
5719,UA 645,EWR,PBI
5722,AA 1382,DFW,EWR
5723,9E 5299,LGA,GRR
5725,UA 1693,EWR,CHS
5726,AA 2768,SEA,JFK
5730,YX 3484,EWR,DCA
5733,9E 3376,LGA,GSP
5737,B6 225,JFK,TPA
5739,UA 1582,EWR,TPA
5740,MQ 4115,LGA,BGR
5743,YX 3426,EWR,PIT
5744,DL 2252,DFW,LGA
5746,DL 2655,JFK,BOS
5747,WN 1131,EWR,STL
5749,F9 1111,LGA,MCO
5753,NK 522,FLL,EWR
5756,DL 2777,EWR,ATL
5757,DL 2400,ATL,LGA
5760,WN 776,EWR,MDW
5766,UA 1945,SMF,EWR
5770,OH 5622,LGA,ORF
5772,EV 4106,CLE,LGA
5776,UA 744,LGA,DEN
5777,9E 5200,JFK,PIT
5779,DL 487,RSW,LGA
5783,9E 5290,JFK,DCA
5784,9E 3458,DTW,JFK
5786,OO 3788,JFK,BNA
5787,YX 4456,PBI,LGA
5788,AA 302,JFK,LAX
5791,WN 1876,BNA,LGA
5792,DL 806,BOS,LGA
5796,9E 3357,ORF,JFK
5798,YX 3496,EWR,EYW
5799,B6 424,LAX,JFK
5801,OO 3991,CAE,LGA
5802,DL 2498,CHS,JFK
5805,YX 3530,EWR,SAV
5806,AA 642,JFK,BOS
5810,OO 3900,LGA,CHS
5812,AS 769,JFK,SFO
5813,OO 3890,LGA,BNA
5814,YX 6001,DCA,JFK
5817,C5 5002,ORF,EWR
5821,B6 718,JFK,BOS
5824,YX 6101,CMH,JFK
5825,YV 6334,IAD,LGA
5826,EV 4485,EWR,BNA
5827,WN 846,STL,LGA
5830,MQ 3751,LGA,CLE
5831,YX 5916,RDU,LGA
5832,MQ 3343,LGA,RDU
5834,UA 1747,EWR,ANC
5836,DL 661,DTW,EWR
5838,G7 6271,EWR,DTW
5839,C5 4866,RDU,EWR
5843,B6 301,JFK,FLL
5847,DL 332,SJU,JFK
5849,UA 2384,PHX,EWR
5851,WN 2086,EWR,PHX
5852,UA 1716,EWR,EGE
5854,YX 3538,MSP,EWR
5855,AS 325,EWR,SFO
5857,B6 326,TPA,JFK
5858,AA 200,ORD,EWR
5860,YX 3707,ORD,LGA
5861,EV 4008,EWR,MEM
5863,C5 4898,DCA,EWR
5866,YX 6051,LGA,RDU
5867,EV 3973,BNA,EWR
5869,MQ 4012,JFK,ORF
5870,YX 6017,MEM,LGA
5872,9E 5367,JFK,SYR
5879,DL 1944,JFK,ATL
5890,C5 4982,EWR,SAV
5896,YX 5965,LGA,SDF
5897,9E 5254,LGA,ORF
5898,YX 3529,EWR,MSP
5901,DL 2400,PBI,LGA
5903,DL 1583,SFO,JFK
5908,YX 4342,RDU,LGA
5909,DL 2852,PBI,JFK
5910,WN 3810,LGA,HOU
5914,AA 1164,LGA,DFW
5915,MQ 4210,LGA,SAV
5916,UA 331,DEN,EWR
5919,F9 1531,EWR,ATL
5920,DL 2770,BOS,LGA
5921,B6 461,LGA,PBI
5923,MQ 3431,LGA,CMH
5925,OO 3580,LGA,GSP
5926,DL 2563,LGA,TPA
5934,9E 3282,LGA,PIT
5935,DL 2983,BOS,LGA
5938,DL 671,BOS,JFK
5940,YX 5897,CMH,LGA
5944,DL 2668,LGA,SRQ
5945,AA 1397,JFK,MIA
5951,UA 1227,ORD,LGA
5952,WN 657,LGA,DAL
5956,C5 4884,ORF,EWR
5961,AA 2651,PHX,JFK
5965,9E 3386,LGA,MEM
5966,OO 4658,LGA,SAV
5968,YX 6138,LGA,IND
5969,9E 3456,LGA,STL
5971,9E 5028,DCA,JFK
5972,DL 1455,MIA,LGA
5973,MQ 3985,RDU,JFK
5974,9E 3493,JFK,BUF
5978,C5 4970,ORF,EWR
5979,DL 2856,BOS,LGA
5981,DL 834,LGA,ATL
5984,UA 598,SNA,EWR
5986,EV 4068,EWR,CAK
5987,AA 2733,ATL,LGA
5992,AA 771,LGA,CMH
5993,AS 31,JFK,LAX
5995,EV 4462,EWR,CAK
6002,B6 2786,RDU,JFK
6006,DL 2124,JFK,DTW
6008,WN 393,MSY,LGA
6011,9E 3491,MSN,LGA
6012,9E 5017,LGA,TYS
6013,9E 3472,MKE,LGA
6014,9E 3368,STL,LGA
6016,DL 1457,LGA,MCO
6017,YX 3656,EWR,CLT
6018,YX 6014,LGA,GRR
6023,YX 3616,RDU,EWR
6025,B6 524,LAX,JFK
6026,AA 714,EWR,CLT
6034,AA 1140,BOS,JFK
6039,C5 4884,EWR,GRR
6040,YX 3535,IND,EWR
6042,9E 3301,JFK,ROC
6046,WN 5098,MDW,LGA
6051,B6 227,EWR,MCO
6052,AA 1726,DFW,LGA
6054,AA 1376,ATL,LGA
6055,DL 2957,ATL,LGA
6056,YX 6126,CMH,LGA
6057,UA 1784,EWR,MCI
6059,9E 5429,LGA,JAX
6060,YX 4613,LGA,XNA
6061,AA 2494,JFK,SAN
6062,NK 1805,EWR,ATL
6065,UA 267,AUS,EWR
6068,DL 541,LGA,BOS
6069,9E 5263,LGA,BUF
6071,YX 3433,RDU,EWR
6073,YX 5951,LGA,MSY
6074,B6 906,ORD,JFK
6076,AA 272,ORD,JFK
6078,UA 1451,EWR,TPA
6084,WN 1217,LGA,HOU
6085,AA 2117,LGA,DCA
6086,UA 380,EWR,MCO
6089,C5 5012,EWR,JAX
6096,YX 3509,PWM,EWR
6098,9E 3307,BGR,LGA
6100,OO 3982,JFK,CLT
6103,EV 4272,MSN,EWR
6104,OO 3845,EWR,MSP
6110,C5 5023,EWR,PWM
6111,YX 3612,PIT,EWR
6112,9E 3410,SAV,JFK
6115,AA 1530,MIA,LGA
6116,AA 4,LAX,JFK
6117,MQ 3750,BOS,JFK
6118,DL 2820,JFK,PDX
6125,WN 175,LGA,DEN
6126,AA 291,MIA,JFK
6128,B6 2006,FLL,EWR
6131,WN 3470,MDW,EWR
6132,YX 4460,PIT,LGA
6134,C5 5010,ORF,EWR
6135,EV 4241,IND,EWR
6137,B6 705,EWR,FLL
6139,UA 279,MCO,EWR
6141,AA 341,JFK,LAX
6145,DL 2218,SEA,JFK
6147,AS 460,LAX,JFK
6150,B6 583,JFK,MCO
6151,EV 4380,EWR,GSO
6153,9E 5035,JFK,BOS
6156,YX 4343,LGA,DTW
6159,WN 5547,LGA,ATL
6163,YV 6367,LGA,IAD
6165,AA 1935,ORD,EWR
6166,9E 3345,LGA,CVG
6168,MQ 3990,ORD,EWR
6171,UA 1573,IAH,LGA
6172,9E 5217,PWM,LGA
6173,WN 1795,LGA,MCI
6176,UA 791,CLT,EWR
6178,YX 6047,GRR,LGA
6180,AA 1150,EWR,DFW
6185,YX 5874,LGA,BUF
6194,WN 385,LGA,BNA
6196,YV 6255,IAD,LGA
6197,DL 2917,ATL,LGA
6198,9E 5184,JFK,IND
6199,DL 3002,ORD,LGA
6201,WN 3027,LGA,MCI
6204,9E 5364,LGA,CVG
6206,EV 4276,IND,EWR
6211,B6 669,JFK,SJC
6212,DL 2750,MSY,JFK
6216,UA 642,LAX,EWR
6218,DL 440,MSY,JFK
6221,YX 3468,CMH,EWR
6224,9E 3486,RDU,JFK
6225,WN 4049,EWR,BNA
6232,9E 3461,LGA,CVG
6234,DL 1312,EWR,ATL
6235,9E 3478,BUF,JFK
6236,DL 2352,MCO,LGA
6237,9E 5094,CLE,LGA
6248,YX 3625,ORF,EWR
6252,WN 2132,TPA,LGA
6253,9E 5051,LGA,CLT
6255,B6 1,JFK,FLL
6261,YX 3594,LGA,ORD
6263,YX 3454,CLE,LGA
6268,EV 4208,EWR,STL
6270,DL 1992,LGA,BOS
6273,YX 3638,PNS,EWR
6281,AA 843,EWR,CLT
6283,WN 1943,LGA,BNA
6284,YX 3687,SYR,EWR
6287,YX 3475,EWR,BNA
6289,WN 1561,LGA,BNA
6290,9E 5352,PIT,LGA
6293,WN 1777,LGA,DAL
6294,9E 5037,JFK,DTW
6300,WN 599,LGA,DEN
6301,C5 4967,JAX,EWR
6302,9E 3496,LGA,CVG
6303,9E 3494,JFK,BNA
6304,OO 3981,JFK,BUF
6305,YX 4379,LGA,CHS
6306,DL 1545,SLC,JFK
6308,G7 6211,DTW,EWR
6310,AA 103,LGA,ORD
6311,UA 2050,MYR,EWR
6313,9E 5372,LGA,BGR
6314,UA 204,LAS,EWR
6316,B6 2701,JFK,FLL
6318,9E 3336,JFK,ORF
6324,YX 4480,CMH,LGA
6325,UA 1886,EWR,IAH
6326,9E 5124,PIT,JFK
6327,DL 1855,JFK,SFO
6328,MQ 4257,ORF,JFK
6330,DL 507,MSY,JFK
6331,YX 6015,CMH,LGA
6335,9E 5530,RDU,LGA
6336,B6 915,JFK,SFO
6340,EV 3970,BGR,EWR
6342,OO 4197,JFK,BOS
6347,C5 5016,EWR,DCA
6351,YX 6035,LGA,PIT
6352,AA 337,ORD,LGA
6356,DL 2926,BOS,JFK
6357,DL 1467,SEA,JFK
6360,AA 1587,JFK,PHX
6364,C5 4973,PQI,EWR
6365,C5 4909,CLE,EWR
6366,YX 3633,EWR,SAV
6368,YX 5941,ROC,LGA
6371,UA 528,EWR,SAN
6375,WN 2280,EWR,STL
6380,9E 3468,AVL,LGA
6383,EV 4929,SYR,EWR
6385,9E 3399,CLT,JFK
6388,AS 266,SFO,EWR
6392,YX 4482,LGA,PHL
6395,EV 4416,SAV,EWR
6396,DL 2021,ATL,JFK
6399,UA 601,TPA,EWR
6400,9E 3427,IAD,JFK
6402,C5 4921,SYR,EWR
6404,DL 2938,FLL,JFK
6405,AA 2068,LGA,CLT
6406,WN 1531,STL,EWR
6411,DL 2139,JFK,ATL
6413,DL 1783,JFK,SJC
6414,OO 3687,DFW,LGA
6418,C5 4903,EWR,ALB
6419,UA 395,SAN,EWR
6423,MQ 4059,LGA,GSO
6424,DL 910,LGA,BOS
6425,YX 6045,BOS,LGA
6426,YX 3510,EWR,ROC
6430,9E 5196,LGA,ROC
6431,B6 1271,LGA,FLL
6435,DL 1164,MSY,JFK
6437,UA 2323,EWR,BOS
6438,UA 1906,EWR,FLL
6441,OH 5378,LGA,CMH
6444,9E 5318,GRR,LGA
6455,AA 1367,JFK,MCO
6456,WN 1378,LGA,ATL
6457,AA 1206,DFW,LGA
6458,B6 33,BTV,JFK
6462,OH 5563,LGA,DAY
6466,DL 1844,LGA,BOS
6469,DL 2876,ATL,LGA
6471,OO 3827,BHM,LGA
6473,YX 5902,LGA,STL
6480,YX 6094,JFK,DCA
6483,UA 801,SEA,EWR
6484,9E 5383,DFW,JFK
6488,DL 1727,MIA,LGA
6490,B6 508,JFK,PWM
6493,UA 1600,PHX,EWR
6495,MQ 3980,LGA,MEM
6498,EV 4244,MEM,EWR
6509,9E 3360,LGA,STL
6511,9E 3385,LGA,STL
6514,DL 2329,LGA,ATL
6523,EV 4005,EWR,SAV
6527,DL 440,JFK,MSY
6531,MQ 3646,LGA,CLE
6534,DL 1907,LAX,JFK
6535,C5 4983,RIC,EWR
6536,YX 3602,EWR,XNA
6538,UA 557,IAH,EWR
6540,F9 502,DEN,LGA
6544,OO 4155,LGA,ORD
6546,B6 2074,TPA,EWR
6547,WN 2181,LGA,MDW
6549,C5 4953,ALB,EWR
6550,AS 1522,SJC,JFK
6552,AA 380,ORD,LGA
6553,DL 945,MCO,LGA
6554,9E 3481,JFK,RDU
6555,DL 2921,JFK,CLT
6558,OO 3747,LGA,ORD
6559,MQ 4256,ORF,JFK
6561,UA 769,EWR,DFW
6562,DL 943,SAN,JFK
6566,DL 369,MCO,LGA
6567,9E 5264,OMA,LGA
6569,C5 4897,MEM,EWR
6570,WN 3267,HOU,LGA
6571,B6 612,RSW,EWR
6572,C5 4999,EWR,CMH
6574,NK 922,MYR,LGA
6575,DL 2409,MIA,LGA
6578,YX 5896,DCA,LGA
6580,WN 1750,HOU,LGA
6581,C5 4884,EWR,CMH
6582,9E 4849,RDU,LGA
6585,WN 1765,DEN,LGA
6587,DL 2480,JFK,MSY
6588,UA 2248,PDX,EWR
6589,9E 3370,JFK,ROC
6592,DL 1336,MSP,EWR
6593,C5 4882,CHS,EWR
6597,G7 6275,EWR,DTW
6604,EV 4443,CMH,EWR
6608,9E 3409,LGA,TYS
6611,WN 283,ATL,LGA
6612,YX 4565,RDU,LGA
6613,B6 2017,BOS,JFK
6615,9E 3494,MSN,LGA
6617,UA 625,EWR,PBI
6621,B6 486,JFK,ROC
6622,WN 2217,LGA,MKE
6624,G4 457,EWR,TYS
6625,YX 6061,BOS,LGA
6626,YX 4320,DCA,LGA
6628,DL 2674,JFK,ATL
6629,OO 3775,EWR,MSP
6633,WN 4044,MDW,LGA
6634,AA 1116,DFW,LGA
6635,DL 2754,JFK,LAS
6636,UA 308,EWR,PHX
6639,9E 5092,CLT,JFK
6641,9E 3438,CLT,LGA
6642,9E 5312,LGA,PIT
6644,9E 5391,DCA,JFK
6647,YX 5957,SYR,JFK
6649,DL 2995,ATL,EWR
6650,EV 4338,DCA,EWR
6651,EV 4015,EWR,STL
6652,YX 6009,IND,LGA
6653,DL 1672,ATL,EWR
6654,YX 5999,CMH,JFK
6655,9E 5475,LGA,TYS
6657,YX 6045,LGA,CLT
6665,9E 3406,GSP,LGA
6666,YX 3542,EWR,CLT
6667,EV 3977,EWR,SYR
6668,B6 624,LAX,JFK
6672,YX 4439,ATL,LGA
6673,9E 5415,JFK,CLE
6674,DL 2932,SAN,JFK
6676,C5 4999,ORF,EWR
6677,WN 2426,LGA,DAL
6678,UA 1284,IAH,LGA
6682,UA 905,EWR,RSW
6693,YX 3615,RDU,EWR
6694,9E 5407,CLE,JFK
6696,9E 5295,BWI,JFK
6697,B6 2889,JFK,MCO
6699,YX 3552,JAX,EWR
6700,9E 5078,SYR,LGA
6701,DL 2475,ATL,JFK
6704,UA 516,EWR,ORD
6706,DL 2456,JFK,MIA
6708,9E 5239,LGA,OMA
6709,UA 442,EWR,TPA
6711,AA 2654,DCA,JFK
6712,OO 3648,DTW,EWR
6718,MQ 3952,BNA,JFK
6722,C5 4891,EWR,JAX
6725,DL 1165,JFK,LAX
6729,C5 4903,RIC,EWR
6731,YX 4311,LGA,RDU
6735,9E 3404,CVG,LGA
6736,9E 3350,SRQ,LGA
6738,G7 6271,DTW,EWR
6739,DL 2956,LGA,DEN
6741,YX 3532,EWR,OKC
6747,YX 4402,LGA,RDU
6751,9E 5200,PIT,JFK
6752,DL 889,JFK,LAX
6756,EV 4081,DCA,EWR
6760,9E 5092,BTV,JFK
6762,9E 5109,LGA,BTV
6765,YX 4584,BNA,LGA
6769,DL 830,FLL,JFK
6771,WN 6659,LGA,MDW
6773,OO 3786,BNA,JFK
6784,WN 2643,MKE,LGA
6793,OO 3896,LGA,SYR
6798,AA 1140,JFK,BOS
6803,AA 1335,JFK,LAS
6804,DL 1527,LGA,FLL
6805,UA 726,SFO,EWR
6806,EV 4304,JAX,EWR
6807,AA 358,LGA,ORD
6808,NK 710,FLL,LGA
6810,B6 525,JFK,TPA
6814,9E 5444,LGA,RDU
6815,DL 1709,ORD,LGA
6820,9E 5333,IAD,JFK
6821,DL 1972,AUS,JFK
6824,UA 2215,EWR,FLL
6827,MQ 3877,LGA,ORF
6828,DL 1821,JFK,TPA
6829,DL 1558,JFK,JAX
6830,YV 6347,IAH,LGA
6833,YX 3584,MSN,EWR
6839,C5 5002,CMH,EWR
6844,DL 544,LGA,DFW
6845,YX 5879,BHM,LGA
6846,DL 959,DTW,LGA
6847,UA 202,ORD,EWR
6850,DL 1435,ORD,LGA
6851,C5 4919,EWR,CHS
6855,DL 2288,SAN,JFK
6856,WN 1153,LGA,DAL
6861,WN 5211,MCI,LGA
6862,YX 3641,EWR,CLT
6865,WN 4309,DAL,LGA
6866,MQ 4148,ORF,JFK
6867,UA 2310,EWR,BOS
6882,YX 6068,LGA,PIT
6883,9E 5058,LGA,BUF
6884,OO 4029,LGA,MKE
6890,OO 3632,PIT,JFK
6891,DL 1573,LGA,MCO
6894,UA 510,LAX,EWR
6897,NK 1148,EWR,ATL
6901,DL 2918,DEN,LGA
6904,YX 3426,BNA,EWR
6905,UA 2198,RSW,EWR
6906,DL 351,MSY,LGA
6908,DL 2040,JFK,MCO
6912,YX 6017,JFK,BOS
6920,UA 1219,PBI,EWR
6926,AA 1274,DFW,JFK
6927,9E 5113,CLE,LGA
6928,9E 5154,STL,LGA
6929,NK 1153,EWR,MSY
6932,DL 810,FLL,JFK
6934,DL 2875,SJC,JFK
6935,UA 275,EWR,LAX
6939,C5 4881,BTV,EWR
6944,F9 503,LGA,DEN
6947,OO 3635,JFK,ORD
6948,YX 5883,LGA,ROC
6953,9E 5177,JFK,BWI
6955,AS 670,SJC,JFK
6956,AS 772,SAN,EWR
6964,YX 5907,CLT,LGA
6966,UA 1552,PHX,EWR
6968,WN 751,STL,LGA
6971,DL 2173,LGA,FLL
6972,9E 3476,LGA,CVG
6977,DL 2362,ATL,LGA
6978,YX 3416,BUF,EWR
6980,DL 2959,JFK,SFO
6982,YX 5991,LGA,MCI
6987,C5 4967,EWR,SDF
6990,9E 5379,MEM,LGA
6991,DL 2071,PBI,LGA
6992,9E 3474,IAD,JFK
6993,DL 2965,SEA,JFK
6994,AA 1503,EWR,CLT
6995,9E 5238,JAX,LGA
6997,UA 2356,EWR,MIA
7001,EV 4126,EWR,SBN
7004,C5 5002,EWR,CMH
7009,9E 5276,RDU,JFK
7012,9E 5241,CLE,LGA
7015,UA 2029,PBI,EWR
7019,WN 1381,EWR,OAK
7020,YX 3725,STL,EWR
7023,YX 4444,BNA,LGA
7024,9E 3330,ORF,JFK
7026,WN 1953,MCI,LGA
7027,YX 3490,PIT,EWR
7028,C5 5021,EWR,PWM
7035,NK 779,LGA,FLL
7037,9E 3494,RIC,LGA
7038,C5 4998,PVD,EWR
7039,UA 1586,PBI,EWR
7041,YX 3671,EWR,MSY
7045,9E 5330,BOS,JFK
7047,WN 1452,HOU,LGA
7048,YX 5914,LGA,CHS
7050,AA 2154,LGA,BOS
7055,AA 196,LGA,ORD
7059,DL 634,LGA,TPA
7068,MQ 3519,LGA,GSO
7070,C5 4982,CVG,EWR
7071,C5 4986,EWR,IAD
7076,9E 5090,LGA,CLE
7077,9E 5389,JFK,DFW
7080,YX 4363,CHS,LGA
7082,AA 2382,ORD,EWR
7085,DL 744,LGA,ORD
7086,9E 5333,LGA,GSO
7087,YX 5998,BOS,LGA
7089,WN 4104,MDW,LGA
7091,DL 1790,JFK,TPA
7096,UA 1162,EWR,BNA
7097,YX 3752,OMA,EWR
7098,YX 4336,LGA,DCA
7103,AA 274,LAX,JFK
7104,UA 1907,IAH,LGA
7109,DL 952,JFK,DTW
7111,9E 5039,LGA,RIC
7114,DL 1800,EWR,ATL
7115,C5 4966,STL,EWR
7117,EV 4179,GSP,EWR
7118,C5 5015,DCA,EWR
7120,UA 1680,EWR,PHX
7121,OO 3815,JFK,CLE
7122,9E 3373,LGA,TYS
7123,YX 3704,EWR,DFW
7131,UA 1973,LGA,IAH
7132,G7 6221,RDU,EWR
7136,YX 5990,LGA,GRR
7138,UA 2102,EWR,CLT
7139,UA 2397,DEN,LGA
7141,9E 5294,JFK,RDU
7142,DL 857,FLL,LGA
7146,9E 5224,JFK,PIT
7147,DL 1103,EWR,ATL
7149,WN 2166,LGA,ATL
7150,9E 3377,LGA,GSP
7154,DL 2950,JFK,SEA
7157,WN 389,LGA,MDW
7158,WN 899,MDW,EWR
7160,DL 2485,TPA,LGA
7163,B6 973,JFK,CHS
7164,WN 233,BNA,LGA
7167,YX 3717,EWR,SRQ
7169,AA 2629,EWR,ORD
7171,WN 1039,EWR,MDW
7172,DL 773,TPA,LGA
7174,9E 5352,MEM,LGA
7175,DL 2938,JFK,SAN
7180,NK 1830,MSY,EWR
7186,OO 4780,LGA,CLT
7192,OO 2979,ORD,EWR
7198,F9 1110,MCO,LGA
7200,DL 572,JFK,MCO
7203,DL 2780,ORD,LGA
7204,OO 3915,JFK,BNA
7210,9E 3446,LGA,MCI
7211,YX 6055,CLT,LGA
7214,DL 2277,MSP,LGA
7216,9E 5348,LGA,CHO
7219,WN 1317,MDW,EWR
7220,DL 2456,JFK,FLL
7221,MQ 4012,ORF,JFK
7224,OO 3636,MKE,LGA
7227,9E 5092,JFK,BTV
7229,DL 1625,JFK,CHS
7233,DL 1832,LGA,ATL
7234,OO 3654,LGA,GRR
7235,9E 3300,BTV,LGA
7247,C5 4954,EWR,ALB
7252,YX 5997,SDF,LGA
7253,OO 4026,ORD,JFK
7258,UA 341,EWR,IAH
7261,C5 4886,EWR,PWM
7262,AA 54,MIA,JFK
7268,DL 2245,ATL,EWR
7277,DL 1916,JFK,DEN
7279,UA 1960,EWR,LAX
7282,YX 4326,DCA,LGA
7285,9E 5472,LGA,CVG
7289,B6 839,JFK,BQN
7294,EV 4294,EWR,SAV
7295,G4 1393,EWR,CVG
7299,9E 5217,STL,LGA
7301,9E 3454,PWM,LGA
7304,YX 6090,LGA,JAX
7305,9E 3314,LGA,ROC
7306,AA 1432,DFW,JFK
7307,9E 3462,MCI,LGA
7310,AA 2152,LGA,BOS
7311,UA 407,SRQ,EWR
7314,B6 128,MCO,EWR
7322,YX 6127,BOS,JFK
7323,YX 3756,DTW,EWR
7325,YX 3615,EWR,MEM
7326,9E 5281,ORF,LGA
7327,UA 1878,EWR,SFO
7335,YX 4569,JFK,DCA
7337,9E 3493,JFK,DFW
7338,AA 619,DFW,LGA
7345,9E 5302,JFK,CLE
7346,DL 1287,MIA,LGA
7350,DL 1428,JFK,SLC
7351,UA 649,SEA,EWR
7352,YX 3619,EWR,CMH
7355,YX 6116,CLT,LGA
7356,DL 643,SJC,JFK
7360,C5 4971,EWR,RIC
7361,WN 1701,MDW,EWR
7363,YX 3489,EWR,IND
7367,9E 5179,DSM,LGA
7372,9E 3311,DFW,JFK
7373,AA 1834,EWR,ORD
7378,YX 5884,EYW,LGA
7382,B6 1318,JFK,BOS
7384,UA 2066,FLL,EWR
7386,OO 3749,LGA,ORD
7388,DL 1553,JFK,LAS
7390,UA 1825,SJU,EWR
7391,WN 860,LGA,DEN
7393,YX 5937,LGA,DCA
7396,EV 4334,CLE,EWR
7397,DL 2086,RSW,JFK
7400,C5 4933,IAD,EWR
7401,MQ 3659,SDF,LGA
7403,9E 3420,JFK,BTV
7405,OO 3686,LGA,BHM
7408,C5 4997,DCA,EWR
7413,G7 6176,DTW,EWR
7414,YX 6031,GSO,LGA
7418,AA 1904,LGA,ATL
7419,WN 2133,LGA,TPA
7420,B6 417,BOS,JFK
7424,YX 6042,LGA,GRR
7433,WN 1155,MDW,LGA
7434,9E 3435,LGA,JAX
7437,WN 3391,LGA,TPA
7448,OO 4088,GSO,LGA
7449,DL 2645,JFK,ATL
7450,9E 5392,LGA,PWM
7451,YX 3660,EWR,CHS
7452,YX 6076,DCA,JFK
7453,B6 425,JFK,TPA
7456,DL 1803,LGA,DFW
7459,B6 403,JFK,SJU
7460,YX 4677,DTW,LGA
7461,DL 1381,ATL,LGA
7464,UA 751,EWR,LAX
7465,9E 5261,RIC,JFK
7470,DL 1948,LGA,MSY
7472,WN 1762,LGA,MDW
7475,OO 3682,CHS,JFK
7476,OO 3639,PIT,LGA
7477,DL 643,JFK,SJC
7478,C5 4985,RIC,EWR
7479,9E 4881,LGA,GSO
7482,WN 2092,LGA,DEN
7483,AA 2086,CLT,EWR
7487,9E 5454,LGA,GRR
7488,9E 3376,LGA,MKE
7489,C5 4945,ROC,EWR
7493,OO 3577,LGA,GRR
7495,C5 4941,EWR,RIC
7496,AA 2126,LGA,BOS
7497,YX 6098,LGA,DFW
7500,YX 5931,DCA,LGA
7501,AA 2242,JFK,DFW
7506,OO 3590,ORD,JFK
7510,G7 6221,EWR,DTW
7512,DL 2966,ATL,LGA
7515,9E 5219,JFK,DFW
7521,DL 2277,ATL,LGA
7522,YX 5971,ROC,LGA
7529,YX 5989,LGA,BOS
7530,9E 3334,LGA,RSW
7532,DL 2370,RSW,LGA
7536,YX 4597,DTW,LGA
7543,YX 4321,DCA,LGA
7555,DL 1097,ORD,LGA
7560,9E 5040,ORF,LGA
7561,9E 5082,CLE,JFK
7564,UA 574,LGA,DEN
7568,DL 2398,ATL,EWR
7569,YX 4707,BNA,LGA
7572,OO 4145,ROC,LGA
7574,9E 5222,JFK,ORF
7578,DL 2912,FLL,LGA
7580,DL 324,LGA,BOS
7581,C5 4946,EWR,BNA
7582,MQ 3317,LGA,STL
7583,EV 4039,EWR,DCA
7584,WN 752,STL,LGA
7594,DL 343,LGA,ORD
7595,9E 4849,CLT,LGA
7597,B6 706,FLL,EWR
7599,AA 34,DFW,EWR
7600,YX 6137,MKE,LGA
7601,WN 2607,EWR,MDW
7602,MQ 3344,ORF,LGA
7605,DL 492,PHX,JFK
7609,UA 1622,EWR,SRQ
7610,DL 1651,LAX,JFK
7611,WN 4895,EWR,MDW
7615,C5 4982,EWR,SYR
7618,9E 5485,JFK,BNA
7622,WN 4679,ATL,LGA
7625,DL 2675,JFK,ATL
7627,AA 1255,LGA,ORD
7629,UA 1626,ORD,EWR
7633,B6 761,LGA,PBI
7635,B6 1119,JFK,CLT
7645,YX 6081,PIT,LGA
7652,WN 1774,HOU,LGA
7658,YX 3418,EWR,DTW
7666,B6 1516,SFO,JFK
7668,B6 1591,JFK,ACK
7669,9E 5068,LGA,JAX
7673,DL 1309,ATL,EWR
7675,9E 5277,SAV,LGA
7678,YX 6107,LGA,SDF
7683,9E 3333,LGA,SAV
7684,MQ 4256,JFK,ORF
7688,9E 5390,JFK,CHS
7690,YX 3703,PWM,EWR
7691,9E 3380,MCI,LGA
7696,9E 3351,EWR,CVG
7697,AS 1178,SFO,EWR
7698,MQ 3874,RIC,LGA
7704,UA 1537,EWR,MIA
7705,WN 1713,PHX,EWR
7710,B6 623,JFK,LAX
7718,MQ 4034,JFK,IND
7722,C5 4985,SAV,EWR
7723,DL 1172,JFK,SLC
7728,DL 2649,TPA,JFK
7729,DL 1656,JFK,FLL
7730,9E 5273,JFK,BUF
7731,YX 6064,LGA,BOS
7733,YX 6076,STL,LGA
7736,B6 731,BOS,LGA
7741,9E 5240,BUF,JFK
7746,MQ 3416,LGA,BNA
7749,9E 3349,PWM,JFK
7752,YX 3641,EWR,DCA
7759,WN 682,DEN,LGA
7762,WN 3722,LGA,STL
7765,UA 2324,EWR,CHS
7767,DL 2280,LGA,TPA
7768,UA 1460,EWR,RSW
7771,WN 6789,ATL,LGA
7772,DL 1236,SAN,JFK
7774,YX 5874,EWR,BOS
7778,C5 4922,EWR,PVD
7779,9E 5124,MKE,LGA
7782,MQ 4208,CLE,LGA
7783,AA 2147,LGA,BOS
7784,9E 5335,LGA,CLE
7789,9E 5347,JFK,BNA
7791,UA 1748,ANC,EWR
7792,YX 5881,IND,LGA
7793,DL 1548,LGA,MSY
7795,MQ 4001,JFK,PHL
7796,B6 2317,BOS,JFK
7798,DL 2346,JFK,LAX
7800,UA 1458,EWR,JAC
7801,B6 2705,EWR,FLL
7802,YX 3697,EWR,ATL
7806,9E 5325,LGA,BTV
7807,UA 2292,LGA,DEN
7811,C5 5018,JAX,EWR
7813,9E 3340,LGA,GSO
7817,OO 3141,ORD,EWR
7822,EV 4093,EWR,BTV
7825,C5 4910,PVD,EWR
7829,9E 3459,MCI,LGA
7830,YX 6044,LGA,RDU
7834,DL 1859,SFO,JFK
7838,B6 2525,JFK,FLL
7841,OO 4739,LGA,CLT
7842,AA 2837,JFK,SAT
7843,YX 4350,RIC,LGA
7844,YX 3578,MEM,EWR
7846,DL 2178,MCO,JFK
7849,WN 2171,LGA,ATL
7851,MQ 3609,JFK,RDU
7852,UA 1451,EWR,ATL
7853,YX 3426,BTV,EWR
7854,AA 325,LGA,ORD
7856,DL 818,FLL,LGA
7857,YX 5954,LGA,CMH
7864,MQ 4147,LGA,ORF
7866,9E 5286,LGA,BNA
7869,OO 4112,LGA,OMA
7872,UA 1994,SJU,EWR
7873,OO 3894,CHS,LGA
7874,DL 2145,LGA,MSY
7875,DL 2334,MIA,JFK
7877,DL 2937,DEN,JFK
7879,YX 3427,CVG,EWR
7880,OH 5450,LGA,DAY
7885,9E 3423,EWR,CVG
7887,MQ 4133,ORD,EWR
7889,YX 4561,RIC,LGA
7895,C5 4897,EWR,BGR
7898,C5 5001,EWR,CAK
7900,NK 422,MCO,LGA
7907,YX 6016,LGA,CMH
7909,9E 4776,LGA,TYS
7910,WN 3087,EWR,MDW
7914,9E 3328,EWR,MSP
7915,OO 3937,SAV,JFK
7916,YX 3734,GRR,EWR
7918,AA 1211,ORD,EWR
7919,9E 5406,BNA,LGA
7920,DL 2169,DTW,EWR
7924,9E 5388,CLE,LGA
7930,YX 3663,EWR,CLE
7933,DL 1808,RSW,LGA
7938,YX 3631,IND,EWR
7953,OO 3606,RDU,JFK
7955,YX 5870,LGA,ROC
7958,OO 3682,LGA,RIC
7962,UA 970,SAN,EWR
7963,YX 6093,CLE,JFK
7965,9E 3361,JFK,PWM
7970,OO 3975,LGA,BNA
7971,EV 4395,EWR,PWM
7977,AA 2133,DCA,LGA
7978,OO 4441,LGA,MKE
7984,C5 4952,EWR,RIC
7985,EV 4079,EWR,BUF
7988,YX 3474,EWR,ATL
7989,DL 2957,MCO,LGA
7996,AA 527,LGA,ORD
7999,YX 5938,LGA,DCA
8004,9E 5256,JFK,ORD
8005,9E 3479,JFK,CVG
8007,YX 6010,LGA,IAH
8008,AA 2794,CLT,EWR
8015,AA 2126,BOS,LGA
8021,AA 217,CLT,JFK
8023,9E 5515,BNA,LGA
8024,9E 3427,JFK,IAD
8025,G7 6206,EWR,DTW
8027,EV 3986,ORF,EWR
8034,9E 3434,JFK,BWI
8035,DL 1620,JFK,LAS
8037,G7 6198,EWR,RDU
8039,YX 3716,DCA,EWR
8044,UA 568,EWR,ATL
8052,EV 4001,CLE,LGA
8053,9E 3425,EWR,CVG
8054,WN 1395,SAN,EWR
8055,YX 4600,PIT,LGA
8057,YX 5876,RDU,LGA
8058,YX 3706,EWR,IND
8059,OO 3556,JFK,ORD
8066,DL 877,LGA,ORD
8068,9E 5278,LGA,GSO
8071,MQ 3617,RDU,JFK
8075,OO 3597,LGA,MKE
8076,YX 6041,LGA,GRR
8079,YX 6064,LGA,IND
8081,OO 3627,SYR,LGA
8082,DL 2294,LAS,JFK
8084,9E 3326,JFK,DTW
8090,9E 3402,LGA,SYR
8096,9E 5465,LGA,DSM
8102,G7 6307,RDU,EWR
8104,9E 5261,JFK,RDU
8106,WN 3266,LGA,MSY
8108,UA 1642,ORD,LGA
8109,OO 3737,BUF,JFK
8113,OO 4126,LGA,BNA
8118,DL 1498,SLC,JFK
8119,C5 4884,ELM,EWR
8124,WN 1153,MDW,LGA
8127,AA 42,JFK,LAX
8128,C5 4930,IAD,EWR
8129,YX 3653,IND,EWR
8130,AA 1608,DFW,LGA
8134,UA 1812,DEN,EWR
8136,DL 455,SLC,JFK
8139,9E 3456,LGA,RIC
8151,C5 5006,EWR,DAY
8152,DL 1531,JFK,BOS
8158,YX 5939,ROC,JFK
8162,UA 1539,EWR,SFO
8166,9E 5299,PWM,LGA
8167,9E 5188,CLT,LGA
8170,C5 4990,CMH,EWR
8171,C5 4994,EWR,GSO
8177,OO 3587,ORF,LGA
8178,C5 4883,SYR,EWR
8184,DL 1770,DFW,LGA
8186,YX 6018,MSN,LGA
8196,AA 969,JFK,LAS
8199,YX 3439,CLT,EWR
8202,DL 623,MSY,LGA
8203,B6 2248,LAS,JFK
8205,YX 4315,DCA,LGA
8207,WN 3850,LGA,MDW
8210,DL 1286,ATL,LGA
8212,9E 3406,JFK,SAV
8217,C5 4935,BTV,EWR
8219,9E 5225,LGA,MSN
8221,WN 4114,LGA,MKE
8226,UA 2073,IAH,EWR
8228,YX 5967,BOS,LGA
8232,DL 2934,JFK,DCA
8236,DL 1044,JFK,SEA
8239,AA 2164,LGA,BOS
8241,YX 6091,JFK,CLE
8242,OO 3786,ORD,LGA
8249,9E 3316,RSW,LGA
8251,C5 4900,JAX,EWR
8252,9E 5026,ORD,JFK
8253,YX 3441,EWR,JAX
8254,NK 1347,LGA,MYR
8257,B6 2954,PBI,JFK
8265,DL 1867,LGA,DTW
8267,B6 2501,JFK,FLL
8269,AA 117,JFK,LAX
8271,WN 1644,BNA,EWR
8272,YX 5992,LGA,MSN
8277,YX 3501,DTW,EWR
8281,9E 3321,LGA,RIC
8285,DL 2280,TPA,LGA
8288,YX 6074,IAH,LGA
8290,WN 669,MDW,EWR
8291,9E 3455,JFK,BOS
8293,B6 1679,BOS,EWR
8297,9E 3471,CVG,LGA
8299,B6 2924,LAX,JFK
8300,C5 5021,PWM,EWR
8305,YX 5923,RDU,LGA
8307,DL 1931,BOS,JFK
8320,EV 4453,SYR,EWR
8321,NK 921,LGA,TPA
8322,YX 4320,STL,LGA
8323,AS 71,EWR,LAX
8328,YX 3549,EWR,SAV
8332,9E 5388,LGA,GSP
8333,9E 4753,MKE,LGA
8339,DL 483,JFK,PBI
8342,DL 706,FLL,JFK
8348,DL 1428,RSW,LGA
8349,DL 1818,MCO,LGA
8350,DL 2064,LGA,FLL
8352,UA 1797,EWR,TPA
8355,DL 927,LGA,MSP
8358,DL 1053,JFK,TPA
8359,YX 6120,BOS,LGA
8361,C5 4967,EWR,ROC
8364,9E 4789,SYR,JFK
8366,YX 3693,ORF,EWR
8367,EV 4131,EWR,CLE
8373,UA 2203,SAV,EWR
8376,B6 1083,JFK,MCO
8377,9E 5400,JFK,CLE
8385,UA 1440,EWR,MSP
8386,YX 3754,GSO,EWR
8389,UA 1072,ORD,LGA
8391,YX 3584,EWR,MSN
8392,WN 807,MDW,EWR
8396,YX 3604,MSY,EWR
8397,DL 2395,PBI,LGA
8398,B6 690,MCO,JFK
8404,AA 2291,JFK,CLT
8405,UA 1195,ORD,EWR
8418,OO 5433,ORD,LGA
8420,9E 5431,BUF,JFK
8424,OO 3692,SAV,LGA
8427,UA 336,CLT,EWR
8431,YX 4394,RDU,LGA
8433,DL 895,DTW,JFK
8434,DL 2926,SJC,JFK
8435,UA 1743,EWR,RDU
8436,9E 3383,BGR,LGA
8437,9E 5471,JFK,JAX
8441,DL 863,LGA,IAH
8442,AA 1987,RDU,LGA
8444,B6 1042,SAV,JFK
8446,UA 1001,EWR,MIA
8451,DL 1064,JFK,SFO
8453,DL 709,PBI,LGA
8457,C5 4936,DTW,EWR
8467,WN 2108,AUS,EWR
8469,AA 2269,LGA,ORD
8470,DL 454,JFK,LAX
8471,YV 6313,IAH,LGA
8476,C5 4870,EWR,RDU
8483,WN 383,EWR,MDW
8484,9E 3334,STL,LGA
8488,YX 4570,MSP,LGA
8492,DL 862,IAH,LGA
8499,EV 4036,GSO,EWR
8502,9E 5427,LGA,BTV
8506,OO 3502,LGA,BNA
8507,WN 901,MDW,LGA
8508,9E 5315,LGA,JAX
8512,WN 3353,DAL,LGA
8519,OO 3638,LGA,MKE
8521,9E 5223,BUF,JFK
8525,C5 4988,EWR,CHS
8527,AA 2162,BOS,LGA
8528,WN 1954,LGA,STL
8529,WN 491,ATL,LGA
8534,C5 5014,EWR,BGR
8540,YX 3604,RDU,EWR
8543,EV 3986,EWR,SAV
8546,YX 3413,ATL,EWR
8550,EV 4120,LGA,CLE
8555,DL 2925,JFK,DEN
8560,YX 6012,CMH,JFK
8561,DL 1710,JFK,LAX
8564,DL 2063,MSP,JFK
8566,OO 4126,IAH,LGA
8567,9E 3452,JFK,CLE
8568,UA 1474,BTV,EWR
8570,WN 3685,LGA,TPA
8572,DL 1770,FLL,LGA
8577,AA 1987,LGA,RDU
8578,DL 2042,PHX,JFK
8580,AA 1301,ORD,JFK
8582,DL 840,LGA,ATL
8594,WN 2612,LGA,DEN
8596,DL 871,LGA,DTW
8600,YX 3457,CLT,EWR
8606,9E 5411,BUF,JFK
8610,YX 5884,JFK,BOS
8615,9E 5299,GRR,LGA
8616,DL 1615,CHS,JFK
8620,MQ 3773,LGA,CLE
8621,DL 215,JFK,ATL
8622,9E 5318,LGA,PIT
8623,YX 5888,JFK,CMH
8625,OO 4077,LGA,GSO
8632,MQ 3943,ILM,LGA
8643,YX 3731,SDF,EWR
8644,AA 258,DFW,LGA
8645,UA 598,EWR,IAH
8650,AA 1105,LGA,DFW
8653,AS 791,EWR,SEA
8665,9E 5419,LGA,BGR
8666,DL 1097,MCO,LGA
8672,9E 5350,LGA,CLT
8674,9E 5475,TYS,LGA
8676,9E 3438,LGA,RDU
8678,UA 1808,SLC,EWR
8679,AA 307,LAX,JFK
8684,AA 1639,LGA,CLT
8688,AA 2339,PHX,JFK
8690,9E 5505,LGA,CLE
8693,YX 5962,STL,LGA
8694,OO 4824,RIC,LGA
8695,9E 5408,JFK,ORD
8698,DL 299,JFK,JAX
8700,9E 3431,JFK,DTW
8701,YX 3667,EWR,JAX
8712,9E 3324,MCI,LGA
8714,UA 1442,BUF,EWR
8716,DL 1882,JFK,MCO
8717,G7 6187,EWR,MSP
8718,OH 5622,DAY,LGA
8720,9E 5157,BUF,JFK
8721,9E 5304,MSN,LGA
8726,YX 5982,LGA,ROC
8728,9E 5120,RDU,EWR
8729,DL 426,JFK,SFO
8730,9E 3428,LGA,MKE
8734,DL 1901,JFK,DTW
8739,YX 4454,DCA,JFK
8747,DL 1284,LGA,DFW
8750,YX 4618,PHL,LGA
8753,OO 3843,BNA,LGA
8754,DL 2144,LGA,DEN
8757,YX 3598,EWR,MYR
8761,UA 1727,EWR,IAH
8763,9E 5231,LGA,PIT
8766,DL 1684,LGA,MCO
8772,YX 3530,EWR,DTW
8773,UA 1081,EWR,DTW
8777,B6 1592,ACK,JFK
8780,AA 1457,LGA,MIA
8784,OO 3719,LGA,ORD
8786,NK 475,LGA,DTW
8790,DL 2325,LGA,ORD
8793,DL 449,DFW,JFK
8796,YX 6032,LGA,GSP
8799,UA 384,EWR,PWM
8801,YX 3751,EWR,GRR
8805,YX 6045,LGA,BOS
8810,WN 2515,LGA,DAL
8822,UA 2041,LAX,EWR
8826,UA 2105,EWR,DFW
8834,DL 2326,JFK,LAS
8835,WN 1137,LGA,MDW
8837,9E 5056,LGA,CLT
8839,MQ 3905,MEM,LGA
8842,UA 2368,LGA,DEN
8844,AA 232,LGA,ORD
8845,9E 5397,CLE,JFK
8852,DL 1525,FLL,JFK
8855,9E 3385,EWR,CVG
8856,B6 1002,FLL,JFK
8857,DL 1103,FLL,LGA
8858,OO 3634,LGA,GSO
8862,C5 4924,EWR,IAD
8863,YX 3573,EWR,ORF
8865,MQ 3990,EWR,ORD
8872,UA 320,LGA,DEN
8876,9E 4920,ORF,JFK
8879,9E 3306,DFW,JFK
8881,WN 175,LGA,HOU
8883,WN 667,MDW,EWR
8889,EV 4238,EWR,ORF
8890,9E 3391,LGA,CLT
8892,YX 5985,LGA,BOS
8907,OO 3958,LGA,BNA
8908,WN 769,LGA,DAL
8910,EV 4338,EWR,BGR
8912,9E 3303,JFK,BUF
8913,WN 3694,HOU,LGA
8914,EV 4470,EWR,GRR
8915,9E 5397,JFK,BWI
8917,9E 3336,LGA,RSW
8919,DL 2358,PBI,LGA
8923,UA 1003,PHX,EWR
8924,C5 4956,EWR,MSN
8927,DL 1578,MIA,JFK
8932,OH 5364,LGA,ORF
8933,WN 5399,FLL,EWR
8937,B6 1999,LGA,MCO
8942,UA 1109,EWR,MIA
8953,AA 2124,LGA,DCA
8955,DL 725,CLT,JFK
8957,EV 4059,EWR,MKE
8959,AA 115,LGA,EGE
8962,YX 3581,ORD,LGA
8963,DL 2577,DEN,JFK
8966,DL 1885,JFK,MCO
8968,DL 1824,LAS,JFK
8969,DL 1406,JFK,SJU
8971,9E 3475,LGA,TYS
8975,AA 833,EWR,CLT
8979,9E 5100,BTV,JFK
8980,AS 72,LAX,JFK
8985,9E 5120,JFK,BTV
8987,B6 990,MCO,JFK
8988,DL 1414,LGA,MIA
8991,AA 373,ORD,LGA
8992,AA 133,JFK,LAX
8994,DL 1972,MSP,LGA
8996,WN 163,LGA,DEN
8997,9E 5420,BGR,LGA
9000,UA 647,PBI,EWR
9001,9E 3410,JFK,BOS
9004,C5 4882,BGR,EWR
9007,9E 5112,ORF,JFK
9009,B6 2889,EWR,SJU
9012,C5 4897,EWR,CVG
9018,DL 1232,DCA,JFK
9021,9E 5436,LGA,JAX
9032,9E 3362,CHO,LGA
9037,UA 1421,EWR,MCO
9038,DL 888,LGA,DTW
9039,DL 2371,LAS,JFK
9042,9E 4769,ORF,LGA
9046,UA 2332,EWR,RDU
9047,UA 414,MTJ,EWR
9049,C5 4984,EWR,BUF
9052,WN 2165,LGA,ATL
9053,C5 5019,ROC,EWR
9055,DL 1197,JFK,MCO
9058,YX 3698,SAV,EWR
9061,UA 347,DEN,LGA
9064,WN 3992,LGA,TPA
9067,9E 5370,IAD,JFK
9070,9E 3379,JFK,RIC
9074,DL 807,SEA,JFK
9076,F9 2879,LGA,MIA
9082,WN 1088,LGA,MCI
9087,UA 1130,MCO,EWR
9088,9E 3397,LGA,GSO
9093,YX 5924,LGA,DCA
9102,C5 5017,DCA,EWR
9103,YX 3741,RDU,EWR
9104,UA 1286,EWR,DEN
9113,YX 4446,LGA,IND
9116,DL 1780,LGA,TPA
9117,DL 1038,SFO,JFK
9118,MQ 3871,LGA,PIT
9119,DL 766,JFK,TPA
9121,9E 5170,LGA,BUF
9125,WN 2720,ATL,LGA
9127,DL 520,PDX,JFK
9128,YX 3741,EWR,DAY
9135,WN 4983,MDW,LGA
9137,YX 4519,ILM,LGA
9139,YX 4554,XNA,LGA
9140,UA 1848,EWR,SFO
9141,UA 1676,SFO,EWR
9142,9E 3299,LGA,MEM
9145,C5 4906,EWR,SYR
9147,WN 4203,ATL,LGA
9150,YX 6052,JFK,CLE
9152,AA 708,RDU,LGA
9153,UA 791,EWR,AUS
9159,OO 3720,LGA,CHS
9163,WN 3745,EWR,MDW
9164,DL 1859,EWR,ATL
9166,AA 527,ORD,LGA
9169,UA 1137,EWR,AUS
9181,AS 205,EWR,LAX
9188,9E 3461,CVG,LGA
9190,C5 4940,MEM,EWR
9191,WN 1295,LGA,MSY
9195,UA 1084,EWR,LAX
9198,C5 5010,ACK,EWR
9200,DL 2360,JFK,TPA
9209,DL 1077,SFO,JFK
9212,EV 4203,GRR,EWR
9218,YX 4493,MSP,LGA
9220,YX 5877,LGA,MCI
9221,9E 5483,JFK,IND
9222,AA 2122,LGA,BOS
9223,B6 831,BOS,LGA
9225,9E 5256,JFK,CLT
9227,OO 3551,LGA,SYR
9229,9E 4785,CHS,LGA
9230,OO 3864,LGA,BNA
9231,UA 1003,DFW,EWR
9232,OO 3869,LGA,MSN
9233,YX 3740,BUF,EWR
9235,YX 5943,LGA,BOS
9238,DL 2939,DTW,LGA
9249,MQ 4143,EWR,ORD
9250,DL 1621,JFK,AUS
9251,AA 745,CLT,EWR
9254,WN 1298,EWR,MDW
9255,WN 1913,ATL,LGA
9258,9E 5298,LGA,PIT
9259,DL 802,LGA,ATL
9261,EV 4108,EWR,CMH
9267,DL 1934,LAS,JFK
9271,DL 2262,LGA,FLL
9278,9E 5035,LGA,CMH
9287,DL 898,LGA,DTW
9288,DL 2826,ATL,JFK
9294,C5 5008,EWR,PWM
9298,C5 5023,IND,EWR
9300,YX 3549,MSN,EWR
9309,G7 6242,EWR,DTW
9310,AA 2443,LGA,DFW
9312,AA 2383,JFK,MIA
9326,YX 5928,LGA,BNA
9327,9E 5215,JFK,RIC
9328,YX 3625,EWR,MEM
9330,9E 3332,JFK,PIT
9335,UA 2158,MIA,EWR
9337,9E 5004,JFK,BUF
9338,C5 4931,EWR,IAD
9342,9E 3327,BWI,JFK
9349,UA 289,EWR,LAX
9355,9E 5105,JFK,CLE
9357,YX 3573,PBI,EWR
9362,MQ 3874,ORF,LGA
9365,9E 3496,LGA,CLT
9375,WN 2524,LGA,DAL
9380,9E 5303,EWR,DTW
9383,OO 3774,LGA,SAV
9384,B6 1791,JFK,ACK
9389,WN 1268,DEN,EWR
9391,WN 204,LGA,ATL
9402,B6 2273,JFK,CHS
9403,DL 1566,JFK,JAX
9404,UA 2408,EWR,SFO
9405,UA 751,SAN,EWR
9406,WN 366,LGA,DAL
9409,YX 4416,LGA,STL
9415,DL 3019,LGA,PBI
9416,YX 4504,LGA,RDU
9417,WN 784,TPA,LGA
9423,9E 5121,LGA,RDU
9428,UA 1075,EWR,SNA
9432,EV 4275,LGA,ORD
9440,G7 6233,RDU,EWR
9441,YX 3555,EWR,PWM
9444,YX 5990,ROC,LGA
9448,C5 4920,DAY,EWR
9450,9E 3452,ROC,JFK
9455,DL 1595,JFK,JAX
9456,YX 5939,LGA,DCA
9458,WN 1101,ATL,LGA
9459,YX 5894,CLT,LGA
9462,DL 435,JFK,ATL
9470,9E 3497,LGA,PIT
9472,OO 5694,ORD,LGA
9475,WN 1041,DAL,LGA
9477,WN 350,LGA,BNA
9478,YV 6132,IAH,LGA
9480,OO 3906,BNA,JFK
9481,EV 4000,CLE,EWR
9482,YX 4355,PHL,LGA
9485,YV 6331,LGA,IAH
9488,C5 4108,ORF,EWR
9494,9E 5388,JAX,LGA
9495,9E 5019,BUF,LGA
9496,WN 2720,LGA,DEN
9498,AS 522,SJC,JFK
9503,DL 1375,LGA,ATL
9506,AA 1105,DFW,LGA
9508,WN 1577,LGA,ATL
9510,YX 3454,EWR,BTV
9515,9E 5103,BTV,LGA
9519,MQ 4138,CAE,LGA
9524,DL 2926,JFK,RSW
9525,YX 6099,BOS,LGA
9533,G7 6222,EWR,RDU
9534,YX 5898,ROC,LGA
9541,DL 797,LGA,DFW
9550,DL 2647,JFK,PHX
9557,WN 1209,EWR,STL
9560,9E 5387,LGA,RDU
9562,DL 2143,TPA,LGA
9563,YX 6026,LGA,IND
9568,UA 1869,EWR,DEN
9574,WN 1212,LGA,MCI
9578,9E 3332,ORF,JFK
9579,B6 1404,SJU,JFK
9581,DL 1715,BOS,LGA
9583,OO 3956,LGA,DSM
9586,YX 5969,DCA,LGA
9587,DL 2821,CHS,JFK
9589,OO 3815,CLE,JFK
9599,9E 3403,DTW,JFK
9603,YX 3659,EWR,EYW
9605,C5 4936,EWR,BUF
9606,AA 936,JFK,STT
9607,WN 2995,ATL,LGA
9609,WN 392,BNA,LGA
9612,AA 1899,EWR,CLT
9616,DL 1599,FLL,LGA
9622,AS 254,SFO,JFK
9625,EV 4240,EWR,CVG
9630,MQ 3888,STL,LGA
9631,DL 667,JFK,FLL
9635,YX 3463,EWR,ORF
9636,B6 2828,MCO,EWR
9646,YX 5994,GRR,LGA
9649,OO 3776,CLE,LGA
9655,UA 267,EWR,CLT
9656,YX 6089,LGA,CLT
9658,9E 3350,DTW,JFK
9662,DL 936,ORD,LGA
9679,DL 1374,JFK,TPA
9682,C5 5002,EWR,CVG
9686,G7 6236,EWR,RDU
9687,UA 382,EWR,PIT
9688,AA 2465,EWR,ORD
9693,YX 6089,RSW,LGA
9694,EV 4356,EWR,DCA
9696,EV 4145,EWR,STL
9698,WN 1251,EWR,PHX
9700,YX 4478,XNA,LGA
9705,OO 3659,RIC,LGA
9706,9E 5547,ORD,JFK
9707,9E 3391,TYS,LGA
9708,YX 5960,LGA,BHM
9718,DL 1043,JAX,JFK
9721,DL 465,LGA,DFW
9731,OO 3845,MSP,EWR
9734,YX 3539,EWR,RDU
9741,OO 3648,LGA,MKE
9747,YX 6007,LGA,EYW
9749,B6 1102,JFK,BUF
9752,YX 5926,JFK,DCA
9755,AA 1249,LGA,MIA
9757,YX 6069,LGA,BUF
9764,9E 3307,LGA,GSP
9771,YX 3616,MKE,EWR
9774,YX 6100,LGA,GRR
9776,9E 5259,BWI,JFK
9777,DL 2867,JFK,DEN
9778,B6 408,JFK,PWM
9783,OO 3757,LGA,GSO
9784,AA 2131,LGA,BOS
9787,B6 2792,ACK,LGA
9789,DL 2385,MIA,JFK
9791,9E 5171,DCA,JFK
9795,YX 3596,EWR,DFW
9798,OO 3763,LGA,ORD
9803,UA 2197,MCO,EWR
9804,9E 3377,GSP,LGA
9806,DL 2941,LGA,ATL
9819,DL 2931,ORD,LGA
9821,DL 691,LGA,DTW
9830,WN 451,LGA,DAL
9836,DL 2492,LGA,BOS
9837,YX 6047,LGA,GRR
9841,OO 3784,CHS,LGA
9847,DL 2852,LGA,PBI
9851,UA 2319,EWR,BNA
9854,YX 4576,LGA,STL
9856,EV 4269,TYS,EWR
9859,UA 723,PBI,EWR
9860,UA 523,EWR,ROC
9864,ZW 3766,IAD,LGA
9865,UA 1628,EWR,RSW
9866,WN 3683,BNA,LGA
9880,G4 2790,AVL,EWR
9881,9E 3322,RDU,LGA
9882,EV 4315,EWR,PVD
9898,9E 5397,BNA,LGA
9904,UA 791,ORD,LGA
9905,G4 1212,EWR,AVL
9910,UA 1078,EWR,FLL
9911,9E 5393,CHO,LGA
9912,DL 1729,JFK,LAX
9915,YX 3431,CHS,EWR
9920,G7 6196,RDU,EWR
9924,AA 312,CLT,JFK
9927,C5 4996,CHS,EWR
9933,UA 2117,LAX,EWR
9936,WN 1382,STL,LGA
9937,9E 5355,LGA,PIT
9939,YX 4473,RDU,JFK
9950,B6 97,JFK,DEN
9951,MQ 4088,LGA,CAE
9952,C5 4919,DCA,EWR
9960,9E 3410,LGA,BUF
9961,MQ 3919,RIC,LGA
9964,DL 2508,EWR,ATL
9965,9E 5176,MCI,LGA
9966,C5 4894,EWR,JAX
9970,WN 263,LGA,DAL
9975,C5 4918,EWR,RIC
9976,OO 3913,JFK,DFW
9977,OO 3840,MSP,EWR
9980,WN 2268,MDW,LGA
9982,WN 1660,LGA,ATL
9987,OO 3679,LGA,SAV
9988,EV 4031,AVL,EWR
9989,MQ 3738,PIT,JFK
9992,B6 219,JFK,CLT
9994,UA 1062,EWR,RSW
9997,DL 1123,LGA,ORD
10023,DL 693,LGA,ATL
10024,DL 1550,LGA,BOS
10034,AA 2024,MIA,LGA
10038,OO 3543,SAV,LGA
10045,DL 1588,LGA,RSW
10049,YX 5997,GSO,LGA
10060,DL 1541,SLC,JFK
10062,OO 3857,LGA,GSP
10067,9E 5025,BTV,JFK
10070,NK 159,EWR,MCO
10071,WN 1503,LGA,DEN
10073,OO 3838,CLE,LGA
10075,WN 3616,DAL,LGA
10081,WN 2841,LGA,MDW
10093,YX 5976,BOS,LGA
10095,9E 5339,JFK,BUF
10097,YX 3550,LGA,ORD
10099,UA 1818,EWR,ORD
10104,C5 4890,EWR,SYR
10105,YX 6132,BOS,JFK
10113,YX 5919,LGA,CLT
10114,9E 3471,ROC,LGA
10116,9E 5502,LGA,ORF
10118,DL 1473,SFO,JFK
10120,DL 2143,JFK,MCO
10130,WN 1737,STL,EWR
10131,AS 1174,SFO,EWR
10132,DL 2343,ATL,EWR
10133,G4 1202,AVL,EWR
10137,YX 3528,EYW,EWR
10140,C5 4891,EWR,CVG
10141,DL 2634,JFK,MCO
10144,C5 4885,ELM,EWR
10149,DL 1866,LGA,BOS
10151,9E 3429,CVG,EWR
10156,DL 2601,MCO,JFK
10166,OO 4210,MEM,LGA
10167,9E 5532,JFK,CLT
10169,YX 5996,LGA,BOS
10171,DL 1050,JFK,DEN
10172,YV 6285,IAH,LGA
10174,OO 3792,ORD,LGA
10175,WN 1151,EWR,STL
10178,UA 1708,EWR,PWM
10179,DL 2812,CHS,JFK
10180,YX 4373,PWM,LGA
10194,C5 4936,RIC,EWR
10200,C5 4946,EWR,IAD
10202,AA 833,ATL,LGA
10203,MQ 3336,JFK,IND
10205,OO 3574,LGA,MKE
10207,OH 5560,DAY,LGA
10208,9E 5232,MCI,LGA
10212,YX 4333,DCA,LGA
10218,AA 384,RDU,LGA
10221,WN 2652,DAL,LGA
10229,9E 5394,JFK,DCA
10235,9E 3375,STL,LGA
10238,OO 3722,LGA,ORD
10241,9E 5053,CLE,JFK
10247,C5 5000,MEM,EWR
10248,DL 1106,FLL,JFK
10259,UA 1710,RSW,EWR
10264,EV 4029,ORF,EWR
10270,DL 2442,ATL,EWR
10273,9E 3454,BOS,JFK
10274,YX 3536,GRR,EWR
10276,YX 4565,LGA,RDU
10279,EV 4011,EWR,SDF
10280,WN 2578,DEN,LGA
10287,YX 4700,LGA,DTW
10289,EV 4071,BNA,EWR
10290,UA 2045,EWR,BOS
10291,WN 931,MDW,LGA
10292,9E 3356,PIT,JFK
10297,AA 2145,DCA,LGA
10303,DL 1919,LGA,MSP
10305,WN 2270,EWR,BNA
10307,WN 2590,HOU,LGA
10308,9E 5491,JFK,BOS
10311,9E 3303,CLE,LGA
10313,YX 6067,BOS,JFK
10315,AA 796,JFK,EGE
10321,DL 3055,LGA,IAH
10326,9E 5276,JFK,BUF
10327,UA 658,EWR,JAX
10332,9E 5208,PIT,JFK
10337,UA 1610,EWR,MSY
10338,9E 4769,LGA,ORF
10342,G7 6270,EWR,CVG
10348,DL 1987,JFK,LAX
10349,MQ 3948,LGA,RDU
10352,OO 4104,LGA,CLE
10353,9E 3435,JFK,DTW
10355,YX 3418,EWR,GSP
10359,WN 3695,EWR,BNA
10362,UA 2411,BNA,EWR
10363,DL 2679,LGA,MSP
10371,9E 3393,RIC,JFK
10375,9E 3364,JFK,SYR
10379,B6 1575,JFK,MSY
10380,YX 3669,RDU,EWR
10383,YX 4504,LGA,CHS
10385,9E 5164,LGA,STL
10387,OO 4022,LGA,MKE
10390,AA 2107,LGA,PIT
10394,B6 2175,JFK,MSY
10397,DL 1583,MCO,LGA
10399,WN 742,LGA,ATL
10407,YX 5876,LGA,CLT
10412,DL 1107,ATL,LGA
10415,WN 2008,STL,LGA
10416,B6 2884,MCO,JFK
10418,B6 1302,FLL,JFK
10420,WN 1550,TPA,LGA
10423,WN 1400,LGA,STL
10430,YX 4284,LGA,RIC
10432,OO 4008,BNA,LGA
10434,WN 3109,LGA,MDW
10439,9E 5204,PIT,LGA
10441,9E 4869,JFK,PIT
10442,OO 3741,LGA,BHM
10449,9E 5255,EWR,MSP
10457,G7 6276,CVG,EWR
10459,DL 1215,RSW,LGA
10462,WN 172,DAL,LGA
10464,C5 4948,GSO,EWR
10478,WN 1663,LGA,HOU
10485,WN 5013,LGA,DEN
10491,9E 5394,JFK,BWI
10495,WN 1747,MDW,EWR
10502,DL 719,IAH,LGA
10503,DL 830,JFK,FLL
10512,UA 2019,FLL,EWR
10515,DL 1537,LGA,FLL
10516,YX 4589,LGA,TYS
10520,DL 653,CLT,JFK
10521,9E 5006,JFK,CLT
10522,9E 5446,LGA,DSM
10527,YX 4328,LGA,DCA
10530,DL 1473,JFK,MSY
10534,YX 5909,LGA,PIT
10536,DL 2143,LGA,BOS
10538,9E 3446,LGA,CVG
10540,9E 3450,CVG,LGA
10544,WN 4161,STL,LGA
10546,UA 1959,EWR,SAN
10550,UA 1056,EWR,EGE
10564,9E 4836,LGA,CHS
10568,DL 1631,JAX,JFK
10576,EV 4399,EWR,GSO
10577,9E 5025,JFK,BNA
10582,C5 4910,EWR,GRR
10588,OH 5295,JFK,DCA
10590,DL 1727,LAX,JFK
10596,DL 616,LGA,PBI
10599,DL 645,MCO,JFK
10601,YX 5921,ROC,LGA
10603,YX 6057,LGA,CLE
10605,YX 4315,LGA,BOS
10606,AA 2154,DCA,LGA
10611,UA 1551,EWR,PDX
10612,9E 3358,GSO,LGA
10613,9E 5248,DSM,LGA
10620,C5 4886,EWR,MEM
10625,WN 4,DAL,LGA
10626,YX 4349,PHL,LGA
10632,9E 3484,CLE,LGA
10633,WN 1288,MDW,EWR
10640,9E 5227,JFK,IND
10650,UA 239,EWR,BNA
10654,YX 4583,MSP,LGA
10657,C5 5006,JAX,EWR
10662,YX 3541,PIT,EWR
10665,9E 5073,LGA,OMA
10666,9E 5448,BNA,JFK
10667,UA 1460,EWR,DEN
10670,DL 2322,LGA,RSW
10680,OO 3839,MKE,LGA
10682,9E 5289,PIT,LGA
10686,YX 5929,LGA,BOS
10688,DL 610,SFO,JFK
10689,AA 2783,EGE,JFK
10694,UA 592,EWR,TPA
10695,C5 4897,EWR,MEM
10697,YX 6098,ROC,LGA
10700,9E 5057,CHO,LGA
10704,AA 868,EWR,CLT
10708,WN 2117,EWR,AUS
10709,B6 2903,JFK,SJU
10711,AS 94,LAX,JFK
10718,EV 4184,RIC,EWR
10720,B6 2502,FLL,JFK
10723,UA 2069,RSW,EWR
10728,YX 5910,LGA,BHM
10730,9E 5142,LGA,STL
10734,YX 4606,LGA,STL
10743,DL 1093,LGA,FLL
10749,YX 6005,RDU,JFK
10753,YX 4353,LGA,PIT
10755,YX 3507,EWR,PVD
10756,EV 4170,EWR,IND
10762,EV 4131,CVG,EWR
10763,UA 1819,MCO,EWR
10767,OO 3826,RIC,LGA
10769,C5 4923,EWR,MSN
10770,DL 1980,SEA,JFK
10775,YX 6003,MCI,LGA
10777,EV 4486,EWR,BNA
10779,OO 3536,LGA,OMA
10786,DL 627,LGA,ORD
10788,OH 5480,DAY,LGA
10791,EV 3999,CVG,EWR
10797,9E 5141,BGR,LGA
10799,DL 2410,ATL,EWR
10800,9E 3452,SAV,LGA
10807,YX 5907,ORF,LGA
10811,EV 4016,EWR,JAX
10818,YX 3473,BNA,EWR
10821,DL 1170,CLT,JFK
10837,WN 1160,LGA,DEN
10839,UA 1078,EWR,MYR
10842,WN 2316,DAL,LGA
10843,MQ 4023,CLE,LGA
10846,OO 4626,JFK,BUF
10847,DL 1832,DEN,JFK
10850,9E 3475,BOS,JFK
10853,B6 2553,JFK,PBI
10854,AA 1507,LGA,CLT
10858,MQ 3336,LGA,RIC
10860,9E 5268,CAE,LGA
10864,DL 2452,ATL,EWR
10866,9E 5328,JFK,BWI
10867,YX 5927,ROC,LGA
10868,AA 880,CLT,LGA
10873,UA 2374,MCO,EWR
10878,EV 4468,LGA,CLE
10879,9E 5424,EWR,BOS
10885,OO 3743,ORD,JFK
10887,OO 3838,CLE,JFK
10890,YX 3687,SAV,EWR
10891,DL 1247,MIA,JFK
10898,YX 3568,LGA,ORD
10903,DL 777,JFK,BOS
10914,B6 318,JFK,BOS
10920,OO 4282,ORD,LGA
10923,9E 3318,JFK,ROC
10936,EV 3991,EWR,JAX
10937,UA 248,EWR,PHX
10945,EV 4100,EWR,ORF
10946,9E 5229,JFK,BTV
10951,OO 3830,BOS,JFK
10952,UA 1814,TPA,EWR
10955,DL 1646,LGA,MIA
10957,C5 5012,EWR,BUF
10958,F9 2966,PHX,EWR
10961,OO 5988,LGA,IAD
10964,9E 4836,PIT,JFK
10966,UA 994,EWR,BOS
10970,WN 256,MDW,LGA
10972,UA 1497,EWR,BOS
10973,DL 347,ORD,LGA
10975,YX 6118,CMH,LGA
10980,YX 4363,LGA,DAB
10982,9E 3437,DTW,EWR
10983,DL 2743,JFK,CLT
10984,UA 1770,SLC,EWR
10986,WN 1187,STL,LGA
10992,YX 3670,EWR,DCA
11002,DL 2392,LGA,FLL
11008,EV 4293,EWR,MYR
11020,9E 3443,JFK,DFW
11025,UA 1204,EWR,MIA
11027,OO 3534,JFK,BOS
11030,EV 4027,EWR,PVD
11031,9E 5157,JFK,SYR
11038,9E 5034,RDU,LGA
11039,YX 5877,SRQ,LGA
11050,9E 5296,JFK,PIT
11052,C5 4957,EWR,CAK
11054,DL 2081,LGA,PBI
11065,B6 1382,IAH,JFK
11068,9E 3336,DTW,JFK
11069,9E 3389,ORF,JFK
11072,EV 4389,EWR,DCA
11073,NK 130,MCO,EWR
11078,DL 891,FLL,JFK
11082,UA 697,MIA,EWR
11093,9E 3389,JFK,ORF
11098,DL 522,JFK,SAN
11107,UA 784,EWR,SRQ
11109,OO 3674,RDU,LGA
11115,WN 1398,LGA,MCI
11117,DL 645,EWR,MSP
11119,9E 5025,RDU,LGA
11121,9E 5404,JFK,ORF
11123,9E 5331,JFK,BWI
11130,9E 5306,BWI,JFK
11132,MQ 3935,CMH,JFK
11145,EV 4305,EWR,DCA
11147,UA 1476,PBI,EWR
11148,OO 4695,RIC,LGA
11152,YX 6118,CLT,LGA
11155,UA 765,LGA,ORD
11157,AS 195,EWR,SFO
11158,9E 5099,JFK,RIC
11163,OO 4228,LGA,SAV
11167,WN 4321,SAT,LGA
11168,AA 1984,LGA,DFW
11175,DL 2929,SAN,JFK
11178,9E 3448,LGA,MCI
11180,DL 1800,ATL,EWR
11183,EV 4147,EWR,BGR
11192,DL 2862,DEN,LGA
11194,YX 4439,LGA,ATL
11196,YX 3454,EWR,DCA
11201,UA 550,EWR,BTV
11208,DL 1965,LGA,BOS
11210,YX 6033,LGA,PIT
11211,DL 1989,LGA,MSP
11214,DL 1440,LGA,ORD
11217,UA 1172,ORD,LGA
11219,9E 4757,MSN,LGA
11220,UA 1244,EWR,LAX
11223,WN 1316,MSY,LGA
11226,DL 1302,EWR,ATL
11238,WN 2465,DAL,LGA
11240,C5 4988,PWM,EWR
11242,9E 3376,LGA,GSO
11243,9E 3382,LGA,RDU
11246,EV 4060,PIT,EWR
11251,9E 3324,LGA,CLT
11254,YX 5907,PIT,LGA
11255,DL 1242,PBI,LGA
11262,DL 1808,LGA,RSW
11267,9E 3472,EWR,DTW
11274,DL 439,PBI,JFK
11280,DL 2032,MSP,JFK
11285,DL 1827,JFK,SAN
11293,OO 3609,BUF,JFK
11302,YX 3564,SAV,EWR
11303,WN 3159,ATL,LGA
11304,UA 2275,FLL,EWR
11307,C5 4964,MSN,EWR
11310,C5 4937,RIC,EWR
11316,DL 2065,LGA,ORD
11318,WN 684,EWR,BNA
11326,OO 3688,LGA,SYR
11327,OH 5693,DAY,LGA
11334,YX 6025,LGA,GSO
11337,9E 5363,JFK,BWI
11340,AA 2215,JFK,SFO
11346,9E 3465,BGR,LGA
11350,UA 1627,CLT,EWR
11356,UA 971,EWR,SEA
11360,AA 1784,CLT,JFK
11361,B6 1505,EWR,FLL
11363,9E 5278,GSO,LGA
11365,MQ 4134,SDF,LGA
11371,DL 1437,MIA,LGA
11395,YX 6136,BOS,LGA
11396,9E 4823,LGA,RIC
11400,DL 945,LGA,MCO
11404,OO 3653,BHM,LGA
11407,YX 5925,LGA,ILM
11409,UA 2034,BNA,EWR
11416,WN 2538,MCI,LGA
11417,YX 6116,BOS,JFK
11419,WN 3951,BNA,EWR
11421,UA 1458,PBI,EWR
11422,DL 967,EWR,ATL
11427,MQ 3374,DTW,LGA
11431,DL 1701,EWR,ATL
11437,WN 5340,ATL,LGA
11439,YX 3687,SDF,EWR
11445,F9 2183,EWR,LAS
11446,DL 1549,JFK,LAS
11448,YX 3561,IND,EWR
11454,9E 5364,LGA,CHS
11455,EV 4348,GRR,EWR
11460,WN 1056,MKE,LGA
11461,9E 5026,JFK,BOS
11466,DL 2810,DEN,LGA
11469,DL 2511,LGA,ORD
11471,UA 1965,TPA,EWR
11472,DL 2561,LGA,DTW
11474,AA 969,LAS,JFK
11480,9E 5256,JFK,ROC
11484,UA 1480,IAD,EWR
11486,YX 4407,LGA,IND
11487,EV 4215,CMH,EWR
11490,OO 3654,CLE,LGA
11491,C5 4888,EWR,JAX
11495,DL 630,MCO,JFK
11498,DL 1506,EWR,DTW
11500,YX 5912,LGA,ROC
11503,YX 3694,PIT,EWR
11504,DL 2565,ATL,LGA
11515,C5 4909,JAX,EWR
11522,MQ 3958,PIT,LGA
11534,9E 3371,PWM,LGA
11535,DL 1725,DTW,JFK
11539,OO 4048,BOS,JFK
11543,UA 1490,SLC,EWR
11548,9E 5401,JFK,ORD
11550,B6 904,SJU,JFK
11551,C5 4919,AVL,EWR
11556,9E 3433,IND,JFK
11558,DL 2739,MSP,LGA
11561,G7 6226,EWR,CVG
11566,OO 3697,LGA,MCI
11567,OO 3645,RIC,LGA
11572,DL 969,JFK,AUS
11573,DL 735,LGA,TPA
11575,9E 5060,GSO,LGA
11585,DL 2276,MCO,LGA
11586,YX 4398,JFK,CMH
11587,DL 492,JFK,RDU
11588,9E 5182,LGA,STL
11592,DL 975,JFK,LAX
11594,C5 5009,EWR,MKE
11597,9E 5136,BUF,JFK
11601,9E 3317,PIT,LGA
11605,DL 2670,JFK,SFO
11606,MQ 4095,CLE,JFK
11609,EV 4053,EWR,BUF
11613,EV 4244,LGA,ORD
11616,B6 2301,BUF,JFK
11625,UA 1579,EWR,LAS
11642,B6 2290,SJU,EWR
11645,DL 1559,DFW,JFK
11648,9E 5353,JFK,BOS
11651,WN 2252,LGA,HOU
11657,WN 997,LGA,ATL
11658,9E 5177,JFK,SYR
11660,C5 4930,EWR,JAX
11663,9E 3298,CHO,LGA
11665,9E 4757,LGA,MSN
11669,B6 611,JFK,LAS
11683,UA 2075,EWR,ORD
11687,YX 3661,EWR,MSP
11689,YX 3687,GRR,EWR
11692,WN 1285,LGA,MDW
11694,DL 1902,LGA,TPA
11699,F9 2959,EWR,MIA
11714,9E 3451,PIT,LGA
11715,9E 5411,JFK,BUF
11718,MQ 3461,PIT,JFK
11720,YX 5943,LGA,BUF
11735,WN 928,LGA,DEN
11738,B6 83,JFK,MCO
11740,UA 1291,ORD,LGA
11753,OO 3886,LGA,IAH
11754,C5 4898,EWR,BUF
11755,B6 1231,BOS,LGA
11762,WN 1531,EWR,SAN
11767,DL 2688,LGA,MSY
11768,YX 3611,EWR,CHS
11770,UA 781,EWR,DFW
11772,DL 1798,MCO,LGA
11774,C5 4887,SDF,EWR
11775,UA 2008,LGA,ORD
11779,WN 1165,LGA,MDW
11783,C5 4928,EWR,MKE
11790,DL 214,ATL,JFK
11801,YX 3696,EWR,PWM
11807,YX 6021,LGA,BOS
11810,YX 5879,RDU,LGA
11814,YX 5984,STL,LGA
11818,YV 6077,LGA,IAH
11820,9E 5266,JAX,LGA
11825,DL 658,ORD,LGA
11827,OO 3900,JFK,BNA
11829,MQ 3392,LGA,DTW
11833,OO 3673,JFK,BNA
11835,9E 3487,BUF,LGA
11836,YX 6090,LGA,SDF
11837,YX 3717,IND,EWR
11838,YX 3647,EWR,DCA
11842,YX 3645,MEM,EWR
11844,DL 423,JFK,LAX
11847,OO 4040,BOS,JFK
11849,9E 5168,SAV,JFK
11853,UA 2005,EWR,DFW
11867,ZW 3786,IAD,LGA
11873,DL 2643,PHX,JFK
11877,DL 2649,JFK,CHS
11879,DL 1202,SLC,JFK
11882,9E 5114,LGA,SAV
11883,WN 4751,LGA,HOU
11885,WN 682,LGA,ATL
11886,WN 1515,LGA,MKE
11888,F9 2962,PBI,EWR
11889,WN 2312,LGA,MDW
11890,YX 6137,BOS,EWR
11892,OO 4018,MKE,LGA
11894,EV 4276,EWR,CHS
11895,9E 5314,MSP,EWR
11901,UA 1137,MIA,EWR
11907,YX 5906,SDF,LGA
11909,OO 4235,MEM,LGA
11911,9E 5287,LGA,PIT
11921,WN 1821,AUS,EWR
11922,C5 4996,STL,EWR
11923,DL 346,JFK,SLC
11924,UA 1449,PIT,EWR
11929,9E 5269,JFK,BWI
11934,YX 6017,BOS,LGA
11942,EV 4055,EWR,CMH
11943,C5 4938,EWR,MSN
11944,OO 3906,JFK,DCA
11946,DL 315,EWR,ATL
11949,UA 2219,EWR,PDX
11954,AA 2005,EWR,PHX
11967,AA 1837,LGA,MIA
11968,DL 2118,IAH,LGA
11974,DL 1446,IAH,LGA
11976,9E 3287,CVG,LGA
11978,YX 6055,LGA,SDF
11979,WN 705,DEN,LGA
11994,9E 4947,BWI,JFK
11997,DL 323,JFK,JAX
12001,G7 6273,RDU,EWR
12012,AA 2244,ATL,LGA
12016,9E 5236,MEM,LGA
12017,EV 4305,EWR,PVD
12018,YX 6007,EYW,LGA
12020,WN 3248,LGA,ATL
12023,DL 2420,IAH,LGA
12027,F9 123,EWR,SJU
12032,9E 3487,LGA,CLT
12035,C5 5002,EWR,DCA
12040,YX 5907,ROC,LGA
12042,9E 4872,JFK,DFW
12044,AA 2218,JFK,SAN
12045,MQ 3888,LGA,DTW
12047,OO 3759,LGA,BNA
12050,9E 5296,JFK,BOS
12052,G4 1201,AVL,EWR
12055,YX 3574,EWR,DFW
12056,DL 2587,MCO,LGA
12061,WN 3288,TPA,LGA
12062,B6 2591,JFK,ACK
12068,YX 4315,LGA,DCA
12071,DL 2163,PHX,JFK
12072,EV 4314,EWR,SAV
12090,YX 4619,LGA,ILM
12101,AA 2128,LGA,BOS
12102,YX 3486,ORD,LGA
12115,DL 1443,SFO,JFK
12117,DL 2719,LGA,ORD
12118,AS 102,SFO,JFK
12121,YX 3499,SDF,EWR
12122,DL 2828,JFK,ATL
12126,DL 1279,JFK,DEN
12128,EV 4272,EWR,DCA
12131,EV 4245,BUF,EWR
12132,DL 1666,JFK,LAX
12147,DL 1153,MCO,LGA
12150,DL 2906,JFK,MSP
12152,DL 1433,LGA,FLL
12153,WN 1168,MDW,EWR
12154,9E 5332,PIT,JFK
12158,YX 3578,EWR,MCI
12164,YV 6059,IAH,LGA
12165,WN 3890,LGA,BNA
12168,9E 3408,LGA,PIT
12169,AA 2172,BOS,LGA
12171,EV 4006,EWR,JAX
12172,9E 4778,BTV,LGA
12173,DL 2287,JFK,TPA
12175,9E 3348,JFK,CHS
12180,WN 2840,LGA,DEN
12182,YX 5890,LGA,CMH
12183,EV 3968,BTV,EWR
12185,DL 1799,LGA,DFW
12191,YX 4589,LGA,STL
12198,9E 5083,RDU,EWR
12207,EV 3999,EWR,PVD
12208,YX 5881,DCA,JFK
12213,WN 1690,DEN,EWR
12214,UA 1055,MIA,EWR
12220,WN 1167,LGA,DAL
12224,AS 409,JFK,LAX
12227,DL 1786,LGA,DFW
12233,WN 2127,LGA,TPA
12235,WN 1785,LGA,MCI
12236,EV 3965,GRR,EWR
12239,WN 1143,LGA,TPA
12242,9E 4761,LGA,SAV
12244,DL 528,ORD,LGA
12250,OO 3647,MKE,LGA
12256,OO 4559,LGA,MCI
12257,OH 5101,ORF,LGA
12259,UA 1572,EWR,PDX
12263,WN 2022,LGA,MDW
12267,YX 6110,CLT,LGA
12270,DL 983,BOS,JFK
12271,YX 3746,EWR,GSP
12273,YX 6116,IND,LGA
12274,WN 1384,LGA,ATL
12275,DL 341,ORD,LGA
12280,9E 3484,TYS,LGA
12283,9E 5346,JFK,BNA
12288,9E 5504,LGA,CLT
12294,EV 4218,EWR,STL
12295,AS 166,SFO,EWR
12298,YX 3601,MSP,EWR
12306,YX 5907,LGA,RDU
12309,9E 3479,JFK,DTW
12312,OH 5488,DAY,LGA
12313,YX 3595,BNA,EWR
12314,DL 2634,PHX,JFK
12321,UA 1043,EWR,PVD
12324,9E 3373,ROC,JFK
12329,UA 637,EWR,SFO
12334,YX 4665,LGA,ATL
12336,YX 5871,RDU,LGA
12345,9E 5008,LGA,CVG
12350,OO 3894,BNA,JFK
12351,UA 284,BUF,EWR
12357,C5 4888,EWR,PWM
12358,UA 1148,EWR,LAX
12359,EV 4420,SAV,EWR
12362,9E 4856,PWM,JFK
12371,YX 4532,DCA,JFK
12373,9E 5458,JFK,ORD
12375,YX 6069,BOS,LGA
12376,OO 3621,JFK,CLE
12389,OO 3597,ORF,LGA
12392,YX 6137,PIT,LGA
12394,YX 5903,CMH,JFK
12395,DL 1264,ATL,EWR
12396,DL 761,JFK,MCO
12397,MQ 3659,LGA,SDF
12398,9E 3334,MSP,EWR
12400,UA 581,EWR,DFW
12403,9E 3383,LGA,STL
12405,DL 2973,LAX,JFK
12409,9E 5109,JFK,RDU
12413,UA 1482,STT,EWR
12415,YX 3458,EWR,PWM
12419,UA 1199,EWR,MCI
12422,NK 1521,EWR,FLL
12433,OO 4001,LGA,ORF
12434,G7 6234,EWR,DTW
12435,9E 3284,BTV,JFK
12443,YX 5874,LGA,JAX
12445,YX 3472,GSP,EWR
12448,YX 3600,EWR,PIT
12451,AA 1354,ORD,EWR
12457,C5 5024,EWR,ORF
12462,EV 4194,EWR,ORF
12470,DL 2856,JFK,SLC
12474,9E 4829,IAD,JFK
12484,OO 3870,LGA,BNA
12492,AA 2514,AUS,JFK
12498,C5 5021,EWR,IAD
12505,EV 4051,EWR,PIT
12508,WN 1994,LGA,STL
12510,UA 1997,ORD,EWR
12513,WN 445,BNA,LGA
12515,YX 3568,EWR,MSY
12516,MQ 3432,CVG,JFK
12522,DL 1175,BOS,LGA
12523,DL 347,JFK,DFW
12525,DL 1158,LGA,DTW
12526,9E 5043,RSW,LGA
12541,DL 992,JFK,FLL
12546,EV 3971,BUF,EWR
12561,C5 4894,EWR,PVD
12565,B6 223,JFK,LAX
12575,AS 129,JFK,LAX
12576,YX 6093,LGA,ROC
12577,WN 4419,DAL,LGA
12578,B6 2479,BOS,EWR
12581,WN 259,AUS,EWR
12584,YX 4712,PBI,LGA
12587,UA 1676,MIA,EWR
12589,AA 1681,MIA,JFK
12592,9E 4791,LGA,CHO
12593,YX 6076,LGA,JAX
12594,WN 1464,EWR,MDW
12602,DL 1529,JFK,LAX
12606,YX 5923,DCA,LGA
12614,UA 1478,LAX,EWR
12619,MQ 3884,LGA,CLE
12622,DL 2001,JFK,LAX
12624,YX 3632,LGA,ORD
12627,B6 127,JFK,MCO
12630,9E 5154,RDU,JFK
12632,C5 4936,MEM,EWR
12637,9E 3399,LGA,PWM
12639,WN 2683,ATL,LGA
12642,DL 427,JFK,LAX
12648,DL 2871,LGA,BOS
12649,DL 2944,LGA,ATL
12652,UA 1593,EWR,SAN
12653,G7 6277,DTW,EWR
12658,UA 1478,ORD,LGA
12662,UA 1425,EWR,BNA
12667,DL 1444,JFK,ATL
12669,C5 4955,EWR,PWM
12684,WN 1089,MCI,LGA
12688,C5 4966,EWR,PVD
12692,9E 5157,STL,LGA
12697,YX 3690,GSO,EWR
12703,9E 5231,LGA,CVG
12704,EV 3973,BTV,EWR
12711,MQ 3354,RDU,LGA
12714,DL 498,BOS,JFK
12715,WN 1375,MKE,LGA
12716,YX 6002,LGA,GRR
12718,WN 5574,BNA,LGA
12722,DL 2217,SJU,JFK
12730,UA 2391,SLC,EWR
12745,DL 634,TPA,LGA
12750,9E 5023,JFK,BWI
12751,9E 5404,LGA,DSM
12754,OO 3977,JFK,CLT
12760,C5 4925,EWR,PWM
12765,UA 422,TPA,EWR
12771,9E 3446,LGA,CLT
12774,EV 4461,CHS,EWR
12777,YX 3482,IND,EWR
12778,B6 81,JFK,RNO
12796,AA 922,JFK,BOS
12808,WN 1967,LGA,MDW
12814,9E 3486,LGA,MHT
12819,UA 1959,MIA,EWR
12825,WN 3593,BNA,EWR
12827,YX 5930,JFK,BOS
12832,YX 3501,EWR,MSY
12834,9E 5328,LGA,CVG
12841,DL 2447,DEN,LGA
12846,C5 4897,EWR,ALB
12847,UA 1217,EWR,MIA
12849,YV 6188,IAH,LGA
12851,YX 4650,BNA,LGA
12855,WN 4893,BNA,EWR
12860,YX 6044,MSN,LGA
12861,DL 2343,EWR,ATL
12863,DL 2581,JFK,CLT
12864,YX 6111,LGA,RDU
12870,YX 3442,EWR,CHS
12871,9E 3440,IAD,JFK
12875,OO 3556,GSP,LGA
12877,YX 5967,MSY,LGA
12879,EV 4299,BGR,EWR
12880,YX 3539,EWR,SAV
12881,YX 5893,CMH,LGA
12885,DL 1247,DTW,JFK
12890,C5 4982,EWR,MEM
12891,9E 3380,LGA,MCI
12893,EV 4006,EWR,DCA
12904,DL 2493,JFK,DEN
12909,9E 5546,CLT,LGA
12913,C5 4931,CAK,EWR
12919,DL 3055,IAH,LGA
12921,9E 4784,GSO,LGA
12925,DL 2846,DTW,EWR
12927,C5 4985,EWR,PVD
12928,YX 5957,DFW,LGA
12929,C5 4912,PWM,EWR
12934,OO 3796,MSN,LGA
12941,YX 6059,CLT,LGA
12947,DL 2543,SRQ,LGA
12950,UA 496,AUS,EWR
12955,UA 1484,EWR,LAX
12956,DL 2386,ATL,EWR
12958,DL 987,MSP,EWR
12973,9E 3483,IAD,JFK
12974,G7 6218,EWR,RDU
12987,DL 1541,LGA,ORD
12988,UA 756,EWR,SFO
12994,9E 5445,PIT,LGA
12995,WN 4383,DAL,LGA
12996,9E 5034,LGA,BNA
13000,OO 4026,LGA,MKE
13002,OO 3524,SAV,LGA
13007,YX 5979,LGA,RDU
13008,9E 5358,SYR,LGA
13009,DL 322,DFW,LGA
13012,OO 3752,LGA,GRR
13020,DL 1518,TPA,JFK
13024,EV 4348,DCA,EWR
13025,YX 3561,EWR,IND
13027,EV 4326,STL,EWR
13028,YX 5902,LGA,BOS
13029,9E 5402,XNA,LGA
13034,YX 3644,MEM,EWR
13037,OO 3646,STL,LGA
13040,C5 5004,PIT,EWR
13042,F9 2878,MIA,LGA
13043,AA 289,LGA,ATL
13047,C5 4912,EWR,ORF
13048,9E 5338,JFK,IND
13058,9E 4766,CLE,JFK
13064,UA 1885,MSY,EWR
13065,9E 3365,RDU,JFK
13067,YX 3480,EWR,CMH
13072,9E 5215,IND,JFK
13076,DL 2449,EWR,ATL
13081,9E 5117,LGA,BTV
13083,OH 5423,LGA,DAY
13089,YX 3614,CLE,EWR
13097,9E 3446,MKE,LGA
13098,9E 5093,LGA,STL
13106,WN 425,EWR,MDW
13108,C5 4949,BGR,EWR
13120,YV 6260,LGA,IAD
13130,AA 178,ORD,JFK
13135,YX 6130,PIT,LGA
13146,OO 3966,ORD,LGA
13152,WN 5354,LGA,DEN
13155,C5 4906,EWR,ACK
13159,9E 3446,JFK,SAV
13160,EV 4155,IND,EWR
13162,9E 3287,DFW,JFK
13163,YX 3721,GSO,EWR
13164,9E 5464,LGA,RIC
13171,WN 3220,LGA,BNA
13176,AS 565,PDX,JFK
13177,UA 1608,SNA,EWR
13180,DL 2707,LGA,MSY
13190,OO 3755,GSO,LGA
13201,YX 3606,LGA,ORD
13203,9E 3412,ROC,JFK
13208,AA 2152,BOS,LGA
13210,UA 1490,EWR,ATL
13211,B6 902,FLL,JFK
13213,UA 2121,EWR,DEN
13215,9E 5233,LGA,MEM
13216,WN 2367,ATL,LGA
13217,DL 2877,JFK,MIA
13218,UA 1769,SNA,EWR
13219,AS 135,EWR,LAX
13221,YX 3675,EWR,STL
13227,UA 939,MSP,EWR
13231,YX 6092,LGA,CLT
13232,YX 5944,LGA,DCA
13235,YX 3713,MCI,EWR
13237,DL 658,TPA,LGA
13239,AS 77,EWR,LAX
13241,WN 3898,LGA,MCI
13242,9E 3333,DCA,JFK
13246,9E 5091,CHO,LGA
13248,DL 913,LGA,RSW
13259,YX 4379,CHS,LGA
13261,UA 393,ORD,LGA
13262,OH 5024,DAY,LGA
13265,C5 5015,EWR,ROC
13266,YX 4380,LGA,PIT
13269,9E 5357,JFK,IAD
13273,EV 4179,SYR,EWR
13277,UA 2069,EWR,LAX
13284,AA 2177,LGA,RDU
13291,OO 3981,BUF,JFK
13296,OO 3838,JFK,CLE
13297,YX 5907,LGA,PIT
13298,MQ 3874,LGA,ORF
13301,9E 3436,JFK,BOS
13305,G7 6211,RDU,EWR
13311,UA 1660,MIA,EWR
13314,YX 6137,LGA,PIT
13316,YX 3683,EWR,BUF
13317,EV 4262,PWM,EWR
13319,9E 4801,JFK,SYR
13320,YX 6060,LGA,PIT
13323,YX 6054,JFK,RDU
13326,UA 1816,ORD,EWR
13327,9E 5199,CLT,LGA
13329,9E 3395,MCI,LGA
13334,MQ 4023,BGR,LGA
13337,DL 1845,JFK,CLT
13339,YX 5915,LGA,CVG
13340,C5 4987,EWR,DAY
13341,WN 4738,DAL,LGA
13345,AS 1011,JFK,SFO
13348,YX 3518,ORD,LGA
13352,AS 1161,EWR,LAX
13357,YX 6038,IND,LGA
13364,OO 3792,MKE,LGA
13379,AA 2819,JFK,SAN
13390,9E 3307,LGA,CLE
13400,UA 1682,EWR,DFW
13406,YX 3596,EWR,CVG
13408,AA 1662,LGA,ATL
13418,YX 4465,RDU,LGA
13426,C5 4990,SYR,EWR
13430,EV 4143,EWR,GSO
13433,AA 2477,LGA,ORD
13448,AA 2286,MIA,LGA
13463,B6 1628,MCO,EWR
13468,UA 1474,EWR,PBI
13470,UA 1548,EWR,MCO
13473,9E 5329,JAX,JFK
13474,YX 4557,LGA,RDU
13477,EV 4441,EWR,RIC
13478,OO 3600,LGA,MEM
13483,9E 5486,JFK,ORF
13490,9E 5311,JFK,BOS
13497,YX 5870,LGA,STL
13506,9E 5083,BUF,JFK
13515,9E 4783,RDU,LGA
13520,WN 479,LGA,HOU
13524,DL 2112,LGA,PBI
13528,B6 2076,MSY,JFK
13529,WN 2450,LGA,HOU
13530,UA 529,TPA,EWR
13532,DL 1552,LGA,MCO
13535,ZW 3808,LGA,IAD
13536,MQ 3988,LGA,CHO
13539,OO 4089,JFK,BOS
13541,DL 1466,SFO,JFK
13545,AA 2901,LGA,CLT
13547,DL 1454,DTW,EWR
13549,YX 4130,EWR,MKE
13553,WN 2902,STL,LGA
13555,B6 2224,LAX,JFK
13560,DL 1996,MSP,LGA
13568,WN 2748,HOU,LGA
13575,DL 854,ATL,EWR
13580,C5 4893,EWR,CLE
13593,OO 3813,ORD,LGA
13610,DL 2536,CLT,JFK
13615,9E 5333,LGA,PIT
13619,EV 4148,CVG,EWR
13634,DL 548,LGA,DFW
13639,UA 338,EWR,MSY
13641,AA 791,LGA,ORD
13645,9E 5227,MEM,LGA
13647,UA 800,EWR,SFO
13649,YX 5924,DCA,LGA
13658,AS 627,JFK,SFO
13659,OO 3142,EWR,ORD
13665,AA 246,LAX,JFK
13667,C5 4986,EWR,CMH
13672,WN 784,MDW,EWR
13676,AA 2395,LGA,ORD
13678,YX 3677,EWR,MSY
13692,OO 4049,LGA,OMA
13694,9E 4800,SAV,LGA
13701,YX 3502,CLE,EWR
13702,YX 5930,LGA,MSY
13705,9E 3313,IND,JFK
13706,9E 4795,JFK,ORD
13710,DL 870,LGA,ATL
13713,WN 861,HOU,LGA
13716,UA 1932,EWR,SEA
13721,WN 3091,LGA,ATL
13723,MQ 3440,LGA,PIT
13727,9E 5359,LGA,PIT
13735,YX 3492,EWR,BOS
13736,9E 5198,BNA,JFK
13738,MQ 3811,ORF,JFK
13748,9E 3331,BOS,JFK
13752,YX 3592,PIT,EWR
13769,9E 5088,JFK,BTV
13771,G7 6239,DTW,EWR
13773,WN 597,EWR,PHX
13774,YX 6039,BOS,LGA
13779,YV 6055,IAH,LGA
13782,B6 1527,EWR,FLL
13788,C5 4304,JAX,EWR
13791,UA 1678,LGA,ORD
13794,WN 256,LGA,ATL
13802,9E 5249,LGA,BGR
13811,YX 3467,DCA,EWR
13820,YX 6014,PIT,LGA
13823,DL 1003,SLC,EWR
13843,WN 2800,DAL,LGA
13850,C5 4929,EWR,RIC
13860,WN 24,LGA,BNA
13868,MQ 4213,MYR,LGA
13872,9E 3295,PIT,LGA
13876,9E 5360,IAD,JFK
13885,WN 174,DEN,LGA
13898,9E 3320,ROC,JFK
13901,YX 6136,LGA,STL
13905,YX 3491,EWR,MCI
13911,UA 2023,EWR,LAX
13912,YX 4402,RDU,LGA
13915,AA 2181,RDU,LGA
13923,YX 4434,LGA,ILM
13931,DL 1218,DTW,EWR
13933,DL 815,DTW,EWR
13934,C5 4969,BUF,EWR
13940,WN 901,HOU,LGA
13942,YX 3522,EWR,OKC
13952,WN 4183,LGA,HOU
13957,DL 1655,LAX,JFK
13963,DL 2255,JFK,ATL
13967,DL 2815,LAX,JFK
13970,DL 485,LGA,IAH
13971,MQ 4261,RIC,JFK
13972,YX 4699,LGA,DTW
13973,MQ 3426,ORD,EWR
13975,OO 3634,GSP,LGA
13977,DL 1999,LGA,MCO
13985,UA 1254,IAH,LGA
13986,DL 1530,MSY,LGA
13990,9E 5282,JFK,ORD
13991,DL 313,ORD,LGA
13995,9E 5146,RDU,LGA
13998,YX 3433,CHS,EWR
13999,9E 4776,TYS,LGA
14010,UA 1803,EWR,ATL
14012,DL 301,LGA,ORD
14013,WN 488,BNA,LGA
14019,C5 4899,EWR,GSP
14030,9E 5098,JFK,ORD
14034,WN 1765,MDW,EWR
14035,WN 4504,LGA,ATL
14037,WN 2836,MKE,LGA
14038,NK 2302,EWR,MCO
14048,OO 3551,SYR,LGA
14051,DL 1455,LGA,MIA
14064,YX 5900,LGA,SYR
14073,9E 5248,PIT,LGA
14076,UA 1270,EWR,MTJ
14080,UA 1206,EWR,ORD
14083,WN 6550,LGA,MKE
14085,OO 4444,OMA,LGA
14086,C5 4991,EWR,CHS
14096,WN 1944,DAL,LGA
14102,MQ 3859,EWR,ORD
14106,WN 1172,STL,LGA
14110,YX 5879,LGA,BOS
14113,9E 4819,ORD,JFK
14116,AA 1503,CLT,EWR
14119,WN 2848,DAL,LGA
14123,C5 4903,GSO,EWR
14125,WN 4560,LGA,MDW
14135,C5 4922,GSP,EWR
14137,DL 1424,JFK,SJC
14140,DL 1181,SRQ,JFK
14145,YX 4455,LGA,DTW
14146,YX 3651,CLT,EWR
14147,OO 3709,ORD,JFK
14149,9E 5003,ORF,JFK
14152,EV 4121,EWR,MEM
14153,9E 5415,CLE,LGA
14158,DL 1591,LGA,MIA
14161,9E 3432,PWM,JFK
14163,UA 750,EWR,LAS
14167,YX 4371,RIC,LGA
14170,DL 2884,LGA,BOS
14171,C5 4918,RIC,EWR
14173,C5 5015,CLE,EWR
14174,9E 5091,BTV,JFK
14176,9E 5311,BWI,JFK
14185,YX 3592,BNA,EWR
14187,YX 3517,EWR,MKE
14195,OO 3933,LGA,DFW
14202,G7 6186,EWR,CVG
14204,G7 6255,RDU,EWR
14215,DL 542,EWR,MSP
14223,DL 1167,LGA,ATL
14227,B6 453,JFK,PBI
14231,B6 705,EWR,RSW
14232,9E 3436,JFK,RIC
14233,9E 3479,LGA,MCI
14235,YX 3636,RDU,EWR
14237,AA 377,LGA,PHL
14241,WN 2091,LGA,HOU
14247,DL 1074,SEA,JFK
14251,C5 4921,EWR,BUF
14261,EV 4155,CVG,EWR
14263,OO 3706,MKE,LGA
14266,9E 5386,CVG,LGA
14270,9E 5278,JFK,BUF
14277,C5 4890,MSN,EWR
14289,9E 5365,JAX,JFK
14290,OO 3070,EWR,ORD
14295,WN 2339,MSY,LGA
14304,DL 1929,BOS,LGA
14308,EV 4369,EWR,CLE
14315,C5 5009,ACK,EWR
14321,YX 6002,LGA,DCA
14326,WN 1606,MDW,LGA
14331,DL 3005,LGA,DEN
14332,C5 5010,SYR,EWR
14335,9E 5151,LGA,ACK
14339,YX 5917,LGA,MEM
14341,C5 4894,CAK,EWR
14344,C5 4930,EWR,DCA
14364,EV 4159,EWR,GSO
14366,YX 6125,LGA,CLT
14368,OO 3671,LGA,MSN
14371,9E 5034,JFK,BOS
14373,YX 3646,EWR,ORF
14377,OO 4149,LGA,MKE
14379,9E 3367,JFK,DFW
14386,WN 6599,LGA,ATL
14390,9E 5314,RIC,LGA
14409,C5 4881,EWR,ORF
14419,YX 5959,LGA,PIT
14423,9E 5229,BNA,LGA
14424,9E 5050,LGA,BUF
14429,9E 5374,JFK,BOS
14435,YX 4416,CHS,LGA
14447,9E 5280,LGA,GSO
14457,C5 4885,EWR,MHT
14465,C5 4887,BUF,EWR
14472,AA 2117,DCA,LGA
14484,AA 1377,LGA,CLT
14487,YX 4363,PIT,LGA
14488,YX 4413,LGA,CHS
14489,9E 3287,CLE,JFK
14495,NK 2307,MCO,EWR
14498,9E 5121,ORF,JFK
14499,9E 3315,LGA,RIC
14501,EV 4026,EWR,GSP
14515,9E 5501,LGA,PIT
14517,WN 4671,EWR,MDW
14519,YX 3715,EWR,CMH
14533,WN 3791,LGA,HOU
14537,G4 2500,SAV,EWR
14541,YX 5921,DCA,LGA
14542,9E 5020,RDU,LGA
14543,OO 4003,LGA,CLT
14552,9E 5005,BUF,LGA
14556,9E 5164,JFK,PIT
14557,DL 2933,ATL,LGA
14562,AS 1426,SEA,JFK
14563,MQ 4178,LGA,CAE
14566,OO 3602,LGA,SAV
14567,WN 928,HOU,LGA
14572,UA 1165,EWR,MCO
14578,YX 4273,LGA,MIA
14581,DL 1439,ORD,LGA
14582,DL 2731,MSY,LGA
14592,9E 5157,LGA,STL
14595,NK 1807,EWR,ATL
14596,OO 3689,RIC,LGA
14603,C5 5018,EWR,CVG
14605,DL 1182,JFK,BOS
14607,9E 5421,ROC,LGA
14613,G7 6250,CVG,EWR
14615,EV 3968,EWR,CAK
14618,UA 338,DEN,LGA
14622,DL 1265,FLL,LGA
14623,DL 750,MYR,LGA
14626,WN 332,EWR,STL
14627,AA 2125,LGA,DCA
14630,DL 2626,LGA,TPA
14634,YX 5957,STL,LGA
14637,UA 2395,EWR,ORD
14642,YX 6102,BOS,LGA
14651,C5 4933,MEM,EWR
14660,C5 4965,EWR,PWM
14661,9E 3481,LGA,MSN
14665,YX 6142,LGA,RIC
14666,YX 5868,JFK,CMH
14669,9E 5219,RIC,LGA
14674,YX 5928,RDU,LGA
14683,MQ 4059,GSO,LGA
14693,9E 5294,GSO,LGA
14701,WN 665,STL,LGA
14704,YX 3471,EWR,IAD
14707,WN 4549,LGA,ATL
14708,OO 3646,LGA,BNA
14712,DL 2943,JFK,SFO
14716,9E 3318,PIT,LGA
14725,9E 3319,BHM,LGA
14728,DL 592,JFK,SFO
14744,WN 2382,ATL,LGA
14745,9E 4868,JFK,RDU
14746,WN 274,LGA,MSY
14747,YX 5930,RSW,LGA
14751,UA 1271,MTJ,EWR
14752,AS 624,SJC,JFK
14778,WN 2357,STL,EWR
14783,DL 1319,LGA,BOS
14787,9E 5299,BUF,LGA
14792,DL 1770,LGA,DFW
14795,9E 5208,LGA,PWM
14796,DL 1514,MCO,LGA
14797,9E 3313,LGA,CVG
14813,WN 2212,EWR,MDW
14830,C5 4900,SBN,EWR
14833,YX 3417,STL,EWR
14839,9E 5277,LGA,GSO
14846,WN 3796,BWI,EWR
14847,9E 3308,SDF,LGA
14852,WN 3516,LGA,MDW
14860,DL 2440,JFK,MIA
14866,DL 2948,ATL,LGA
14867,DL 332,LGA,DFW
14870,UA 482,EWR,PBI
14876,YX 6076,LGA,STL
14885,C5 4885,CMH,EWR
14889,DL 1969,LGA,BOS
14898,DL 1946,RSW,LGA
14899,UA 701,AUS,EWR
14900,B6 1804,SJU,JFK
14902,WN 1316,LGA,BNA
14907,YX 5909,LGA,RDU
14909,EV 4138,BUF,EWR
14910,UA 1415,RDU,EWR
14918,9E 5057,LGA,BGR
14920,9E 5112,LGA,PWM
14928,WN 5421,LGA,DEN
14931,C5 5015,EWR,CMH
14934,WN 1021,EWR,AUS
14937,YX 4323,LGA,DCA
14938,9E 5438,CLE,JFK
14952,WN 5944,MDW,EWR
14954,DL 683,LGA,CVG
14963,OO 5636,LGA,ORD
14985,YX 4517,LGA,MIA
14990,9E 5200,GRR,LGA
15001,UA 1452,ORD,LGA
15009,YX 4482,LGA,ACK
15010,WN 1982,FLL,EWR
15022,DL 1859,LGA,MSP
15026,DL 1007,ORD,LGA
15030,9E 3351,CVG,EWR
15032,UA 441,EWR,DFW
15034,UA 526,SRQ,EWR
15039,C5 4890,EWR,ELM
15040,AA 114,ORD,LGA
15045,9E 3310,GSP,LGA
15049,YX 6036,CMH,LGA
15058,YX 4533,LGA,MIA
15060,YX 3580,EWR,DFW
15062,9E 4804,JFK,PIT
15066,WN 2154,LGA,STL
15069,AA 867,CLT,EWR
15072,YX 5939,CMH,JFK
15082,9E 3353,JFK,PIT
15083,YX 3562,EWR,MEM
15091,9E 5516,DTW,EWR
15094,UA 2254,EWR,TPA
15098,WN 2203,LGA,DAL
15102,9E 5356,LGA,CLE
15107,YX 6109,CLT,LGA
15110,YX 5919,JFK,DCA
15117,EV 4277,EWR,GSO
15130,YX 3595,EWR,ROC
15132,YX 5920,LGA,BHM
15133,OO 4162,JFK,CLE
15141,OO 4003,CLE,LGA
15142,9E 5071,LGA,RSW
15161,9E 3370,LGA,SYR
15167,DL 2821,LGA,MIA
15169,OO 3664,JFK,BOS
15175,UA 2088,LAS,EWR
15181,WN 4532,LGA,MDW
15201,DL 735,DEN,LGA
15205,YX 3535,EWR,PWM
15209,YX 3602,EWR,HHH
15220,EV 4203,EWR,BUF
15229,UA 685,EWR,PHX
15230,OO 3521,ORD,JFK
15231,DL 2356,CLT,JFK
15232,YX 6030,LGA,IND
15248,YX 6045,LGA,IND
15255,9E 3365,LGA,JAX
15258,YX 3568,SYR,EWR
15265,YX 3740,EWR,GSO
15273,DL 2083,LGA,MIA
15274,UA 2097,EWR,FLL
15278,YX 3561,SYR,EWR
15282,YX 3590,RDU,EWR
15283,G7 6228,EWR,DTW
15287,G7 6238,DTW,EWR
15290,C5 4947,EWR,CHS
15292,9E 5117,JFK,ORD
15293,UA 1137,LGA,DEN
15296,YX 3686,IND,EWR
15300,C5 4888,EWR,CAK
15303,9E 5132,BTV,LGA
15304,9E 5320,DCA,JFK
15314,YX 4707,LGA,BNA
15316,OO 3559,LGA,BNA
15331,DL 1312,LGA,MIA
15332,YX 3632,ORD,LGA
15341,DL 1956,LAX,JFK
15342,OO 3759,GSO,LGA
15343,YX 3610,SRQ,EWR
15348,DL 1666,LAX,JFK
15349,9E 5123,JFK,IAD
15351,EV 4147,EWR,ORF
15359,DL 1995,DEN,LGA
15366,YX 6086,RDU,LGA
15371,WN 749,EWR,MDW
15376,YX 6079,LGA,CLT
15382,WN 1741,DAL,LGA
15383,9E 5032,ORD,JFK
15386,OO 3600,LGA,SAV
15395,OO 3581,PIT,LGA
15397,9E 5088,MSN,LGA
15400,YX 6058,BOS,LGA
15402,9E 4791,BGR,LGA
15408,YX 5905,CMH,LGA
15409,DL 1755,LGA,ORD
15414,DL 2581,JFK,FLL
15417,9E 5186,LGA,RDU
15420,YX 3711,EWR,MKE
15421,WN 5285,LGA,MDW
15425,WN 354,MDW,LGA
15427,9E 3297,JFK,CLT
15432,C5 4935,EWR,ROC
15437,UA 1076,EWR,AUS
15440,YX 6140,BOS,EWR
15441,YX 4584,LGA,BNA
15449,YX 5975,SDF,LGA
15451,OO 4124,DTW,EWR
15452,G4 2504,EWR,SAV
15455,G7 6226,CVG,EWR
15456,AA 1656,RDU,LGA
15459,WN 39,LGA,MCI
15460,WN 2568,LGA,MCI
15463,9E 4841,ORD,JFK
15464,DL 1309,EWR,ATL
15489,DL 451,JFK,SJU
15490,OO 3740,MKE,LGA
15493,9E 3416,SYR,LGA
15497,MQ 3791,BNA,LGA
15498,MQ 3915,RDU,JFK
15511,DL 1879,LGA,FLL
15518,UA 745,LGA,DEN
15522,DL 1273,JFK,SFO
15526,DL 1917,IAH,LGA
15545,UA 1586,IAH,EWR
15556,YX 3549,MCI,EWR
15558,DL 1045,ORD,LGA
15559,DL 1449,JFK,DCA
15561,DL 2649,MCO,LGA
15563,OO 3601,LGA,DSM
15564,OO 3788,LGA,MKE
15567,DL 2421,LGA,MSY
15577,OO 4695,LGA,RIC
15579,OO 3957,CAE,LGA
15580,C5 4885,EWR,STL
15583,G4 2952,TYS,EWR
15585,DL 895,LGA,BOS
15587,WN 603,LGA,BNA
15589,WN 659,EWR,AUS
15595,DL 1077,JFK,SLC
15598,EV 4010,SDF,EWR
15599,UA 2057,EWR,MCI
15600,9E 5221,SYR,LGA
15605,UA 2304,EWR,SAN
15607,YX 6024,CMH,LGA
15621,OO 4054,BHM,LGA
15629,DL 1688,JFK,PBI
15630,9E 5432,LGA,XNA
15637,DL 756,IAH,LGA
15644,YX 3628,ORD,LGA
15657,UA 1639,DFW,EWR
15665,9E 3414,LGA,BUF
15666,YX 6102,LGA,GRR
15667,EV 4166,GSP,EWR
15673,WN 1411,DEN,LGA
15688,9E 5421,JFK,CLE
15691,DL 2306,EWR,MSP
15692,EV 4058,EWR,BUF
15693,YX 3541,EWR,BTV
15712,9E 5184,IND,JFK
15714,MQ 3659,MEM,LGA
15715,YX 3464,DFW,EWR
15719,YX 4406,LGA,MSP
15742,AA 115,LGA,ORD
15743,YX 6024,LGA,IND
15744,DL 1658,MSP,EWR
15746,DL 1719,ORD,LGA
15748,WN 173,EWR,AUS
15751,9E 3443,JFK,BOS
15764,9E 3479,MCI,LGA
15768,9E 5112,SYR,LGA
15773,9E 5058,SAV,LGA
15774,DL 2951,ATL,LGA
15777,AA 2900,LGA,ORD
15783,9E 5245,LGA,STL
15786,YX 5973,ROC,LGA
15797,DL 1853,JFK,PBI
15799,AA 2175,RDU,LGA
15801,C5 4923,ORF,EWR
15805,WN 1278,LGA,DAL
15806,C5 4890,CMH,EWR
15820,DL 715,LGA,ATL
15821,9E 5439,LGA,JAX
15823,DL 943,JFK,SAN
15825,OO 3775,MSP,EWR
15851,9E 5123,LGA,MKE
15852,YX 3481,DTW,EWR
15853,EV 4104,TYS,EWR
15856,YX 3675,CVG,EWR
15857,AA 40,ORD,LGA
15871,9E 3343,CLE,LGA
15873,WN 1696,LGA,MDW
15874,AA 1043,BOS,JFK
15875,MQ 4210,SAV,LGA
15884,UA 656,ORD,LGA
15887,9E 4772,MEM,LGA
15889,9E 5193,BWI,JFK
15894,EV 4470,EWR,CMH
15912,9E 5066,LGA,PIT
15923,9E 5132,CHO,LGA
15924,WN 777,EWR,DEN
15936,UA 1697,LGA,ORD
15939,WN 1990,EWR,PHX
15945,C5 4929,SYR,EWR
15952,DL 333,LGA,DFW
15960,9E 5464,LGA,CLE
15961,9E 3338,ROC,LGA
15965,DL 636,LGA,RSW
15966,9E 3340,LEX,LGA
15971,NK 524,FLL,EWR
15982,YX 5970,CMH,LGA
15988,C5 4939,BUF,EWR
15990,WN 2084,STL,EWR
15992,YX 3690,ORD,LGA
15996,AA 307,MCO,LGA
15997,C5 4998,RDU,EWR
15998,C5 4908,EWR,ROC
16001,UA 1637,FLL,EWR
16002,UA 1801,EWR,DEN
16010,UA 1423,BOS,EWR
16019,C5 4891,MKE,EWR
16021,9E 3319,TYS,LGA
16032,AA 1216,CLT,EWR
16034,9E 5023,SYR,JFK
16036,YX 5935,RDU,LGA
16047,WN 1641,STL,EWR
16048,YX 5906,MEM,LGA
16054,DL 940,LGA,DTW
16061,DL 2690,JFK,ATL
16065,9E 5371,MKE,LGA
16066,9E 5154,ROC,JFK
16076,YX 6094,LGA,PIT
16099,OO 3777,LGA,ORD
16107,EV 4072,CHS,EWR
16112,9E 5229,MVY,LGA
16113,YX 3401,ATL,EWR
16134,9E 3498,LGA,RDU
16138,OO 3757,LGA,CLE
16143,WN 2048,ATL,LGA
16145,G7 6205,CVG,EWR
16148,YX 5915,LGA,CHS
16153,C5 5020,EWR,JAX
16155,OO 3517,MKE,LGA
16157,C5 4885,LGA,IAD
16160,9E 3376,GSP,LGA
16162,UA 2214,LGA,ORD
16163,YX 6078,LGA,GSP
16166,DL 2112,PBI,LGA
16176,YX 3410,DCA,EWR
16184,B6 1517,BOS,JFK
16185,AA 1274,JFK,DFW
16187,B6 1525,JFK,TPA
16191,9E 4855,CVG,LGA
16193,C5 4941,EWR,SAV
16194,WN 1653,EWR,MDW
16201,AA 223,LGA,CMH
16206,UA 2199,EWR,SAN
16210,DL 862,CLT,JFK
16216,B6 2183,JFK,MCO
16217,OH 5378,CMH,LGA
16219,DL 2944,LGA,MIA
16222,YX 4325,LGA,DCA
16231,WN 1399,MCI,LGA
16233,OO 3556,LGA,BHM
16234,DL 2285,LGA,MCO
16235,YX 3574,BTV,EWR
16237,DL 2953,LGA,BOS
16243,AA 1234,JFK,MIA
16246,UA 1412,DEN,LGA
16247,NK 525,EWR,FLL
16252,9E 3395,JAX,JFK
16255,DL 1104,DTW,EWR
16259,DL 724,LGA,TPA
16266,OO 4101,JFK,BOS
16281,9E 5512,JFK,RIC
16285,WN 2319,BNA,LGA
16292,YX 5940,PIT,LGA
16297,DL 1601,LGA,PBI
16302,DL 1314,JFK,MCO
16303,YX 3599,EWR,BTV
16307,OO 3804,LGA,SAV
16317,YX 3456,EWR,DCA
16319,YX 5910,BOS,LGA
16331,WN 956,LGA,MCI
16335,YX 5983,LGA,DFW
16342,B6 1339,MVY,JFK
16344,EV 4006,EWR,MEM
16349,AS 454,PDX,JFK
16359,YX 6056,LGA,RDU
16363,YX 3686,EWR,STL
16384,DL 1319,EWR,ATL
16385,OO 3962,RDU,LGA
16388,9E 5139,LGA,BTV
16390,YX 6079,CLT,LGA
16401,9E 3438,CVG,JFK
16409,9E 5024,LGA,CHO
16412,DL 1746,LGA,ATL
16413,YX 3515,EWR,DFW
16418,YX 3452,BGR,EWR
16420,OO 3516,LGA,ORF
16425,WN 2999,MKE,LGA
16432,WN 265,LGA,MDW
16468,DL 2960,DTW,LGA
16471,YX 3535,EWR,CLE
16479,DL 2498,ATL,JFK
16489,9E 3348,CLT,LGA
16493,9E 5198,JFK,BNA
16495,C5 4994,EWR,CHS
16496,YV 6101,IAH,LGA
16503,YX 4343,DTW,LGA
16509,9E 3324,LGA,PWM
16511,9E 3498,LGA,BUF
16517,DL 381,EWR,ATL
16522,C5 4880,EWR,SBN
16524,DL 2913,LGA,DEN
16534,AA 1245,BOS,JFK
16540,OO 3660,BUF,LGA
16541,YX 6031,LGA,CHS
16552,UA 1979,LAS,EWR
16559,WN 1828,MSY,LGA
16564,YX 3473,EWR,PIT
16566,C5 4882,BUF,EWR
16575,MQ 3741,BGR,LGA
16578,UA 1431,EWR,LAX
16583,WN 2426,BNA,LGA
16586,OO 3660,GSO,LGA
16593,DL 2384,JFK,PDX
16598,NK 805,EWR,ATL
16600,YX 3479,EWR,PIT
16605,AA 1370,CLT,EWR
16614,C5 4883,EWR,MHT
16616,AS 440,SAN,EWR
16623,WN 247,BNA,EWR
16630,DL 936,DFW,LGA
16632,AA 2829,JFK,PHX
16633,DL 2692,LGA,MSP
16637,YX 5930,DCA,LGA
16639,MQ 3518,GSO,LGA
16644,9E 5349,CAE,LGA
16657,WN 453,STL,LGA
16665,9E 3443,LGA,BUF
16668,DL 1531,ORD,LGA
16676,DL 2233,JFK,ATL
16685,WN 1759,DEN,LGA
16687,YX 3645,EWR,CLT
16691,YX 4394,JFK,DCA
16699,YX 6022,RDU,JFK
16700,YX 6020,LGA,BOS
16706,WN 3609,LGA,MDW
16707,9E 5443,BUF,LGA
16714,9E 5188,LGA,CLE
16717,WN 1037,LGA,MDW
16726,9E 5256,ROC,JFK
16728,AA 1206,LGA,DFW
16734,C5 4997,EWR,MEM
16738,YX 4279,DTW,LGA
16750,DL 2427,DEN,JFK
16754,DL 1429,MSP,LGA
16773,G7 6204,RDU,EWR
16790,DL 3015,IAH,LGA
16800,MQ 3482,LGA,RDU
16801,C5 4935,EWR,MEM
16802,DL 1644,JAX,JFK
16808,WN 5015,LGA,ATL
16817,YX 6133,PIT,LGA
16822,9E 5290,CLT,LGA
16825,MQ 3888,DTW,LGA
16844,EV 4039,EWR,ALB
16845,UA 443,EWR,CLT
16853,YX 5980,BOS,EWR
16854,YX 6018,LGA,IND
16858,YX 3574,EWR,RIC
16862,DL 396,LGA,BOS
16872,YX 3693,EWR,STL
16876,9E 5415,JFK,RIC
16883,F9 122,SJU,EWR
16891,YX 6048,MSN,LGA
16893,9E 3298,LGA,CHO
16902,DL 2676,LGA,MSP
16906,NK 922,TPA,LGA
16908,EV 4343,EWR,ORF
16910,DL 324,DFW,LGA
16916,UA 1428,EWR,PBI
16918,DL 2477,PHX,JFK
16919,UA 2001,ORD,EWR
16926,9E 5233,JFK,IND
16928,DL 949,EWR,ATL
16932,WN 3068,MDW,LGA
16933,B6 2554,PBI,JFK
16945,NK 1251,MSY,EWR
16952,9E 3476,JFK,DFW
16962,UA 1072,SMF,EWR
16967,DL 1257,SFO,JFK
16971,DL 2170,ATL,LGA
16975,DL 2648,LAX,JFK
16983,9E 3440,LGA,MCI
16988,9E 3344,LGA,SRQ
16998,B6 1674,CHS,JFK
17011,DL 2756,JFK,MIA
17015,DL 1977,ATL,JFK
17017,UA 498,EWR,SMF
17023,9E 3389,RIC,JFK
17025,DL 1908,LGA,DTW
17028,WN 1284,MDW,LGA
17033,B6 2905,EWR,RSW
17035,C5 5014,EWR,CMH
17038,9E 5008,CVG,LGA
17045,WN 2203,ATL,LGA
17055,C5 4903,DAY,EWR
17059,WN 389,LGA,BNA
17061,9E 3321,RIC,JFK
17065,YX 6118,STL,LGA
17069,C5 4961,SBN,EWR
17077,WN 4062,LGA,HOU
17081,9E 3354,STL,LGA
17094,OO 3771,JFK,BNA
17098,UA 496,EWR,MIA
17107,WN 2165,STL,LGA
17114,C5 4887,EWR,BUF
17115,YX 4363,LGA,PIT
17118,C5 4979,EWR,ORF
17119,AS 545,PDX,JFK
17128,WN 662,LGA,ATL
17130,OO 4221,SYR,LGA
17132,B6 1439,MVY,JFK
17136,9E 5368,JFK,JAX
17139,DL 1782,BOS,LGA
17144,9E 5124,JFK,ORF
17150,9E 5319,JAX,LGA
17153,WN 1264,TPA,LGA
17154,EV 4270,EWR,SAV
17162,EV 4078,LGA,ORD
17165,9E 5497,LGA,PIT
17166,9E 5397,LGA,CHA
17172,9E 5276,SYR,LGA
17173,AA 1894,JFK,CLT
17179,DL 867,TPA,LGA
17191,YX 5969,LGA,DCA
17200,OO 5388,LGA,ORD
17203,C5 4962,MSN,EWR
17206,AS 20,SFO,JFK
17211,9E 3397,SYR,LGA
17215,DL 1043,JFK,JAX
17222,YV 6222,IAH,LGA
17226,9E 5367,DFW,JFK
17233,WN 3895,EWR,AUS
17235,UA 2427,CLT,EWR
17236,DL 1437,SLC,EWR
17239,UA 1071,DEN,EWR
17242,B6 1297,JFK,DEN
17253,C5 4923,CVG,EWR
17255,C5 4930,EWR,BGR
17267,OO 3917,BNA,LGA
17269,YX 3579,EWR,BUF
17270,MQ 3354,JFK,RDU
17271,DL 676,LGA,FLL
17277,EV 4314,BUF,EWR
17282,DL 439,BOS,LGA
17285,YX 5900,LGA,BUF
17287,UA 994,EWR,SAN
17300,9E 3367,DFW,JFK
17301,EV 4007,MEM,EWR
17306,F9 504,DEN,LGA
17322,YX 5878,LGA,CLT
17343,EV 4212,GSO,EWR
17344,NK 473,EWR,MSY
17352,DL 1633,BOS,LGA
17353,EV 4052,EWR,GRR
17357,AA 1719,RDU,LGA
17360,YX 4455,LGA,PIT
17362,OO 3723,BNA,LGA
17363,DL 2313,LGA,RSW
17374,DL 1705,PHX,JFK
17378,AA 2123,DCA,LGA
17381,DL 1566,LGA,ORD
17388,DL 572,LGA,IAH
17399,MQ 3489,ORD,EWR
17401,OO 3828,LGA,OMA
17406,DL 1332,BOS,LGA
17420,DL 311,LGA,ORD
17429,9E 3316,JFK,ROC
17430,AA 1747,JFK,CLT
17432,C5 4964,LGA,IAD
17433,YX 3708,STL,EWR
17440,DL 1690,JFK,PBI
17441,YX 5957,DCA,JFK
17445,OO 4017,JFK,CHS
17447,9E 3367,JFK,ROC
17450,OO 3734,SAV,LGA
17455,YX 5942,LGA,BOS
17470,WN 1757,HOU,LGA
17482,OO 3763,CLT,LGA
17486,EV 4038,EWR,SYR
17496,OO 3679,LGA,MKE
17507,AA 133,DFW,LGA
17508,UA 1717,PBI,EWR
17522,YX 6031,LGA,RDU
17525,DL 2755,RSW,LGA
17533,WN 711,LGA,STL
17541,9E 5356,JFK,BWI
17542,DL 1716,JFK,MCO
17546,YX 3461,DFW,EWR
17550,YX 6084,LGA,PIT
17558,OO 3970,BNA,LGA
17561,DL 2612,FLL,LGA
17572,UA 699,EWR,SAN
17574,UA 1643,MSY,EWR
17579,YX 6134,LGA,RDU
17584,DL 2066,LGA,MCO
17589,OO 3938,LGA,OMA
17594,WN 788,DEN,EWR
17606,G7 6258,DTW,EWR
17607,OO 3554,LGA,BNA
17615,9E 5510,CVG,EWR
17624,YX 4589,TYS,LGA
17633,WN 3724,LGA,ATL
17636,9E 3328,MSP,EWR
17642,WN 3134,STL,EWR
17651,MQ 3874,LGA,CLE
17654,EV 4160,EWR,CVG
17660,B6 79,BOS,EWR
17664,C5 5014,STL,EWR
17668,AA 229,LAX,JFK
17670,C5 4914,EWR,IAD
17674,YX 3617,EWR,MEM
17675,ZW 3844,LGA,IAD
17679,YX 3479,CHS,EWR
17680,UA 1235,TPA,EWR
17687,YX 3566,MSY,EWR
17691,DL 1345,FLL,LGA
17692,9E 5372,LGA,ORF
17695,WN 5071,EWR,MDW
17702,YX 4461,LGA,ILM
17706,YX 4374,LGA,TYS
17710,EV 4118,EWR,IND
17732,AA 2531,DFW,LGA
17740,UA 226,EWR,SAN
17752,YX 6054,PIT,JFK
17765,AA 959,JFK,MIA
17769,AA 2786,JFK,DFW
17778,YX 5903,LGA,CMH
17781,DL 1627,FLL,JFK
17791,9E 3430,LGA,PIT
17794,UA 1726,EWR,SEA
17796,9E 5055,BOS,JFK
17800,WN 1411,LGA,ATL
17806,OO 3778,CLT,JFK
17811,AA 2214,JFK,DFW
17817,WN 204,EWR,BNA
17822,YX 5874,RDU,LGA
17825,YX 6081,LGA,CLE
17833,9E 3300,JFK,IAD
17834,WN 2242,EWR,BNA
17847,YX 3422,EWR,PWM
17860,9E 5339,LGA,CAE
17861,9E 5105,CVG,LGA
17875,WN 1301,MDW,LGA
17882,YX 3596,EWR,SYR
17887,DL 1456,LGA,ORD
17888,G4 1232,AVL,EWR
17895,WN 1730,DAL,LGA
17904,UA 1232,EWR,CHS
17915,DL 2661,JFK,LAS
17927,YX 6025,LGA,SRQ
17929,EV 4292,GSO,EWR
17930,9E 3326,LGA,CVG
17932,UA 405,LGA,DEN
17938,DL 300,ORD,LGA
17941,9E 3477,MHT,LGA
17946,G4 402,EWR,TYS
17961,DL 2865,IAH,LGA
17968,DL 2435,JFK,PHX
17974,WN 2569,OAK,EWR
17976,DL 1875,LGA,MSP
17979,YX 6061,RDU,LGA
17980,9E 3411,RDU,JFK
17987,WN 1492,BNA,LGA
17996,MQ 3780,ILM,LGA
18005,UA 1086,MIA,EWR
18007,WN 1300,EWR,MDW
18011,YX 5913,SDF,LGA
18012,DL 2852,PBI,LGA
18013,WN 681,LGA,MCI
18015,AA 24,LAX,JFK
18019,9E 3389,BUF,LGA
18023,EV 4377,EWR,JAX
18025,9E 5247,JFK,DTW
18039,YX 6053,LGA,ROC
18048,YX 3622,ORF,EWR
18055,YX 3724,EWR,RAP
18067,UA 1163,ROC,EWR
18072,AS 449,JFK,PDX
18090,WN 2924,MCI,LGA
18092,DL 815,LGA,DFW
18093,9E 5322,DCA,JFK
18112,UA 537,EWR,SAN
18113,9E 5075,LGA,TYS
18118,YX 6115,LGA,PIT
18123,WN 381,LGA,DAL
18125,9E 3350,JFK,IND
18139,YX 6063,PIT,JFK
18144,YX 5963,DFW,LGA
18145,UA 1715,EWR,RSW
18146,OO 3827,LGA,RIC
18150,WN 2450,ATL,LGA
18152,WN 158,BNA,EWR
18157,9E 3442,BUF,LGA
18158,DL 1259,DCA,JFK
18159,OO 4075,LGA,BHM
18166,WN 3030,EWR,BWI
18183,WN 5560,STL,LGA
18185,9E 5114,BTV,JFK
18187,MQ 3336,RIC,LGA
18188,C5 4891,PQI,EWR
18192,EV 4159,PIT,EWR
18197,WN 3602,MCI,LGA
18203,DL 2282,JFK,PBI
18213,DL 2622,DFW,LGA
18217,WN 5078,MDW,LGA
18223,UA 2215,PWM,EWR
18226,C5 4915,EWR,ALB
18227,OO 4071,RIC,LGA
18230,C5 4969,DCA,EWR
18235,OO 3914,DSM,LGA
18252,AA 714,CLT,EWR
18264,DL 2864,JFK,MCO
18270,9E 4003,CLE,LGA
18283,EV 4007,BTV,EWR
18284,C5 5000,MSN,EWR
18291,C5 4988,EWR,MEM
18293,9E 3444,LGA,SYR
18301,AA 350,JFK,DCA
18305,YX 3635,EWR,ROC
18307,9E 5211,LGA,CLT
18316,YV 6241,IAH,LGA
18321,C5 4928,EWR,ROC
18337,9E 3362,JAX,LGA
18338,AA 1031,PHX,JFK
18343,EV 4037,CLE,EWR
18344,9E 3492,JFK,ORD
18347,DL 2154,MCO,JFK
18353,9E 5286,JFK,SAV
18357,WN 1442,STL,LGA
18365,UA 1524,EWR,TPA
18370,DL 1415,MIA,LGA
18371,C5 4918,STL,EWR
18379,YX 4360,LGA,SDF
18400,C5 4961,IND,EWR
18401,DL 2069,EWR,MSP
18404,UA 1134,ORD,LGA
18406,WN 5338,MSY,LGA
18410,WN 956,LGA,STL
18412,EV 4007,TVC,EWR
18417,9E 5090,JFK,BOS
18429,WN 2406,MDW,LGA
18431,9E 5464,RIC,LGA
18434,WN 2023,MDW,LGA
18435,9E 5151,JFK,RIC
18439,YX 5927,BHM,LGA
18442,AA 277,JFK,ORD
18449,UA 994,EWR,CLE
18453,DL 505,DFW,LGA
18458,YX 5904,MEM,LGA
18465,YX 5944,PIT,LGA
18467,DL 731,PBI,JFK
18471,DL 2616,JFK,CLT
18474,UA 1678,DEN,LGA
18477,YX 3541,LGA,ORD
18482,MQ 4147,LGA,STL
18487,B6 499,LGA,MCO
18497,EV 4055,EWR,BUF
18498,YX 6044,LGA,MSN
18499,9E 5253,LGA,CHO
18500,AA 2893,LGA,ATL
18502,OO 3576,CAE,LGA
18508,YX 6068,PIT,LGA
18517,NK 2308,EWR,MCO
18518,YX 4522,LGA,CMH
18525,DL 1479,RSW,LGA
18526,OO 3869,JFK,BNA
18531,9E 5258,LGA,CHO
18539,G7 6303,EWR,MSP
18548,OO 4098,EWR,MSP
18552,YX 3595,EWR,AUS
18556,AA 2930,MIA,LGA
18562,9E 5498,LGA,BHM
18568,DL 590,SAN,JFK
18571,C5 4968,CVG,EWR
18583,G4 2530,EWR,SAV
18586,YX 6005,GRR,LGA
18590,DL 772,SAT,JFK
18592,WN 1195,EWR,PHX
18597,AA 1528,DFW,JFK
18600,YX 4320,LGA,STL
18615,WN 5446,LGA,DAL
18617,9E 3312,RDU,LGA
18624,MQ 3441,CVG,JFK
18632,WN 866,AUS,EWR
18635,DL 456,DTW,LGA
18643,9E 5379,LGA,CVG
18650,9E 5388,GSP,LGA
18651,9E 5041,IND,JFK
18653,YX 6095,STL,LGA
18654,YX 4350,LGA,MVY
18660,UA 2005,LAX,EWR
18663,C5 4890,CHS,EWR
18685,YX 4363,LGA,BNA
18700,9E 3452,LGA,GSP
18702,DL 2154,PHX,JFK
18703,9E 5244,LGA,MVY
18707,9E 3459,ACK,LGA
18710,WN 258,LGA,MDW
18715,DL 1264,EWR,ATL
18718,MQ 3469,RDU,LGA
18721,DL 2778,LGA,PBI
18726,DL 2940,LGA,ATL
18733,WN 5624,STL,LGA
18735,DL 2333,DEN,LGA
18737,9E 3390,LGA,RDU
18740,WN 2756,LGA,DEN
18741,9E 4764,LGA,GSO
18744,YX 3522,SYR,EWR
18750,WN 5479,STL,LGA
18753,MQ 3378,LGA,PIT
18759,MQ 3949,LGA,RIC
18764,DL 2796,JFK,MIA
18768,DL 1722,CLT,JFK
18774,DL 864,MSP,EWR
18792,UA 1649,MCO,EWR
18800,B6 2701,BUF,JFK
18807,YX 3534,EWR,IND
18822,C5 5007,EWR,PVD
18854,C5 5022,EWR,BNA
18859,G7 6251,EWR,CVG
18860,9E 4864,ROC,JFK
18869,YX 3501,DFW,EWR
18870,UA 1784,EWR,MCO
18884,9E 3358,JFK,BNA
18892,YX 3623,EWR,GRR
18894,YX 6088,SDF,LGA
18895,DL 350,DFW,LGA
18909,AA 2218,SAN,JFK
18913,F9 2182,LAS,EWR
18917,YX 4270,JFK,CMH
18928,OO 3752,MSP,EWR
18931,DL 1249,LGA,BOS
18938,9E 4907,LGA,BNA
18940,9E 5413,ORD,JFK
18942,DL 2715,LGA,MSY
18953,YX 6057,BOS,LGA
18957,OO 3620,LGA,RDU
18977,9E 5270,EWR,CVG
18983,UA 2278,EWR,DFW
19002,WN 2324,EWR,MDW
19008,9E 3465,CLE,JFK
19016,WN 4096,EWR,STL
19028,9E 4881,GSO,LGA
19034,UA 1850,LAS,EWR
19042,OO 3819,LGA,CAE
19065,9E 3298,RDU,LGA
19070,UA 2137,IAH,EWR
19072,YX 5906,LGA,BUF
19073,9E 5152,RDU,JFK
19087,WN 1158,DEN,LGA
19097,WN 371,STL,LGA
19104,WN 3812,LGA,MDW
19110,OO 3766,DTW,EWR
19120,9E 3306,MCI,LGA
19128,G4 1218,AVL,EWR
19134,9E 5241,BUF,LGA
19140,UA 215,LGA,ORD
19141,WN 2772,STL,LGA
19146,OO 3994,BHM,LGA
19147,9E 5148,BUF,LGA
19154,C5 4886,EWR,CAK
19157,9E 5540,LGA,PIT
19166,B6 500,DAB,JFK
19169,UA 711,MSY,EWR
19173,DL 888,BOS,LGA
19176,UA 1156,EWR,LAX
19177,9E 5423,BOS,JFK
19178,UA 307,EWR,SFO
19179,B6 106,ORD,JFK
19183,9E 5173,JFK,RIC
19184,9E 5394,LGA,GSP
19187,YX 6110,RDU,LGA
19198,B6 2675,JFK,MSY
19208,WN 1104,LGA,ATL
19212,UA 1263,EWR,MCO
19213,9E 5156,LGA,CLE
19219,DL 1498,CHS,JFK
19236,UA 2032,EWR,DFW
19244,UA 1156,EGE,EWR
19246,OO 3634,JFK,RDU
19262,YX 3401,BTV,EWR
19264,EV 4360,IND,EWR
19268,WN 2376,LGA,DAL
19271,C5 4965,EWR,SAV
19284,WN 1936,EWR,MDW
19289,UA 1162,EWR,MSY
19298,DL 1395,LGA,TPA
19301,YX 4702,BNA,LGA
19308,C5 4934,EWR,PWM
19315,AA 841,ATL,LGA
19318,B6 183,JFK,MCO
19325,DL 2504,JFK,MSY
19326,UA 503,EWR,DFW
19346,9E 5255,LGA,PWM
19350,YX 6033,JAX,LGA
19354,YX 3612,SDF,EWR
19362,9E 3464,LGA,MCI
19363,WN 1163,LGA,MDW
19364,DL 1068,JFK,CHS
19366,9E 3474,CVG,LGA
19367,G4 2791,EWR,AVL
19374,9E 5362,CHO,LGA
19384,B6 2628,MCO,EWR
19385,YX 3572,BGR,EWR
19393,B6 2517,BOS,JFK
19398,DL 1367,LGA,BOS
19399,WN 2767,LGA,DAL
19410,YX 5996,PIT,LGA
19415,DL 1004,LGA,DFW
19418,OO 3751,JFK,DCA
19420,EV 3982,EWR,DCA
19429,YX 3444,DCA,EWR
19431,WN 5205,DEN,EWR
19433,9E 3467,ORF,LGA
19445,YX 4635,BNA,LGA
19446,OO 3765,BNA,JFK
19454,9E 3385,ROC,JFK
19460,9E 5383,RIC,JFK
19463,DL 2904,JFK,DTW
19471,DL 1267,TPA,JFK
19474,WN 662,MKE,LGA
19476,UA 1270,LGA,IAH
19499,WN 559,LGA,MKE
19518,EV 4184,SYR,EWR
19523,DL 2748,JFK,AUS
19525,9E 5316,LGA,ORF
19534,9E 3307,GSP,LGA
19537,9E 3366,RDU,JFK
19538,OO 3740,LGA,GSO
19539,9E 5164,CLE,LGA
19542,OO 3868,MSP,EWR
19544,YX 6094,LGA,RDU
19576,9E 5190,LGA,MSY
19588,9E 3484,LGA,MSN
19590,9E 5273,JAX,LGA
19594,OO 3577,GRR,LGA
19595,WN 1139,DAL,LGA
19604,YX 5990,CMH,LGA
19607,OO 3581,SYR,LGA
19612,AA 914,EWR,CLT
19621,DL 1611,JFK,LAX
19628,UA 1810,SNA,EWR
19633,9E 5475,CLE,LGA
19641,OO 4040,GSO,LGA
19651,9E 5004,PWM,LGA
19652,C5 4955,GSO,EWR
19653,WN 2623,LGA,DAL
19655,UA 985,EWR,TPA
19670,WN 3757,MDW,LGA
19673,DL 883,TPA,JFK
19679,YX 3457,MEM,EWR
19685,DL 793,DFW,LGA
19688,G4 1321,EWR,SAV
19707,DL 2766,MSY,LGA
19721,YX 3437,EWR,BNA
19734,WN 710,DAL,LGA
19735,YX 6002,BOS,JFK
19740,OO 5681,ORD,LGA
19742,YX 3689,EWR,CMH
19752,C5 4895,IND,EWR
19753,DL 2697,MIA,LGA
19758,YX 5872,BOS,LGA
19759,YX 5986,ROC,LGA
19765,YX 3737,MKE,EWR
19766,UA 1124,EWR,PBI
19767,UA 2174,SDF,EWR
19768,EV 4261,EWR,PVD
19769,C5 4889,SYR,EWR
19796,OO 3974,ORD,LGA
19799,UA 367,EWR,ORD
19810,EV 4091,EWR,ROC
19813,DL 2685,SAN,JFK
19814,DL 1340,ATL,EWR
19815,9E 5241,RDU,LGA
19820,9E 5315,CLT,LGA
19825,9E 5245,JFK,DCA
19827,C5 4910,GSP,EWR
19834,WN 3282,MDW,LGA
19837,OO 4933,BHM,LGA
19840,YX 6034,BOS,LGA
19844,WN 1310,BNA,LGA
19845,AA 2514,JFK,DFW
19848,9E 5353,LGA,CLT
19849,UA 204,EWR,LAX
19854,OO 3736,GSP,LGA
19855,YX 6025,LGA,SYR
19861,UA 2313,DFW,EWR
19863,WN 363,LGA,MKE
19865,C5 4922,EWR,BNA
19868,DL 2521,SFO,JFK
19869,9E 5251,JFK,SYR
19878,9E 3412,CVG,LGA
19881,9E 3468,LGA,AVL
19885,WN 3205,FLL,LGA
19886,9E 3336,MEM,LGA
19888,9E 5256,CMH,JFK
19895,EV 4147,OKC,EWR
19901,DL 2545,DFW,LGA
19919,YX 3723,EWR,RAP
19927,C5 4924,ORF,EWR
19935,YX 3738,BUF,EWR
19938,WN 1543,LGA,BNA
19940,YX 6143,RSW,LGA
19945,WN 1562,EWR,FLL
19948,YX 5980,BNA,LGA
19950,9E 3484,DFW,JFK
19963,WN 897,MDW,EWR
19964,YX 5891,PIT,LGA
19969,WN 1987,LGA,BNA
19975,AA 2827,JFK,DFW
19989,DL 2630,CLT,JFK
19991,B6 2602,FLL,JFK
19998,B6 617,BOS,JFK
19999,C5 4970,EWR,CLE
20016,YX 4403,LGA,AVL
20022,YX 4427,DTW,LGA
20026,9E 5081,SYR,JFK
20036,DL 1614,JFK,LAX
20050,9E 5069,RSW,LGA
20054,DL 2919,JFK,SAT
20055,OO 3699,LGA,BNA
20056,DL 1420,JFK,SLC
20063,WN 244,MDW,EWR
20070,DL 1451,LGA,MCO
20081,G7 6205,EWR,CVG
20083,DL 1009,LGA,DFW
20092,UA 1913,EWR,LAX
20098,YX 3591,IND,EWR
20105,DL 865,JFK,PBI
20122,9E 3320,LGA,JAX
20127,9E 5495,ORF,LGA
20128,YX 3460,EYW,EWR
20141,OO 3608,LGA,SYR
20145,WN 1245,LGA,DAL
20155,OH 5040,JFK,RDU
20157,B6 2534,JFK,BTV
20158,WN 1759,LGA,ATL
20171,C5 4992,PWM,EWR
20186,9E 5118,BTV,JFK
20199,OO 4068,ORD,LGA
20203,YX 4422,DTW,LGA
20208,9E 5088,RDU,EWR
20218,9E 4765,RIC,LGA
20221,OO 3909,BNA,LGA
20224,9E 5327,JFK,ROC
20239,YX 6044,GRR,LGA
20240,9E 3372,LGA,SYR
20243,YX 6096,LGA,MCI
20259,WN 929,DEN,EWR
20261,9E 5082,CVG,LGA
20263,WN 2035,HOU,LGA
20264,YX 6005,BUF,LGA
20267,WN 434,EWR,DEN
20274,9E 5326,LGA,CAE
20279,DL 1902,PBI,LGA
20280,9E 3444,SYR,LGA
20283,WN 1331,LGA,MDW
20294,9E 3355,RIC,LGA
20297,9E 5088,DTW,EWR
20306,EV 4323,EWR,CLE
20310,9E 3319,JFK,DCA
20316,YX 4633,LGA,PBI
20332,9E 3281,JFK,SAV
20336,UA 2334,EWR,MCO
20341,9E 5155,RDU,JFK
20344,C5 5022,EWR,SDF
20347,UA 722,MIA,EWR
20355,UA 1054,LAX,EWR
20358,OO 3753,LGA,SYR
20369,AA 2598,EWR,ORD
20371,9E 5091,PWM,JFK
20385,UA 1141,DEN,LGA
20387,YX 3649,MKE,EWR
20399,DL 1282,MIA,JFK
20400,DL 1097,LGA,MCO
20408,WN 4535,DAL,LGA
20412,9E 5092,JFK,CLT
20425,DL 1064,MIA,JFK
20431,C5 4943,CMH,EWR
20434,WN 40,STL,LGA
20436,UA 404,EWR,RSW
20437,DL 2282,JFK,MSP
20452,DL 1659,JFK,CLT
20453,DL 1302,ATL,EWR
20467,9E 3385,ORF,JFK
20472,WN 3804,LGA,DAL
20473,DL 2964,DTW,LGA
20487,AA 1571,MIA,JFK
20501,YX 3442,EWR,PVD
20506,C5 4891,EWR,ELM
20511,EV 4046,EWR,BNA
20514,9E 3415,JFK,PIT
20521,WN 2201,BNA,EWR
20523,YX 6137,EWR,BOS
20532,DL 1628,JFK,LAX
20535,G7 6292,EWR,RDU
20558,9E 5425,CLT,LGA
20561,YV 6255,IAH,LGA
20580,F9 2967,EWR,PHX
20594,C5 4918,EWR,ORF
20597,WN 2084,BNA,EWR
20611,OO 4439,LGA,MKE
20613,WN 6569,DAL,LGA
20624,9E 4869,RIC,JFK
20629,EV 4240,EWR,GRR
20630,WN 754,DAL,LGA
20652,OH 5250,LGA,ORF
20656,WN 2339,LGA,BNA
20669,YX 3478,EWR,BNA
20671,YX 4460,LGA,PIT
20676,DL 2986,JFK,MSY
20694,UA 1660,EWR,RSW
20699,9E 5353,ORF,LGA
20701,OO 3698,SYR,LGA
20708,DL 1433,MIA,LGA
20718,YX 4427,LGA,DTW
20724,DL 1377,ATL,EWR
20725,C5 4923,EWR,IAD
20729,B6 879,BOS,EWR
20730,YX 6009,GRR,LGA
20740,DL 864,EWR,MSP
20741,WN 2316,EWR,STL
20742,B6 717,BOS,JFK
20745,YX 6075,JFK,CMH
20753,DL 1964,DEN,LGA
20755,DL 846,LGA,DFW
20757,DL 2949,JFK,MSY
20758,OO 3835,JFK,CLE
20760,OO 5687,ORD,LGA
20765,C5 4869,IAD,EWR
20772,DL 511,DFW,JFK
20781,9E 5283,LGA,CLT
20800,9E 5313,LGA,ORF
20806,EV 4024,EWR,GSP
20807,WN 2268,LGA,DAL
20813,DL 333,ORD,LGA
20823,WN 3020,BNA,LGA
20830,C5 4955,PVD,EWR
20835,UA 1859,SEA,EWR
20838,9E 5043,CLT,LGA
20840,UA 558,MCO,EWR
20863,YX 6114,LGA,CLT
20865,MQ 4084,JFK,CLE
20868,OO 3712,BOS,LGA
20870,OO 3912,BNA,LGA
20873,YX 5894,SDF,LGA
20874,YX 6093,SDF,LGA
20878,DL 879,LGA,IAH
20885,DL 2935,JFK,SAN
20898,DL 1207,JFK,MSP
20901,G4 462,TYS,EWR
20904,OO 5638,LGA,ORD
20908,C5 4909,EWR,CHS
20909,MQ 3919,TVC,LGA
20912,OO 3707,BOS,JFK
20914,C5 4991,EWR,SBN
20919,DL 2240,SFO,JFK
20921,OO 3778,JFK,CLT
20922,B6 1726,TPA,JFK
20935,OO 3765,JFK,BNA
20938,9E 5018,CAE,LGA
20947,YX 6075,LGA,CLT
20948,AS 58,SJC,JFK
20959,DL 1833,LGA,RSW
20971,YX 6073,STL,LGA
20976,AA 18,ORD,JFK
20980,OO 3712,MKE,LGA
20983,9E 3472,LGA,TYS
20984,9E 5243,LGA,OMA
20985,DL 1267,BOS,JFK
20987,YX 3416,EWR,PIT
20998,NK 1400,LGA,DTW
21002,YX 6083,LGA,MSN
21004,9E 3405,LGA,MSN
21007,DL 1525,JFK,FLL
21012,DL 483,PBI,JFK
21014,YX 6063,ROC,LGA
21024,9E 3494,LGA,ORF
21025,WN 2100,LGA,STL
21030,YX 3625,PVD,EWR
21038,MQ 3301,ORD,EWR
21044,YX 6049,ORF,LGA
21045,9E 5246,LGA,SAV
21046,YX 6043,LGA,GSP
21047,YX 6077,CLT,LGA
21063,YX 5982,JFK,CMH
21076,AA 714,MIA,JFK
21078,DL 738,LGA,MSP
21081,9E 5291,ORF,LGA
21083,WN 642,LGA,HOU
21086,WN 235,STL,EWR
21089,DL 2646,JFK,CHS
21091,EV 4325,PVD,EWR
21100,WN 5250,MKE,LGA
21118,C5 4904,BNA,EWR
21125,9E 5298,LGA,ROC
21126,9E 4770,PWM,LGA
21128,DL 2119,LGA,MSP
21129,9E 5337,PIT,LGA
21134,C5 4969,EWR,BUF
21136,9E 5281,GRR,LGA
21137,UA 2022,IAD,EWR
21153,DL 796,LAS,JFK
21163,YX 6041,IND,LGA
21165,G7 6176,EWR,DTW
21171,9E 5394,LGA,PWM
21172,9E 5220,LGA,CLE
21178,WN 551,LGA,MDW
21181,C5 4927,EWR,JAX
21182,C5 4923,EWR,STL
21195,YX 6122,IAH,LGA
21205,MQ 3871,PIT,LGA
21216,DL 2958,DTW,LGA
21219,YX 3416,AUS,EWR
21230,9E 5261,MKE,LGA
21238,9E 5487,EWR,CVG
21240,MQ 4185,LGA,DTW
21245,9E 5309,JFK,BOS
21249,EV 4065,EWR,DCA
21250,DL 897,LGA,ATL
21266,AA 696,CLT,LGA
21274,MQ 4131,EWR,ORD
21286,EV 4230,DCA,EWR
21298,OO 3649,MEM,LGA
21302,YX 5941,LGA,ROC
21321,9E 3295,JFK,ROC
21323,YX 3696,DAY,EWR
21328,WN 2471,STL,LGA
21338,C5 4920,EWR,GSO
21339,UA 2050,EWR,PBI
21344,C5 4899,ORF,EWR
21358,WN 1492,LGA,DEN
21372,9E 3363,LGA,PIT
21376,9E 3309,JFK,CMH
21384,G4 1220,EWR,AVL
21385,YX 5883,LGA,BUF
21388,9E 4788,PIT,LGA
21394,MQ 4029,JFK,ORF
21395,OO 4082,JFK,DCA
21402,MQ 3491,LGA,PWM
21403,DL 1209,MCO,LGA
21416,DL 2674,LGA,MSP
21418,UA 375,EGE,EWR
21419,C5 4901,EWR,ORF
21428,DL 520,JFK,SFO
21448,EV 4088,SAV,EWR
21453,DL 2435,PHX,JFK
21461,9E 3455,JAX,JFK
21463,WN 4679,LGA,MDW
21474,YX 6083,LGA,CLE
21483,C5 4915,EWR,CVG
21486,OO 3861,LGA,BNA
21490,OO 3545,ORD,JFK
21498,B6 2092,ACK,JFK
21499,9E 3365,LGA,MKE
21502,C5 4924,ROC,EWR
21506,DL 2410,EWR,ATL
21510,YX 5947,MSY,LGA
21513,UA 267,JAX,EWR
21521,EV 4058,BUF,EWR
21530,YX 3705,EWR,PIT
21551,EV 3982,BOS,EWR
21554,9E 5424,BOS,EWR
21557,YX 5955,GSO,LGA
21564,9E 3412,LGA,CVG
21573,DL 744,ATL,EWR
21578,OO 4013,MKE,LGA
21583,DL 1800,LAS,JFK
21584,WN 1763,MDW,LGA
21588,WN 2038,LGA,MDW
21592,AA 1397,EWR,CLT
21595,NK 1130,MCO,EWR
21599,YX 6033,LGA,MSN
21610,AA 696,LGA,PHL
21622,UA 2145,EWR,MSY
21624,DL 307,RSW,JFK
21628,9E 3469,CVG,LGA
21630,YX 6045,CHS,LGA
21634,AA 1025,CLT,EWR
21636,MQ 3390,ORF,JFK
21639,YX 4581,LGA,RDU
21642,YX 6043,LGA,MCI
21650,OO 3750,JFK,BUF
21657,DL 1695,JFK,SLC
21671,9E 5113,MSN,LGA
21672,F9 1258,MCO,EWR
21673,UA 673,EWR,MSY
21679,OO 3977,CLT,JFK
21682,DL 1585,LGA,MCO
21683,9E 5285,JFK,BUF
21685,C5 4994,EWR,RIC
21691,WN 1265,MDW,EWR
21703,9E 3358,JAX,LGA
21704,YX 5951,MSY,LGA
21707,OO 4279,LGA,ORD
21713,UA 2342,RDU,EWR
21723,9E 5262,LGA,CAE
21735,C5 4991,AVL,EWR
21738,EV 3991,CVG,EWR
21763,OO 3863,LGA,BNA
21766,9E 3344,RSW,LGA
21787,9E 4856,JFK,PWM
21820,AA 1120,LGA,ORD
21822,YX 3740,BNA,EWR
21851,OO 3613,OMA,LGA
21854,9E 5020,LGA,RDU
21877,AA 351,ORD,EWR
21882,AA 313,MIA,LGA
21893,YX 6056,MSN,LGA
21900,YX 3478,EWR,ATL
21902,9E 3477,JFK,BNA
21913,YX 5962,LGA,SDF
21923,DL 1827,JFK,CLT
21928,AA 74,LGA,DFW
21929,YX 5880,STL,LGA
21930,9E 3295,LGA,PIT
21935,9E 5399,CLE,LGA
21939,UA 1289,SAN,EWR
21947,YX 3649,PWM,EWR
21951,UA 341,EWR,SAT
21952,9E 4900,LGA,RIC
21957,9E 3422,DCA,JFK
21965,9E 5180,LGA,OMA
21968,OO 3792,LGA,ORD
21972,YX 6039,LGA,MEM
21980,OO 3500,LGA,BNA
21981,C5 4978,EWR,CLE
21991,YX 6093,LGA,SDF
21999,B6 227,EWR,FLL
22007,9E 3440,BNA,LGA
22010,9E 3365,SAV,LGA
22023,YX 6104,LGA,MSN
22033,9E 5361,LGA,PIT
22036,YX 3708,EWR,CMH
22043,DL 2528,LGA,MSY
22054,C5 4886,STL,EWR
22062,9E 5127,JFK,CLE
22074,AA 2187,CLT,EWR
22077,C5 4980,EWR,SYR
22081,YX 3629,CHS,EWR
22089,WN 206,EWR,MDW
22090,YX 6035,LGA,MKE
22091,YX 3670,GSO,EWR
22093,EV 4037,EWR,ROC
22104,EV 4043,GSO,EWR
22105,9E 3292,LGA,PIT
22109,DL 1673,LGA,TPA
22133,YX 6077,LGA,PIT
22134,C5 4977,BGR,EWR
22146,YX 5965,LGA,PIT
22156,C5 4964,EWR,DTW
22157,OO 3828,SAV,LGA
22171,9E 4802,JFK,DFW
22172,AA 1894,LGA,CLT
22174,YX 3534,IND,EWR
22181,YX 3557,LGA,ORD
22183,OO 3896,GSO,LGA
22186,AA 194,JFK,SAT
22199,UA 1440,EWR,FLL
22228,YX 4633,RIC,LGA
22239,WN 3875,LGA,STL
22240,DL 758,LGA,BOS
22262,WN 4672,MDW,LGA
22264,WN 636,BNA,EWR
22265,DL 555,JFK,JAC
22269,WN 1191,DEN,EWR
22280,OO 3593,JFK,ORD
22281,DL 1672,JFK,CLT
22285,C5 4985,PVD,EWR
22288,AA 2898,ORD,EWR
22290,WN 1597,LGA,TPA
22291,DL 735,TPA,LGA
22293,C5 4937,LGA,IAD
22294,AA 65,LAS,JFK
22311,DL 517,LGA,BOS
22312,OO 3963,BOS,JFK
22316,OO 3591,JFK,PIT
22319,YX 5870,SDF,LGA
22328,YX 3601,MSY,EWR
22329,DL 1998,BOS,LGA
22347,YX 5871,DFW,LGA
22352,9E 5123,PIT,LGA
22362,DL 2952,LGA,MCO
22364,AA 52,ORD,JFK
22375,YX 3422,BNA,EWR
22380,WN 1050,MDW,LGA
22382,C5 4888,CHS,EWR
22384,EV 3996,EWR,DAY
22396,9E 5449,CHS,JFK
22401,EV 4421,EWR,ORF
22407,DL 1707,BOS,JFK
22410,WN 2030,LGA,ATL
22424,OO 3830,IAH,LGA
22425,DL 2672,JFK,CLT
22429,9E 4815,JFK,RDU
22435,9E 5034,BNA,LGA
22441,9E 5219,GSP,LGA
22449,WN 668,ATL,LGA
22451,UA 1271,DEN,LGA
22469,YX 3405,ATL,EWR
22473,DL 1041,ATL,LGA
22477,AA 1315,LGA,MIA
22483,9E 3435,MCI,LGA
22485,C5 4938,EWR,STL
22499,WN 767,LGA,HOU
22503,YX 5876,ROC,LGA
22504,DL 1006,LGA,IAH
22519,YX 6012,IND,LGA
22523,AA 2250,ORD,LGA
22533,9E 3326,RDU,LGA
22534,9E 3451,SYR,LGA
22537,DL 704,LGA,FLL
22541,YX 3754,EWR,IND
22543,WN 870,EWR,BNA
22545,C5 4922,EWR,GRR
22554,9E 5391,BNA,LGA
22559,OO 3510,BNA,LGA
22571,9E 5117,LGA,CVG
22572,DL 2985,BOS,LGA
22586,YX 5894,LGA,JAX
22591,UA 1967,PWM,EWR
22592,YX 5978,BOS,LGA
22596,C5 4985,EWR,RIC
22603,UA 523,BNA,EWR
22607,DL 315,RSW,LGA
22644,OO 4060,RIC,LGA
22645,YX 3510,CLE,EWR
22649,YX 6065,LGA,MCI
22654,WN 775,HOU,LGA
22669,DL 1085,JFK,FLL
22675,G4 1319,CVG,EWR
22676,DL 2286,DTW,JFK
22687,F9 2960,MIA,EWR
22696,9E 3422,JFK,PWM
22702,DL 925,MCO,LGA
22706,WN 3733,LGA,MDW
22712,OO 3629,GSO,LGA
22713,DL 802,DTW,JFK
22722,UA 2174,PBI,EWR
22730,9E 3307,JFK,BTV
22739,C5 4901,EWR,GSP
22740,UA 1050,DCA,EWR
22743,AA 2756,JFK,PHX
22745,DL 1989,FLL,LGA
22747,AA 157,DFW,JFK
22748,YX 3507,EWR,GSO
22755,DL 2646,LGA,MCO
22756,9E 4811,ROC,LGA
22757,9E 5189,LGA,SDF
22763,C5 4987,IND,EWR
22770,9E 4766,LGA,MCI
22773,DL 1354,DTW,EWR
22776,B6 2124,LAX,JFK
22784,9E 5104,SYR,LGA
22788,WN 1037,STL,EWR
22789,9E 5391,CVG,LGA
22830,DL 1994,LGA,BOS
22831,UA 1407,EWR,CHS
22832,DL 1004,JFK,DTW
22838,WN 573,MDW,EWR
22845,YX 5961,LGA,PIT
22848,DL 2691,DTW,EWR
22849,B6 1084,MCO,JFK
22854,DL 1408,JFK,LAS
22858,B6 305,EWR,MCO
22863,9E 5253,LGA,ORF
22884,UA 1124,LAS,EWR
22885,WN 2603,STL,LGA
22891,DL 1799,ATL,JFK
22900,9E 5033,JFK,BOS
22909,DL 2109,LGA,DFW
22916,OO 3793,LGA,RIC
22934,DL 794,LGA,MCO
22946,WN 762,BNA,LGA
22951,UA 2345,SRQ,EWR
22952,YX 3567,SRQ,EWR
22955,DL 2500,LGA,DFW
22957,OO 3708,BOS,JFK
22959,G4 1351,SAV,EWR
22974,WN 5117,DAL,LGA
22975,DL 2703,BOS,LGA
22983,C5 4909,DTW,EWR
22984,DL 2231,JFK,TPA
22985,WN 4296,DEN,LGA
22987,OO 4441,MKE,LGA
22991,YX 4285,ATL,LGA
22999,C5 4887,ORF,EWR
23004,WN 358,MDW,EWR
23008,9E 5444,CVG,JFK
23023,9E 5383,GSO,LGA
23028,YX 3738,ORD,LGA
23032,9E 5050,LGA,ROC
23033,G7 6197,DTW,EWR
23049,YX 3667,ROC,EWR
23057,DL 2652,ATL,LGA
23075,9E 5366,JFK,IAD
23083,OO 3723,BOS,LGA
23084,YX 6091,JFK,CMH
23086,9E 5362,CAE,LGA
23087,DL 1982,LGA,MIA
23089,WN 4710,LGA,ATL
23092,DL 631,ATL,JFK
23093,9E 3298,LGA,MEM
23098,OO 3834,JFK,BNA
23101,WN 1875,LGA,ATL
23103,AA 1300,CLT,LGA
23112,DL 907,TPA,LGA
23115,AA 2410,LGA,MIA
23123,B6 2890,SJU,EWR
23133,MQ 3850,PIT,LGA
23135,B6 2529,JFK,RSW
23138,DL 868,SFO,JFK
23145,DL 964,LGA,PBI
23149,MQ 4147,PIT,LGA
23151,WN 1318,EWR,MDW
23159,YX 3707,OMA,EWR
23163,WN 2360,LGA,ATL
23167,OO 3793,MKE,LGA
23176,AA 2394,DFW,JFK
23192,AA 1439,PHX,EWR
23204,EV 4417,SYR,EWR
23205,9E 5231,PIT,LGA
23216,9E 3472,TYS,LGA
23235,DL 1878,EWR,ATL
23247,EV 4439,EWR,MEM
23277,C5 4994,STL,EWR
23305,OO 3803,ORD,LGA
23317,9E 5171,JFK,DCA
23321,UA 440,ORD,EWR
23329,9E 4782,OMA,LGA
23346,OO 3654,SYR,LGA
23371,DL 1057,LGA,BOS
23375,YX 6095,BHM,LGA
23382,AA 229,CLT,EWR
23411,G7 6193,CVG,EWR
23421,YX 6121,STL,LGA
23453,WN 5125,LGA,DAL
23455,AA 1247,LGA,MIA
23458,9E 5347,PIT,LGA
23466,YX 6114,CMH,LGA
23468,WN 2323,DAL,LGA
23470,UA 1923,SNA,EWR
23485,DL 1980,LGA,ATL
23495,EV 4435,GRR,EWR
23504,NK 750,TPA,EWR
23505,DL 1419,JFK,DTW
23508,DL 1499,PHX,JFK
23515,YX 6057,LGA,RDU
23523,YX 6023,LGA,JAX
23529,DL 433,MSY,JFK
23541,WN 4813,EWR,MDW
23546,9E 5103,LGA,BTV
23549,DL 3051,LGA,PBI
23551,DL 2470,LGA,PBI
23552,WN 1310,LGA,TPA
23561,UA 2035,EWR,DEN
23562,C5 4913,PWM,EWR
23567,EV 4188,EWR,GSP
23575,C5 4983,JAX,EWR
23583,C5 4885,EWR,BUF
23597,UA 1821,LGA,ORD
23603,DL 1578,DFW,LGA
23611,C5 4888,EWR,BUF
23617,B6 1918,JFK,BOS
23629,OO 3770,LGA,MSN
23633,AA 1240,JFK,MCO
23635,DL 2968,SEA,JFK
23641,UA 2036,EWR,GRR
23642,DL 637,LGA,ORD
23643,DL 318,LGA,DFW
23650,YX 3631,RIC,EWR
23677,C5 5001,EWR,DCA
23682,EV 4367,EWR,DCA
23686,WN 2556,LGA,DEN
23687,DL 2375,FLL,LGA
23694,WN 1699,MDW,LGA
23695,9E 5156,JFK,SYR
23697,WN 5489,LGA,STL
23698,C5 5010,EWR,SYR
23700,WN 223,DEN,EWR
23701,UA 780,ORD,EWR
23711,WN 4024,EWR,MDW
23722,OO 3806,CHS,LGA
23723,9E 4890,LGA,RDU
23725,OO 3916,MKE,LGA
23768,9E 3295,LGA,RDU
23782,UA 1102,ORD,LGA
23788,UA 1825,EWR,SFO
23794,WN 2455,BNA,LGA
23797,DL 1590,JFK,SJU
23813,C5 5014,EWR,IND
23819,DL 2869,TPA,JFK
23820,YX 3672,RDU,EWR
23821,YX 6072,LGA,PIT
23831,DL 1315,JFK,RSW
23833,YX 3529,EWR,PIT
23838,UA 1130,EWR,RSW
23844,OO 3710,BNA,JFK
23848,WN 433,SAN,EWR
23855,YX 6049,LGA,RDU
23857,EV 4381,EWR,BUF
23876,C5 4964,EWR,PVD
23878,OO 3789,CLE,LGA
23887,OO 3716,LGA,ROC
23891,9E 5250,MSY,LGA
23896,AA 429,JFK,CLT
23898,9E 3430,EWR,CVG
23904,EV 4116,GRR,EWR
23909,DL 1422,BOS,JFK
23917,YX 6130,LGA,IND
23921,9E 3431,JFK,BNA
23922,OO 4089,DCA,JFK
23924,YX 6058,LGA,RDU
23934,9E 5243,MCI,LGA
23938,WN 704,LGA,STL
23947,G7 6263,EWR,DTW
23960,OO 3955,JFK,ORD
23997,UA 364,LGA,DEN
23998,YX 6096,BOS,JFK
24008,EV 4293,PWM,EWR
24013,WN 4455,DAL,LGA
24016,9E 5151,CLE,LGA
24018,YX 3739,RIC,EWR
24026,C5 4924,EWR,CLE
24032,DL 2088,DTW,EWR
24037,DL 554,ATL,JFK
24039,WN 3311,MDW,LGA
24041,AS 1665,JFK,SJC
24044,OO 3823,RIC,LGA
24053,DL 1660,LGA,MIA
24067,WN 5192,BNA,LGA
24068,9E 3466,LGA,LEX
24080,DL 1067,JFK,FLL
24100,DL 3036,LGA,BOS
24103,WN 5117,LGA,ATL
24104,WN 362,MKE,LGA
24119,DL 2070,SEA,JFK
24122,YX 5992,LGA,GRR
24123,NK 1146,EWR,ATL
24125,DL 3088,ORD,LGA
24131,G7 6239,EWR,RDU
24132,WN 512,EWR,PHX
24135,WN 895,MCI,LGA
24138,WN 1414,LGA,DAL
24143,WN 6010,DAL,LGA
24144,C5 4902,EWR,ORF
24146,B6 2938,JFK,MVY
24151,OH 5016,JFK,DCA
24153,DL 755,JFK,RSW
24158,YX 4279,RDU,LGA
24172,OO 3673,CLE,LGA
24182,UA 1130,IAD,EWR
24191,YX 3681,CLE,EWR
24205,9E 3356,JFK,BUF
24215,9E 3475,JFK,SYR
24228,AS 1409,JFK,LAX
24241,C5 5014,BTV,EWR
24247,9E 3358,JFK,BUF
24258,UA 1519,EWR,PBI
24259,UA 1513,EWR,JAX
24266,UA 572,AUS,EWR
24275,9E 5064,LGA,ORF
24292,YX 6015,ROC,LGA
24294,WN 1387,LGA,TPA
24296,OO 4126,LGA,ORD
24299,C5 4922,MEM,EWR
24308,DL 430,SFO,JFK
24313,OO 3550,LGA,BNA
24320,UA 2294,EWR,BOS
24333,YX 6005,LGA,IAH
24337,OO 3586,CLE,LGA
24342,F9 2035,LGA,MCO
24346,WN 2268,HOU,LGA
24353,DL 2908,EWR,DTW
24360,DL 2217,JFK,SJU
24363,UA 1642,EWR,TPA
24364,9E 5290,DFW,JFK
24369,C5 4939,GSO,EWR
24376,9E 3446,LGA,MKE
24382,OO 3967,JFK,BOS
24386,MQ 3874,LGA,RIC
24395,YX 3628,LGA,CLE
24401,WN 3694,LGA,DEN
24403,OO 3934,CLE,JFK
24405,WN 5433,LGA,MCO
24416,WN 1335,LGA,ATL
24418,WN 4387,MSY,LGA
24445,DL 2144,DEN,LGA
24449,YX 4451,ORF,LGA
24462,EV 4478,GSP,EWR
24479,DL 1526,JFK,SJU
24482,C5 4987,EWR,DTW
24494,OO 3642,MKE,LGA
24497,DL 1480,JFK,DEN
24499,B6 1618,JFK,BOS
24500,YX 6121,JFK,BOS
24520,9E 5303,DTW,EWR
24533,EV 3966,BGR,EWR
24540,EV 4388,EWR,SYR
24541,WN 2420,DAL,LGA
24578,9E 3405,EWR,MSP
24581,DL 600,CHS,JFK
24583,AA 1143,PHX,EWR
24595,YX 3488,EWR,DAY
24614,WN 915,STL,EWR
24617,YX 3556,MSN,EWR
24618,WN 3956,LGA,ATL
24630,C5 4894,PVD,EWR
24638,DL 2058,ATL,LGA
24640,UA 391,SFO,EWR
24655,UA 1298,EWR,MIA
24684,YX 5910,LGA,CMH
24686,YX 5871,SDF,LGA
24691,DL 1221,JFK,DEN
24702,WN 251,EWR,MDW
24723,YX 5870,BOS,LGA
24728,G4 1302,CVG,EWR
24729,DL 1306,MIA,LGA
24731,9E 5248,LGA,PIT
24740,MQ 3536,LGA,GSO
24755,UA 1129,RSW,EWR
24763,YX 4620,DAB,LGA
24764,9E 5262,BTV,LGA
24780,9E 5410,CLE,JFK
24781,YX 3418,BGR,EWR
24786,UA 2065,SFO,EWR
24802,WN 246,LGA,DEN
24805,B6 1089,JFK,SAN
24824,DL 1522,LGA,RSW
24825,DL 2303,JFK,DEN
24827,DL 2724,MSY,LGA
24830,OO 3642,RDU,LGA
24834,DL 2766,JFK,DTW
24842,OO 3804,ORD,LGA
24843,WN 2024,LGA,MDW
24852,YX 3546,EWR,OMA
24869,C5 4994,EWR,BTV
24891,UA 1429,EWR,BNA
24892,YX 4456,LGA,PBI
24894,WN 1333,LGA,MDW
24914,C5 4951,JAX,EWR
24919,DL 1540,JFK,TPA
24927,MQ 3787,JFK,IND
24931,DL 717,SEA,JFK
24932,YX 4644,LGA,ATL
24949,EV 4323,SBN,EWR
24958,9E 5139,LGA,CVG
24961,YX 5941,LGA,DCA
24963,DL 1572,LGA,MCO
24983,AA 631,JFK,CLT
25007,9E 5155,JFK,CLE
25013,OO 3526,BNA,LGA
25014,WN 2558,MDW,LGA
25023,UA 1791,EWR,ORD
25026,WN 3492,LGA,MSY
25034,C5 4958,GRR,EWR
25039,G7 6191,DTW,EWR
25047,C5 4928,EWR,MEM
25057,G7 6204,DTW,EWR
25069,AA 452,EWR,ORD
25075,C5 4935,GSO,EWR
25076,DL 848,LGA,MCO
25088,DL 2664,LGA,RSW
25096,UA 645,JAX,EWR
25107,DL 1817,PBI,LGA
25110,WN 2325,AUS,EWR
25115,UA 496,MIA,EWR
25117,DL 890,BOS,LGA
25136,YX 6057,SYR,LGA
25149,OO 4159,JFK,BOS
25155,C5 4987,ORF,EWR
25156,DL 738,ATL,EWR
25171,YX 5895,IND,LGA
25181,9E 5224,PIT,JFK
25183,AA 398,ORD,LGA
25186,EV 4015,BTV,EWR
25187,WN 4179,LGA,ATL
25211,YX 5913,LGA,CLT
25233,YX 5870,LGA,SDF
25243,DL 1881,IAH,JFK
25244,DL 1277,JFK,PDX
25256,C5 4916,EWR,RIC
25272,DL 1731,EWR,MSP
25277,C5 4968,EWR,BUF
25278,OO 5634,LGA,ORD
25281,DL 1807,MCO,JFK
25284,9E 5453,LGA,CLE
25286,DL 1512,LAS,JFK
25301,OO 3768,OMA,LGA
25307,EV 4004,EWR,BOS
25309,9E 3337,JFK,ORF
25310,G7 6191,EWR,DTW
25311,OO 3654,LGA,SYR
25322,WN 1835,PHX,EWR
25331,WN 824,EWR,BWI
25340,9E 5151,ACK,LGA
25350,WN 4386,HOU,LGA
25351,EV 4068,LGA,ORD
25374,UA 1748,DFW,EWR
25377,WN 1564,DAL,LGA
25384,OO 3582,LGA,GSP
25389,YX 5970,DFW,LGA
25396,9E 5303,BNA,JFK
25399,B6 2326,TPA,JFK
25421,B6 2192,ACK,JFK
25423,UA 1764,EWR,PBI
25451,YX 3712,RDU,EWR
25455,YX 6031,LGA,BOS
25470,YX 3448,MSY,EWR
25472,9E 5415,CLE,JFK
25490,WN 4219,MSY,LGA
25503,9E 3387,RIC,JFK
25519,DL 1333,LGA,BOS
25537,WN 5217,LGA,BNA
25570,AS 340,SFO,EWR
25571,EV 4318,CHS,EWR
25572,YX 6067,CLT,LGA
25574,WN 2025,MDW,EWR
25581,WN 1738,LGA,MCI
25586,OO 3960,DFW,LGA
25591,C5 5019,IND,EWR
25600,OO 3875,DSM,LGA
25609,DL 967,LGA,MCO
25610,WN 1211,MCI,LGA
25617,C5 4921,GSO,EWR
25619,9E 3450,JFK,DCA
25630,WN 4143,LGA,ATL
25634,OO 4001,ORD,LGA
25637,C5 4971,EWR,ROC
25640,OO 3963,MSP,EWR
25643,DL 1634,CLT,JFK
25645,UA 493,EWR,DFW
25650,UA 1062,CLT,EWR
25666,DL 2575,DTW,EWR
25670,UA 2216,EWR,LAS
25675,DL 639,DEN,JFK
25680,UA 215,EWR,LAX
25685,DL 380,EWR,ATL
25686,9E 5318,EWR,MSP
25687,OO 3782,JFK,BOS
25692,WN 235,HOU,LGA
25697,AS 1251,JFK,LAS
25713,9E 3311,LGA,SAV
25732,WN 4794,LGA,HOU
25734,B6 380,EWR,BOS
25735,C5 5011,EWR,DCA
25752,UA 1070,EWR,LAS
25759,C5 4996,IAD,LGA
25768,C5 4890,GSP,EWR
25773,EV 3989,EWR,MEM
25776,OO 3880,CLE,LGA
25780,WN 3255,STL,LGA
25788,C5 4989,EWR,MKE
25804,YX 6064,CLE,LGA
25814,9E 5111,LGA,BGR
25839,OH 5487,ORF,LGA
25850,9E 3353,LGA,BGR
25879,OO 4847,LGA,MKE
25881,YX 6131,ROC,LGA
25900,YX 3728,EWR,CMH
25906,YX 5884,LGA,RIC
25919,C5 5019,STL,EWR
25935,9E 4919,LGA,BGR
25948,WN 2623,TPA,LGA
25949,WN 365,MSY,LGA
25951,EV 4347,EWR,SBN
25966,YX 3597,EWR,DFW
25981,UA 1845,MCO,EWR
25984,OO 3584,MKE,LGA
26009,9E 4806,LGA,BGR
26017,B6 2817,BOS,JFK
26021,DL 1328,LGA,TPA
26022,WN 4992,LGA,STL
26025,DL 2303,LGA,TPA
26026,YX 6108,LGA,JAX
26029,9E 5195,EWR,MSP
26034,9E 5252,LGA,BUF
26036,DL 488,LGA,DFW
26038,WN 1125,LGA,HOU
26042,OO 3910,DFW,JFK
26078,WN 1748,EWR,MDW
26085,WN 656,HOU,LGA
26091,9E 4803,CHS,LGA
26117,9E 5090,STL,LGA
26125,WN 1795,MSY,LGA
26140,WN 879,LGA,HOU
26142,UA 997,EWR,SRQ
26145,9E 3446,LGA,BGR
26148,WN 1377,LGA,MKE
26152,UA 1191,LGA,ORD
26156,DL 2757,LGA,PBI
26176,YX 6061,LGA,STL
26184,WN 4990,LGA,DEN
26185,YX 6119,CMH,LGA
26190,WN 3994,ATL,LGA
26196,YX 6106,SDF,LGA
26197,C5 4909,EWR,RIC
26200,DL 984,LGA,TPA
26206,WN 5410,DEN,LGA
26223,WN 3004,STL,EWR
26231,YX 6088,JFK,DCA
26238,9E 3352,LGA,RSW
26243,WN 2526,LGA,STL
26246,YX 3541,EWR,DFW
26255,DL 2922,TPA,JFK
26263,DL 2198,JFK,LAS
26266,WN 385,EWR,MDW
26268,YX 5931,MSN,LGA
26272,9E 3387,LGA,JAX
26274,9E 3459,SAV,JFK
26279,EV 4303,EWR,MEM
26281,9E 5059,BUF,LGA
26285,UA 1510,SEA,EWR
26288,9E 5138,JFK,ORD
26306,9E 3467,CLT,LGA
26321,DL 423,PHX,JFK
26324,9E 5187,LGA,CVG
26327,WN 2502,BNA,LGA
26336,UA 2306,ROC,EWR
26337,9E 4774,JFK,RIC
26351,9E 5158,JFK,DTW
26361,WN 2153,LGA,STL
26368,WN 2021,MDW,LGA
26377,DL 2436,LGA,PBI
26382,UA 2372,SFO,EWR
26384,YX 3476,EWR,CVG
26392,DL 320,DFW,LGA
26406,9E 5427,JAX,LGA
26407,DL 1120,SEA,JFK
26418,C5 4884,ROC,EWR
26420,YX 3641,ROC,EWR
26428,AA 2465,ORD,EWR
26438,G4 2953,EWR,TYS
26463,DL 1053,TPA,JFK
26464,UA 2403,EWR,MCO
26471,OO 3841,BOS,JFK
26475,DL 1204,DTW,LGA
26492,C5 4907,EWR,PVD
26498,YX 5932,DCA,LGA
26499,UA 561,LGA,DEN
26501,DL 1825,MSY,LGA
26503,9E 5071,LGA,STL
26505,UA 1026,IAD,EWR
26506,B6 2791,LGA,ACK
26517,9E 5155,LEX,LGA
26521,AA 25,ORD,JFK
26529,OO 3789,ORD,LGA
26535,UA 247,EWR,PBI
26539,9E 3317,ROC,JFK
26550,G7 6258,EWR,DTW
26561,YX 6059,LGA,GSO
26564,MQ 3594,PHL,JFK
26585,YX 4354,CMH,LGA
26606,WN 4036,DAL,LGA
26607,UA 369,EWR,SJU
26611,C5 4348,DCA,EWR
26620,DL 773,JFK,FLL
26643,OO 4094,MKE,LGA
26646,WN 5985,STL,LGA
26647,9E 5268,LGA,JAX
26650,WN 2244,LGA,DEN
26662,YX 3435,DFW,EWR
26666,9E 5021,CLT,JFK
26675,B6 402,FLL,JFK
26687,WN 3296,MDW,LGA
26694,9E 5162,MEM,LGA
26711,9E 5093,LGA,CHO
26719,9E 3470,ROC,JFK
26723,YX 3661,EWR,GRR
26724,EV 3994,CLE,EWR
26732,EV 4249,STL,EWR
26733,WN 2740,BNA,LGA
26739,9E 3340,LGA,CLT
26760,B6 805,EWR,FLL
26768,AA 429,CLT,JFK
26772,9E 3401,LGA,CLE
26781,C5 4941,MKE,EWR
26793,WN 2936,MDW,EWR
26796,C5 4900,EWR,MEM
26800,9E 5402,LGA,BUF
26807,DL 1147,MCO,JFK
26812,9E 3429,EWR,CVG
26819,YX 3731,EWR,GRR
26820,WN 2020,LGA,DAL
26826,MQ 3491,PWM,LGA
26828,9E 3323,ORF,LGA
26832,AA 2247,RDU,LGA
26839,DL 2662,JFK,CLT
26844,DL 2857,LGA,BOS
26863,G7 6276,EWR,CVG
26868,AA 1621,CLT,JFK
26882,G7 6239,RDU,EWR
26888,UA 649,DEN,LGA
26913,9E 5253,CHO,LGA
26924,OO 5431,ORD,LGA
26928,EV 4329,CLE,EWR
26931,9E 5085,LGA,CHA
26944,DL 2040,LGA,MSY
26953,EV 4155,CLE,LGA
26987,WN 2078,LGA,DAL
26994,DL 1581,PHX,JFK
26997,9E 3490,BOS,JFK
27003,UA 2382,RDU,EWR
27009,WN 2403,MDW,LGA
27010,9E 3379,LGA,GSP
27015,C5 4956,SYR,EWR
27019,EV 3992,BUF,EWR
27024,AS 536,LAX,EWR
27025,WN 2387,STL,EWR
27026,YX 6039,LGA,DCA
27033,YX 6026,BOS,LGA
27034,9E 5299,JFK,BWI
27048,EV 4056,EWR,BUF
27050,9E 3484,LGA,CLE
27052,UA 1460,EWR,LAX
27065,9E 5142,BUF,LGA
27066,C5 5024,RIC,EWR
27079,EV 4252,EWR,ROC
27080,AA 774,EWR,ORD
27081,EV 4028,EWR,SAV
27082,DL 950,JFK,PDX
27086,UA 2332,EWR,MSY
27090,9E 3469,MSN,LGA
27101,YX 6013,BOS,EWR
27103,DL 2563,FLL,JFK
27118,DL 1975,JFK,AUS
27126,YX 3583,LGA,ORD
27136,WN 1558,LGA,HOU
27142,9E 3372,JFK,PIT
27156,YX 5917,LGA,SDF
27157,C5 4880,EWR,ROC
27158,C5 4887,EWR,GSP
27164,YX 6021,LGA,ROC
27168,DL 2718,LGA,ORD
27170,DL 2777,ATL,EWR
27181,YX 3596,GRR,EWR
27189,UA 1466,EWR,PWM
27193,C5 5010,EWR,RIC
27201,ZW 3902,LGA,IAD
27203,YX 5989,BOS,LGA
27207,9E 5251,ORF,LGA
27210,9E 5174,JFK,BOS
27215,WN 1992,PHX,EWR
27218,OO 3843,LGA,RIC
27226,9E 5237,JFK,DFW
27228,UA 1139,EWR,IAD
27241,C5 5023,EWR,IND
27267,EV 4123,EWR,MHT
27308,AA 309,ORD,EWR
27311,9E 5113,EWR,CVG
27333,EV 4078,EWR,GSO
27340,DL 1893,JFK,SAT
27374,DL 2689,ORD,LGA
27382,WN 5547,DAL,LGA
27383,9E 5052,LGA,PWM
27394,9E 5480,JFK,DTW
27414,OO 4234,MEM,LGA
27417,9E 5203,DFW,JFK
27425,YX 3472,EWR,RDU
27444,C5 4956,EWR,CLE
27457,WN 1757,DEN,LGA
27463,C5 4931,CHS,EWR
27473,WN 1308,EWR,MDW
27481,AA 1631,JFK,CLT
27495,WN 1154,LGA,MDW
27504,YX 4320,LGA,DCA
27515,DL 691,CVG,LGA
27523,EV 4089,CLE,EWR
27531,OO 4658,SAV,LGA
27536,YX 3615,SAV,EWR
27537,YX 6106,SRQ,JFK
27547,YX 6067,LGA,IAH
27551,DL 1210,LGA,DFW
27554,OO 3738,LGA,BNA
27568,WN 2020,BNA,LGA
27572,DL 795,SJU,JFK
27576,YX 5870,ROC,LGA
27582,OO 4857,LGA,GSO
27585,AA 208,DFW,LGA
27601,YX 3542,BTV,EWR
27615,WN 2120,EWR,DEN
27618,YX 5945,LGA,DCA
27619,OO 3595,MSP,EWR
27633,WN 3132,EWR,STL
27641,B6 706,MCO,EWR
27665,OO 4088,LGA,RIC
27673,UA 425,EWR,RDU
27677,YX 3661,SDF,EWR
27678,9E 5052,ORD,JFK
27688,9E 4894,LGA,MEM
27705,B6 2123,JFK,LAX
27716,OO 5615,ORD,LGA
27730,9E 3435,LGA,TYS
27731,9E 5251,LGA,CLE
27733,9E 5260,DTW,JFK
27734,DL 2192,ORD,LGA
27735,B6 1601,JFK,FLL
27737,DL 1856,LGA,ATL
27748,OO 3597,MSP,EWR
27750,EV 4075,EWR,ORF
27756,EV 4021,BTV,EWR
27768,WN 3817,MDW,EWR
27771,MQ 4142,PHL,JFK
27783,C5 5006,SYR,EWR
27818,DL 1280,MCO,LGA
27821,DL 1840,JFK,PHX
27825,YX 3748,EWR,SYR
27832,YX 3620,EWR,MSY
27848,C5 5009,EWR,BGR
27866,DL 1614,ORD,LGA
27869,C5 4942,GSO,EWR
27872,DL 2588,LGA,MSP
27882,9E 5020,MHT,LGA
27887,YX 3638,EWR,SYR
27916,YX 5906,LGA,HHH
27919,9E 3299,LGA,CVG
27924,OO 3677,MCI,LGA
27946,YX 6082,LGA,BOS
27947,9E 5162,LGA,JAX
27957,YX 5889,LGA,BOS
27971,YX 4702,PHL,LGA
27984,WN 133,ATL,LGA
27987,C5 4992,EWR,BGR
27991,YX 3733,EWR,MKE
28013,MQ 3365,LGA,ORF
28026,DL 1182,LGA,MSY
28033,G7 6193,EWR,CVG
28041,9E 3380,PIT,LGA
28055,MQ 3390,JFK,PIT
28067,OO 3673,BNA,JFK
28068,9E 5143,JAX,JFK
28069,YX 3634,SRQ,EWR
28089,B6 704,SJU,JFK
28090,C5 4962,EWR,BTV
28105,MQ 4208,LGA,CLE
28109,YX 5919,LGA,MEM
28123,DL 400,MIA,JFK
28133,AA 1431,LGA,CLT
28134,WN 402,DEN,LGA
28146,WN 5630,LGA,DAL
28153,DL 2949,MSP,EWR
28167,C5 4898,GSP,EWR
28169,9E 3396,PWM,JFK
28185,WN 1136,MDW,LGA
28202,WN 6437,STL,LGA
28224,YX 3524,EWR,ATL
28231,YX 5871,JFK,PIT
28249,WN 4577,LGA,ATL
28267,YX 3544,ATL,EWR
28275,DL 1069,LGA,DFW
28276,C5 4932,EWR,PWM
28277,UA 375,DFW,EWR
28312,YX 6063,IND,LGA
28326,DL 1458,SJU,JFK
28344,9E 5326,ROC,JFK
28348,9E 3430,CVG,EWR
28349,YX 6055,RDU,LGA
28352,9E 5312,LGA,CLT
28360,WN 761,DEN,EWR
28367,WN 1160,TPA,LGA
28373,DL 2323,JFK,BOS
28376,DL 1518,JFK,MCO
28380,9E 3387,JFK,DCA
28387,C5 4882,ORF,EWR
28403,UA 463,IAH,EWR
28418,UA 1228,ORD,LGA
28448,WN 1158,LGA,STL
28453,MQ 3786,JFK,IND
28466,9E 4847,CVG,EWR
28474,WN 2453,LGA,MSY
28488,9E 5475,LGA,BNA
28509,YX 3639,PVD,EWR
28530,9E 3493,DFW,JFK
28531,YX 5886,STL,LGA
28542,DL 2727,PBI,LGA
28546,OO 3600,MEM,LGA
28568,DL 1956,ATL,LGA
28569,EV 4070,EWR,CLE
28574,UA 1989,MIA,EWR
28593,MQ 3575,BNA,LGA
28596,C5 4883,EWR,BTV
28602,EV 4167,SYR,EWR
28607,DL 1786,DFW,LGA
28612,9E 5242,DFW,JFK
28618,9E 5523,CLT,JFK
28621,EV 4340,STL,EWR
28642,9E 5506,CLE,LGA
28649,9E 5241,LGA,CLE
28655,WN 819,LGA,BNA
28659,OO 3808,JFK,RDU
28660,WN 3733,MSY,LGA
28663,OO 3645,LGA,GSP
28664,YX 3473,EWR,RIC
28681,9E 5040,JFK,PIT
28686,WN 5403,LGA,HOU
28694,9E 5274,BOS,JFK
28696,YX 4482,ACK,LGA
28722,DL 1290,EWR,DTW
28723,C5 5008,ACK,EWR
28735,WN 3732,LGA,MDW
28749,UA 1153,LGA,IAH
28750,MQ 3863,JFK,CLE
28752,C5 4952,JAX,EWR
28755,YX 4553,LGA,RDU
28757,OO 4040,LGA,BHM
28765,DL 848,LGA,DTW
28770,OO 3819,BNA,JFK
28771,YX 3541,EWR,MHT
28772,9E 3397,JFK,SYR
28776,9E 5303,JFK,ORF
28788,9E 3280,RDU,LGA
28795,WN 3590,LGA,MSY
28805,UA 1755,IAH,LGA
28811,9E 3472,LGA,MKE
28813,AA 1027,JFK,CLT
28819,DL 1934,LAX,JFK
28829,DL 570,LGA,ORD
28831,WN 1326,DAL,LGA
28839,AA 2479,LGA,ORD
28845,DL 1997,JFK,DCA
28853,9E 5141,LGA,BGR
28855,9E 3477,RIC,LGA
28856,F9 2961,EWR,MIA
28858,C5 5000,EWR,CHS
28864,DL 341,BOS,JFK
28866,OO 3519,BUF,LGA
28899,YX 6078,LGA,CLE
28904,YX 4365,LGA,PIT
28910,OO 4120,LGA,SAV
28927,DL 1046,ATL,JFK
28943,DL 2340,JFK,MSP
28948,DL 2009,JFK,PBI
28958,DL 397,LGA,ORD
28960,YX 6090,JAX,LGA
28969,9E 3300,BNA,JFK
28983,9E 5430,LGA,MKE
28985,YX 5892,LGA,IAH
29016,WN 1561,TPA,LGA
29018,UA 271,EWR,FLL
29038,DL 2101,PBI,LGA
29041,WN 1876,MDW,LGA
29045,EV 4024,BTV,EWR
29049,OO 5958,ORD,LGA
29067,9E 3320,SYR,LGA
29070,9E 3308,LGA,SDF
29073,YX 3711,CMH,EWR
29078,G7 6196,EWR,RDU
29079,UA 1913,MIA,EWR
29114,YX 3476,EWR,STL
29131,YX 6087,LGA,RDU
29139,WN 2113,LGA,DAL
29143,9E 5122,SAV,LGA
29159,AS 58,PSP,JFK
29167,9E 4921,LGA,CVG
29168,C5 4873,EWR,PWM
29192,EV 4018,MEM,EWR
29197,DL 1105,FLL,LGA
29201,EV 4016,EWR,ROC
29203,OO 3572,LGA,CLE
29206,UA 1803,EWR,MIA
29207,DL 801,JFK,ATL
29222,DL 1192,TPA,LGA
29243,9E 5278,GSP,LGA
29245,9E 3488,JFK,DFW
29282,UA 1199,EWR,LAS
29297,DL 1713,JFK,LAX
29299,WN 1263,LGA,BNA
29305,9E 5118,BTV,LGA
29323,WN 2751,MDW,LGA
29340,YX 5880,LGA,DCA
29345,OO 4078,LGA,ORD
29359,YX 6040,DCA,LGA
29361,YX 3674,IND,EWR
29370,WN 610,MDW,LGA
29374,WN 3577,DEN,EWR
29384,AA 248,MCO,JFK
29385,UA 522,EWR,PBI
29409,EV 4022,SAV,EWR
29422,OO 3679,LGA,MCI
29431,AS 1005,SFO,JFK
29432,9E 4880,JFK,RDU
29433,WN 1965,LGA,BNA
29440,C5 4896,EWR,GSO
29444,UA 2277,ROC,EWR
29468,OO 4051,LGA,BHM
29483,YX 4395,LGA,RIC
29492,9E 3378,CMH,LGA
29494,9E 4860,JFK,SAV
29510,UA 2254,IAD,EWR
29515,9E 5067,LGA,GSO
29519,YX 4369,DTW,LGA
29520,WN 724,DEN,EWR
29524,WN 1307,MDW,EWR
29534,DL 2115,LGA,TPA
29540,UA 1453,IAH,EWR
29561,9E 3492,JFK,IAD
29563,C5 4920,EWR,JAX
29572,OO 3173,EWR,ORD
29576,9E 3388,STL,LGA
29593,9E 4895,RIC,LGA
29602,YX 5876,IAH,LGA
29614,EV 4037,PVD,EWR
29630,YX 3468,ATL,EWR
29631,9E 4872,LGA,PWM
29639,YX 3490,DFW,EWR
29644,DL 670,LGA,MCO
29649,YX 3531,PWM,EWR
29650,DL 2509,JFK,SFO
29652,YX 5891,LGA,CLT
29660,WN 5036,MDW,EWR
29662,9E 4905,LGA,STL
29665,WN 5064,STL,EWR
29684,9E 3337,JFK,DTW
29686,9E 3300,IAD,JFK
29710,9E 3330,LGA,BGR
29711,DL 697,MSP,EWR
29718,YX 5985,SRQ,LGA
29719,WN 865,LGA,TPA
29738,YX 6057,CLT,LGA
29739,YX 6035,IND,LGA
29741,YX 6121,LGA,MCI
29757,UA 1419,EWR,LAS
29759,YX 6054,LGA,MSN
29761,UA 2391,DEN,LGA
29767,YX 4553,RDU,LGA
29785,EV 3965,EWR,CMH
29794,C5 4971,IAD,LGA
29813,AA 2050,ORD,LGA
29824,YX 3691,SDF,EWR
29825,WN 3934,STL,LGA
29862,EV 4002,EWR,PWM
29864,YV 6251,LGA,IAH
29865,YX 3693,EWR,MSP
29867,OO 3519,LGA,SAV
29876,9E 5110,STL,LGA
29891,OO 3572,LGA,BHM
29902,WN 3106,EWR,MDW
29927,OO 3850,CLT,LGA
29939,OO 3846,LGA,RIC
29944,YX 3704,ORD,LGA
29945,9E 5043,LGA,GRR
29949,G4 1906,VPS,EWR
29951,WN 478,HOU,LGA
29954,AA 914,CLT,EWR
29959,OO 3846,OMA,LGA
29995,C5 4881,BNA,EWR
29996,EV 4412,GRR,EWR
30017,DL 995,PDX,JFK
30037,9E 5222,BUF,JFK
30052,WN 4449,LGA,HOU
30060,EV 4049,EWR,BTV
30063,OO 3636,CLE,LGA
30078,UA 1639,SRQ,EWR
30092,WN 860,ATL,LGA
30096,MQ 3918,STL,LGA
30104,MQ 4237,DTW,LGA
30106,9E 5144,LGA,JAX
30115,YX 5877,BOS,LGA
30127,UA 2238,RSW,EWR
30145,YX 5961,LGA,ROC
30150,YX 5994,GSP,LGA
30152,WN 1219,BNA,EWR
30159,YX 4331,DCA,LGA
30162,9E 3469,LGA,MSN
30179,YV 6267,IAH,LGA
30182,YX 3547,ORF,EWR
30185,YX 3514,ORF,EWR
30193,DL 1448,JFK,AUS
30195,UA 1702,FLL,EWR
30221,OO 3881,RIC,JFK
30231,PT 4775,PHL,JFK
30234,WN 3314,MDW,EWR
30241,WN 5726,EWR,BNA
30255,WN 5451,MCI,LGA
30256,WN 3241,MCI,LGA
30263,YX 3441,CHS,EWR
30270,AA 2932,EWR,CLT
30274,WN 3221,LGA,FLL
30285,YX 6080,CLT,LGA
30288,OO 5250,ORD,LGA
30300,YV 6065,IAD,LGA
30321,WN 5508,BNA,EWR
30326,DL 963,LGA,DFW
30334,WN 3561,DEN,EWR
30336,9E 5046,BOS,JFK
30351,9E 5222,JFK,DFW
30353,YX 3536,RDU,EWR
30359,C5 4938,EWR,DCA
30360,C5 4917,ROC,EWR
30369,9E 5032,CMH,LGA
30373,OO 3808,BOS,JFK
30375,WN 783,EWR,MDW
30379,DL 766,LGA,TPA
30388,OO 3956,DSM,LGA
30392,YX 6087,BUF,LGA
30414,C5 5021,CVG,EWR
30418,WN 3071,DAL,LGA
30430,WN 508,DAL,LGA
30461,YX 6082,JFK,BOS
30472,DL 1608,JFK,DEN
30488,DL 1702,LGA,MIA
30493,9E 3499,GSP,LGA
30501,YX 6077,CHS,JFK
30505,OO 3576,LGA,CAE
30508,YX 6117,LGA,BOS
30522,9E 5230,LGA,CVG
30523,WN 265,LGA,DAL
30530,DL 1135,JFK,AUS
30536,WN 1275,LGA,MKE
30537,AA 2253,MIA,LGA
30548,G7 6188,RDU,EWR
30554,AA 885,ATL,LGA
30557,EV 4117,MKE,EWR
30558,AS 1413,JFK,LAX
30568,DL 546,LGA,IAH
30574,EV 4289,EWR,DTW
30582,DL 1576,JFK,LAS
30587,DL 1225,JFK,MIA
30643,WN 796,BNA,EWR
30646,9E 3445,LGA,RDU
30657,AA 1326,BOS,JFK
30661,9E 5336,LGA,CLE
30662,C5 4921,EWR,MEM
30665,DL 2771,ORD,LGA
30676,DL 1615,PBI,LGA
30677,UA 1087,PBI,EWR
30681,OO 3620,LGA,GSO
30685,9E 3448,LGA,GSP
30687,F9 1261,EWR,MCO
30689,WN 2581,LGA,DEN
30690,YX 6098,LGA,MCI
30702,WN 1640,ATL,LGA
30705,OO 3985,ORD,JFK
30706,EV 4413,EWR,GRR
30717,WN 5340,LGA,HOU
30734,EV 3992,EWR,ALB
30739,9E 3383,BTV,JFK
30749,WN 948,DAL,LGA
30757,WN 491,LGA,DEN
30775,B6 128,FLL,EWR
30785,WN 2564,AUS,EWR
30789,9E 5139,GRR,LGA
30800,YX 6038,LGA,IND
30811,9E 4803,CLE,JFK
30819,WN 3538,LGA,BNA
30820,WN 4733,LGA,ATL
30857,C5 5011,EWR,BUF
30858,YX 4360,LGA,DTW
30862,9E 5101,JFK,CLE
30872,9E 3339,ORF,JFK
30880,EV 4265,CMH,EWR
30884,UA 1499,ORD,LGA
30891,WN 2339,LGA,DEN
30901,YX 5884,BUF,LGA
30917,9E 5472,CLT,JFK
30944,DL 1307,SEA,JFK
30955,OO 3604,LGA,MKE
30959,YX 5906,BUF,LGA
30969,OO 3996,BOS,JFK
30972,WN 6707,LGA,MCI
30974,MQ 4213,LGA,SDF
30986,9E 3413,SYR,LGA
31002,9E 5178,JAX,LGA
31009,EV 4156,STL,EWR
31013,WN 4876,ATL,LGA
31061,DL 1928,SLC,JFK
31062,YX 5936,LGA,DCA
31067,9E 3402,XNA,LGA
31094,WN 2367,LGA,DAL
31100,WN 4541,DAL,LGA
31105,WN 819,MSY,LGA
31111,WN 650,LGA,MCI
31113,YX 3622,EWR,SRQ
31136,YX 3703,ORD,EWR
31151,WN 4858,MDW,EWR
31177,UA 327,EWR,DFW
31179,WN 3800,LGA,DEN
31209,DL 2420,EWR,MSP
31216,OO 3682,LGA,GSP
31222,9E 5308,CLT,LGA
31223,WN 2171,EWR,OAK
31266,DL 1406,SJU,JFK
31267,DL 2279,LAX,JFK
31271,9E 3431,BNA,JFK
31277,C5 4962,EWR,BGR
31282,9E 3481,DFW,JFK
31296,9E 4945,ORF,LGA
31313,YX 6038,JFK,IND
31314,9E 4895,LGA,RIC
31333,G7 6275,DTW,EWR
31344,WN 3836,BWI,EWR
31351,OO 3940,LGA,BNA
31356,UA 834,EWR,PHX
31361,MQ 3985,JFK,RDU
31363,WN 776,EWR,BNA
31381,9E 5322,JFK,DCA
31382,WN 1174,LGA,TPA
31384,9E 5160,LGA,MEM
31402,YX 4311,RDU,LGA
31416,UA 1157,MIA,EWR
31417,UA 1629,EWR,PHX
31450,DL 1334,LGA,ATL
31465,EV 4140,EWR,BNA
31480,WN 2932,DAL,LGA
31483,G7 6227,EWR,CVG
31489,DL 456,BOS,LGA
31491,YX 3598,EWR,GRR
31495,YX 3545,EWR,CHS
31497,UA 1409,LGA,ORD
31500,9E 5083,RDU,LGA
31501,DL 3014,JFK,MIA
31502,DL 1410,FLL,LGA
31509,B6 2704,SJU,JFK
31530,WN 353,LGA,MDW
31537,YX 3436,CVG,EWR
31539,9E 5060,DFW,JFK
31543,YX 4350,MVY,LGA
31563,UA 1450,IAH,EWR
31567,WN 1330,MDW,LGA
31580,DL 807,IAH,LGA
31581,YX 3628,EWR,STL
31596,YX 3700,LGA,ORD
31603,YX 6019,BOS,JFK
31615,9E 5233,BTV,LGA
31628,UA 380,FLL,EWR
31640,9E 3310,JFK,DCA
31667,UA 1086,FLL,EWR
31673,AA 2166,LGA,BOS
31675,AA 1021,DFW,LGA
31698,9E 4835,MEM,LGA
31704,9E 3286,RDU,LGA
31708,OO 3929,DCA,JFK
31709,DL 677,MSY,LGA
31710,EV 4335,CMH,EWR
31731,DL 1154,LGA,MCO
31733,YX 5879,PIT,LGA
31738,9E 5128,JFK,BTV
31745,OO 3609,CAE,LGA
31746,AA 1045,LGA,CLT
31760,YX 6051,PIT,LGA
31779,DL 2447,ATL,EWR
31784,UA 1072,ORD,EWR
31806,OO 3521,LGA,BNA
31813,DL 2175,LGA,ORD
31814,DL 1024,FLL,LGA
31819,DL 2752,EWR,DTW
31826,C5 4885,EWR,ELM
31845,EV 4024,EWR,PVD
31855,9E 5355,DTW,JFK
31857,YX 6044,BHM,LGA
31860,DL 519,JFK,PDX
31864,DL 1994,MIA,LGA
31872,9E 5241,LGA,RDU
31875,YX 5923,MEM,LGA
31892,WN 2515,BNA,LGA
31899,YX 6034,RDU,LGA
31900,WN 2171,STL,EWR
31915,EV 4207,GRR,EWR
31925,G4 403,TYS,EWR
31933,YX 6037,CLT,LGA
31937,YX 3607,EWR,BTV
31947,EV 4378,EWR,DCA
31949,9E 5148,IND,JFK
31959,9E 5161,JFK,DTW
31965,9E 5394,GSP,LGA
31969,OO 3839,LGA,MKE
31972,WN 3288,PBI,LGA
31975,YX 5957,PIT,LGA
31979,YX 6062,LGA,RDU
32001,MQ 4072,LGA,CHO
32011,YX 5980,ROC,LGA
32013,WN 1145,LGA,MCI
32018,9E 3493,MSN,LGA
32024,DL 1443,IAH,JFK
32037,WN 1250,AUS,EWR
32041,DL 1404,BOS,JFK
32059,WN 350,MSY,LGA
32065,DL 751,BOS,LGA
32067,OO 3766,EWR,DTW
32069,DL 1863,IAH,LGA
32079,YX 4633,PBI,LGA
32100,9E 5440,LGA,CLT
32105,9E 5203,JFK,DFW
32113,YX 6106,CMH,LGA
32115,DL 2633,JFK,ATL
32123,UA 849,MSY,EWR
32138,EV 4155,GRR,EWR
32140,OO 3781,RIC,LGA
32142,WN 803,LGA,DEN
32144,9E 5426,EWR,BOS
32148,9E 5259,MSP,EWR
32159,DL 2717,JFK,CLT
32162,AA 1015,JFK,MIA
32171,DL 861,BOS,JFK
32175,DL 1415,LGA,MIA
32179,UA 1022,EWR,CLT
32185,G7 6188,EWR,RDU
32189,YX 3595,EWR,DFW
32195,DL 2168,MIA,LGA
32205,9E 3425,JFK,PWM
32223,UA 1021,RSW,EWR
32232,9E 5298,GSO,LGA
32244,MQ 4023,LGA,GSO
32246,WN 2506,ATL,LGA
32260,YX 6128,LGA,ROC
32269,9E 5127,CLE,LGA
32275,EV 3966,CLE,EWR
32281,9E 5142,JFK,DTW
32282,AA 1414,MIA,EWR
32284,DL 1774,SJC,JFK
32286,MQ 4239,CMH,LGA
32303,9E 5222,BTV,LGA
32323,DL 637,LGA,TVC
32327,DL 1587,LGA,BOS
32332,OO 3711,CLE,LGA
32333,OO 5587,ORD,LGA
32337,DL 2822,JFK,MCO
32346,YX 3567,OMA,EWR
32366,WN 2410,LGA,HOU
32367,UA 1754,MSY,EWR
32388,9E 5228,RIC,LGA
32401,C5 4934,PWM,EWR
32403,OO 4164,OMA,LGA
32417,YX 6135,JFK,CLE
32428,DL 2158,DTW,EWR
32454,OO 3665,GSP,LGA
32479,9E 3374,JFK,BOS
32483,9E 5340,CHA,LGA
32493,DL 715,DFW,LGA
32498,9E 4800,LGA,SAV
32511,WN 6630,EWR,PHX
32513,MQ 3736,JFK,ORF
32516,DL 301,LGA,BOS
32518,9E 3345,ROC,LGA
32521,OO 3875,LGA,DSM
32523,9E 5234,BUF,JFK
32537,YX 5968,RDU,LGA
32560,YX 6047,LGA,GSP
32577,DL 2712,MSP,EWR
32578,YX 6113,CMH,LGA
32581,9E 5060,LGA,GSO
32585,WN 5248,LGA,ATL
32596,DL 1882,MCO,JFK
32608,DL 931,LGA,ORD
32610,WN 1166,MSY,LGA
32612,WN 3117,LGA,MDW
32614,9E 3395,CVG,EWR
32618,9E 5514,BHM,LGA
32629,WN 1738,ATL,LGA
32630,9E 3355,GSO,LGA
32635,9E 5036,SDF,LGA
32639,DL 1964,ORD,LGA
32643,DL 1963,LGA,DFW
32645,YX 5897,LGA,GRR
32647,9E 5419,TYS,LGA
32666,YX 4352,PHL,LGA
32685,9E 5206,LGA,ORF
32690,WN 3634,MSY,LGA
32698,9E 5110,LGA,PIT
32701,DL 2744,EWR,DTW
32703,C5 4946,CVG,EWR
32711,9E 3361,CLT,JFK
32718,YX 6028,LGA,SDF
32737,C5 4931,ORF,EWR
32742,9E 4823,RIC,LGA
32749,WN 3865,MCI,LGA
32767,WN 2808,MDW,LGA
32777,YX 5971,MCI,LGA
32796,WN 3607,ATL,LGA
32807,DL 2763,LGA,MIA
32819,YX 5891,LGA,BOS
32825,C5 5011,PVD,EWR
32841,YX 6105,DFW,LGA
32854,WN 471,LGA,DAL
32874,AA 2486,ORD,LGA
32878,YX 4620,LGA,DAB
32885,YX 4354,CLE,LGA
32918,OO 4626,BUF,JFK
32933,YX 5939,LGA,BOS
32935,DL 2018,ATL,LGA
32939,OO 4443,MKE,LGA
32943,DL 1280,LGA,DFW
32946,DL 1106,MCO,LGA
32952,UA 1252,EWR,SAT
32959,WN 4567,LGA,MDW
32960,C5 4901,STL,EWR
32967,9E 5423,EWR,MSP
32974,EV 4416,PVD,EWR
32977,C5 4978,IAD,EWR
32987,UA 1279,AUS,EWR
33011,9E 3282,PIT,LGA
33025,DL 483,LGA,SRQ
33048,WN 4440,LGA,MDW
33059,WN 4634,DEN,LGA
33061,WN 2740,LGA,DAL
33095,B6 1808,IAD,JFK
33110,9E 4886,PWM,LGA
33111,YX 5967,LGA,MSY
33116,DL 3049,ORD,LGA
33128,AA 194,LGA,ORD
33132,DL 2805,MSY,JFK
33136,OO 3541,JFK,CLE
33139,DL 2316,JFK,DEN
33150,OO 4145,LGA,BHM
33167,9E 5209,LGA,CLT
33198,C5 4902,EWR,MSN
33199,WN 1566,LGA,DAL
33209,WN 687,LGA,DEN
33211,EV 4065,CLE,EWR
33216,9E 5310,CVG,LGA
33218,UA 1921,LGA,ORD
33221,YX 4277,LGA,BNA
33225,DL 976,JFK,DEN
33291,UA 695,EWR,RDU
33302,DL 2155,FLL,LGA
33325,9E 4889,LGA,MCI
33327,EV 4391,RDU,EWR
33342,UA 1281,EWR,IAH
33348,YX 6028,LGA,CMH
33356,9E 5074,BGR,LGA
33364,9E 3397,STL,LGA
33370,9E 3430,LGA,MCI
33373,WN 4931,STL,LGA
33387,YX 5931,BOS,LGA
33397,EV 4032,BTV,EWR
33404,UA 1174,EWR,LAS
33406,9E 5442,XNA,LGA
33424,YX 3719,GRR,EWR
33426,DL 1521,DTW,JFK
33428,DL 1557,LGA,MCO
33433,EV 4104,JAX,EWR
33436,YX 6084,BOS,EWR
33440,C5 4913,ORF,EWR
33446,YX 6087,IND,LGA
33455,9E 5306,JFK,SYR
33483,9E 5438,JFK,CLE
33502,WN 559,DAL,LGA
33511,YX 4506,DTW,LGA
33519,YX 5880,LGA,RDU
33569,9E 5358,JFK,DTW
33573,OO 3639,JFK,RIC
33574,DL 1473,JFK,SJU
33582,DL 1961,JFK,SLC
33587,DL 1549,LGA,MIA
33592,C5 4946,GSP,EWR
33595,AA 1399,JFK,LAS
33603,DL 1967,JFK,PHX
33617,9E 3325,PWM,LGA
33625,9E 3292,OMA,LGA
33631,C5 4991,RIC,EWR
33638,WN 3156,LGA,ATL
33653,DL 2312,JFK,SFO
33654,9E 5048,RDU,EWR
33662,WN 388,MDW,LGA
33681,9E 5257,BUF,JFK
33692,YX 3465,CLT,EWR
33700,9E 3291,JFK,BNA
33707,WN 1166,MDW,LGA
33710,MQ 3742,ORF,JFK
33717,DL 2229,LGA,IAH
33718,OO 4122,ORD,LGA
33726,WN 5381,LGA,BNA
33727,DL 761,DTW,JFK
33741,DL 2108,MSP,LGA
33748,9E 5073,OMA,LGA
33754,9E 5390,JFK,RIC
33759,9E 3378,LGA,PIT
33760,9E 3373,MCI,LGA
33762,9E 5193,TYS,LGA
33769,9E 3448,ROC,JFK
33781,DL 1437,JFK,SLC
33783,YX 5967,CMH,LGA
33786,UA 2185,JAX,EWR
33787,AA 1380,CLT,EWR
33790,B6 1610,ACK,LGA
33800,OO 4167,IAH,LGA
33801,WN 2376,TPA,LGA
33815,9E 3458,GRR,LGA
33817,OO 4796,LGA,GSO
33837,DL 1518,LGA,TPA
33845,9E 3354,LGA,SAV
33849,YX 3609,MKE,EWR
33865,OO 4094,ORD,LGA
33874,WN 1080,EWR,BWI
33875,DL 1109,JFK,RSW
33876,C5 4959,CLE,EWR
33882,UA 1562,EGE,EWR
33887,9E 5465,CHA,LGA
33899,9E 5205,RDU,LGA
33905,WN 3738,TPA,LGA
33911,WN 2747,MKE,LGA
33915,DL 2781,JFK,ATL
33923,YX 3659,STL,EWR
33924,WN 3567,STL,EWR
33949,OO 5773,ORD,LGA
33960,UA 1738,SFO,EWR
33965,WN 461,PHX,EWR
33966,MQ 3874,CLE,LGA
33968,YX 5921,LGA,BOS
33980,UA 1775,PBI,EWR
33984,B6 1905,JFK,ORD
33986,YX 3675,ORD,LGA
33989,9E 3289,JFK,ROC
34005,9E 5158,BUF,JFK
34006,YX 5888,ROC,JFK
34023,YX 6059,LGA,CHS
34027,9E 3428,PIT,LGA
34041,AA 2306,JFK,SAN
34045,DL 1316,ATL,EWR
34047,YX 3594,CLE,LGA
34067,WN 2162,EWR,STL
34070,UA 480,SEA,EWR
34073,WN 2086,BNA,EWR
34074,YX 5934,IAH,LGA
34076,WN 962,LGA,HOU
34094,WN 3022,LGA,BNA
34111,WN 2325,EWR,STL
34115,DL 1578,JFK,MIA
34116,OO 3891,LGA,BHM
34132,WN 2032,EWR,AUS
34136,WN 2325,EWR,MDW
34149,OO 4134,SAV,LGA
34163,DL 305,DTW,EWR
34166,YX 6128,LGA,CLE
34168,UA 521,EWR,AUS
34172,DL 999,DTW,JFK
34180,UA 2301,PBI,EWR
34204,WN 3110,EWR,PHX
34218,EV 4096,EWR,BUF
34222,WN 3751,LGA,DEN
34240,C5 4865,EWR,CMH
34241,WN 2776,DAL,LGA
34268,WN 1156,EWR,MDW
34273,WN 4269,EWR,MDW
34277,C5 4990,PVD,EWR
34308,YX 5927,JFK,DTW
34329,DL 728,LGA,IAH
34357,DL 3019,ATL,EWR
34376,YX 5927,LGA,BUF
34379,9E 5318,CLT,LGA
34381,DL 1839,LGA,BOS
34383,WN 1168,LGA,ATL
34396,OO 3948,LGA,GSO
34416,G7 6283,EWR,RDU
34419,OH 5654,LGA,ORF
34425,UA 1029,ORD,LGA
34448,WN 1718,MCO,EWR
34454,YX 3686,EWR,ROC
34456,B6 2026,FLL,JFK
34458,WN 5874,DAL,LGA
34468,G7 6215,DTW,EWR
34469,WN 3820,MDW,LGA
34470,DL 796,LGA,DFW
34496,9E 5549,LGA,BGR
34500,YX 6010,LGA,ROC
34504,UA 910,EWR,PBI
34513,DL 1197,DFW,JFK
34522,9E 5358,LGA,PIT
34530,9E 5312,PIT,LGA
34531,OO 3663,SYR,LGA
34532,C5 4885,DCA,EWR
34541,C5 4914,EWR,GRR
34560,WN 393,LGA,MKE
34583,9E 3324,LGA,PIT
34596,9E 3417,BNA,LGA
34606,YX 4555,LGA,CAE
34611,DL 1501,FLL,LGA
34633,DL 998,PBI,LGA
34637,OO 3815,CLT,LGA
34641,UA 1057,PBI,EWR
34648,WN 2282,DAL,LGA
34660,DL 1814,LGA,MSY
34691,YX 5902,EWR,BOS
34702,C5 4911,EWR,CMH
34708,YX 6046,PIT,LGA
34712,WN 2569,EWR,AUS
34713,YX 6057,CLE,LGA
34722,AA 801,LGA,DFW
34735,YX 3417,ATL,EWR
34736,WN 3946,LGA,BNA
34742,OO 3737,JFK,BUF
34757,C5 4922,CLE,EWR
34792,YX 3554,EWR,PVD
34795,YX 5868,SDF,LGA
34821,OO 3803,LGA,GRR
34827,EV 4238,EWR,MEM
34843,DL 1167,TPA,LGA
34859,DL 2210,LGA,ATL
34878,YX 3681,BUF,EWR
34884,9E 3424,LGA,ROC
34897,WN 3228,MCO,LGA
34899,C5 4882,EWR,ROC
34905,DL 2840,JFK,PHX
34909,C5 4981,MHT,EWR
34912,UA 565,EWR,MCO
34925,G4 1233,AVL,EWR
34941,WN 2648,MDW,LGA
34959,YX 3637,ROC,EWR
34961,WN 3806,MDW,LGA
34982,WN 5331,LGA,DAL
34999,YX 3696,EWR,RIC
35002,DL 1877,LGA,BOS
35009,WN 5394,DAL,LGA
35012,9E 5296,BWI,JFK
35015,AS 590,SFO,EWR
35024,DL 1591,MIA,LGA
35042,WN 955,MCI,LGA
35045,WN 396,LGA,TPA
35059,B6 580,EWR,BOS
35079,EV 4240,IND,EWR
35081,C5 4903,PVD,EWR
35082,YX 6060,RDU,LGA
35086,YX 5950,BUF,LGA
35092,DL 846,IAH,LGA
35095,C5 4994,EWR,JAX
35103,WN 3980,BNA,LGA
35115,WN 2437,LGA,ATL
35116,WN 925,LGA,MSY
35121,DL 2802,LAS,JFK
35177,WN 486,BWI,EWR
35184,DL 496,LAX,JFK
35187,DL 719,LGA,DFW
35215,DL 1243,LGA,IAH
35219,9E 4893,LGA,SYR
35228,C5 4987,EWR,TYS
35231,9E 3335,PIT,JFK
35237,WN 2503,ATL,LGA
35240,MQ 3803,ORD,EWR
35243,YX 5872,STL,LGA
35246,OO 4032,LGA,SYR
35249,WN 1749,MDW,EWR
35260,C5 4919,EWR,BGR
35261,OO 3728,LGA,DFW
35265,UA 205,MIA,EWR
35267,AA 2885,RDU,LGA
35268,AA 2768,PHX,JFK
35270,OO 3755,LGA,ORD
35280,AA 115,EGE,LGA
35289,9E 5112,JFK,ORF
35304,AA 1208,LGA,DFW
35315,9E 3350,STL,LGA
35321,EV 4040,EWR,AVL
35329,DL 2602,JFK,MSP
35351,9E 5516,CHS,LGA
35355,DL 773,LGA,ATL
35371,9E 3478,MCI,LGA
35373,YX 5974,ROC,LGA
35379,YX 4370,RIC,LGA
35388,DL 842,EWR,MSP
35393,YV 6291,IAD,LGA
35405,WN 1521,LGA,MKE
35407,C5 4891,EWR,BUF
35423,9E 3396,CLE,LGA
35425,DL 1479,TPA,JFK
35440,WN 3072,MCI,LGA
35442,UA 1738,EWR,ROC
35444,C5 4974,EWR,ROC
35447,9E 5280,LGA,SYR
35450,YX 3572,EWR,DCA
35455,WN 2414,LGA,DAL
35463,DL 1253,LGA,DFW
35464,DL 1473,JFK,LAS
35465,YX 5997,LGA,MSY
35469,OO 3916,DSM,LGA
35477,WN 1397,MCI,LGA
35483,UA 665,IAH,EWR
35487,AA 2286,LGA,CLT
35489,AA 2155,LGA,DCA
35490,C5 4894,RIC,EWR
35506,DL 2978,JFK,SEA
35509,C5 4990,EWR,ORF
35513,DL 1968,JFK,ATL
35518,YX 4364,LGA,PHL
35523,DL 1977,DFW,LGA
35524,YX 5874,PWM,LGA
35525,WN 146,DAL,LGA
35545,9E 3469,RIC,JFK
35548,OO 3922,JFK,RIC
35551,OO 3540,GSO,LGA
35562,YX 6067,JFK,BOS
35591,DL 2004,LGA,DEN
35595,WN 4145,LGA,ATL
35603,OO 3571,BNA,LGA
35605,DL 1945,JFK,MSY
35613,9E 3296,STL,LGA
35622,9E 4858,ROC,LGA
35632,AA 1899,CLT,EWR
35649,C5 5009,EWR,RIC
35661,YX 3465,EWR,PWM
35674,OO 3799,ORD,LGA
35685,C5 4921,BGR,EWR
35691,YX 6112,LGA,BOS
35692,9E 3334,LGA,STL
35701,WN 263,LGA,MDW
35721,AA 2522,JFK,SEA
35723,YX 4343,LGA,ILM
35764,YX 3606,ORD,LGA
35779,WN 870,OAK,EWR
35783,YX 5937,LGA,RDU
35786,WN 1876,LGA,TPA
35787,DL 658,LGA,ATL
35788,YX 6128,CMH,LGA
35798,9E 5240,SAV,LGA
35832,DL 496,DFW,JFK
35855,OO 4931,BHM,LGA
35894,WN 1797,LGA,MDW
35896,EV 4107,EWR,BUF
35919,WN 4652,EWR,BNA
35923,9E 5123,LGA,PIT
35930,OO 3537,BHM,LGA
35940,9E 5320,DTW,JFK
35945,OO 3574,LGA,PIT
35952,G7 6198,RDU,EWR
35957,YX 3547,EWR,SDF
35992,9E 3397,PWM,JFK
36007,WN 4090,STL,LGA
36036,9E 4935,LGA,CLE
36050,9E 5152,SYR,LGA
36052,WN 2510,LGA,ATL
36070,C5 4919,IAD,EWR
36073,UA 382,MIA,EWR
36077,B6 784,MCO,JFK
36097,DL 982,FLL,LGA
36104,DL 380,JFK,SNA
36115,G7 6223,EWR,CVG
36131,DL 2701,JFK,MIA
36133,OO 4053,RIC,LGA
36147,WN 1875,DEN,LGA
36181,DL 508,LGA,PBI
36184,WN 3807,BNA,LGA
36186,AA 2578,LGA,PHL
36196,WN 4246,STL,LGA
36212,WN 1759,BNA,LGA
36218,WN 1407,MSY,LGA
36231,AA 698,PHL,LGA
36291,WN 426,TPA,LGA
36305,WN 1661,DEN,EWR
36323,B6 753,JFK,PBI
36335,YX 3721,EWR,BNA
36339,9E 4904,CHS,LGA
36343,WN 3114,LGA,DEN
36344,YX 3463,EWR,RIC
36350,9E 3320,MEM,LGA
36356,AA 2862,LGA,RDU
36360,UA 377,EWR,MSY
36372,WN 3610,LGA,MDW
36374,C5 4956,EWR,GRR
36382,WN 2117,BWI,EWR
36388,WN 1831,LGA,DAL
36394,DL 889,JAX,JFK
36407,DL 814,BOS,LGA
36414,YX 6014,IAH,LGA
36434,WN 240,MKE,LGA
36444,YX 4677,LGA,DTW
36451,DL 1911,ATL,JFK
36453,9E 3421,LGA,PWM
36472,YX 5872,IAH,LGA
36481,AA 459,LGA,PHL
36513,9E 5433,IAD,JFK
36519,OO 4042,BOS,JFK
36525,UA 324,CLT,EWR
36536,OO 3511,LGA,OMA
36544,WN 4588,LGA,BNA
36557,WN 3194,DAL,LGA
36582,C5 4985,EWR,CMH
36598,DL 340,LGA,ORD
36611,9E 5154,JFK,ROC
36614,YX 5900,MEM,LGA
36630,WN 3347,MDW,EWR
36669,9E 3387,GSP,LGA
36673,OO 3847,LGA,CLT
36674,WN 3894,LGA,DEN
36681,B6 2639,JFK,BQN
36732,YX 3402,ATL,EWR
36736,EV 4402,GRR,EWR
36756,UA 1280,LGA,ORD
36758,DL 2274,JFK,MSY
36766,YX 4455,PIT,LGA
36785,EV 3997,EWR,ALB
36786,DL 1901,DFW,LGA
36788,WN 4531,LGA,DAL
36789,G7 6250,RDU,EWR
36804,DL 746,BOS,LGA
36807,YX 4702,SAV,LGA
36809,OO 3727,LGA,ORD
36821,AA 1833,CLT,JFK
36840,OO 3647,JFK,ORD
36855,DL 617,JFK,ATL
36863,UA 1071,MIA,EWR
36873,YV 6087,IAH,LGA
36878,B6 2638,BQN,JFK
36887,C5 4991,MSN,EWR
36891,WN 1527,LGA,HOU
36894,WN 578,LGA,DAL
36899,EV 4395,PVD,EWR
36922,MQ 3370,SAV,LGA
36938,WN 2081,EWR,SAN
36945,WN 4114,BNA,LGA
36954,YX 3682,DFW,EWR
36958,UA 1206,EWR,CLT
36979,WN 1735,LGA,ATL
37014,DL 1366,LGA,FLL
37024,AA 1954,LGA,ATL
37035,YX 3680,EYW,EWR
37041,DL 1099,DFW,LGA
37048,OO 3713,DFW,LGA
37050,EV 4031,GRR,EWR
37052,9E 3345,JFK,RDU
37094,OO 4869,ORD,LGA
37109,YX 6025,LGA,CHS
37115,YX 6108,LGA,BOS
37119,WN 1146,LGA,ATL
37140,9E 3479,CLE,LGA
37159,MQ 4115,BGR,LGA
37165,AA 636,MIA,JFK
37195,YX 3448,ATL,EWR
37196,YX 6029,LGA,MSN
37198,WN 2324,LGA,HOU
37227,C5 4927,EWR,BTV
37231,WN 5344,TPA,LGA
37235,YX 3463,BTV,EWR
37251,OO 3619,PIT,JFK
37259,9E 3281,JAX,LGA
37272,EV 4169,ORD,LGA
37314,B6 2533,BTV,JFK
37332,9E 3343,LGA,ROC
37342,9E 3415,PIT,JFK
37358,C5 4891,EWR,ALB
37364,MQ 4213,LGA,MYR
37366,AS 104,SFO,JFK
37371,DL 1218,DEN,LGA
37373,YX 3539,EWR,DAY
37378,WN 5050,MDW,LGA
37382,9E 3382,BOS,JFK
37387,YX 3560,CLT,EWR
37393,YX 5937,CLT,LGA
37397,OO 3821,LGA,SYR
37399,9E 5042,CLT,LGA
37401,WN 2257,LGA,HOU
37417,C5 4883,CMH,EWR
37427,YX 5877,RDU,LGA
37435,WN 1413,BNA,LGA
37438,OO 3952,RIC,LGA
37440,EV 4283,EWR,BTV
37446,9E 3412,JFK,ROC
37449,YX 5882,SDF,LGA
37451,YX 6106,LGA,SDF
37462,YX 4318,LGA,DCA
37469,9E 3432,LGA,ORF
37471,DL 2748,DTW,JFK
37472,WN 4050,LGA,DAL
37497,DL 2521,FLL,LGA
37505,DL 1128,DTW,JFK
37511,DL 1537,LGA,CVG
37513,OO 3586,BNA,LGA
37516,YX 3599,EWR,ROC
37525,WN 222,DAL,LGA
37549,WN 120,BNA,EWR
37550,C5 5001,JAX,EWR
37561,NK 423,LGA,MCO
37564,YX 3564,MHT,EWR
37566,AS 1025,JFK,SFO
37570,UA 1853,RSW,EWR
37579,WN 3302,MCI,LGA
37607,YV 6371,LGA,IAH
37608,WN 732,MCI,LGA
37612,9E 4774,RIC,JFK
37616,DL 1731,MSP,EWR
37619,DL 1483,DCA,JFK
37629,9E 5237,LGA,GRR
37644,DL 1733,ATL,EWR
37660,YX 5928,MEM,LGA
37665,WN 4586,LGA,DAL
37673,WN 5321,EWR,FLL
37674,WN 957,MDW,LGA
37686,YX 5997,LGA,SDF
37690,OO 3581,CAE,LGA
37703,9E 5219,MSN,LGA
37707,9E 5217,CAE,LGA
37717,AA 484,LGA,CLT
37724,EV 4095,LGA,CLE
37729,9E 3465,LGA,ORF
37730,YX 3422,EWR,JAX
37734,WN 2391,EWR,BNA
37739,YX 6053,JFK,BOS
37750,OO 3731,LGA,SAV
37770,YX 3577,EWR,PWM
37771,9E 4796,CHO,LGA
37778,YX 3416,EWR,SRQ
37783,EV 3972,CVG,EWR
37788,YX 4372,LGA,CMH
37790,YX 5886,LGA,RDU
37806,YX 5920,LGA,CMH
37824,C5 4957,EWR,CHS
37830,EV 4369,PVD,EWR
37837,YX 3444,DFW,EWR
37849,OO 3648,EWR,DTW
37868,9E 3459,JFK,CHS
37916,9E 4833,LGA,CLT
37922,OO 3677,GRR,LGA
37926,OO 3645,RIC,JFK
37937,MQ 3343,CVG,JFK
37945,DL 708,LGA,BOS
37959,YX 5925,LGA,STL
37960,C5 4996,EWR,STL
37991,9E 5047,LGA,CLT
37999,EV 4324,ROC,EWR
38025,9E 3450,ORF,LGA
38046,DL 1557,JFK,LAX
38051,YX 3576,EWR,CLE
38078,9E 5279,PIT,LGA
38084,C5 4930,MHT,EWR
38094,OO 5757,ORD,LGA
38104,UA 346,EWR,MYR
38110,9E 5245,STL,LGA
38131,UA 1469,EWR,DEN
38141,YX 5969,JAX,JFK
38151,EV 4487,MEM,EWR
38170,WN 451,STL,LGA
38178,AS 1167,EWR,LAX
38186,WN 4793,HOU,LGA
38190,DL 665,LGA,IAH
38201,WN 3015,LGA,DAL
38210,EV 4041,CLE,EWR
38223,YX 5975,LGA,SDF
38228,OO 4049,JFK,ORD
38244,AA 2280,LGA,ORD
38264,WN 2612,ATL,LGA
38269,YX 3491,EWR,DCA
38271,UA 1522,PBI,EWR
38292,9E 3439,LGA,CVG
38293,YX 4459,LGA,STL
38302,DL 1780,EWR,ATL
38327,DL 2439,ATL,EWR
38333,DL 403,TPA,LGA
38349,WN 3628,MCI,LGA
38364,UA 1187,ORD,LGA
38368,OO 3607,LGA,GSO
38404,YX 6074,RDU,LGA
38405,WN 1943,LGA,MKE
38408,EV 3982,EWR,CLT
38412,MQ 4202,STL,LGA
38416,DL 2838,LGA,BOS
38418,AA 1580,EWR,MIA
38428,WN 3583,LGA,BNA
38483,EV 4189,EWR,BUF
38489,9E 5404,LGA,CLE
38516,9E 5243,DFW,JFK
38522,C5 4914,GSP,EWR
38540,9E 3352,RSW,LGA
38544,DL 2164,LGA,FLL
38553,EV 4481,PVD,EWR
38555,WN 5816,DAL,LGA
38557,WN 4506,LGA,DAL
38570,DL 2774,JFK,MIA
38572,WN 1653,AUS,EWR
38578,DL 520,SRQ,LGA
38585,UA 2379,EWR,SAN
38586,9E 3369,LGA,TYS
38588,DL 886,MSP,LGA
38596,DL 1049,DTW,EWR
38599,UA 1522,ORD,EWR
38614,9E 6055,CLT,LGA
38623,EV 4214,IND,EWR
38629,OO 3957,CLE,JFK
38631,MQ 3464,ORD,EWR
38641,WN 2815,MDW,EWR
38646,WN 6599,MKE,LGA
38661,DL 1458,JFK,SJU
38665,YX 5958,ORF,LGA
38679,DL 881,LGA,ATL
38680,YX 3417,MSN,EWR
38699,WN 5648,DEN,LGA
38705,MQ 3302,EWR,ORD
38714,WN 3344,MCI,LGA
38722,C5 5016,CVG,EWR
38743,WN 1324,LGA,DEN
38755,DL 454,ATL,EWR
38762,YX 5956,LGA,ROC
38780,YX 6052,STL,LGA
38802,DL 2704,MIA,LGA
38805,9E 3401,LGA,ORF
38818,WN 783,FLL,EWR
38843,WN 264,DAL,LGA
38870,OO 3858,BOS,LGA
38877,UA 1232,EWR,RSW
38886,YX 6048,LGA,CLT
38898,YX 4644,STL,LGA
38907,WN 2639,LGA,DEN
38931,9E 5058,BUF,LGA
38957,YX 5912,CHS,LGA
38969,EV 4135,EWR,CVG
38990,YX 3451,EWR,HHH
38993,WN 700,SAN,EWR
39017,YX 3578,EWR,MHT
39019,C5 4962,EWR,AVL
39021,WN 2340,HOU,LGA
39023,9E 3300,LGA,GRR
39036,C5 4960,PWM,EWR
39043,UA 271,EWR,TPA
39046,DL 2880,JFK,MIA
39054,OO 4179,LGA,GSO
39076,9E 5493,CLE,LGA
39086,EV 4022,EWR,DAY
39091,B6 2401,JFK,FLL
39099,WN 4663,EWR,MDW
39100,9E 3328,LGA,MSN
39118,DL 306,LGA,BOS
39127,WN 2826,HOU,LGA
39131,DL 963,EWR,MSP
39148,UA 1759,IAH,LGA
39151,9E 5041,LGA,CLT
39168,OO 4265,LGA,RDU
39178,9E 3290,PIT,LGA
39183,WN 1363,MDW,EWR
39216,DL 2268,LGA,DTW
39221,WN 2458,TPA,LGA
39235,9E 3287,JFK,RDU
39239,EV 4216,EWR,GRR
39248,MQ 4250,LGA,PIT
39268,OO 4123,LGA,CLT
39274,YX 6092,MCI,LGA
39288,DL 2579,LGA,BOS
39300,WN 2107,IND,EWR
39311,9E 5224,LGA,STL
39313,DL 2944,JFK,PDX
39325,WN 2766,DAL,LGA
39343,WN 298,BNA,EWR
39348,AA 2539,RDU,LGA
39350,WN 2754,ATL,LGA
39357,WN 671,MDW,EWR
39358,AA 2188,ORD,EWR
39364,YX 5925,LGA,MSN
39370,WN 180,EWR,MDW
39398,9E 5273,RIC,LGA
39406,YX 3705,MSY,EWR
39416,DL 2360,MCO,JFK
39422,OO 4265,GSP,LGA
39433,C5 4943,EWR,GSO
39446,DL 1380,SRQ,LGA
39447,DL 315,JFK,ROC
39454,MQ 3741,LGA,PIT
39476,YX 3670,CLT,EWR
39477,WN 756,DAL,LGA
39486,MQ 3875,LGA,SAV
39505,WN 2529,LGA,STL
39519,AA 2585,LGA,MIA
39524,OO 4003,LGA,CLE
39532,DL 1102,TPA,LGA
39545,OO 3732,SYR,LGA
39553,WN 4925,PHX,EWR
39561,AA 2180,LGA,PHL
39574,YX 5883,LGA,GRR
39575,OO 3751,DCA,JFK
39583,WN 596,AUS,EWR
39592,DL 380,ATL,EWR
39593,C5 4962,EWR,GSO
39601,B6 106,FLL,EWR
39610,9E 3340,CLE,LGA
39621,YX 3589,LGA,ORD
39622,9E 5402,BGR,LGA
39625,YV 6294,LGA,IAH
39634,WN 4165,EWR,BWI
39638,YX 4461,XNA,LGA
39641,YX 3481,DFW,EWR
39656,WN 752,LGA,BNA
39661,OO 3873,JFK,PIT
39686,WN 4369,MDW,EWR
39705,C5 4962,EWR,MKE
39713,AS 369,EWR,SFO
39714,EV 3991,EWR,CMH
39736,AA 2262,ORD,LGA
39771,WN 1917,DAL,LGA
39790,WN 2424,LGA,FLL
39826,WN 1518,STL,LGA
39827,WN 945,EWR,PHX
39858,MQ 4029,ORF,JFK
39861,YX 3416,BNA,EWR
39864,UA 1449,EWR,MSY
39872,C5 5018,STL,EWR
39884,YX 6140,PIT,LGA
39894,WN 22,LGA,MKE
39907,YX 3630,ORD,LGA
39914,DL 1556,LGA,DTW
39935,UA 402,ORD,EWR
39937,OO 3774,SAV,LGA
39949,DL 1424,EWR,MSP
39955,C5 4919,MEM,EWR
39963,DL 2995,LGA,TPA
39967,OO 3980,ORD,LGA
39984,OO 3840,EWR,MSP
39995,C5 4913,EWR,CLE
40002,C5 4917,EWR,GSO
40030,WN 3146,MSY,LGA
40032,9E 4870,JFK,CLE
40034,AA 231,LGA,ORD
40035,MQ 4213,LGA,CMH
40050,WN 4104,DAL,LGA
40059,YX 6019,BOS,EWR
40064,DL 1328,JFK,DEN
40065,G7 6250,EWR,CVG
40066,WN 1660,DEN,LGA
40082,AA 2475,LGA,ORD
40083,WN 917,BNA,EWR
40106,UA 1539,EWR,PHX
40119,9E 5463,BUF,JFK
40123,B6 103,JFK,SJU
40137,UA 558,RDU,EWR
40152,UA 459,CLT,EWR
40171,9E 5404,ROC,JFK
40201,WN 4104,LGA,ATL
40222,B6 2325,JFK,TPA
40227,AA 2836,CLT,LGA
40243,YX 5955,LGA,BOS
40244,YX 6047,ORF,LGA
40247,C5 4912,EWR,CVG
40272,DL 511,EWR,SLC
40277,C5 4981,ACK,EWR
40285,DL 1699,JFK,DTW
40286,DL 2438,JFK,DEN
40333,EV 4038,MKE,EWR
40340,EV 4171,MKE,EWR
40350,AA 2242,DFW,JFK
40363,YX 4386,LGA,RIC
40365,EV 4228,EWR,ROC
40374,WN 5078,LGA,DAL
40377,YX 5874,BUF,LGA
40394,B6 806,FLL,EWR
40395,WN 4223,EWR,BNA
40408,DL 519,LGA,BOS
40411,9E 3368,RIC,JFK
40425,EV 4182,EWR,SYR
40440,MQ 4015,LGA,GSO
40444,EV 4376,STL,EWR
40480,YX 5964,LGA,ROC
40481,UA 1162,EWR,ORD
40482,UA 2100,EWR,PIT
40490,EV 4056,EWR,PWM
40491,YX 3449,EWR,BNA
40494,EV 4204,EWR,SYR
40518,OO 3605,LGA,SAV
40530,C5 4996,GSO,EWR
40534,MQ 4209,ORD,EWR
40536,YX 5926,MSN,LGA
40538,OO 3587,LGA,ORF
40548,WN 5638,LGA,DEN
40565,9E 3466,RIC,LGA
40566,9E 3354,GSO,LGA
40586,YX 3404,BTV,EWR
40587,YX 3617,PVD,EWR
40591,WN 5440,LGA,FLL
40601,C5 5023,ROC,EWR
40605,OO 3857,BHM,LGA
40609,DL 609,PHX,JFK
40622,WN 1642,HOU,LGA
40630,AA 2937,EWR,CLT
40645,WN 3299,LGA,MDW
40660,OO 4911,LGA,BHM
40670,WN 669,EWR,AUS
40698,WN 766,EWR,BNA
40708,EV 4228,EWR,GSP
40711,OO 3648,CHS,LGA
40720,EV 4150,EWR,DAY
40722,AA 656,LGA,CLT
40738,G4 411,EWR,TYS
40751,YX 3523,EWR,PWM
40772,9E 5086,LGA,PIT
40776,YX 6099,LGA,BHM
40785,DL 2757,EWR,ATL
40797,C5 4960,ROC,EWR
40815,YX 4359,SDF,LGA
40854,9E 4827,LGA,GSP
40866,9E 3465,PWM,JFK
40874,UA 1201,PDX,EWR
40878,9E 4899,SYR,JFK
40879,WN 846,LGA,ATL
40891,DL 3103,SLC,EWR
40900,YX 6020,LGA,ROC
40907,9E 5065,BGR,LGA
40913,UA 1582,TPA,EWR
40915,DL 1734,JFK,MSY
40922,YX 3734,GSP,EWR
40939,EV 4033,ROC,EWR
40940,AA 1027,CLT,JFK
40948,YX 3700,BOS,EWR
40964,YX 6081,CLE,LGA
40971,WN 609,MKE,LGA
40973,EV 4138,EWR,ROC
41016,9E 5017,ORF,JFK
41072,AA 2284,EWR,ORD
41086,9E 3345,LGA,OMA
41095,9E 5548,LEX,LGA
41097,EV 4174,EWR,SYR
41114,DL 3026,ATL,LGA
41134,9E 3446,SAV,JFK
41137,YX 5876,LGA,BUF
41144,UA 377,EWR,LAX
41160,9E 3296,AVL,LGA
41166,WN 4027,EWR,MDW
41183,DL 1432,JFK,SFO
41184,YX 6054,ROC,LGA
41194,OO 3757,SAV,JFK
41195,YX 3756,ORD,LGA
41196,C5 4920,EWR,CHS
41198,9E 3370,LGA,IND
41201,C5 4911,SYR,EWR
41209,UA 286,MCO,EWR
41213,9E 5379,JFK,DFW
41218,WN 4899,MDW,LGA
41260,YX 4573,LGA,PBI
41268,YX 5988,IND,LGA
41279,UA 593,MTJ,EWR
41281,OO 4152,BOS,JFK
41287,9E 4916,BHM,LGA
41288,DL 2653,LGA,MCO
41291,B6 1590,MCO,JFK
41301,WN 1676,LGA,MCI
41307,YX 3530,EYW,EWR
41317,UA 317,EWR,LAX
41334,AA 15,JFK,SFO
41343,DL 2354,LGA,FLL
41344,WN 3022,EWR,MDW
41348,WN 3129,MDW,EWR
41356,YX 3415,BNA,EWR
41358,C5 4991,EWR,ACK
41360,WN 4949,EWR,DEN
41373,C5 4919,EWR,DCA
41374,EV 4064,EWR,SYR
41393,EV 3971,CMH,EWR
41402,WN 263,BNA,LGA
41404,WN 981,TPA,LGA
41420,YX 6131,RIC,LGA
41436,OO 4137,LGA,CHS
41448,WN 4317,LGA,TPA
41462,WN 4992,TPA,LGA
41473,DL 1750,MIA,LGA
41475,DL 1628,LGA,DFW
41502,WN 5439,LGA,HOU
41510,9E 4919,JFK,SAV
41522,YX 6055,MSP,LGA
41540,YX 4597,LGA,DTW
41560,YX 5930,LGA,BOS
41580,OO 4075,BHM,LGA
41586,DL 796,LGA,BOS
41597,OO 3941,LGA,DFW
41607,YX 3661,ATL,EWR
41609,YX 6143,LGA,RIC
41611,C5 4936,IAD,EWR
41628,DL 1897,LGA,MSP
41662,YX 5877,CLT,LGA
41663,DL 2463,DFW,LGA
41673,YX 6011,LGA,CMH
41697,YX 5921,STL,LGA
41711,YX 5962,BNA,LGA
41739,YX 5874,SDF,LGA
41753,C5 4916,EWR,LEX
41759,YX 3465,EWR,SAT
41765,YX 6136,LGA,PIT
41776,YX 6003,LGA,IAH
41793,DL 1040,LGA,DTW
41795,WN 2115,MDW,EWR
41817,OO 3824,OMA,LGA
41819,9E 4908,JFK,CHS
41833,WN 1758,LGA,DAL
41836,EV 4291,BGR,EWR
41844,YX 4496,LGA,BNA
41866,WN 1641,LGA,DAL
41880,DL 819,DTW,EWR
41889,YX 6043,BUF,LGA
41895,9E 5108,LGA,CHO
41897,WN 393,LGA,TPA
41902,DL 1425,JFK,SLC
41915,B6 1090,MCO,JFK
41921,YX 3568,ORF,EWR
41929,YX 6019,DCA,LGA
41939,9E 3341,LGA,RSW
41940,OO 4062,CLE,LGA
41962,WN 4519,TPA,LGA
41963,YX 6125,LGA,RDU
41973,9E 3377,EWR,CVG
41985,WN 2432,EWR,MDW
41990,WN 3091,EWR,FLL
41991,DL 956,JFK,ATL
41999,UA 1845,EWR,DTW
42002,WN 1544,EWR,MDW
42019,WN 4485,LGA,BNA
42024,DL 1701,LAX,JFK
42044,EV 4033,IND,EWR
42049,YX 6046,MSN,LGA
42062,YX 5961,LGA,ORF
42074,DL 823,LGA,BOS
42075,MQ 3633,DTW,LGA
42088,DL 1903,JFK,DCA
42099,G7 6242,DTW,EWR
42110,WN 4352,LGA,MSY
42119,YX 4393,LGA,ILM
42127,DL 2328,DEN,JFK
42147,YX 5957,BOS,JFK
42187,9E 5116,DTW,EWR
42190,NK 2006,FLL,EWR
42197,WN 4068,LGA,STL
42206,YX 3484,EWR,SAV
42211,YX 5972,RDU,LGA
42227,EV 4184,IAD,LGA
42266,UA 413,EWR,DFW
42305,9E 3446,DCA,JFK
42311,YX 3619,MEM,EWR
42313,C5 4880,BTV,EWR
42326,OO 4048,LGA,SYR
42327,DL 1840,PDX,JFK
42347,C5 4942,EWR,ORF
42348,9E 3451,CVG,EWR
42371,EV 4474,EWR,GSP
42375,9E 3300,GSO,LGA
42393,EV 4422,EWR,STL
42395,9E 5251,CLE,LGA
42403,9E 3311,JAX,LGA
42407,9E 3443,PIT,LGA
42444,WN 1287,LGA,MDW
42449,AA 2124,DCA,LGA
42471,9E 5214,JFK,CLE
42474,YX 4699,DTW,LGA
42482,WN 4021,DEN,LGA
42489,WN 1882,DEN,EWR
42494,YX 5950,PIT,LGA
42497,9E 3482,LGA,SAV
42500,G4 1991,EWR,VPS
42518,WN 4303,LGA,BNA
42552,UA 843,EWR,SFO
42562,9E 5258,BUF,LGA
42569,WN 4273,EWR,BNA
42578,DL 2619,JFK,LAS
42584,9E 5426,BOS,EWR
42587,C5 4964,ROC,EWR
42590,DL 805,TPA,LGA
42593,DL 1684,MCO,LGA
42599,YX 6139,RDU,LGA
42604,EV 4261,MEM,EWR
42610,G7 6265,MSP,EWR
42614,YX 5888,BOS,LGA
42619,YX 4352,LGA,BNA
42634,WN 1465,BNA,LGA
42643,DL 380,LGA,ORD
42661,9E 5033,CLE,JFK
42681,AA 812,MIA,EWR
42691,WN 455,MCI,LGA
42696,DL 1098,LGA,MCO
42715,DL 819,MSY,JFK
42724,YX 5896,LGA,SDF
42725,9E 3460,LGA,MVY
42740,9E 5392,PWM,LGA
42748,9E 3337,LGA,ROC
42764,9E 5255,CLT,JFK
42770,WN 3814,MDW,EWR
42789,WN 20,MKE,LGA
42810,9E 3281,SAV,JFK
42834,DL 1342,LGA,RSW
42853,WN 4002,ATL,LGA
42875,OO 3588,MKE,LGA
42878,WN 1961,LGA,BNA
42891,UA 1050,CLT,EWR
42912,YX 5937,EWR,BOS
42920,OO 3904,LGA,ORD
42938,9E 3471,RDU,LGA
42939,9E 5364,JFK,PIT
42942,C5 4881,EWR,STL
42953,DL 422,LGA,FLL
42964,WN 126,EWR,DEN
42972,C5 4892,EWR,MEM
42984,9E 5286,JFK,BWI
42988,YX 4510,CMH,LGA
42989,OO 3828,LGA,CLE
42990,OO 3975,BNA,LGA
43000,9E 3429,MKE,LGA
43010,9E 5512,SYR,LGA
43019,OO 3618,LGA,CLE
43026,OH 5525,ORF,LGA
43054,WN 5433,EWR,AUS
43057,UA 2352,IAH,EWR
43092,DL 301,LGA,DFW
43101,YX 5904,MSN,LGA
43144,AA 2166,BOS,LGA
43153,YX 6124,LGA,SAV
43159,OO 3619,OMA,LGA
43168,WN 455,DAL,LGA
43169,UA 1488,IAH,EWR
43175,MQ 4115,GSO,LGA
43221,9E 3305,LGA,BGR
43224,9E 5013,TYS,LGA
43239,UA 260,BUF,EWR
43240,YX 3440,ORD,LGA
43256,YX 6036,LGA,PIT
43260,YX 5999,CLT,LGA
43277,DL 330,BOS,JFK
43303,WN 3083,STL,LGA
43331,UA 263,ORD,LGA
43337,YV 6074,IAH,LGA
43341,YX 5945,LGA,ROC
43348,WN 2756,ATL,LGA
43355,WN 1903,LGA,BNA
43369,YX 5971,MSY,LGA
43411,C5 5010,IAD,EWR
43428,DL 1285,LGA,CVG
43429,B6 1626,TPA,JFK
43445,AA 2207,JFK,CLT
43452,WN 2393,BNA,LGA
43455,YX 5957,DCA,LGA
43456,DL 2161,DEN,LGA
43457,9E 5008,CLE,LGA
43483,DL 2533,FLL,JFK
43494,WN 1151,DEN,EWR
43506,YX 6110,MSN,LGA
43511,9E 5418,LGA,CHO
43519,WN 5439,LGA,STL
43551,MQ 3609,LGA,GSO
43567,9E 5027,BTV,JFK
43591,WN 2131,STL,LGA
43602,9E 3483,EWR,DTW
43625,WN 3398,EWR,DEN
43641,9E 5483,GRR,LGA
43650,OO 3909,LGA,MKE
43658,OO 4062,LGA,CLE
43685,AA 2565,RDU,LGA
43697,AA 2615,JFK,SFO
43718,WN 2524,ATL,LGA
43742,DL 804,LGA,IAH
43758,B6 2301,JFK,FLL
43774,EV 4276,DCA,EWR
43808,9E 3373,LGA,MCI
43818,DL 1627,JFK,MCO
43840,YX 3719,PIT,EWR
43866,YX 3599,MSN,EWR
43904,C5 4928,CVG,EWR
43910,9E 3443,RIC,LGA
43915,YX 5949,LGA,BOS
43939,WN 1145,LGA,MDW
43965,G4 1305,CVG,EWR
43972,WN 3369,LGA,STL
43973,OO 4035,GSO,LGA
43974,9E 5016,JFK,RDU
43978,YX 6051,BHM,LGA
43981,DL 994,JFK,PBI
43988,AA 969,PHX,EWR
44011,9E 5275,JFK,BUF
44016,OO 3601,LGA,GSP
44022,DL 2964,BZN,LGA
44030,DL 305,JFK,LAX
44047,9E 5233,LGA,MKE
44048,OO 3510,BHM,LGA
44075,WN 1582,LGA,STL
44076,YX 6030,ORD,JFK
44079,DL 303,ATL,EWR
44099,NK 2007,EWR,FLL
44101,C5 4954,IND,EWR
44103,C5 4894,EWR,RIC
44106,C5 4973,EWR,IND
44120,WN 3878,LGA,MDW
44124,EV 4072,CMH,EWR
44129,C5 4991,EWR,BTV
44133,C5 4992,MEM,EWR
44154,9E 4750,GSO,LGA
44156,WN 3797,DEN,LGA
44170,WN 1187,EWR,BWI
44172,C5 4917,GSP,EWR
44173,B6 2780,EWR,BOS
44175,YX 4353,LGA,DTW
44188,WN 2147,LGA,MKE
44195,YX 6008,RDU,LGA
44196,YX 3736,LGA,CLE
44214,9E 4802,DFW,JFK
44288,UA 335,EWR,SNA
44291,WN 4273,LGA,FLL
44304,9E 5256,JFK,CMH
44306,9E 3322,LGA,PIT
44331,C5 4879,PIT,EWR
44332,9E 3325,LGA,PWM
44341,UA 498,EWR,IAD
44343,DL 323,JAX,JFK
44367,9E 4904,LGA,CHS
44368,YX 3417,CLE,EWR
44374,AA 1030,JFK,BOS
44375,YX 4338,LGA,DCA
44382,9E 3413,LGA,SYR
44399,YX 4372,LGA,RIC
44400,DL 2836,JFK,DEN
44433,YX 6044,LGA,BUF
44439,YX 5869,JFK,BOS
44459,9E 3351,LGA,STL
44460,9E 5257,LGA,ORF
44489,DL 1315,JFK,SFO
44512,DL 954,JFK,DTW
44517,WN 1341,EWR,BNA
44537,9E 3340,CLE,JFK
44556,C5 4979,MHT,EWR
44558,9E 3452,LGA,GRR
44563,OO 5514,LGA,ORD
44564,YX 5907,LGA,RIC
44573,DL 1013,JFK,DTW
44592,OO 3632,LGA,RDU
44601,B6 1308,IAD,JFK
44622,OO 3656,LGA,RIC
44674,UA 1142,EWR,MSY
44682,C5 4986,SBN,EWR
44695,YX 3552,EWR,PVD
44698,YX 6012,MSN,LGA
44701,9E 5237,BUF,LGA
44710,9E 3336,LGA,CHA
44722,YX 5902,LGA,IND
44724,DL 1788,MIA,LGA
44740,B6 2401,BUF,JFK
44756,YX 4336,BOS,LGA
44766,YX 3509,JAX,EWR
44796,AA 2286,JFK,SEA
44809,YX 3662,EWR,IND
44841,YX 6030,MSY,JFK
44866,OO 3675,LGA,BOS
44889,9E 3403,JFK,BTV
44890,9E 5298,ROC,LGA
44904,UA 1726,CLT,EWR
44912,9E 3472,PWM,LGA
44936,AA 1035,DFW,EWR
44937,WN 1884,LGA,HOU
44941,EV 4059,MEM,EWR
44973,YX 3429,ATL,EWR
44990,WN 3772,MDW,EWR
44992,YX 3586,DCA,EWR
45001,YX 3414,ATL,EWR
45018,9E 3334,PIT,LGA
45025,EV 4043,EWR,CLE
45035,OO 4179,JFK,BNA
45043,DL 2028,BOS,LGA
45061,OH 5365,JFK,DCA
45065,YX 6011,LGA,DCA
45074,OO 5266,LGA,ORD
45086,AA 2174,DCA,LGA
45095,9E 5212,MCI,LGA
45126,OO 4219,LGA,MEM
45132,WN 775,LGA,BNA
45135,YX 5964,LGA,MCI
45137,9E 3456,STL,LGA
45153,UA 255,LAX,EWR
45161,YX 5882,CMH,JFK
45165,9E 5269,STL,LGA
45166,9E 4835,JAX,LGA
45180,UA 2020,SJU,EWR
45197,YX 6111,LGA,BOS
45206,OO 3597,ORD,JFK
45211,WN 2830,EWR,MDW
45212,YX 3608,EWR,CLE
45214,9E 4818,LGA,MSN
45230,OO 4070,LGA,MKE
45238,G4 1337,EWR,CVG
45239,AA 2872,LGA,CLT
45252,C5 4999,DCA,EWR
45259,DL 1176,DFW,LGA
45265,DL 1620,LAS,JFK
45271,WN 2214,EWR,MDW
45273,9E 5389,LGA,BNA
45279,9E 5146,LGA,PIT
45309,OO 3701,LGA,SAV
45333,9E 5372,JFK,BOS
45335,DL 442,LGA,DFW
45338,WN 5732,EWR,AUS
45354,WN 2716,MCI,LGA
45356,9E 5002,LGA,PIT
45367,9E 3464,LGA,RDU
45375,C5 4933,EWR,CLE
45380,C5 4943,EWR,MSN
45382,9E 4909,LGA,MCI
45386,9E 5380,LGA,CLE
45427,YX 3556,EWR,MSP
45434,B6 1471,LGA,FLL
45442,WN 1414,LGA,ATL
45451,DL 2653,LGA,IAH
45459,OO 3967,LGA,MKE
45472,9E 5257,LGA,BNA
45482,EV 4464,ORF,EWR
45493,DL 2927,ATL,LGA
45511,YX 6097,CMH,LGA
45559,WN 3609,BNA,LGA
45573,9E 5170,RDU,LGA
45596,WN 426,LGA,BNA
45602,AA 2919,EWR,ORD
45606,9E 3473,STL,LGA
45631,9E 3367,LGA,MCI
45655,B6 1312,RSW,EWR
45666,UA 627,SEA,EWR
45674,DL 2806,JFK,RSW
45682,YV 6259,IAD,LGA
45688,YX 4626,LGA,RIC
45735,9E 5013,EWR,MSP
45757,YX 5922,LGA,CLT
45761,9E 3469,LGA,CLT
45767,UA 1442,CLT,EWR
45777,DL 362,IAH,LGA
45785,9E 3370,IND,LGA
45799,9E 5041,CLT,LGA
45800,C5 4914,CHS,EWR
45816,9E 5255,PWM,LGA
45817,UA 833,SEA,EWR
45819,WN 4107,LGA,TPA
45826,9E 5426,LGA,BGR
45840,OO 3703,SAV,LGA
45846,WN 3958,MCI,LGA
45851,YX 5947,LGA,DCA
45885,YX 6004,CMH,JFK
45889,UA 2436,TPA,EWR
45897,WN 5477,MDW,LGA
45898,9E 3355,LGA,ACK
45903,9E 3494,ORF,LGA
45909,YV 6137,LGA,IAH
45910,UA 1658,LAX,EWR
45951,9E 5254,EWR,MSP
45956,C5 4992,EWR,MKE
45967,OO 3685,LGA,MKE
45984,EV 4093,EWR,BUF
45993,OO 3955,DFW,LGA
45996,9E 5148,LGA,CHS
46007,WN 2609,ATL,LGA
46017,OO 3765,SAV,LGA
46026,DL 1615,LGA,PBI
46070,B6 253,JFK,PBI
46093,WN 5562,EWR,STL
46098,9E 3373,JFK,CHS
46112,9E 5088,EWR,RDU
46118,C5 4913,SBN,EWR
46142,9E 3307,JFK,SYR
46158,9E 3384,MSP,EWR
46165,WN 5074,PHX,EWR
46167,9E 5283,BNA,JFK
46171,9E 3292,MCI,LGA
46223,YX 3671,IND,EWR
46241,WN 4774,LGA,MSY
46245,9E 5516,LEX,LGA
46267,EV 4136,EWR,SAV
46272,YX 5914,CVG,LGA
46274,YX 3473,EWR,SAT
46296,G7 6223,DTW,EWR
46299,DL 1133,LGA,MCO
46323,9E 3498,JFK,BUF
46324,EV 4019,EWR,CVG
46339,MQ 3349,DTW,LGA
46340,C5 4878,CMH,EWR
46357,9E 4885,LGA,PWM
46366,WN 771,LGA,DAL
46370,UA 1546,EWR,ROC
46384,C5 4956,EWR,BGR
46407,UA 375,EWR,SAN
46409,WN 2340,LGA,DEN
46435,YX 6047,LGA,RDU
46437,9E 4833,DTW,EWR
46443,WN 1463,MDW,EWR
46463,9E 5237,GRR,LGA
46496,UA 970,SEA,EWR
46519,WN 3025,LGA,BNA
46520,OO 3743,CHS,LGA
46521,9E 3335,IND,LGA
46597,DL 830,ATL,LGA
46617,9E 5079,BTV,JFK
46619,UA 506,EWR,SRQ
46646,9E 3294,LGA,ROC
46652,WN 2166,MKE,LGA
46663,C5 4930,DCA,EWR
46675,MQ 3807,JFK,IND
46678,DL 541,ATL,EWR
46689,DL 917,JFK,LAS
46707,YX 6049,DFW,LGA
46712,9E 5530,LGA,GSO
46716,WN 3259,BNA,LGA
46719,WN 2914,DEN,LGA
46727,DL 1425,JAX,LGA
46753,9E 3472,LGA,BGR
46762,C5 5001,EWR,JAX
46774,DL 2460,LGA,DFW
46792,C5 4357,MHT,EWR
46793,WN 1191,EWR,DEN
46795,9E 3312,ORF,LGA
46818,AA 1324,RDU,LGA
46819,B6 501,JFK,FLL
46840,YX 4355,LGA,STL
46848,WN 3746,TPA,LGA
46878,YX 3481,MIA,EWR
46885,YX 5991,MEM,LGA
46888,9E 5058,BNA,JFK
46905,WN 2158,DEN,EWR
46907,DL 310,LGA,TPA
46924,WN 626,BNA,LGA
46929,DL 2037,LGA,DTW
46956,WN 4354,LGA,BNA
46982,DL 1783,MSY,LGA
46989,WN 2945,STL,EWR
47028,UA 1738,EWR,ORD
47031,9E 3388,LGA,RSW
47059,9E 4837,LGA,RIC
47070,EV 4357,TYS,EWR
47073,B6 448,LAS,JFK
47100,UA 1476,RDU,EWR
47122,DL 244,ATL,JFK
47133,UA 1744,MIA,EWR
47147,OO 3804,DTW,LGA
47151,UA 422,EWR,ORD
47162,WN 2147,DAL,LGA
47181,C5 4941,CMH,EWR
47197,YX 3637,GSP,EWR
47203,WN 5476,LGA,MDW
47208,DL 2853,LGA,FLL
47216,9E 5298,DTW,JFK
47225,YX 4506,CHS,LGA
47228,OO 3724,LGA,BNA
47229,9E 5120,EWR,RDU
47247,WN 2401,ATL,LGA
47249,WN 1410,DEN,LGA
47258,WN 3186,EWR,STL
47261,AA 2433,ORD,LGA
47264,WN 1168,DAL,LGA
47267,NK 353,ATL,EWR
47288,DL 2922,RSW,JFK
47297,EV 4357,MHT,EWR
47301,WN 560,EWR,DEN
47324,AA 2718,SAN,JFK
47339,AA 865,LGA,MIA
47367,DL 793,RSW,LGA
47368,C5 4996,IND,EWR
47402,DL 1583,JFK,SLC
47406,YX 5997,LGA,CLT
47413,OO 3662,JFK,ORD
47414,EV 4230,EWR,CVG
47446,WN 5443,ATL,LGA
47460,9E 3309,PWM,LGA
47480,YX 3648,EWR,CVG
47487,WN 2729,MDW,LGA
47494,EV 4019,BUF,EWR
47498,DL 730,BOS,LGA
47517,WN 4879,LGA,DEN
47521,UA 1084,SRQ,EWR
47559,DL 1142,SRQ,LGA
47572,YX 3604,SRQ,EWR
47598,9E 3369,BNA,LGA
47610,YX 6021,ROC,LGA
47639,EV 4088,DCA,EWR
47665,YX 3556,EWR,ATL
47672,9E 5150,JFK,RIC
47679,C5 4892,BNA,EWR
47686,9E 4814,ORF,LGA
47688,YX 3731,EWR,PBI
47696,WN 1277,DEN,LGA
47706,WN 55,ATL,LGA
47707,WN 5543,EWR,PHX
47725,9E 3463,LGA,CHO
47731,DL 965,ORD,LGA
47743,UA 1176,MKE,EWR
47747,WN 2582,LGA,DAL
47786,DL 1536,LGA,MSY
47843,C5 4957,PWM,EWR
47847,9E 4865,DFW,JFK
47851,C5 4915,EWR,MHT
47876,YX 5870,EYW,LGA
47886,YX 5936,DCA,LGA
47913,DL 2264,LGA,FLL
47923,DL 682,MSP,EWR
47926,C5 4891,DCA,EWR
47940,OO 5477,LGA,ORD
47942,DL 400,SAT,JFK
47950,DL 355,ORD,LGA
47952,DL 1152,OMA,LGA
47955,OO 3504,BNA,LGA
47974,9E 5070,BOS,JFK
47980,EV 4312,MHT,EWR
47994,DL 714,JFK,AUS
48004,9E 5245,EWR,CVG
48005,YX 3477,AUS,EWR
48006,UA 671,EWR,CHS
48015,WN 3343,FLL,EWR
48027,UA 1207,EWR,FLL
48030,YX 4506,LGA,DTW
48036,YX 6061,CLT,LGA
48039,9E 3337,JFK,ORD
48046,B6 901,BUF,JFK
48047,WN 167,LGA,DAL
48067,WN 1785,ATL,LGA
48071,EV 3971,EWR,PVD
48072,G4 1203,AVL,EWR
48086,EV 4292,DAY,EWR
48088,DL 831,SEA,JFK
48093,DL 652,ATL,JFK
48102,EV 4269,DAY,EWR
48157,OO 3770,LGA,SAV
48174,YX 4509,LGA,ORF
48176,9E 3472,LEX,LGA
48178,EV 4012,EWR,JAX
48186,YX 5872,JFK,ROC
48194,EV 3991,ALB,EWR
48208,C5 4888,EWR,GSP
48212,9E 3345,JFK,BTV
48216,YX 5900,BHM,LGA
48232,YX 3509,EWR,ATL
48236,YX 3448,MYR,EWR
48250,WN 5063,MCI,LGA
48275,9E 3458,JFK,CMH
48281,WN 4255,PHX,EWR
48283,9E 5435,PIT,LGA
48287,9E 3460,JFK,CLE
48296,9E 5447,JFK,CLE
48301,OO 3660,LGA,BUF
48311,EV 4481,EWR,CAK
48315,WN 3716,LGA,DEN
48334,OO 3651,RDU,LGA
48340,YX 5868,PIT,JFK
48351,UA 1065,SAT,EWR
48360,C5 4985,EWR,CVG
48367,DL 1370,JFK,MIA
48384,DL 2816,MIA,JFK
48388,9E 5280,ORF,LGA
48390,YX 3496,EWR,ATL
48443,OO 3815,MKE,LGA
48449,YX 4329,LGA,DCA
48478,9E 3314,JFK,BOS
48489,AA 1904,LGA,DFW
48495,OO 4241,LGA,ORD
48544,YX 4636,LGA,STL
48549,9E 5270,CVG,EWR
48558,9E 5337,LGA,CVG
48569,OO 3869,JFK,ORD
48582,OO 3879,LGA,IAH
48583,YX 3645,CHS,EWR
48597,YX 6029,LGA,CMH
48598,YX 6062,ORD,JFK
48610,DL 3051,LGA,TPA
48621,YX 5969,MCI,LGA
48640,OO 3846,LGA,CLE
48669,WN 4152,LGA,MKE
48716,UA 1766,JAX,EWR
48727,WN 3054,BNA,EWR
48771,OO 3843,JFK,ORD
48774,DL 716,DCA,JFK
48782,9E 3422,LGA,RIC
48796,9E 3352,STL,LGA
48809,EV 4289,MYR,EWR
48812,OO 3748,LGA,GRR
48831,9E 5234,JFK,BUF
48954,YX 5998,STL,LGA
48967,C5 4910,EWR,IAD
48970,YX 5882,JFK,BUF
48972,DL 3012,DTW,LGA
48982,WN 1256,LGA,MSY
48983,YX 4343,AVL,LGA
48987,AA 1431,EGE,LGA
48992,YX 6119,LGA,BUF
49006,EV 3981,BOS,EWR
49026,YX 4430,ACK,LGA
49055,EV 4085,EWR,BNA
49063,YX 3690,EWR,STL
49064,OO 3574,LGA,ORF
49071,WN 4982,BNA,LGA
49082,YX 3735,PVD,EWR
49098,WN 3019,EWR,BNA
49117,WN 1345,DEN,EWR
49143,YX 5878,LGA,ROC
49149,WN 1156,STL,EWR
49157,OO 3729,RIC,LGA
49221,9E 4781,BUF,LGA
49223,OO 3610,LGA,GSO
49229,WN 4862,MDW,LGA
49280,9E 3499,LGA,CHO
49291,WN 839,LGA,STL
49306,AA 803,ATL,LGA
49329,WN 2671,LGA,DAL
49332,OO 5654,LGA,ORD
49369,C5 4957,EWR,PWM
49425,9E 5177,BWI,JFK
49426,OO 3743,JFK,BUF
49434,DL 442,ATL,EWR
49462,9E 3437,JFK,RIC
49466,WN 278,BNA,LGA
49469,WN 4921,LGA,DAL
49490,DL 2618,DEN,JFK
49492,DL 315,ORD,LGA
49503,9E 3436,LGA,PWM
49516,B6 2702,JFK,BUF
49569,YX 5983,MCI,LGA
49578,WN 1345,EWR,STL
49584,9E 4863,JFK,CVG
49593,YX 3582,ORF,EWR
49594,EV 4003,EWR,BOS
49623,AA 2352,RDU,LGA
49627,9E 3378,LGA,CMH
49629,9E 4883,JFK,RIC
49633,WN 5422,MDW,LGA
49652,9E 4791,CHO,LGA
49659,DL 1435,LGA,BOS
49673,DL 2871,LGA,DFW
49677,OO 5256,LGA,ORD
49678,EV 4162,ROC,EWR
49679,YX 6038,LGA,CMH
49708,YX 5942,LGA,DCA
49734,WN 2151,LGA,MDW
49750,AA 2312,JFK,ATL
49775,YX 4557,RDU,LGA
49777,OO 4022,LGA,BNA
49782,9E 5426,CLE,LGA
49783,EV 4291,ORD,LGA
49788,C5 4911,EWR,GRR
49810,WN 2227,ATL,LGA
49836,DL 2192,DFW,LGA
49837,9E 5395,DCA,JFK
49845,WN 6212,LGA,STL
49847,WN 1764,LGA,MDW
49849,DL 1359,MIA,JFK
49879,DL 2757,LGA,MCO
49884,AA 832,ORD,EWR
49888,C5 4895,CMH,EWR
49894,B6 2089,JFK,MCO
49895,DL 2027,JFK,CLT
49905,C5 4961,DCA,EWR
49906,DL 830,ORD,LGA
49911,C5 4935,EWR,SYR
49912,WN 4410,LGA,DEN
49921,DL 1417,SJC,JFK
49925,DL 1603,MCO,LGA
49936,9E 5039,EWR,BOS
50023,WN 5346,EWR,MDW
50042,YX 5985,ROC,LGA
50046,DL 1538,JFK,BOS
50089,WN 2506,LGA,MCI
50150,OO 3879,BNA,LGA
50151,OO 3601,DSM,LGA
50152,YX 5971,JFK,BOS
50183,OO 4063,MSP,EWR
50209,9E 5532,JFK,IND
50221,AA 2458,SAN,JFK
50230,WN 1004,MDW,EWR
50234,UA 1770,EWR,MTJ
50257,DL 2394,JFK,FLL
50263,C5 5009,ROC,EWR
50266,C5 4953,EWR,DCA
50269,9E 5295,JFK,BWI
50286,WN 41,HOU,LGA
50295,UA 1224,EWR,LAX
50320,9E 5081,JFK,BOS
50333,C5 5000,EWR,CMH
50345,YX 5873,JFK,PIT
50361,YX 3746,MCI,EWR
50363,AA 2145,LGA,DCA
50386,DL 1393,LGA,IAH
50389,YX 5949,LGA,IND
50418,DL 2578,ORD,LGA
50419,C5 4903,STL,EWR
50434,OO 4076,LGA,MEM
50446,EV 4036,SYR,EWR
50448,DL 357,LGA,ORD
50458,DL 963,JFK,MSP
50463,EV 4145,IND,EWR
50474,YX 3744,MEM,EWR
50475,YX 5904,JFK,DCA
50495,WN 2118,AUS,EWR
50500,YX 6063,JFK,ORD
50513,YX 6071,RDU,LGA
50514,DL 511,SLC,EWR
50539,YX 3541,JAX,EWR
50574,YX 5875,BOS,LGA
50575,WN 775,STL,EWR
50590,EV 4364,MEM,EWR
50598,YX 6043,LGA,CLT
50601,YX 6039,IND,LGA
50602,9E 3327,PIT,LGA
50611,WN 1447,LGA,ATL
50648,C5 4908,SDF,EWR
50666,YX 5969,LGA,BOS
50680,C5 4955,EWR,DCA
50683,9E 3469,BNA,LGA
50705,WN 2835,MCO,LGA
50706,WN 3105,MDW,LGA
50747,YX 4683,PHL,LGA
50749,WN 1505,AUS,EWR
50770,UA 1293,SNA,EWR
50778,DL 1847,JFK,TPA
50779,WN 5572,PHX,EWR
50785,DL 2500,DFW,LGA
50810,9E 3351,CLT,LGA
50829,9E 5345,RDU,LGA
50832,DL 1303,LGA,BOS
50842,YX 3738,GRR,EWR
50846,EV 4339,BUF,EWR
50857,WN 4600,EWR,MCO
50872,C5 5020,EWR,BTV
50875,9E 5315,JAX,LGA
50899,C5 4961,ORF,EWR
50911,YX 3583,ORD,LGA
50930,UA 2033,MSY,EWR
50965,9E 3338,LGA,BNA
51023,WN 2546,EWR,AUS
51025,OO 3815,LGA,GSO
51035,DL 2773,LGA,FLL
51037,OO 3725,LGA,ORD
51041,G7 6305,DTW,EWR
51067,OO 3898,LGA,BHM
51076,OO 3595,ORF,LGA
51084,OO 3760,ORD,LGA
51091,OO 3535,LGA,RIC
51147,WN 2054,MKE,LGA
51174,YX 5970,RDU,LGA
51178,AA 1677,LGA,MIA
51180,WN 1138,MDW,EWR
51181,9E 3372,BOS,JFK
51205,UA 387,EWR,BUF
51215,WN 4340,MKE,LGA
51221,9E 5121,MEM,LGA
51233,DL 2270,ATL,LGA
51252,YX 5884,LGA,RDU
51281,OO 3902,CLT,LGA
51289,YX 3477,BUF,EWR
51293,9E 3303,LGA,MVY
51298,DL 1190,LGA,PBI
51336,9E 5402,LGA,CVG
51350,OO 3952,MKE,LGA
51362,EV 4031,EWR,CVG
51367,9E 5250,DCA,JFK
51369,UA 655,HDN,EWR
51372,WN 5047,LGA,MCI
51379,DL 1393,JFK,MIA
51382,9E 3439,LGA,CLE
51390,YX 3645,ORF,EWR
51395,AA 451,ORD,EWR
51405,UA 1682,CHS,EWR
51412,OO 3639,RIC,LGA
51432,WN 1870,LGA,TPA
51436,DL 2110,ATL,EWR
51440,MQ 3484,ORD,EWR
51444,WN 1988,DEN,LGA
51454,WN 3389,LGA,MCI
51463,UA 38,EWR,CHS
51468,YX 6040,LGA,PIT
51470,YX 5868,LGA,SDF
51483,WN 941,LGA,BNA
51491,UA 385,MIA,EWR
51501,9E 5452,DSM,LGA
51533,WN 3415,MSY,LGA
51542,EV 4435,SYR,EWR
51557,YX 6094,LGA,PWM
51583,C5 4903,ORF,EWR
51620,9E 5304,CAE,LGA
51644,WN 6648,LGA,ATL
51671,MQ 3633,LGA,DTW
51677,YX 6081,LGA,PIT
51708,YX 4584,SDF,LGA
51713,9E 4827,JFK,CLE
51735,YX 6081,BUF,LGA
51755,DL 825,LGA,IAH
51760,YX 6066,LGA,ROC
51785,9E 4780,GSP,LGA
51790,DL 2286,BOS,LGA
51806,DL 488,ATL,JFK
51807,C5 4876,IND,EWR
51813,YX 4504,LGA,ILM
51838,9E 3283,ROC,JFK
51876,UA 1705,PHX,EWR
51909,WN 3975,MCI,LGA
51911,OO 4151,LGA,OMA
51912,YX 5998,LGA,STL
51921,YX 5878,RDU,LGA
51937,9E 5189,LEX,LGA
51956,C5 4956,GSO,EWR
51960,9E 3485,MSP,EWR
51968,OO 3655,CHS,LGA
51973,WN 732,BNA,EWR
51979,DL 2805,SLC,JFK
51995,WN 3215,DAL,LGA
52020,YX 6086,LGA,JAX
52040,9E 5339,LGA,BUF
52047,MQ 3919,LGA,BNA
52049,YX 5950,LGA,BOS
52062,WN 2901,MSY,LGA
52069,OO 3999,JFK,BOS
52073,OO 3602,LGA,MEM
52085,EV 4338,EWR,PWM
52092,9E 5290,ORD,JFK
52104,G7 6269,DTW,EWR
52115,DL 351,DTW,EWR
52121,AA 272,EWR,ORD
52149,OO 4097,BHM,LGA
52155,YX 3477,EWR,BTV
52159,OO 3815,RDU,LGA
52271,YX 5883,ROC,JFK
52272,WN 3071,STL,EWR
52324,MQ 3365,ORF,LGA
52354,WN 3493,LGA,MKE
52356,9E 3361,LGA,STL
52369,G7 6196,CVG,EWR
52394,DL 1556,LGA,MIA
52396,AS 1420,LAX,JFK
52405,WN 824,DEN,EWR
52413,DL 1580,ATL,EWR
52418,WN 2646,PHX,EWR
52425,YX 3637,EWR,JAX
52442,9E 5404,JFK,ROC
52443,OO 3990,LGA,MKE
52469,9E 3398,GRR,LGA
52474,WN 589,MDW,LGA
52499,YX 5979,BOS,LGA
52501,9E 3479,JFK,BUF
52504,WN 851,DEN,LGA
52513,AA 2180,DFW,LGA
52519,EV 4055,EWR,CLT
52555,WN 667,BNA,LGA
52576,DL 1982,BOS,LGA
52672,F9 1259,EWR,MCO
52675,DL 2870,SAT,JFK
52677,EV 4439,DCA,EWR
52682,DL 750,LGA,MYR
52698,9E 4900,RIC,LGA
52702,MQ 3425,LGA,CVG
52712,C5 5008,EWR,GSP
52759,YX 6089,LGA,RSW
52763,WN 664,LGA,MSY
52766,UA 2249,EWR,MIA
52769,C5 4923,EWR,CVG
52771,OO 3569,LGA,CAE
52782,OO 3978,MKE,LGA
52785,OO 3988,MKE,LGA
52792,WN 3819,EWR,PHX
52828,EV 4117,PWM,EWR
52841,AA 1424,CMH,LGA
52870,OO 3769,LGA,GSO
52885,OO 3909,JFK,SAV
52900,YX 6063,LGA,PIT
52907,C5 5005,GSO,EWR
52914,YX 6134,LGA,CMH
52915,G4 412,EWR,TYS
52919,MQ 3347,LGA,CMH
52947,DL 1939,PHX,JFK
52949,C5 4992,DTW,EWR
52966,OO 3829,OMA,LGA
52971,9E 3291,CHS,JFK
52975,EV 4269,BGR,EWR
53019,UA 600,MIA,EWR
53025,WN 2149,MDW,LGA
53052,WN 1463,DAL,LGA
53083,UA 841,ORD,EWR
53101,AA 1208,CLT,EWR
53109,C5 4970,EWR,BUF
53135,DL 825,JFK,SAT
53148,DL 1639,DFW,LGA
53152,WN 2900,DAL,LGA
53156,YX 3566,EWR,DAY
53172,OO 3991,LGA,CAE
53174,9E 3426,LGA,BNA
53176,9E 5223,ROC,LGA
53180,UA 1741,MIA,EWR
53207,C5 4888,PWM,EWR
53211,9E 3405,LGA,BUF
53228,OO 3793,LGA,MKE
53236,UA 2035,LAX,EWR
53247,OO 3719,ORF,LGA
53284,OO 3640,PIT,LGA
53299,OO 3930,BUF,LGA
53321,9E 5253,DTW,JFK
53326,OO 4124,EWR,DTW
53336,YX 4403,AVL,LGA
53359,WN 2471,LGA,ATL
53371,9E 5241,LGA,SYR
53377,YX 5900,BOS,LGA
53386,WN 1022,LGA,MDW
53397,UA 1480,MKE,EWR
53402,9E 5074,LGA,BGR
53409,DL 936,JFK,SFO
53446,9E 3386,BGR,LGA
53453,9E 4826,LGA,RIC
53456,DL 2790,ATL,LGA
53469,OO 3705,LGA,SRQ
53490,DL 465,DFW,LGA
53498,WN 1845,MCI,LGA
53514,WN 4203,LGA,DEN
53524,DL 380,LGA,BOS
53536,G4 1349,EWR,CVG
53546,UA 375,FLL,EWR
53587,WN 1164,MDW,LGA
53608,WN 5344,LGA,DAL
53634,B6 1609,LGA,ACK
53639,WN 3271,MDW,LGA
53665,YX 6143,LGA,RSW
53671,OO 3767,ORD,LGA
53697,OO 3643,LGA,SAV
53701,YX 3440,EWR,GSP
53728,OO 3896,SYR,LGA
53757,YX 6073,LGA,IAH
53758,DL 2367,MSP,EWR
53777,DL 2205,JFK,SEA
53792,9E 3425,PIT,LGA
53826,9E 3498,LGA,MSN
53837,WN 4495,MDW,LGA
53838,YX 4426,DTW,LGA
53844,9E 5058,LGA,SAV
53862,DL 1439,EWR,ATL
53878,WN 1870,BNA,LGA
53889,YX 5971,DCA,LGA
53894,G7 6177,DTW,EWR
53905,WN 1992,EWR,BNA
53931,C5 4880,IAD,EWR
53933,UA 1071,SAT,EWR
53936,WN 2014,LGA,MDW
53943,DL 1277,LGA,DFW
53981,DL 1979,BOS,LGA
53997,OO 3569,LGA,BNA
54028,YX 6008,LGA,DCA
54050,WN 4813,BNA,EWR
54056,WN 5560,LGA,DEN
54080,YX 3409,BOS,EWR
54089,OO 3637,SYR,LGA
54093,WN 4501,EWR,STL
54103,WN 1314,LGA,MDW
54127,AA 983,PHX,JFK
54134,9E 5247,CLE,LGA
54139,9E 3395,STL,LGA
54157,DL 1296,JFK,DFW
54190,AA 774,MIA,JFK
54211,WN 3572,LGA,DAL
54231,WN 2077,MKE,LGA
54241,UA 1156,RDU,EWR
54247,EV 4034,STL,EWR
54252,AA 519,LGA,PIT
54264,9E 3381,CLE,JFK
54288,YX 6036,PIT,LGA
54293,DL 347,JFK,TPA
54312,YX 5972,LGA,RIC
54324,YX 3618,SRQ,EWR
54346,YX 6107,LGA,BHM
54350,UA 997,MIA,EWR
54372,YX 5974,BOS,LGA
54411,UA 654,EWR,RDU
54421,DL 2695,LGA,MIA
54462,AS 79,JFK,SFO
54468,G7 6274,DTW,EWR
54480,YX 3492,MSN,EWR
54493,YX 3496,SAV,EWR
54514,DL 1677,MSY,LGA
54525,DL 1172,LGA,ORD
54530,9E 5172,JFK,IAD
54542,9E 3329,JFK,ORF
54545,WN 3608,LGA,MDW
54551,AA 200,EWR,ORD
54560,YX 4424,LGA,DAB
54586,AA 2886,LGA,MIA
54593,9E 5338,LGA,CLE
54608,C5 5020,EWR,MHT
54609,YX 6101,JFK,BOS
54642,WN 3698,EWR,SAN
54645,AA 1652,ORD,LGA
54674,G4 476,EWR,TYS
54676,DL 795,JFK,SJU
54692,WN 2785,LGA,DAL
54695,AA 1207,DFW,LGA
54708,UA 2133,LAS,EWR
54747,YX 3448,EWR,MKE
54786,DL 327,DEN,JFK
54790,WN 4916,BNA,EWR
54803,WN 4728,TPA,LGA
54807,9E 5098,JFK,CVG
54810,9E 3318,LGA,JAX
54813,UA 1162,EWR,DEN
54824,9E 5223,JFK,BNA
54842,OO 3703,ROC,LGA
54852,AA 1757,JFK,BOS
54864,DL 1041,JFK,FLL
54877,WN 6903,DEN,EWR
54881,DL 1536,LGA,SRQ
54904,9E 4887,MKE,LGA
54916,YX 3678,ATL,EWR
54917,DL 2587,EWR,DTW
54926,WN 3300,MKE,LGA
54929,EV 4435,SDF,EWR
54939,YX 5980,LGA,DCA
54943,9E 3481,LGA,CVG
54954,WN 3751,LGA,TPA
54962,WN 2423,LGA,MSY
54980,YX 3507,EWR,CVG
54995,WN 1773,LGA,DAL
55007,9E 5102,LGA,CHS
55025,DL 1603,LGA,MCO
55071,DL 386,EWR,ATL
55084,DL 2741,MSP,LGA
55085,WN 2437,ATL,LGA
55140,G4 1922,VPS,EWR
55176,9E 5100,JFK,CMH
55182,9E 5355,JFK,BUF
55192,YX 5895,JFK,CMH
55207,9E 3445,LGA,BGR
55231,9E 5104,LGA,PWM
55234,AA 351,EWR,ORD
55238,WN 3543,LGA,DAL
55246,YX 3564,LGA,ORD
55271,9E 4779,BUF,LGA
55274,AS 592,SFO,EWR
55278,MQ 3484,EWR,ORD
55280,YX 4664,LGA,BNA
55312,WN 4787,DAL,LGA
55329,YX 3415,CLE,EWR
55339,UA 2382,EWR,AUS
55390,EV 4057,SDF,EWR
55399,WN 1034,MDW,LGA
55418,YX 4496,BNA,LGA
55425,AA 1047,MIA,LGA
55434,WN 4341,EWR,FLL
55444,WN 5583,STL,LGA
55448,MQ 3741,PIT,LGA
55452,YX 3501,EWR,BOS
55456,9E 5059,LGA,BUF
55459,AA 843,CLT,EWR
55461,YX 5878,LGA,GSO
55490,OO 3959,MKE,LGA
55492,DL 2654,MCO,LGA
55504,YX 5971,LGA,MSY
55519,DL 1904,JFK,JAX
55537,DL 786,FLL,JFK
55573,YX 5992,MSY,LGA
55579,EV 4275,EWR,XNA
55583,C5 4929,GSP,EWR
55622,WN 1545,EWR,MDW
55676,YX 4499,LGA,BNA
55679,OO 3792,CLE,LGA
55734,WN 4307,DAL,LGA
55735,WN 1773,DEN,LGA
55737,UA 934,CVG,EWR
55756,OO 3690,LGA,RIC
55777,WN 1445,BNA,EWR
55822,YX 6128,ROC,LGA
55840,C5 4909,EWR,IAD
55851,DL 1377,BOS,JFK
55861,UA 623,EWR,MCI
55884,WN 5052,BNA,LGA
55887,YX 5873,LGA,BOS
55906,YX 3700,EWR,GRR
55914,C5 4886,MSN,EWR
55917,WN 5294,LGA,TPA
55921,OO 3907,MSP,EWR
55925,OO 3564,BOS,LGA
55931,C5 4968,EWR,ORF
56027,G7 6248,RDU,EWR
56031,DL 1170,RSW,LGA
56065,WN 2458,LGA,STL
56070,YX 3581,MHT,EWR
56072,OO 3694,CHS,LGA
56073,9E 5457,LGA,GSO
56082,YX 3730,DFW,EWR
56095,OO 4926,JFK,CHS
56098,EV 4333,EWR,MCI
56105,DL 1502,RSW,LGA
56115,DL 1509,LGA,MSY
56134,YX 4343,LGA,AVL
56162,9E 3494,LGA,RIC
56164,9E 5358,LGA,ORF
56167,YX 5960,BOS,JFK
56201,EV 4140,EWR,MYR
56220,DL 952,FLL,LGA
56222,UA 1766,MSY,EWR
56230,EV 4014,CLT,EWR
56257,9E 3459,CLT,LGA
56265,UA 1902,EWR,IAH
56306,C5 4935,ORF,EWR
56307,9E 5515,LGA,BNA
56327,OH 5444,RDU,JFK
56352,UA 689,SFO,EWR
56353,YX 3475,EWR,ROC
56362,EV 4361,EWR,ORF
56375,DL 1814,SFO,JFK
56391,C5 4909,EWR,SAV
56398,YX 4579,RDU,LGA
56400,UA 1671,EWR,MCO
56424,9E 3307,CLE,LGA
56429,DL 2396,DTW,EWR
56462,G4 1233,EWR,AVL
56475,WN 2558,EWR,BNA
56476,9E 5374,DSM,LGA
56482,AA 2153,BOS,LGA
56499,WN 770,LGA,DAL
56505,YX 6080,LGA,ROC
56537,DL 890,MSP,EWR
56560,9E 3492,LGA,RDU
56569,UA 470,EWR,JAX
56581,9E 5503,DSM,LGA
56601,9E 3452,LGA,MEM
56625,9E 4927,JFK,SAV
56639,YV 6073,IAH,LGA
56641,YX 6042,MCI,LGA
56651,UA 2126,MSY,EWR
56660,9E 3352,MVY,LGA
56688,OO 3744,LGA,ORD
56702,WN 4888,HOU,LGA
56705,OO 3874,CLT,LGA
56718,WN 3563,ATL,LGA
56740,WN 1219,EWR,DEN
56742,WN 4457,LGA,MDW
56746,MQ 3941,CMH,LGA
56763,DL 1907,AUS,JFK
56807,DL 870,LAS,JFK
56808,DL 350,JFK,AUS
56844,OO 3960,LGA,GSP
56878,WN 4236,BNA,EWR
56881,EV 4067,DTW,EWR
56892,YX 6003,LGA,CLT
56904,DL 2892,DTW,LGA
56905,9E 3401,JFK,CLE
56933,YX 6083,DFW,LGA
56949,DL 1675,LAX,JFK
56987,C5 4928,CAK,EWR
56997,YX 3469,EWR,CHS
57019,G4 1990,VPS,EWR
57032,OO 3828,LGA,SAV
57038,WN 2437,MKE,LGA
57045,9E 3352,JFK,ROC
57048,OO 3744,GSP,LGA
57051,DL 2837,LGA,DTW
57052,YX 5980,LGA,ROC
57090,OO 3070,ORD,EWR
57091,9E 5454,GRR,LGA
57110,9E 3455,CHS,LGA
57135,EV 4015,CLE,EWR
57149,YX 6022,LGA,GSO
57155,EV 4058,EWR,CLT
57163,9E 4908,JFK,ROC
57171,WN 5320,LGA,BNA
57206,UA 2029,MCO,EWR
57226,WN 1302,LGA,MDW
57249,9E 5227,LGA,ORF
57272,C5 4977,EWR,JAX
57278,9E 5150,BTV,JFK
57285,9E 5299,LGA,BUF
57290,9E 5049,EWR,DTW
57318,9E 3282,CLE,LGA
57363,9E 5439,GSO,LGA
57396,AA 1666,EWR,CLT
57407,YX 3451,EWR,ATL
57416,9E 3499,LGA,PIT
57508,9E 5424,CLE,LGA
57512,DL 1873,LGA,IAH
57532,YX 3573,RDU,EWR
57561,OO 5832,LGA,ORD
57562,WN 2424,BNA,LGA
57596,AA 865,PHL,LGA
57600,9E 5344,CVG,LGA
57628,YX 3510,BTV,EWR
57630,YX 4417,PIT,LGA
57656,YX 4371,LGA,AVL
57667,AA 2565,LGA,MIA
57703,YX 6010,LGA,JAX
57721,YX 4660,DTW,LGA
57741,EV 4389,MEM,EWR
57754,WN 1387,STL,LGA
57765,9E 3320,JFK,ROC
57783,DL 307,LGA,PBI
57810,OO 3853,LGA,BNA
57819,DL 1873,BOS,LGA
57829,YX 3556,EWR,AUS
57832,WN 5165,MDW,EWR
57833,YX 5900,LGA,CHS
57834,DL 2966,LGA,BOS
57846,OO 3706,BOS,LGA
57860,C5 4992,EWR,PIT
57881,9E 3476,BOS,JFK
57892,WN 2265,DAL,LGA
57897,WN 3215,LGA,BNA
57929,YX 3704,SAT,EWR
57932,YX 3667,DCA,EWR
57942,UA 320,MTJ,LGA
57976,C5 4935,EWR,IND
57997,WN 5247,BNA,LGA
57998,B6 939,JFK,BQN
58027,9E 5258,JFK,CHS
58063,C5 4956,GSP,EWR
58080,C5 4935,PVD,EWR
58097,C5 4951,MKE,EWR
58104,9E 5224,STL,LGA
58113,UA 482,EWR,DFW
58122,YX 5890,MSN,LGA
58126,9E 5209,LGA,BNA
58131,C5 4980,IAD,LGA
58150,UA 1242,IAH,EWR
58190,WN 1264,EWR,MDW
58194,9E 3454,LGA,MSN
58224,DL 2668,LGA,TPA
58231,C5 4961,EWR,CLE
58242,9E 3499,LGA,BUF
58245,OO 3933,MSP,EWR
58249,MQ 4060,LGA,DTW
58281,9E 5432,LGA,SYR
58312,WN 2847,LGA,BNA
58343,YX 3491,LGA,ORD
58361,C5 4999,EWR,CHS
58370,9E 3408,RDU,JFK
58385,DL 1652,ORD,LGA
58431,DL 2425,ATL,JFK
58436,YX 5962,GRR,LGA
58450,DL 692,LGA,IAH
58460,C5 4930,CAK,EWR
58488,YX 3426,DCA,EWR
58495,DL 1114,LGA,DTW
58516,YX 5928,LGA,CHS
58521,WN 2077,HOU,LGA
58524,AA 80,CLT,EWR
58541,G7 6220,EWR,DTW
58563,OO 3521,BNA,LGA
58574,WN 3173,ATL,LGA
58594,WN 849,LGA,STL
58595,YX 5989,DFW,LGA
58616,DL 913,IAH,LGA
58641,B6 1567,JFK,PBI
58642,WN 1310,EWR,MDW
58653,C5 4938,CHS,EWR
58677,WN 4258,LGA,ATL
58680,OO 3505,JFK,ORD
58683,9E 5116,EWR,DTW
58696,WN 1944,LGA,ATL
58787,DL 699,BOS,LGA
58821,YX 5931,STL,LGA
58835,EV 4094,PWM,EWR
58840,WN 2390,LGA,MKE
58847,AA 451,LGA,RDU
58857,9E 5269,EWR,CVG
58861,DL 840,JFK,BOS
58871,WN 4519,LGA,STL
58878,YX 6044,LGA,CMH
58884,WN 684,PHX,EWR
58885,DL 2042,PBI,JFK
58893,EV 4216,EWR,CLT
58926,YX 3468,GSO,EWR
58946,UA 659,ORD,LGA
59012,YX 3497,DAY,EWR
59039,YX 3448,EWR,SYR
59040,YX 5896,LGA,ROC
59056,9E 4905,STL,LGA
59068,MQ 4252,SAV,LGA
59125,9E 5413,CLT,LGA
59128,9E 5026,PIT,JFK
59143,EV 4151,EWR,BNA
59148,9E 5397,LGA,CLE
59159,NK 2322,EWR,SJU
59181,B6 2905,EWR,FLL
59195,UA 2035,EWR,DTW
59200,9E 3319,LGA,RIC
59253,WN 5503,LGA,STL
59258,YX 3693,GSP,EWR
59262,9E 5177,CLT,LGA
59272,F9 1530,ATL,EWR
59278,B6 1026,TPA,JFK
59281,9E 5115,BTV,LGA
59311,WN 1988,STL,LGA
59312,C5 4893,EWR,SAV
59342,9E 3453,SAV,LGA
59383,EV 4082,EWR,CLT
59385,9E 5099,RIC,JFK
59386,C5 4956,EWR,MEM
59415,C5 4893,SYR,EWR
59423,UA 1738,RDU,EWR
59447,9E 3401,LGA,GSP
59471,9E 3329,LGA,RDU
59479,YX 5942,LGA,PIT
59506,YX 5994,EWR,BOS
59512,WN 2196,STL,EWR
59519,WN 3369,BNA,EWR
59539,C5 4892,PVD,EWR
59575,9E 5141,LGA,ROC
59592,EV 3994,EWR,BUF
59604,OO 4227,LGA,BOS
59606,YX 5907,LGA,STL
59618,DL 916,LGA,DFW
59632,YX 3469,STL,EWR
59652,DL 895,JFK,SAT
59663,YX 3583,EWR,JAX
59680,YX 3732,EYW,EWR
59688,DL 1550,SLC,JFK
59694,9E 5318,JFK,BNA
59704,UA 1929,PWM,EWR
59712,YX 4304,CLT,LGA
59765,9E 3361,LGA,DSM
59776,YX 3513,EWR,GSO
59783,WN 2513,LGA,PBI
59790,UA 551,EGE,EWR
59797,WN 353,DEN,LGA
59804,WN 562,STL,LGA
59829,C5 4985,MSN,EWR
59835,OO 3897,LGA,SAV
59839,YX 4365,LGA,SDF
59841,OO 4179,JFK,BOS
59843,DL 1113,LGA,MCO
59859,9E 3428,LGA,PWM
59861,YX 3515,MKE,EWR
59872,EV 4007,EWR,MKE
59884,OO 3744,ORD,JFK
59898,AA 2883,CLT,EWR
59904,YX 3500,EWR,CMH
59905,EV 4226,ROC,EWR
59919,C5 5001,PWM,EWR
59925,YX 3580,EWR,RDU
59941,YX 4576,AGS,LGA
59942,YX 4439,LGA,MSN
59960,WN 30,EWR,MDW
59973,DL 2782,JFK,MIA
59982,YX 6062,JFK,CHS
59987,WN 4292,MDW,LGA
59989,9E 5286,BNA,LGA
59995,UA 2295,PHX,EWR
59997,OO 3721,PIT,LGA
60005,9E 4756,BGR,LGA
60012,9E 3312,CVG,LGA
60046,EV 4099,EWR,BTV
60083,9E 5498,DSM,LGA
60088,WN 240,LGA,BNA
60113,C5 4948,IAD,EWR
60120,9E 5441,LGA,GRR
60122,WN 3584,LGA,MCI
60148,YX 3612,IND,EWR
60159,YX 5947,JFK,BOS
60170,YX 5994,LGA,IND
60176,9E 5348,RDU,JFK
60179,DL 1886,DCA,JFK
60183,9E 5155,CLE,JFK
60200,9E 5380,LGA,PWM
60216,YX 6042,LGA,BOS
60232,DL 1150,ATL,JFK
60235,OO 4067,RIC,JFK
60265,WN 976,LGA,TPA
60269,DL 2759,PBI,LGA
60287,9E 3383,BOS,JFK
60299,YX 3552,EWR,CMH
60306,9E 3466,JFK,CLT
60322,9E 5419,JFK,ORD
60337,9E 5352,LGA,BGR
60377,DL 347,LGA,ORD
60394,WN 3608,MDW,LGA
60432,WN 2281,MCI,LGA
60448,OO 3542,GSO,LGA
60456,UA 1726,LAX,EWR
60464,WN 3874,DEN,EWR
60476,YX 6019,LGA,IAH
60501,9E 5279,LGA,PIT
60520,YX 6011,PIT,LGA
60522,9E 3438,BGR,LGA
60541,EV 4237,SBN,EWR
60548,YX 6011,CLT,LGA
60572,9E 5204,LGA,TYS
60601,EV 4435,BGR,EWR
60620,MQ 3344,SAV,LGA
60631,YX 5888,LEX,LGA
60656,WN 5600,EWR,MDW
60765,WN 3975,ATL,LGA
60793,WN 1435,LGA,BNA
60814,9E 3333,LGA,PIT
60852,WN 1210,EWR,AUS
60894,EV 3997,CLT,EWR
60898,EV 4408,SAV,EWR
60920,9E 3499,PIT,LGA
60942,9E 5354,JFK,IAD
60969,C5 4947,EWR,IAD
60989,UA 1400,EWR,HDN
61056,WN 3288,LGA,HOU
61064,EV 4436,EWR,IND
61077,C5 4940,EWR,STL
61080,DL 1692,LGA,RSW
61115,OO 4861,ORD,LGA
61116,9E 5216,BTV,JFK
61122,WN 3434,EWR,MCO
61125,DL 758,BOS,LGA
61138,OO 3916,LGA,MKE
61148,YX 6033,LGA,JAX
61150,UA 1419,CLT,EWR
61152,9E 5196,EWR,MSP
61162,WN 6114,LGA,MKE
61185,WN 3613,FLL,LGA
61186,YX 3427,EWR,MSN
61187,9E 3365,LGA,RIC
61197,WN 2812,LGA,DAL
61207,9E 3381,LGA,PIT
61227,9E 5102,LGA,CLE
61228,WN 2579,DAL,LGA
61248,9E 5039,JFK,BUF
61263,C5 4887,EWR,CHS
61269,MQ 3590,ORD,EWR
61293,YX 5951,LGA,PIT
61329,DL 2513,EWR,MSP
61339,C5 4958,IAD,EWR
61340,OO 3897,MSN,LGA
61350,G4 1904,VPS,EWR
61388,9E 3389,JFK,CLE
61420,UA 278,SEA,EWR
61421,DL 1869,JFK,MIA
61431,9E 5101,LGA,ORF
61436,EV 4486,EWR,ORF
61464,YX 3549,EWR,DFW
61479,9E 4833,JFK,JAX
61489,YX 5874,IND,LGA
61492,9E 3470,BTV,LGA
61503,YX 6126,MCI,LGA
61513,UA 1409,EWR,CLT
61539,YX 5883,BUF,LGA
61564,C5 5005,SAV,EWR
61573,WN 2214,TPA,LGA
61575,WN 6796,LGA,DEN
61576,9E 5108,BNA,LGA
61600,B6 725,JFK,TPA
61607,UA 528,EWR,SLC
61609,OO 3919,PIT,LGA
61611,YX 4522,CMH,LGA
61615,C5 5015,TYS,EWR
61677,YX 5944,EWR,BOS
61738,MQ 3537,LGA,SAV
61762,DL 917,ROC,JFK
61784,OO 3550,GSP,LGA
61790,9E 3358,LGA,GSO
61805,EV 4118,GRR,EWR
61816,YX 6038,STL,LGA
61823,YX 6005,LGA,BHM
61828,UA 335,EWR,PBI
61845,WN 2085,EWR,BNA
61877,9E 3333,RSW,LGA
61913,C5 4886,EWR,SYR
61937,WN 1444,LGA,BNA
61951,DL 2630,FLL,LGA
61957,9E 3327,CLE,LGA
61997,WN 1547,LGA,DAL
62000,EV 4069,EWR,CLE
62045,9E 3315,CVG,LGA
62062,C5 4896,EWR,CHS
62131,EV 4170,EWR,DCA
62161,DL 350,LGA,BOS
62167,DL 451,DTW,LGA
62185,WN 3790,DEN,EWR
62198,DL 2686,DTW,EWR
62217,OO 4115,ORD,LGA
62236,YX 3492,CLE,EWR
62237,G7 6263,DTW,EWR
62265,YX 6088,LGA,CLT
62328,OO 3866,MKE,LGA
62378,YX 6048,GRR,LGA
62396,9E 3298,BNA,LGA
62408,WN 3811,ATL,LGA
62430,AA 749,DFW,LGA
62443,YX 5938,JFK,ORD
62471,DL 1642,DTW,EWR
62496,YX 4644,LGA,STL
62541,DL 2915,JFK,MCO
62556,9E 3403,BTV,LGA
62580,9E 5422,JFK,SAV
62588,WN 1056,LGA,ATL
62600,DL 2510,PBI,LGA
62608,9E 3371,CVG,LGA
62618,YX 3573,JAX,EWR
62690,DL 692,BOS,LGA
62709,DL 861,JFK,DEN
62715,OO 4097,BUF,LGA
62722,YX 5876,BUF,LGA
62726,AA 592,DFW,LGA
62783,EV 4035,LGA,ORD
62802,9E 5042,MCI,LGA
62830,C5 4945,SYR,EWR
62837,9E 5080,LGA,PIT
62900,C5 4956,MKE,EWR
62901,YX 5971,LGA,ROC
62911,DL 1247,PHX,JFK
62952,OO 3825,OMA,LGA
63001,DL 966,MIA,LGA
63027,DL 2991,JFK,MSY
63045,OO 3746,SAV,LGA
63048,WN 3171,BNA,LGA
63071,YX 3615,MSN,EWR
63124,OO 4445,MKE,LGA
63135,WN 1573,MDW,LGA
63136,C5 4887,GSP,EWR
63143,9E 4877,JFK,BWI
63169,WN 2901,LGA,BNA
63180,WN 3137,BNA,LGA
63217,DL 2045,JAX,JFK
63283,YX 5969,LGA,GSP
63290,UA 215,MSN,EWR
63303,MQ 3335,CLE,LGA
63308,9E 5487,BNA,LGA
63314,YX 5986,JFK,DCA
63325,9E 3329,LGA,XNA
63339,EV 4057,BUF,EWR
63353,OO 3597,LGA,BNA
63361,DL 545,EWR,ATL
63378,YX 5988,BOS,LGA
63390,UA 793,EWR,DFW
63395,OO 3812,ORD,JFK
63480,AA 1812,PIT,LGA
63532,EV 4465,CMH,EWR
63540,9E 3335,BOS,JFK
63564,WN 2030,DEN,LGA
63572,9E 3379,EWR,MSP
63584,YX 4597,LGA,PIT
63594,DL 1673,TPA,LGA
63603,UA 1480,CHS,EWR
63614,WN 1004,MDW,LGA
63641,WN 3744,ATL,LGA
63672,MQ 3537,SAV,LGA
63698,9E 3392,LGA,ORF
63700,9E 3345,LGA,CLT
63706,NK 757,EWR,LAS
63721,9E 5196,MSP,EWR
63762,WN 2532,LGA,HOU
63838,UA 658,HDN,EWR
63840,DL 1413,LGA,MCO
63873,G7 6281,EWR,RDU
63879,YX 5913,IAH,LGA
63882,YX 3422,EWR,RIC
63926,WN 4969,MKE,LGA
63931,WN 3661,MDW,LGA
63948,AA 497,CLT,LGA
63957,DL 1644,LGA,MSY
63960,WN 1548,MDW,LGA
63963,WN 1121,LGA,MDW
63965,OO 3875,EWR,MSP
63992,DL 370,ORD,LGA
64020,AA 223,CMH,LGA
64039,WN 2215,ATL,LGA
64059,YX 4508,ATL,LGA
64061,DL 1525,JFK,MSY
64078,9E 5501,LGA,CLT
64097,UA 1120,EWR,DTW
64103,OO 3812,LGA,GSO
64110,C5 5019,EWR,CHS
64121,WN 4081,DAL,LGA
64180,YX 5874,JAX,LGA
64198,WN 4707,DEN,LGA
64246,OO 3535,LGA,IAH
64261,OO 3830,GSO,LGA
64264,MQ 4223,PHL,JFK
64319,9E 3402,JAX,LGA
64324,UA 2412,SLC,EWR
64351,C5 4928,EWR,DTW
64357,C5 4936,EWR,CHS
64362,9E 4789,JFK,SYR
64363,YX 6004,LGA,MCI
64368,WN 3612,MDW,LGA
64390,OO 3710,LGA,MKE
64398,WN 4029,MDW,LGA
64414,DL 381,ATL,EWR
64427,DL 697,EWR,MSP
64431,C5 4983,EWR,GSP
64432,9E 3406,CHA,LGA
64441,UA 878,EWR,RDU
64446,EV 4410,EWR,ROC
64467,9E 3492,MSN,LGA
64470,AA 161,ORD,LGA
64482,9E 4811,LGA,ROC
64503,AA 1500,DFW,JFK
64510,YX 5879,IND,JFK
64526,C5 4967,GSP,EWR
64548,UA 306,EWR,DEN
64560,C5 4972,STL,EWR
64571,DL 2981,SLC,JFK
64573,WN 3091,LGA,STL
64582,9E 5252,JFK,BOS
64587,UA 1102,EWR,MCO
64600,B6 428,FLL,EWR
64603,ZW 3872,LGA,IAD
64614,YX 6093,LGA,BOS
64618,WN 2621,DEN,LGA
64681,G7 6302,EWR,DTW
64699,C5 4920,JAX,EWR
64702,WN 4555,DEN,LGA
64715,DL 738,JFK,SEA
64732,9E 3301,BUF,LGA
64758,MQ 3780,EWR,ORD
64769,OO 4048,RIC,LGA
64771,9E 3335,EWR,MSP
64800,EV 3971,EWR,JAX
64840,DL 2042,LGA,DTW
64876,WN 3445,ATL,LGA
64890,DL 2851,JFK,LAX
64907,9E 4763,CVG,LGA
64936,WN 1150,LGA,HOU
64940,WN 2870,HOU,LGA
64950,UA 722,SNA,EWR
64960,AA 1424,SAT,JFK
64963,YX 6066,LGA,RDU
64967,B6 618,JFK,BOS
65039,EV 4100,IND,EWR
65047,C5 4918,DCA,EWR
65074,DL 2673,LGA,MCO
65077,DL 1643,DFW,LGA
65079,C5 4898,EWR,GSP
65086,WN 3848,LGA,ATL
65109,DL 1678,EWR,ATL
65111,YX 4671,PIT,LGA
65140,G4 1330,SAV,EWR
65150,WN 2032,BNA,EWR
65161,WN 1563,EWR,AUS
65180,OO 3686,BHM,LGA
65273,EV 4133,IAD,LGA
65286,WN 4943,LGA,STL
65294,WN 3190,MSY,LGA
65296,C5 4877,EWR,ORF
65328,9E 5383,LGA,GSO
65339,YX 3404,EWR,BNA
65341,MQ 4232,RDU,JFK
65356,WN 3107,EWR,MDW
65357,YX 4338,DCA,LGA
65387,EV 4057,EWR,PWM
65406,DL 684,JFK,AUS
65409,WN 4282,EWR,MDW
65422,OO 3944,LGA,ORD
65447,OO 3898,LGA,OMA
65457,B6 1402,FLL,JFK
65508,C5 4980,ACK,EWR
65512,9E 3445,LGA,OMA
65517,B6 1576,MSY,JFK
65549,9E 3452,LGA,MCI
65553,OO 3806,GSO,LGA
65555,YX 5940,LGA,DCA
65559,B6 2717,BOS,JFK
65583,EV 3969,EWR,DAY
65587,UA 1168,EWR,IAH
65589,OO 3771,GRR,LGA
65590,YX 4427,ILM,LGA
65625,WN 4223,AUS,EWR
65668,UA 316,DEN,EWR
65678,YX 3422,EWR,HHH
65702,C5 4918,DTW,EWR
65767,YX 5974,JFK,CMH
65777,WN 1267,MDW,LGA
65817,9E 3335,LGA,MSY
65825,AA 2549,LGA,MIA
65851,WN 5013,ATL,LGA
65855,WN 1489,LGA,STL
65887,DL 305,ORD,LGA
65918,WN 2639,STL,LGA
65926,C5 4938,JAX,EWR
65947,9E 5143,RDU,JFK
65984,WN 6809,ATL,LGA
65986,YX 5899,LGA,SDF
65990,UA 1529,FLL,EWR
65991,9E 5113,LGA,MSN
66029,UA 2329,ORD,EWR
66172,C5 4987,MEM,EWR
66174,9E 3405,JAX,JFK
66176,WN 1957,ATL,LGA
66246,WN 2235,DEN,LGA
66277,WN 5381,STL,EWR
66284,WN 5408,BNA,LGA
66293,DL 1810,ATL,JFK
66296,DL 2633,RSW,LGA
66321,WN 5560,ATL,LGA
66323,YX 6094,CMH,JFK
66332,UA 1965,LGA,ORD
66339,9E 5159,LGA,CLE
66395,YV 6136,LGA,IAH
66420,AA 99,DFW,LGA
66425,YX 5928,JFK,JAX
66462,WN 5408,LGA,BNA
66469,YX 6115,BOS,LGA
66491,WN 5238,ATL,LGA
66496,WN 2218,MDW,EWR
66534,AA 2880,PHX,EWR
66542,DL 895,MCO,LGA
66544,OO 3966,DFW,LGA
66549,WN 4003,LGA,ATL
66550,9E 3286,LGA,PWM
66564,WN 3109,LGA,BNA
66578,9E 3379,JFK,BOS
66586,DL 1557,LGA,FLL
66587,WN 2279,LGA,STL
66599,G7 6293,EWR,DTW
66607,DL 2724,LGA,STL
66617,MQ 3787,JFK,CVG
66630,DL 1197,MCO,JFK
66638,YX 4363,LGA,CHS
66651,OO 3896,DCA,JFK
66673,OO 3824,MKE,LGA
66675,9E 5162,IND,JFK
66709,WN 624,STL,LGA
66718,UA 2398,EWR,FLL
66722,C5 4943,EWR,ROC
66723,DL 2762,PBI,JFK
66726,DL 792,PBI,JFK
66743,YX 3755,CVG,EWR
66760,WN 5250,LGA,TPA
66785,WN 3709,MCO,EWR
66809,9E 3287,LGA,PWM
66813,WN 285,AUS,EWR
66816,9E 4792,RDU,JFK
66825,DL 1258,LGA,BOS
66827,WN 4815,BNA,LGA
66864,YX 3556,EWR,RDU
66883,9E 3385,LGA,RDU
66892,WN 1268,LGA,MDW
66937,YX 5935,LGA,IND
66989,UA 2197,SMF,EWR
66993,DL 2504,LGA,MSY
67000,9E 3405,BUF,LGA
67008,C5 5015,EWR,IND
67009,YX 4605,LGA,RIC
67059,C5 4885,EWR,CAK
67074,OO 3701,LGA,SYR
67107,EV 4429,IND,EWR
67133,9E 3472,LGA,LEX
67150,WN 6970,BNA,LGA
67155,YX 3694,EWR,MSP
67165,YX 3554,OMA,EWR
67212,C5 4952,EWR,STL
67271,DL 2707,LGA,IAH
67278,OO 3830,EWR,MSP
67291,YX 4437,DAB,LGA
67293,9E 4887,MCI,LGA
67295,EV 4137,EWR,CLE
67328,WN 1852,LGA,MDW
67333,EV 4339,EWR,BUF
67340,DL 2824,JFK,SLC
67354,YX 6090,IND,LGA
67380,UA 1199,TPA,EWR
67416,DL 2908,MSY,LGA
67437,G7 6235,EWR,RDU
67458,9E 5097,CHS,LGA
67475,G4 1200,EWR,AVL
67481,WN 2075,MDW,EWR
67515,9E 5384,LGA,ORF
67525,WN 5061,LGA,STL
67532,EV 4424,MCI,EWR
67597,EV 4402,GSP,EWR
67598,YX 3574,MSY,EWR
67621,C5 4887,MKE,EWR
67627,9E 3451,LGA,GRR
67676,WN 3759,HOU,LGA
67696,9E 5071,EWR,DTW
67698,9E 3301,LEX,LGA
67769,WN 4589,LGA,HOU
67792,EV 4381,EWR,SYR
67793,9E 5106,LGA,GRR
67798,C5 4927,IAD,LGA
67802,DL 668,BOS,LGA
67805,9E 3398,LGA,GRR
67809,C5 4989,SYR,EWR
67812,YX 6142,LGA,CLT
67832,UA 1032,LGA,IAH
67833,DL 1262,JFK,CLT
67842,C5 4957,CHS,EWR
67849,YX 3545,EWR,DFW
67850,WN 1945,LGA,MKE
67865,9E 3421,LGA,SYR
67879,DL 1443,JFK,TPA
67896,YX 6113,LGA,BOS
67905,YX 4350,LGA,PHL
67969,DL 1671,LGA,MIA
67992,OO 3743,BUF,JFK
68012,DL 1276,MCO,JFK
68046,AS 79,EWR,LAX
68057,DL 2115,LGA,DTW
68065,DL 2297,LGA,CVG
68087,DL 2786,LGA,DTW
68104,OO 3180,ORD,EWR
68117,AA 201,LGA,MIA
68139,WN 2492,ATL,LGA
68186,9E 5273,LGA,TYS
68222,YX 6123,LGA,CLT
68274,9E 3397,LGA,STL
68285,DL 1385,LGA,CVG
68315,DL 694,ORD,LGA
68327,DL 1154,MIA,LGA
68345,YX 6048,CLT,LGA
68347,YX 5999,LGA,RDU
68362,DL 923,LGA,BOS
68365,EV 4457,TYS,EWR
68390,DL 1917,JFK,DTW
68455,YX 3680,LGA,ORD
68457,9E 5114,MSN,LGA
68463,DL 2260,SAN,JFK
68467,DL 871,TPA,LGA
68502,UA 1647,EWR,MIA
68521,YX 6038,JFK,BOS
68526,YX 4465,LGA,RDU
68543,OO 3667,LGA,MKE
68558,9E 3296,LGA,CVG
68571,DL 1148,JFK,ATL
68596,AA 796,EGE,JFK
68626,WN 451,LGA,ATL
68629,9E 5432,SYR,LGA
68640,9E 3294,JFK,ROC
68645,OH 5511,LGA,DAY
68646,9E 5336,JFK,IAD
68669,WN 159,PHX,EWR
68671,MQ 4232,JFK,RDU
68697,G7 6212,DTW,EWR
68717,DL 890,IAH,LGA
68733,9E 5303,JFK,BNA
68739,EV 4132,XNA,EWR
68741,UA 1792,DFW,EWR
68774,OO 3903,LGA,CLE
68777,C5 5008,ORF,EWR
68789,C5 4976,EWR,RIC
68802,9E 3295,ROC,LGA
68819,YX 3752,EWR,ORF
68820,9E 3329,JFK,BOS
68910,YX 6129,RIC,LGA
68933,DL 1104,FLL,JFK
68945,WN 1643,DAL,LGA
68948,WN 247,STL,EWR
68951,DL 2998,JFK,LAX
68954,WN 4330,EWR,DEN
68960,YX 5907,GRR,LGA
68963,YX 3702,ORD,EWR
68991,WN 2252,ATL,LGA
69024,UA 805,EWR,JAX
69026,9E 5082,JFK,SAV
69048,DL 1628,EWR,ATL
69100,EV 4328,SAV,EWR
69111,DL 528,BOS,LGA
69112,OO 3823,RDU,LGA
69120,DL 1040,MIA,JFK
69123,DL 310,ORD,LGA
69135,WN 5694,LGA,DEN
69216,9E 3367,LGA,MVY
69221,AA 2177,PHX,EWR
69239,9E 3432,LGA,PIT
69252,9E 3389,LGA,MSY
69277,DL 1717,LGA,TVC
69291,OO 3733,LGA,DFW
69337,DL 358,MCO,LGA
69350,DL 1542,LGA,PBI
69353,YX 4417,RDU,LGA
69375,YX 3706,BNA,EWR
69428,OO 3644,LGA,CAE
69431,9E 3283,CLE,LGA
69446,YX 3440,DAY,EWR
69482,DL 1489,LGA,DFW
69483,C5 4888,CAK,EWR
69516,WN 2056,DEN,LGA
69538,YX 3556,EWR,CVG
69554,YX 3642,ROC,EWR
69557,9E 5299,LGA,PWM
69606,B6 1307,JFK,IAD
69612,OO 3717,RDU,LGA
69632,DL 1720,SRQ,LGA
69654,UA 413,EWR,ORD
69657,WN 5081,LGA,MCO
69689,DL 1798,JFK,ATL
69693,YX 5980,BOS,JFK
69708,OO 3535,JFK,RDU
69714,UA 2029,EWR,PBI
69725,9E 3455,JFK,CMH
69743,EV 3978,BUF,EWR
69759,9E 4812,JFK,RDU
69795,OO 4148,JFK,CLE
69798,9E 4834,JFK,DTW
69865,YX 5870,JFK,ORD
69885,WN 3738,LGA,MDW
69898,WN 2921,DEN,EWR
69915,WN 1515,DAL,LGA
69991,WN 5274,DAL,LGA
70006,DL 2668,TPA,LGA
70007,UA 2014,EWR,RDU
70009,YX 4439,MSN,LGA
70045,OO 3955,CHS,LGA
70064,YX 5906,CHS,LGA
70075,C5 5004,LGA,IAD
70092,UA 1171,PBI,EWR
70108,9E 5335,JFK,IAD
70151,WN 753,MDW,EWR
70153,OO 4067,LGA,CLT
70173,DL 1204,JFK,PDX
70183,YX 3566,CLT,EWR
70192,9E 5188,JFK,BTV
70212,YX 5980,LGA,PIT
70248,YX 5887,GSP,LGA
70271,YX 3606,GRR,EWR
70285,WN 1941,LGA,BNA
70289,9E 3496,LGA,CMH
70336,9E 5495,LGA,SYR
70358,YX 5965,LGA,BUF
70377,C5 4923,EWR,ORF
70430,WN 3058,LGA,HOU
70449,WN 3287,DAL,LGA
70486,MQ 3918,LGA,STL
70489,WN 4355,LGA,MSY
70497,UA 1872,SDF,EWR
70523,UA 981,TPA,EWR
70577,DL 1727,EWR,DTW
70591,C5 4967,GSO,EWR
70609,DL 949,LGA,MCO
70651,9E 3380,RDU,LGA
70668,DL 2027,JFK,PDX
70673,YX 3703,ORF,EWR
70674,YX 3520,EWR,GRR
70681,9E 4835,LGA,MEM
70682,YX 3423,ATL,EWR
70695,UA 1271,LGA,ORD
70719,YX 5981,EWR,BOS
70741,AA 1784,MIA,JFK
70745,WN 5630,LGA,DEN
70774,WN 4033,ATL,LGA
70776,YX 3698,PWM,EWR
70785,YX 5972,RIC,LGA
70789,WN 1148,MDW,EWR
70811,9E 3290,RIC,JFK
70815,C5 5003,EWR,GSP
70835,AA 1699,LGA,RDU
70900,YX 3544,EWR,ROC
70905,EV 4435,RDU,EWR
70929,9E 3433,LGA,PWM
70932,WN 4992,LGA,DAL
70937,WN 779,EWR,MDW
70939,YX 5934,LGA,IND
70955,YX 3529,EWR,ORD
71004,WN 1469,LGA,TPA
71031,UA 332,EWR,SEA
71042,AA 1720,MIA,LGA
71066,9E 4860,SAV,JFK
71118,MQ 3597,PWM,LGA
71123,AA 284,LGA,CMH
71130,C5 5015,EWR,SDF
71162,C5 4983,IAD,EWR
71199,UA 2149,PHX,EWR
71214,WN 3412,LGA,BNA
71239,YX 5869,GRR,LGA
71240,9E 3320,RIC,LGA
71260,DL 491,EWR,DTW
71311,C5 4959,EWR,JAX
71313,WN 4192,BNA,LGA
71407,YX 3448,CMH,EWR
71422,DL 1928,DFW,LGA
71426,9E 4836,JFK,PIT
71431,WN 2418,MKE,LGA
71435,WN 4091,LGA,MDW
71443,9E 5351,DSM,LGA
71446,YX 3446,BUF,EWR
71516,9E 3437,SAV,LGA
71524,OO 3748,LGA,BNA
71549,WN 5338,LGA,MKE
71556,YX 5990,LGA,IND
71559,9E 3408,ORF,LGA
71563,WN 1147,LGA,MDW
71632,OO 3773,LGA,ORD
71639,C5 4941,EWR,MEM
71647,9E 5140,LGA,RDU
71690,WN 465,DEN,EWR
71737,DL 1067,FLL,JFK
71864,EV 4434,RDU,EWR
71873,YX 3600,OMA,EWR
71901,WN 5140,LGA,ATL
71907,9E 3369,PWM,LGA
71919,9E 4917,BGR,LGA
71944,YV 6252,LGA,IAH
71973,OO 3753,LGA,ORD
71992,C5 5016,ROC,EWR
71994,9E 5146,LGA,ACK
72000,DL 215,JFK,IAH
72016,WN 5076,PHX,EWR
72025,WN 1072,LGA,STL
72041,9E 3432,JFK,DTW
72048,C5 4881,RIC,EWR
72058,OO 4443,LGA,MKE
72077,YX 5959,JFK,ORD
72086,EV 4116,EWR,DTW
72113,EV 4072,IND,EWR
72154,9E 5016,LGA,RDU
72194,OO 3586,ORD,JFK
72215,DL 674,EWR,ATL
72254,DL 860,EWR,DTW
72292,9E 5463,RIC,LGA
72320,YX 3579,EWR,RIC
72322,OO 3681,LGA,BNA
72342,EV 4010,EWR,SDF
72353,UA 2065,EWR,DFW
72378,DL 1124,JFK,SLC
72384,C5 5007,RIC,EWR
72400,DL 377,JFK,MSP
72432,YX 3632,EWR,GSO
72453,YX 5943,LGA,CLT
72472,9E 5243,JFK,BOS
72517,WN 2795,DAL,LGA
72556,WN 3048,MDW,LGA
72590,EV 3987,BGR,EWR
72606,B6 2818,JFK,BOS
72609,YX 3517,EWR,ATL
72619,AA 2830,LGA,DFW
72628,9E 5276,LGA,SYR
72659,YX 3417,AUS,EWR
72729,YX 6084,EWR,BOS
72730,YX 3606,ROC,EWR
72733,YX 4690,STL,LGA
72756,WN 6465,LGA,DEN
72807,9E 5225,BNA,JFK
72818,9E 5249,LGA,GSO
72819,9E 3315,CLT,LGA
72865,OO 3774,RIC,JFK
72870,C5 4991,EWR,MEM
72925,9E 5354,CLT,LGA
72935,WN 6716,LGA,DAL
72942,9E 3423,LGA,STL
72956,UA 288,CHS,EWR
72970,DL 300,BOS,LGA
72974,9E 3422,LGA,PIT
72976,9E 3430,JFK,BOS
72992,WN 635,PHX,EWR
73003,UA 617,MCO,EWR
73017,C5 4421,EWR,ORF
73029,DL 1269,IAH,LGA
73094,DL 2820,MIA,LGA
73118,EV 4241,LGA,ORD
73138,AA 1427,RDU,LGA
73139,DL 724,LGA,ORD
73156,9E 4782,JFK,BTV
73223,OO 4214,LGA,MEM
73233,WN 1144,MDW,LGA
73235,YX 3649,SYR,EWR
73265,EV 4119,EWR,BTV
73270,9E 4771,PIT,JFK
73274,9E 5150,LGA,GRR
73277,DL 659,TPA,LGA
73280,9E 5134,MKE,LGA
73332,AA 608,LGA,ORD
73373,9E 5519,JFK,RDU
73438,C5 4961,EWR,IAD
73441,WN 865,BNA,LGA
73458,WN 3898,ATL,LGA
73478,EV 4160,BNA,EWR
73499,9E 3320,LGA,BNA
73509,AA 2286,JFK,MIA
73515,9E 5173,LGA,CLT
73561,C5 4952,EWR,CVG
73565,9E 3465,JFK,PWM
73569,AA 1399,LAS,JFK
73593,OO 3919,LGA,PIT
73621,WN 945,BNA,EWR
73627,9E 3440,LGA,BNA
73631,YX 3446,RDU,EWR
73649,WN 4243,LGA,BNA
73708,9E 3284,LGA,RIC
73722,YX 6066,PIT,LGA
73738,OO 3553,LGA,GSO
73753,9E 5147,LGA,BUF
73765,9E 3483,MEM,LGA
73796,G4 1944,EWR,VPS
73811,WN 5097,LGA,MDW
73820,DL 1686,LGA,MSY
73832,YX 3694,LGA,ORD
73840,MQ 4209,EWR,ORD
73878,WN 4990,TPA,LGA
73880,DL 1071,MSP,LGA
73909,9E 4751,JFK,CLT
73921,DL 935,ROC,JFK
73952,9E 5151,PIT,LGA
73982,UA 1160,SRQ,EWR
73987,DL 544,DFW,LGA
74009,G7 6251,CVG,EWR
74027,OO 3619,JFK,BNA
74058,WN 2117,BNA,LGA
74077,C5 4894,EWR,CVG
74098,9E 5133,JFK,CLT
74112,EV 4196,ORD,LGA
74114,WN 4704,LGA,DAL
74134,WN 4314,ATL,LGA
74137,9E 3395,JFK,JAX
74161,WN 281,HOU,LGA
74196,UA 1906,EWR,SNA
74198,AA 2819,SAN,JFK
74215,YX 3542,EWR,ROC
74233,AA 1758,LGA,ATL
74287,YX 6001,JFK,DCA
74327,YX 4581,LGA,RIC
74339,YX 4356,XNA,LGA
74356,9E 4792,CHS,JFK
74370,UA 38,SAT,EWR
74402,WN 3134,LGA,BNA
74410,DL 2794,JFK,MSY
74422,9E 5441,CLT,JFK
74463,WN 4324,DEN,LGA
74487,WN 6412,MDW,LGA
74502,UA 400,EWR,PDX
74516,C5 4943,EWR,IAD
74548,UA 322,RSW,EWR
74566,WN 2420,ATL,LGA
74577,EV 4143,EWR,DAY
74606,B6 754,PBI,JFK
74613,OO 4100,CLE,LGA
74614,DL 2316,DEN,JFK
74620,EV 4068,EWR,BNA
74621,9E 5052,CLT,LGA
74627,OO 3554,GSP,LGA
74646,OO 3969,JFK,BUF
74690,WN 1692,LGA,ATL
74696,DL 790,JFK,DCA
74709,DL 1660,ATL,JFK
74722,9E 3341,PWM,JFK
74729,YX 6121,GSP,LGA
74732,9E 3498,PIT,LGA
74738,B6 2818,BOS,JFK
74741,DL 1004,JAX,JFK
74758,EV 4277,MEM,EWR
74770,DL 1680,LGA,MIA
74776,9E 3393,CLT,JFK
74780,YX 6095,MCI,LGA
74803,WN 1109,LGA,ATL
74840,EV 4020,EWR,DAY
74878,WN 4910,MDW,LGA
74908,AA 2918,ORD,EWR
74933,WN 3600,MCI,LGA
74976,MQ 4240,JFK,ORF
74994,WN 465,EWR,STL
75023,YX 3590,ORD,LGA
75044,DL 456,JFK,MCO
75069,AA 495,JFK,ORD
75106,WN 4496,FLL,LGA
75112,UA 696,EWR,BUF
75113,YX 5892,LGA,PIT
75128,WN 4563,MDW,LGA
75137,WN 4284,DEN,LGA
75155,C5 4994,MEM,EWR
75156,WN 4567,STL,EWR
75200,9E 5280,BUF,JFK
75224,OO 3528,LGA,BNA
75242,9E 3406,PWM,LGA
75257,OO 3922,GSP,LGA
75262,WN 2965,MCO,LGA
75302,9E 5105,GSO,LGA
75325,AA 2523,MIA,LGA
75333,OO 4873,JFK,CHS
75355,EV 4151,BNA,EWR
75359,WN 875,MDW,LGA
75410,YX 3544,ROC,EWR
75411,UA 1687,FLL,EWR
75448,YX 3678,EWR,SAV
75452,C5 5000,ORF,EWR
75457,YX 5897,LGA,ROC
75467,UA 1050,ROC,EWR
75506,YX 6099,BHM,LGA
75576,DL 418,PHX,JFK
75578,YX 6019,MEM,LGA
75580,YX 5887,JFK,CMH
75582,DL 1994,JFK,SJU
75606,G4 2501,SAV,EWR
75624,AA 2541,LGA,MIA
75703,9E 3390,LGA,PIT
75716,DL 941,BOS,LGA
75804,9E 5295,STL,LGA
75817,OO 3952,SYR,LGA
75919,WN 5770,DEN,EWR
75951,YX 3540,EWR,RDU
75969,9E 3323,EWR,MSP
75971,WN 5192,LGA,MCO
75979,EV 4154,ROC,EWR
75997,WN 1117,LGA,TPA
76041,YX 3551,PWM,EWR
76061,DL 1454,EWR,DTW
76062,UA 2036,EWR,PBI
76142,OO 3771,LGA,SDF
76152,DL 719,DTW,JFK
76163,YX 3619,EWR,CHS
76168,9E 4865,JFK,DFW
76200,WN 2338,EWR,DEN
76305,MQ 9310,DAY,LGA
76314,C5 4911,MEM,EWR
76340,YX 4328,LGA,ATL
76351,WN 1157,MDW,EWR
76352,YX 5876,BOS,LGA
76357,9E 5298,JFK,BWI
76359,DL 357,DTW,JFK
76376,YX 5878,LGA,DCA
76386,EV 4203,EWR,MHT
76458,9E 3390,LGA,ROC
76548,YX 4579,LGA,RDU
76592,B6 2814,BOS,JFK
76593,UA 1547,LGA,ORD
76594,YX 3593,PWM,EWR
76628,9E 3323,LGA,MKE
76637,YX 3751,EWR,SAV
76655,YX 3660,EWR,STL
76671,WN 2832,MCI,LGA
76724,YX 5936,LGA,CLT
76732,WN 949,LGA,STL
76777,WN 2586,BNA,LGA
76781,UA 1539,EWR,DTW
76785,C5 4912,EWR,BTV
76800,9E 5284,CLT,LGA
76839,EV 4028,CLT,EWR
76859,C5 4885,EWR,GSP
76868,9E 5491,JFK,DFW
76887,C5 4941,LEX,EWR
76911,9E 4827,GSP,LGA
76933,WN 6741,BNA,LGA
76957,AA 80,EWR,CLT
76970,WN 4532,ATL,LGA
77019,YX 9387,DCA,JFK
77044,YX 6018,LGA,DFW
77074,DL 1074,DEN,JFK
77138,C5 4903,BNA,EWR
77164,WN 4380,LGA,DAL
77171,WN 1443,EWR,AUS
77185,YX 3470,CLE,LGA
77233,AA 1559,MTJ,LGA
77252,C5 5008,SYR,EWR
77271,DL 793,LGA,RSW
77303,WN 1762,TPA,LGA
77307,WN 2609,LGA,HOU
77343,C5 4906,SYR,EWR
77383,WN 2949,EWR,MDW
77389,9E 3443,LGA,XNA
77399,WN 3298,MDW,EWR
77413,EV 4145,CLE,EWR
77432,OO 3671,LGA,SAV
77552,AA 2486,EWR,ORD
77580,9E 3417,ROC,LGA
77588,9E 3410,LGA,IND
77596,UA 1873,EWR,MSY
77602,9E 5279,MEM,LGA
77609,YX 6131,LGA,CMH
77616,9E 5400,JFK,ROC
77647,WN 3058,ATL,LGA
77685,C5 4882,JAX,EWR
77706,YX 5988,LGA,IAH
77725,WN 3811,LGA,MCI
77731,YX 3549,EWR,BUF
77743,DL 1457,DFW,JFK
77759,OO 4126,LGA,OMA
77778,WN 1157,EWR,BNA
77785,C5 4973,EWR,MEM
77832,YX 5884,LGA,PIT
77862,YX 5870,ORD,JFK
77864,WN 768,DEN,LGA
77867,DL 1595,JAX,JFK
77886,EV 4439,EWR,BUF
77939,WN 632,LGA,HOU
77943,ZW 3808,IAD,LGA
77946,OO 3875,SAV,LGA
77959,DL 661,ATL,EWR
77995,DL 2122,LGA,SRQ
78007,YX 6084,PIT,LGA
78019,9E 3446,BGR,LGA
78020,B6 2429,JFK,RSW
78091,YX 3513,DTW,EWR
78098,OO 3584,DFW,JFK
78161,WN 3036,AUS,EWR
78168,9E 3398,BOS,JFK
78171,9E 3416,JFK,SYR
78183,C5 5008,PIT,EWR
78238,MQ 3539,EWR,ORD
78244,9E 5416,JFK,IAD
78288,B6 411,JFK,LAS
78304,DL 379,BOS,LGA
78330,C5 5024,GSO,EWR
78331,AA 1445,JFK,SEA
78409,9E 3336,JFK,IAD
78421,DL 1882,DEN,JFK
78432,WN 3725,MDW,LGA
78479,G7 6201,EWR,DTW
78519,WN 3098,LGA,BNA
78552,UA 2060,EWR,SAT
78568,AA 307,LGA,MCO
78570,OO 3748,LGA,SYR
78579,WN 2962,LGA,STL
78594,WN 2824,HOU,LGA
78621,YX 5986,LGA,STL
78647,C5 4994,EWR,STL
78650,9E 5082,MCI,LGA
78670,UA 390,LAS,EWR
78671,OO 3938,LGA,DFW
78672,YX 6096,CLT,LGA
78686,C5 4975,EWR,CAK
78763,WN 957,DEN,LGA
78769,YX 3499,MIA,EWR
78776,UA 1416,RDU,EWR
78845,OO 3834,RDU,JFK
78864,AA 2071,CLT,EWR
78873,DL 700,IAH,LGA
78880,EV 4230,CVG,EWR
78891,YX 4356,LGA,CHS
78925,YX 3541,EWR,MEM
78932,YX 3499,EWR,CLT
78936,MQ 3425,CLE,LGA
78968,EV 3983,CVG,EWR
79049,9E 3338,DSM,LGA
79080,YX 4285,LGA,ATL
79109,9E 3290,LGA,BNA
79110,WN 3710,LGA,HOU
79131,AA 942,LGA,MIA
79143,YX 4383,CHS,LGA
79230,MQ 4148,LGA,PIT
79257,UA 215,PBI,EWR
79278,C5 4887,EWR,RIC
79302,WN 4378,ATL,LGA
79349,WN 1676,ATL,LGA
79375,C5 4991,MEM,EWR
79397,WN 2705,DAL,LGA
79400,9E 5371,JFK,BOS
79402,WN 2556,EWR,STL
79420,AA 2949,LGA,RDU
79457,EV 4317,EWR,RDU
79473,9E 4793,DTW,JFK
79525,YX 5936,DCA,JFK
79538,9E 3318,LGA,PIT
79547,UA 463,EWR,PBI
79550,WN 3806,LGA,DEN
79607,DL 2317,ATL,EWR
79646,C5 4955,IAD,EWR
79650,B6 1904,SJU,JFK
79660,9E 3445,CLE,LGA
79672,MQ 4139,CLE,LGA
79680,WN 3509,BNA,EWR
79702,OO 3774,SDF,LGA
79791,AA 194,ORD,LGA
79792,WN 489,LGA,ATL
79826,C5 5005,GSP,EWR
79837,DL 520,LGA,SRQ
79850,DL 1221,JFK,DCA
79857,MQ 4266,CLE,LGA
79860,AA 1094,LGA,CLT
79973,OO 3864,ORD,JFK
80029,9E 5195,MSP,EWR
80039,9E 3316,JFK,CLE
80077,9E 3448,IND,JFK
80126,WN 6550,DAL,LGA
80127,DL 2170,LGA,BOS
80151,YX 5949,JFK,RDU
80153,9E 3379,LGA,JAX
80163,C5 4955,EWR,MEM
80239,YV 6340,LGA,IAH
80248,C5 4945,EWR,BGR
80249,YX 3756,RAP,EWR
80261,9E 3320,JAX,LGA
80267,EV 4021,EWR,BUF
80268,9E 3344,LGA,RSW
80312,OH 5165,ORF,LGA
80317,9E 3406,BHM,LGA
80323,9E 3438,SYR,LGA
80340,WN 2638,MDW,EWR
80344,DL 2396,EWR,DTW
80375,9E 3344,MEM,LGA
80417,WN 5543,STL,EWR
80467,YX 6076,JAX,LGA
80483,YX 5913,JFK,BOS
80484,WN 3687,EWR,MDW
80499,DL 1097,BOS,LGA
80501,OO 3757,CLE,LGA
80545,AA 2155,DCA,LGA
80577,C5 4950,ORF,EWR
80587,EV 4351,EWR,MCI
80626,DL 679,LGA,DFW
80683,9E 5098,JFK,ROC
80691,DL 1172,LGA,DFW
80692,DL 945,LGA,DFW
80695,WN 3373,LGA,STL
80725,EV 4281,DCA,EWR
80730,C5 4932,GSO,EWR
80734,9E 3472,JFK,CLT
80737,UA 425,EWR,CHS
80810,UA 1162,EWR,SNA
80835,DL 1398,LGA,MCO
80878,WN 528,EWR,STL
80881,YX 5921,LGA,JAX
80901,WN 864,FLL,EWR
80911,MQ 3376,SDF,LGA
80931,C5 4978,EWR,DAY
80935,OO 5964,ORD,LGA
80971,9E 5137,BTV,LGA
81007,WN 1273,EWR,MDW
81016,UA 607,EWR,IAH
81029,DL 1343,ATL,JFK
81041,YX 3496,EWR,SAV
81078,DL 1759,JFK,MCO
81088,DL 822,LGA,BOS
81104,9E 5301,LGA,CLT
81109,WN 4837,LGA,TPA
81128,YX 5953,EYW,LGA
81132,WN 1486,LGA,STL
81180,WN 1141,LGA,MSY
81181,WN 257,MDW,LGA
81200,UA 1443,SDF,EWR
81226,DL 2751,JFK,TPA
81264,EV 4080,JAX,EWR
81282,OH 5654,ORF,LGA
81303,AS 1036,SJC,JFK
81334,WN 4049,MDW,EWR
81344,YX 4708,LGA,CMH
81351,YX 4317,DCA,LGA
81382,YX 4352,LGA,PHL
81447,WN 2268,EWR,MDW
81488,G7 6226,RDU,EWR
81520,YX 4347,RIC,LGA
81553,C5 4910,ROC,EWR
81554,WN 4315,STL,LGA
81609,OH 5375,PIT,LGA
81665,OO 3626,LGA,IAH
81701,YX 3554,EWR,GSO
81720,DL 825,IAH,LGA
81754,9E 3479,ORF,LGA
81801,UA 1627,ROC,EWR
81828,DL 2012,ORD,LGA
81849,9E 3300,LGA,DSM
81892,EV 4075,CVG,EWR
81895,MQ 3778,LGA,MEM
81920,UA 2074,SRQ,EWR
81960,YX 4712,LGA,PBI
81977,UA 325,EWR,FLL
81998,9E 3396,LGA,CLE
82011,AA 2891,EWR,ORD
82013,9E 3347,BUF,JFK
82057,YX 6017,JFK,DCA
82075,OO 3709,DTW,EWR
82089,YX 5940,DCA,LGA
82172,WN 1156,LGA,DAL
82195,9E 5272,CHS,JFK
82200,YX 3668,EWR,DFW
82229,EV 3974,BNA,EWR
82231,OO 3701,LGA,CLE
82255,YX 5913,LGA,BOS
82266,C5 5016,EWR,PVD
82279,9E 3425,LGA,GSO
82299,DL 1040,JFK,MIA
82306,UA 1666,IAH,EWR
82322,EV 4381,ORF,EWR
82349,YX 3520,SAV,EWR
82371,WN 5101,LGA,MDW
82406,OO 3970,JFK,BOS
82442,C5 4910,EWR,ORF
82462,UA 829,CLT,EWR
82474,EV 4014,CLE,EWR
82499,C5 4906,BUF,EWR
82510,DL 1802,JFK,SLC
82529,OO 3850,DFW,LGA
82531,WN 2824,LGA,MCI
82570,WN 3341,LGA,ATL
82614,DL 2606,LGA,SRQ
82638,DL 2091,EWR,ATL
82644,YX 4430,PHL,LGA
82663,9E 3320,PWM,LGA
82667,AA 2211,LGA,DFW
82669,EV 4096,RIC,EWR
82688,DL 442,LGA,ATL
82699,9E 3452,GRR,LGA
82700,YX 6019,LGA,SRQ
82714,DL 1481,JFK,PHX
82778,DL 357,LGA,DFW
82820,9E 5377,LGA,OMA
82916,OO 3639,LGA,BOS
82997,WN 3168,FLL,EWR
83028,YX 3448,GRR,EWR
83035,OO 3693,LGA,GSP
83054,YX 6120,ROC,LGA
83098,C5 5024,BNA,EWR
83103,9E 4845,CVG,LGA
83106,UA 792,SEA,EWR
83110,9E 4870,LGA,ORF
83112,YX 4285,TYS,LGA
83142,WN 3482,LGA,DAL
83160,YX 3554,LGA,ORD
83168,YX 5976,JFK,DTW
83209,9E 5224,LGA,XNA
83222,YX 4495,CMH,LGA
83237,WN 2834,LGA,MCI
83268,YX 4341,BNA,LGA
83294,9E 5024,LGA,CVG
83322,C5 5019,GRR,EWR
83330,OO 3916,BOS,JFK
83339,UA 449,EWR,CLT
83344,WN 5549,MDW,LGA
83366,DL 2674,LGA,DFW
83407,DL 2477,LGA,ORD
83428,EV 4216,EWR,GSP
83486,YX 3566,EWR,ORF
83512,UA 1931,SNA,EWR
83531,9E 4873,SAV,LGA
83537,9E 5234,LGA,MKE
83539,9E 3369,LGA,BNA
83544,OO 4137,EWR,MSP
83558,DL 1484,FLL,JFK
83564,C5 4901,DCA,EWR
83568,EV 4194,ROC,EWR
83588,9E 3449,PIT,LGA
83624,EV 4093,EWR,IND
83630,WN 2801,BNA,LGA
83637,DL 2998,MSP,LGA
83641,9E 3373,BTV,JFK
83705,DL 923,EWR,SLC
83739,DL 2702,LGA,MIA
83759,WN 4978,EWR,BNA
83782,9E 5165,JFK,IAD
83784,WN 3028,HOU,LGA
83885,YX 6016,ORF,LGA
83916,UA 2368,EWR,IAH
83923,YX 6126,ROC,JFK
83935,MQ 3436,LGA,MEM
84008,DL 668,LGA,MSP
84044,9E 3354,LGA,STL
84054,C5 4981,ORF,EWR
84073,EV 4125,SDF,EWR
84074,9E 5162,JAX,LGA
84093,UA 1177,LAX,EWR
84112,EV 4413,EWR,DAY
84131,9E 5399,CLT,JFK
84188,YX 6133,LGA,ROC
84191,OO 3644,CAE,LGA
84204,WN 4617,MCI,LGA
84214,YX 3432,EWR,SYR
84224,OO 3956,JFK,BOS
84234,9E 5433,BNA,LGA
84241,9E 5140,LGA,CLE
84244,YX 3514,DFW,EWR
84260,WN 1483,EWR,BNA
84272,DL 494,LGA,DFW
84292,C5 4981,PWM,EWR
84296,WN 1972,LGA,MKE
84307,AA 381,CLT,LGA
84316,9E 4753,LGA,MKE
84327,YX 5980,LGA,RDU
84329,EV 4325,PWM,EWR
84350,EV 4224,EWR,DCA
84389,WN 2453,STL,LGA
84414,WN 1599,LGA,HOU
84423,DL 850,DFW,LGA
84426,WN 3751,MDW,LGA
84445,9E 5325,JFK,DFW
84482,C5 5005,RIC,EWR
84491,WN 4019,MDW,EWR
84493,WN 2947,STL,LGA
84511,WN 2113,ATL,LGA
84519,C5 4976,DCA,EWR
84520,YX 6098,LGA,MEM
84521,9E 3284,LGA,MCI
84550,C5 4924,EWR,MSN
84576,AA 230,ORD,LGA
84634,WN 4683,DEN,LGA
84666,YX 3511,CLE,EWR
84694,YX 6065,MCI,LGA
84696,WN 5223,DEN,LGA
84743,WN 5586,LGA,DEN
84744,MQ 4060,DTW,LGA
84747,WN 4509,MKE,LGA
84771,C5 4894,JAX,EWR
84799,WN 1139,EWR,MDW
84858,WN 2811,LGA,MDW
84865,AA 2875,EWR,ORD
84888,UA 2065,EWR,RSW
84918,YX 5918,IND,LGA
84923,YX 3619,EWR,DCA
84989,WN 6376,LGA,ATL
85038,WN 2900,LGA,ATL
85086,WN 2289,ATL,LGA
85091,DL 2793,JFK,AUS
85093,WN 5555,LGA,DAL
85094,YX 4619,PHL,LGA
85106,OO 3552,SYR,LGA
85137,9E 3303,MVY,LGA
85203,DL 489,LGA,ORD
85208,YV 6260,IAH,LGA
85261,EV 4228,EWR,STL
85309,WN 2465,LGA,MKE
85310,WN 175,ATL,LGA
85327,YX 3478,GRR,EWR
85404,EV 4058,DTW,EWR
85414,G4 404,TYS,EWR
85435,9E 3423,STL,LGA
85448,DL 2963,JFK,CLT
85463,C5 4903,MHT,EWR
85491,C5 5007,EWR,CLE
85505,DL 748,SRQ,LGA
85531,OO 3551,PBI,LGA
85535,G7 6236,RDU,EWR
85572,YX 6031,LGA,STL
85576,WN 5468,LGA,MDW
85577,C5 4961,STL,EWR
85591,WN 5260,BNA,EWR
85599,C5 4967,EWR,MKE
85612,WN 1312,LGA,MDW
85613,OO 5299,LGA,ORD
85639,OO 3870,RDU,LGA
85663,DL 2788,MCO,JFK
85697,EV 4449,IND,EWR
85711,C5 4932,RIC,EWR
85715,G4 1316,EWR,CVG
85758,9E 4928,LGA,BHM
85778,EV 4231,PIT,EWR
85789,WN 4287,BNA,LGA
85797,YX 4384,SDF,LGA
85805,YX 3442,IND,EWR
85830,UA 1452,EWR,ORD
85837,WN 2123,EWR,BNA
85879,C5 4921,EWR,GSO
85882,WN 640,HOU,LGA
85919,C5 4943,EWR,BTV
85955,YX 3644,EWR,RIC
85965,YX 5957,SDF,LGA
85970,DL 1996,IAH,LGA
85991,DL 542,MSP,EWR
86014,YX 3629,HHH,EWR
86075,OO 3620,LGA,CLE
86099,OO 4751,CLT,LGA
86109,YX 3405,EWR,GSO
86131,OO 5624,ORD,LGA
86206,DL 707,LGA,TVC
86210,YX 5933,DCA,LGA
86221,YV 6374,IAH,LGA
86267,DL 2171,LGA,MIA
86281,9E 5327,LGA,CVG
86310,9E 5333,GSO,LGA
86340,YX 6030,LGA,CMH
86367,B6 506,FLL,EWR
86388,9E 5489,SRQ,JFK
86495,EV 4009,EWR,MCI
86499,EV 3994,EWR,DCA
86518,WN 1348,EWR,DEN
86552,DL 2094,ATL,JFK
86553,9E 5168,JFK,SAV
86603,DL 1187,MSY,LGA
86609,UA 2158,EWR,PBI
86813,DL 1100,LGA,ORD
86872,9E 3411,LGA,CHO
86879,9E 3436,LGA,RDU
86903,YX 5900,LGA,BHM
86930,9E 3306,PIT,LGA
86949,AA 2058,CLT,LGA
86954,9E 5189,SDF,LGA
86967,YX 3507,DCA,EWR
86989,WN 1359,MDW,EWR
86997,OO 3624,MSN,LGA
87076,WN 40,DAL,LGA
87097,UA 288,ORD,LGA
87111,9E 3421,JFK,SYR
87120,YX 3522,SAV,EWR
87153,UA 2021,EWR,MSY
87168,AA 842,LGA,CLT
87189,YX 5918,LGA,IND
87214,DL 2800,JFK,RSW
87234,C5 5014,IAD,EWR
87269,9E 5373,LGA,MSN
87286,WN 1411,LGA,DAL
87340,YX 3471,STL,EWR
87356,WN 1748,DAL,LGA
87357,DL 1328,LGA,BOS
87444,9E 3462,ROC,LGA
87491,UA 770,LAS,EWR
87517,WN 2795,EWR,DEN
87533,DL 2299,DTW,EWR
87551,9E 5268,CLE,JFK
87565,C5 4946,LGA,IAD
87596,OO 3555,PIT,LGA
87598,WN 5083,LGA,TPA
87718,9E 5334,BNA,LGA
87720,WN 5627,LGA,DAL
87725,YX 5949,LGA,DCA
87771,WN 4279,EWR,DEN
87785,YX 4369,LGA,DTW
87850,EV 4355,EWR,STL
87869,AA 2024,LGA,MIA
87870,C5 4931,PWM,EWR
87962,WN 1255,MDW,LGA
88050,9E 4819,PIT,JFK
88052,C5 5004,EWR,PIT
88099,WN 4850,MDW,LGA
88149,DL 964,EWR,DTW
88151,OO 4214,LGA,CLE
88239,WN 5696,BNA,LGA
88278,UA 1728,EWR,BOS
88308,WN 1100,LGA,MDW
88340,OO 3909,SAV,JFK
88346,YX 6121,AGS,LGA
88366,WN 5645,LGA,DEN
88402,UA 2337,EWR,RSW
88416,DL 1691,JFK,TPA
88445,MQ 4123,JFK,IND
88514,OO 4454,LGA,ORD
88525,UA 1482,EWR,SLC
88530,WN 931,LGA,HOU
88539,9E 5314,LGA,RIC
88559,OO 4118,CHS,JFK
88563,YV 6156,IAH,LGA
88591,DL 1628,DFW,LGA
88711,WN 5150,LGA,ATL
88750,YX 4573,PBI,LGA
88757,DL 1261,JFK,MCO
88772,AA 1333,CLT,EWR
88783,C5 5000,EWR,GSP
88787,G4 1225,EWR,AVL
88791,UA 1591,EWR,SFO
88823,9E 3386,PWM,LGA
88831,YX 5897,BHM,LGA
88908,C5 4470,EWR,CMH
88910,YX 5934,LGA,RDU
88915,UA 1878,RDU,EWR
88919,OO 3594,DTW,LGA
89025,WN 1274,MKE,LGA
89090,DL 2086,DCA,JFK
89093,C5 4958,EWR,BNA
89114,OO 3649,RIC,LGA
89125,YX 6005,LGA,CLE
89163,DL 310,LGA,DFW
89177,9E 3385,CVG,EWR
89185,YX 3604,RIC,EWR
89210,YX 4423,LGA,DTW
89217,WN 4567,BNA,LGA
89254,DL 487,JFK,AUS
89279,WN 420,LGA,HOU
89285,YX 5870,BNA,LGA
89292,9E 5413,IAD,JFK
89299,EV 4003,CHS,EWR
89326,9E 3470,LGA,GSO
89333,DL 1130,JFK,ATL
89350,AA 1869,DFW,JFK
89354,WN 5500,STL,LGA
89415,OO 3651,SAV,JFK
89450,B6 2890,MCO,JFK
89492,B6 1690,SAN,JFK
89494,G4 1215,EWR,AVL
89503,WN 4208,MKE,LGA
89524,9E 5325,JFK,BOS
89537,YX 3731,EWR,RIC
89541,YX 6087,BOS,LGA
89557,YX 5890,LGA,IAH
89565,DL 1867,MSY,LGA
89610,WN 4373,EWR,MDW
89626,MQ 4179,CAE,LGA
89652,WN 2881,MDW,LGA
89661,WN 3197,DEN,EWR
89686,WN 455,LGA,MKE
89689,UA 1163,SLC,EWR
89779,DL 1372,LGA,FLL
89840,YX 3474,DCA,EWR
89856,WN 5268,LGA,MKE
89916,OO 3977,GSO,LGA
89958,OO 4074,RIC,LGA
90000,YX 4579,STL,LGA
90004,9E 3479,LGA,SAV
90024,WN 3999,BNA,LGA
90028,AA 338,LGA,ORD
90040,YX 5892,IND,JFK
90045,9E 5504,LGA,SYR
90084,WN 6609,BNA,LGA
90174,WN 3255,DEN,LGA
90217,DL 679,PHX,JFK
90248,DL 2279,JFK,FLL
90272,OO 4708,CLE,LGA
90282,9E 3297,CLT,JFK
90311,WN 1280,MKE,LGA
90335,YX 3579,LGA,ORD
90357,9E 5229,LGA,BNA
90378,C5 4932,PWM,EWR
90413,YX 6017,ROC,LGA
90453,AA 1800,DFW,LGA
90470,YX 4300,CMH,JFK
90504,WN 1274,MDW,EWR
90515,WN 3187,MDW,EWR
90589,YX 3757,LGA,ORD
90593,C5 5014,RIC,EWR
90622,C5 4921,EWR,DCA
90645,9E 3344,JFK,PWM
90666,9E 3299,EWR,MSP
90687,DL 618,ORD,LGA
90695,C5 5002,MKE,EWR
90711,DL 875,RSW,LGA
90712,9E 5162,JFK,IND
90725,YX 5872,GRR,LGA
90740,C5 5013,EWR,BNA
90775,UA 1050,IAD,EWR
90777,UA 1021,DTW,EWR
90822,OO 3519,LGA,CHS
90841,YX 6086,BHM,LGA
90860,DL 1074,EWR,MSP
90919,WN 4060,MDW,EWR
90946,WN 1185,EWR,BNA
90988,YX 6138,LGA,ROC
90991,C5 4881,EWR,RIC
91011,WN 3526,LGA,HOU
91014,MQ 3438,LGA,CHO
91041,OO 3516,SAV,LGA
91079,AS 419,LAX,JFK
91087,AA 1377,LGA,MIA
91162,YX 5943,LGA,RDU
91174,YX 3602,MSY,EWR
91204,UA 445,LAS,EWR
91213,DL 2845,BOS,LGA
91242,WN 3283,MCI,LGA
91259,B6 501,BUF,JFK
91304,OO 3698,LGA,MKE
91354,WN 5490,EWR,PHX
91355,AA 2231,ORD,LGA
91362,OH 5318,RDU,JFK
91374,YX 4700,LGA,BNA
91388,WN 1050,ATL,LGA
91427,9E 3342,JFK,RIC
91437,DL 745,LGA,SRQ
91440,YX 3500,ORD,LGA
91448,DL 2730,JFK,LAX
91458,UA 1014,ORD,LGA
91494,DL 2601,BOS,LGA
91535,WN 3495,DAL,LGA
91549,C5 4880,EWR,BGR
91615,DL 2432,JFK,MSP
91690,YX 6126,JFK,ROC
91703,WN 3043,MSY,LGA
91704,9E 4764,LGA,BNA
91765,DL 1744,CVG,LGA
91813,WN 5464,EWR,DEN
91834,YX 5922,BUF,LGA
91867,AA 40,LGA,PHL
91889,C5 4926,EWR,IAD
91911,YX 5902,DCA,JFK
92004,UA 964,MCO,EWR
92006,WN 3821,LGA,MDW
92029,YX 5980,STL,LGA
92034,YX 5917,LGA,GRR
92046,9E 3437,EWR,DTW
92061,DL 1379,LGA,DFW
92077,YX 5891,IND,LGA
92097,MQ 4213,SDF,LGA
92121,OO 4120,ORD,LGA
92134,B6 2906,FLL,EWR
92174,WN 3692,LGA,ATL
92177,YX 3451,BOS,EWR
92192,MQ 4130,BOS,JFK
92218,UA 2121,DEN,LGA
92237,MQ 3919,LGA,TVC
92239,WN 4482,EWR,MDW
92283,9E 4766,MCI,LGA
92295,WN 2340,EWR,BNA
92306,AA 43,CLT,JFK
92340,AA 861,LGA,ORD
92369,EV 4114,EWR,CLE
92374,YX 4459,XNA,LGA
92392,C5 4910,CVG,EWR
92402,WN 3683,LGA,HOU
92430,C5 4985,BNA,EWR
92489,MQ 4208,RDU,JFK
92535,UA 376,EWR,LAX
92560,UA 1426,EWR,IAH
92581,9E 5251,BUF,JFK
92615,C5 5013,EWR,JAX
92659,YX 6093,LGA,MCI
92663,9E 3459,LGA,ACK
92682,WN 3033,LGA,HOU
92701,DL 355,CLT,JFK
92712,WN 2929,LGA,DAL
92717,WN 4307,LGA,ATL
92725,9E 3435,LGA,RSW
92730,YX 3492,EWR,CLT
92771,9E 3445,LGA,JAX
92778,WN 1210,LGA,MCI
92857,WN 3493,DAL,LGA
92862,WN 2318,LGA,DAL
92865,DL 306,DTW,EWR
92868,C5 4946,MEM,EWR
92886,DL 663,BOS,LGA
92910,DL 1943,ATL,JFK
92945,WN 2646,LGA,MKE
92950,WN 3617,LGA,MDW
92964,YX 5887,LGA,BOS
93012,WN 1453,EWR,DEN
93045,UA 1835,EWR,FLL
93072,EV 4173,LGA,IAD
93086,9E 5088,RDU,LGA
93094,WN 3944,BNA,EWR
93100,UA 1156,EWR,JAX
93121,C5 4899,EWR,ROC
93122,UA 1112,ORD,LGA
93125,DL 1338,LGA,MIA
93151,YX 6083,LGA,HHH
93162,OO 3776,GRR,LGA
93203,OO 4890,LGA,RIC
93289,DL 2845,JFK,DCA
93309,C5 4978,DAY,EWR
93349,B6 2053,JFK,PBI
93366,YV 6375,LGA,IAH
93378,YX 3686,ORD,EWR
93383,OO 4169,GRR,LGA
93408,DL 724,LGA,PBI
93415,DL 856,FLL,LGA
93424,UA 1442,ROC,EWR
93425,AA 798,DFW,JFK
93432,B6 1772,FLL,LGA
93463,AS 1183,EWR,SFO
93472,DL 859,DTW,EWR
93487,WN 5695,DAL,LGA
93491,WN 1278,LGA,MDW
93524,9E 5050,DSM,LGA
93559,YX 6037,BOS,LGA
93612,B6 217,BOS,JFK
93688,OO 4017,GRR,LGA
93749,OO 4120,LGA,BUF
93752,9E 5313,JFK,BWI
93786,DL 828,JFK,DTW
93795,DL 2497,LGA,PBI
93805,YX 5937,JFK,DCA
93810,DL 1561,LGA,IAH
93830,9E 4829,JFK,IAD
93915,OO 5478,ORD,LGA
94005,YX 4635,LGA,PHL
94012,C5 4908,IND,EWR
94055,9E 5372,BNA,JFK
94095,DL 1581,LGA,TPA
94098,WN 4721,MDW,LGA
94131,UA 2015,MIA,EWR
94169,9E 3413,BGR,LGA
94170,DL 2467,JFK,DEN
94192,YX 3667,STL,EWR
94316,WN 3727,DEN,EWR
94369,WN 409,LGA,ATL
94399,DL 1514,LGA,MCO
94417,G4 1380,EWR,CVG
94424,DL 522,ORD,LGA
94465,DL 724,PBI,LGA
94489,DL 700,BOS,LGA
94515,9E 3441,STL,LGA
94535,WN 5442,LGA,ATL
94543,YX 5966,SYR,LGA
94631,WN 5471,LGA,DAL
94652,WN 3638,EWR,STL
94656,G4 2513,EWR,SAV
94676,WN 1751,LGA,DAL
94684,AA 1889,DFW,LGA
94693,EV 4402,SYR,EWR
94694,DL 954,EWR,MSP
94703,WN 4874,LGA,STL
94705,YX 5963,RIC,LGA
94710,WN 5147,DEN,LGA
94759,YX 3561,EWR,PWM
94762,OO 4175,ORD,JFK
94788,OO 3645,BNA,JFK
94809,9E 3296,LGA,AVL
94828,AA 2216,CLT,JFK
94840,UA 2119,PIT,EWR
94889,B6 1407,JFK,IAD
94929,UA 2019,EWR,LAX
94960,DL 2181,DTW,EWR
94965,9E 5414,MSP,EWR
94990,WN 4148,ATL,LGA
95012,YX 4396,LGA,DTW
95052,OO 3933,EWR,MSP
95085,UA 384,EWR,SEA
95104,DL 1362,DFW,LGA
95106,C5 4940,EWR,BGR
95165,WN 512,STL,EWR
95166,WN 4713,LGA,MDW
95193,WN 1060,EWR,FLL
95212,C5 5014,GSP,EWR
95242,WN 4538,HOU,LGA
95283,YX 5960,BHM,LGA
95297,YX 5906,SAV,LGA
95300,WN 2350,MDW,EWR
95314,9E 3413,CHS,JFK
95346,OO 3620,LGA,RIC
95418,WN 3621,LGA,MDW
95422,AA 2922,EWR,ORD
95436,DL 2157,ATL,JFK
95476,YX 6007,LGA,SDF
95491,YX 3423,BNA,EWR
95511,YX 4349,LGA,ILM
95546,MQ 3376,LGA,SDF
95634,AA 2247,LGA,RDU
95712,9E 3377,CVG,EWR
95742,YX 6034,OMA,LGA
95793,OO 3631,LGA,SAV
95806,YX 3497,EWR,SRQ
95828,DL 560,ATL,EWR
95829,WN 5107,DAL,LGA
95846,C5 4886,EWR,CVG
95850,YX 6016,GRR,LGA
95856,9E 5107,BOS,JFK
95863,UA 710,IAD,EWR
95873,DL 2970,JFK,SEA
95912,OH 5186,JFK,PIT
95930,DL 797,BOS,LGA
95939,9E 4894,LGA,CLT
95977,B6 2702,FLL,JFK
96020,YX 5983,IND,LGA
96107,WN 3856,BNA,LGA
96154,WN 4068,TPA,LGA
96183,YX 3433,BTV,EWR
96185,YX 5966,LGA,CLE
96186,DL 2687,LGA,MSP
96223,WN 418,DEN,LGA
96275,AS 1176,SFO,EWR
96277,DL 2199,JFK,PHX
96349,YX 5988,LGA,BOS
96357,C5 4919,EWR,PIT
96400,F9 7881,LGA,MIA
96406,EV 4069,GSO,EWR
96416,9E 3298,MCI,LGA
96420,WN 951,MCI,LGA
96429,YX 3434,ALB,EWR
96448,YX 3495,LGA,ORD
96453,YX 5900,GSP,LGA
96466,DL 1799,LGA,MCO
96489,WN 742,EWR,MDW
96500,OH 5523,LGA,ORF
96516,AA 24,CLT,JFK
96545,UA 207,BUF,EWR
96601,YX 6033,MEM,LGA
96620,OO 4146,BUF,JFK
96641,B6 2517,JFK,BOS
96700,UA 1162,EWR,IAH
96720,G7 6240,MSP,EWR
96733,AA 1990,MIA,JFK
96913,9E 5103,STL,LGA
96914,YX 5917,RDU,LGA
96918,C5 4921,ORF,EWR
96978,MQ 4039,PHL,JFK
97001,C5 4989,EWR,MHT
97005,YX 6136,PIT,LGA
97035,9E 5532,IND,JFK
97078,AA 2253,ORD,LGA
97080,WN 5284,LGA,MKE
97090,EV 3993,CMH,EWR
97125,YX 3634,GSO,EWR
97144,WN 2855,LGA,MDW
97174,WN 2795,MCO,EWR
97195,C5 4975,SYR,EWR
97226,WN 4525,LGA,ATL
97244,9E 5511,MSY,LGA
97283,WN 5882,ATL,LGA
97287,9E 3422,LGA,ORF
97309,B6 526,TPA,JFK
97312,UA 1953,ORD,LGA
97327,9E 3332,EWR,MSP
97368,9E 3387,LGA,MEM
97373,9E 4812,IND,JFK
97389,WN 3155,TPA,LGA
97399,WN 3892,ATL,LGA
97410,DL 2837,JFK,PBI
97426,YX 4437,LGA,DAB
97430,9E 4845,LGA,CVG
97442,OO 3832,LGA,BNA
97495,WN 4216,AUS,EWR
97514,9E 3382,BNA,LGA
97576,OO 3629,RDU,JFK
97608,WN 28,LGA,BNA
97695,YX 4494,IND,JFK
97769,WN 192,LGA,STL
97803,EV 4012,EWR,BNA
97815,9E 3426,LGA,MEM
97841,OO 3846,LGA,MCI
97876,B6 1025,JFK,TPA
97980,9E 5078,CLT,LGA
98009,OO 3508,CLT,LGA
98030,EV 4054,EWR,CVG
98071,YX 6069,CMH,JFK
98095,YX 6009,BOS,LGA
98105,NK 1710,FLL,LGA
98110,OO 3532,LGA,ORD
98117,9E 3376,JFK,PIT
98120,YX 5874,PIT,LGA
98141,YX 3667,EWR,PVD
98181,C5 4999,EWR,MKE
98214,WN 3467,DAL,LGA
98216,WN 496,EWR,AUS
98245,WN 3301,EWR,MDW
98282,UA 296,EWR,MIA
98300,YX 6009,JFK,BUF
98346,YX 4618,LGA,RDU
98363,9E 3495,LGA,PWM
98397,EV 3999,EWR,CMH
98410,YX 6097,LGA,SDF
98517,YX 5935,LGA,CVG
98525,C5 4893,EWR,ACK
98577,WN 3227,LGA,BNA
98588,YX 3584,EWR,HHH
98608,C5 4993,EWR,RIC
98616,WN 2822,LGA,MDW
98678,OO 5208,ORD,LGA
98781,9E 3439,LGA,MVY
98802,OO 3739,LGA,MCI
98805,OO 4049,RIC,LGA
98810,YX 5969,BOS,LGA
98835,YX 3753,ORD,LGA
98857,DL 757,JFK,BOS
98859,YX 5932,PIT,LGA
98874,OO 4455,ORD,LGA
98885,C5 5007,EWR,LEX
98998,G7 6261,EWR,MSP
99023,YX 5913,DFW,JFK
99035,WN 3980,LGA,MSY
99089,MQ 4157,JFK,ORF
99151,EV 4267,STL,EWR
99192,9E 4847,PIT,LGA
99255,9E 5509,LGA,MSY
99282,OH 5450,ORF,LGA
99300,DL 2891,SFO,JFK
99308,UA 2321,DFW,EWR
99315,YX 5921,LGA,MSN
99316,C5 5011,EWR,CVG
99351,EV 4088,BTV,EWR
99424,MQ 3357,ROA,LGA
99438,YX 5873,CMH,JFK
99496,WN 2123,DEN,LGA
99528,9E 3477,LGA,GSO
99590,YX 3497,EWR,STL
99595,WN 2877,MDW,EWR
99755,OO 3557,JFK,ORD
99766,WN 2623,MDW,LGA
99795,AA 64,LGA,PHL
99813,YX 3427,SAV,EWR
99847,9E 5033,MEM,LGA
99962,YX 6138,LGA,CMH
99989,9E 3363,LGA,CLT
99992,UA 786,SNA,EWR
100024,MQ 4226,DTW,LGA
100071,EV 3991,DTW,EWR
100090,9E 5161,JFK,BWI
100134,WN 5727,LGA,BNA
100141,YX 3414,CLE,EWR
100170,DL 732,EWR,DTW
100204,DL 2109,DFW,LGA
100205,C5 4950,EWR,ORF
100217,G7 6219,DTW,EWR
100354,WN 1366,MKE,LGA
100393,C5 4894,LEX,EWR
100406,C5 4915,EWR,BNA
100439,WN 3239,DAL,LGA
100455,OO 4922,CHS,LGA
100466,YX 5961,ORF,LGA
100484,YX 5978,RDU,LGA
100501,YX 6014,LGA,IND
100523,C5 4988,EWR,BTV
100530,9E 3294,ROC,LGA
100559,UA 1986,EWR,BNA
100583,9E 3457,CVG,EWR
100628,YX 6126,LGA,CLT
100650,OO 4446,MKE,LGA
100652,EV 4419,EWR,DTW
100661,9E 3330,LGA,BNA
100668,YX 5967,LGA,MCI
100698,YX 3662,MSY,EWR
100758,YX 3500,EWR,ATL
100763,YX 3410,EWR,SDF
100870,YX 3591,ORD,EWR
100880,WN 2985,EWR,BNA
100901,YX 4463,LGA,MSP
100926,UA 2341,MSY,EWR
100965,G4 402,TYS,EWR
100967,YX 6128,MCI,LGA
100992,9E 3314,LGA,IND
101012,YX 3589,EWR,SRQ
101079,DL 2359,ATL,EWR
101081,C5 4996,EWR,SAV
101120,YX 5962,LGA,RSW
101159,WN 4156,EWR,STL
101167,C5 4928,EWR,CMH
101190,9E 5059,BTV,JFK
101200,9E 5490,JFK,DFW
101213,YX 3492,EWR,MKE
101216,YX 5999,IND,LGA
101292,UA 1595,EWR,DEN
101306,YX 6089,LGA,CLE
101309,OO 4045,JFK,ORD
101331,9E 3360,LGA,ORF
101335,9E 3396,RIC,JFK
101338,WN 3819,BNA,EWR
101340,WN 3611,LGA,TPA
101419,MQ 3327,CLE,JFK
101454,G4 2523,SAV,EWR
101459,UA 662,RDU,EWR
101477,9E 3334,LGA,CVG
101630,DL 2063,LGA,DFW
101651,UA 1482,EWR,BOS
101661,UA 623,EWR,MTJ
101687,AA 1088,JFK,BOS
101690,9E 3284,ROC,LGA
101694,YX 5983,LGA,GSO
101715,OO 5941,ORD,LGA
101742,9E 3369,CLE,JFK
101748,YX 5921,LGA,SRQ
101832,C5 4923,EWR,ROC
101883,WN 4519,LGA,MCI
101897,9E 3432,LGA,CHA
101945,AA 239,JFK,CLT
101948,DL 2626,LGA,DTW
101965,9E 3342,JFK,IAD
101977,OH 5618,ORF,LGA
102007,WN 6723,HOU,LGA
102051,WN 4958,LGA,ATL
102058,DL 719,LGA,MSY
102068,DL 1102,LGA,TPA
102082,C5 5009,MSN,EWR
102112,WN 4588,ATL,LGA
102137,YX 3564,EWR,ORF
102154,9E 5356,CLT,LGA
102163,YX 4708,DTW,LGA
102168,YX 5888,BOS,EWR
102241,C5 5007,SDF,EWR
102247,DL 2744,DFW,LGA
102249,AA 2863,EWR,ORD
102287,9E 3420,MCI,LGA
102347,DL 1890,LGA,BOS
102348,WN 5477,PBI,LGA
102365,YX 4341,LGA,BNA
102366,YX 3523,EWR,CMH
102370,DL 747,JFK,LAX
102384,C5 5010,ROC,EWR
102414,DL 1963,BOS,LGA
102416,WN 4421,LGA,DAL
102441,DL 659,IAH,LGA
102444,YX 6076,LGA,IND
102445,EV 3698,SAV,EWR
102509,WN 4710,MKE,LGA
102580,DL 711,LGA,IAH
102597,YX 5999,LGA,CLT
102603,9E 3379,LGA,ROC
102630,WN 3141,LGA,ATL
102685,OH 5219,DAY,LGA
102721,C5 4962,GRR,EWR
102726,EV 3973,EWR,DTW
102782,DL 1529,RSW,LGA
102827,9E 4889,JFK,DTW
102845,OO 3909,PIT,LGA
102853,DL 1428,LGA,CVG
102924,OO 3991,ORD,LGA
102931,9E 3316,CHS,LGA
102957,C5 5018,BGR,EWR
103014,9E 4799,JFK,ORD
103020,YX 6100,LGA,BOS
103029,YX 3472,EWR,ORF
103043,AA 2039,LGA,CLT
103077,YX 4341,ATL,LGA
103136,OO 3570,SDF,LGA
103169,YX 4617,LGA,PBI
103173,DL 1959,JFK,FLL
103180,YX 4500,AVL,LGA
103219,YX 3716,ORD,LGA
103235,YX 4418,DAB,LGA
103247,UA 675,SFO,EWR
103250,9E 3473,LGA,MCI
103252,WN 4535,MDW,LGA
103267,MQ 4227,LGA,DTW
103298,WN 5622,HOU,LGA
103315,9E 3358,LGA,PIT
103382,YX 5904,LGA,CMH
103399,MQ 4202,LGA,MEM
103439,MQ 3875,SAV,LGA
103461,9E 5357,LGA,CHO
103486,YX 3431,ATL,EWR
103492,9E 3286,LGA,MKE
103503,DL 796,PDX,JFK
103511,DL 2718,JFK,MSP
103553,C5 4971,PIT,EWR
103569,YX 3696,CVG,EWR
103603,YX 3549,PWM,EWR
103636,UA 590,IAH,LGA
103648,YX 6098,MCI,LGA
103667,9E 5294,BOS,JFK
103768,DL 2794,JFK,MSP
103772,DL 1627,LGA,DFW
103778,AA 284,CMH,LGA
103809,C5 4979,EWR,SBN
103821,DL 864,JFK,SLC
103822,YX 4363,DAB,LGA
103823,WN 5957,LGA,MDW
103826,DL 928,DEN,LGA
103832,9E 5488,LGA,TYS
103847,OO 3757,LGA,SDF
103849,9E 3408,LGA,JAX
103854,9E 3308,CLT,JFK
103919,YX 4342,PHL,LGA
103922,WN 5186,DEN,LGA
103946,YX 3416,BOS,EWR
103983,YX 5885,LGA,ROC
104006,OO 3789,JFK,CLT
104034,WN 1059,EWR,MDW
104053,WN 4003,MKE,LGA
104060,OO 3826,MCI,LGA
104102,YX 5896,DFW,LGA
104104,WN 3432,EWR,AUS
104117,DL 942,TVC,LGA
104130,9E 5400,BUF,JFK
104138,OO 3940,LGA,GSO
104194,WN 4417,LGA,DAL
104263,YX 5991,LGA,BOS
104275,WN 6605,LGA,ATL
104279,DL 879,BOS,JFK
104282,EV 4175,EWR,MSP
104372,YX 6055,GSP,LGA
104396,YX 5976,ROC,LGA
104424,YX 5878,CMH,LGA
104435,YX 3606,CLE,EWR
104441,DL 2675,LGA,TPA
104530,DL 347,BOS,LGA
104558,OO 4194,JFK,ORD
104564,WN 3550,PHX,EWR
104568,AA 2493,CLT,EWR
104606,WN 5562,FLL,LGA
104624,9E 3323,LGA,CHS
104659,UA 1545,EWR,LAX
104732,UA 1084,EWR,TPA
104752,YX 6044,JAX,LGA
104755,EV 4194,LGA,ORD
104761,9E 3414,LGA,MSN
104779,YX 3689,EYW,EWR
104788,OO 3536,JFK,PIT
104789,WN 1282,EWR,MDW
104792,EV 4000,EWR,CMH
104801,YX 4519,LGA,PIT
104814,WN 1324,TPA,LGA
104871,G7 6209,RDU,EWR
104882,9E 3471,LGA,PIT
104904,9E 3290,LGA,PIT
104995,MQ 4114,RDU,LGA
105025,MQ 4152,RIC,JFK
105047,AA 2171,LGA,DCA
105049,AA 999,DFW,LGA
105056,OO 4146,LGA,SAV
105089,WN 1592,LGA,HOU
105121,DL 1126,JFK,BOS
105126,9E 5326,SAV,LGA
105140,C5 4924,EWR,DAY
105142,DL 1762,JFK,SLC
105168,AS 1182,SFO,EWR
105186,YX 6137,LGA,MKE
105234,YX 5919,MKE,LGA
105262,EV 4466,CMH,EWR
105265,WN 2800,LGA,MKE
105277,YX 4581,RDU,LGA
105317,YX 6029,LGA,JAX
105325,YX 6030,JFK,MSY
105330,DL 1441,JFK,BOS
105389,WN 3461,LGA,DEN
105451,WN 1347,LGA,MKE
105487,WN 1166,LGA,MDW
105504,YX 5871,LGA,GRR
105508,UA 2144,EWR,CLT
105554,G4 1237,EWR,AVL
105577,C5 4988,IAD,EWR
105616,9E 3395,DFW,JFK
105649,AA 1357,JFK,MIA
105677,9E 5091,LGA,CHO
105691,9E 5018,PIT,LGA
105698,9E 3365,LGA,STL
105717,WN 3107,ATL,LGA
105774,YX 4451,LGA,ORF
105830,YX 3680,EWR,STL
105847,WN 4740,DEN,LGA
105892,9E 3310,SAV,LGA
105907,WN 4208,LGA,ATL
105914,9E 3336,LGA,MSN
105915,YX 3429,CLT,EWR
105959,OO 3571,LGA,BNA
105965,9E 6276,EWR,CVG
105993,OO 3780,LGA,CLE
106008,WN 1854,MKE,LGA
106015,WN 1251,LGA,DEN
106018,EV 4024,CLT,EWR
106058,9E 3295,LGA,MCI
106059,WN 2676,TPA,LGA
106068,9E 5430,LGA,ORF
106072,WN 1122,LGA,MDW
106083,WN 2652,BNA,LGA
106176,EV 4107,GRR,EWR
106224,DL 701,JFK,BOS
106237,EV 4340,SAV,EWR
106280,9E 3301,CHO,LGA
106284,AA 230,EWR,PHX
106307,C5 4881,AVL,EWR
106342,DL 726,JFK,PHX
106351,OO 4129,GSO,LGA
106396,AA 1566,MIA,JFK
106453,9E 4918,LGA,ORF
106455,YX 5908,BUF,LGA
106470,EV 4471,ORF,EWR
106490,UA 1116,EWR,LAX
106503,YX 3622,EWR,MEM
106519,MQ 3850,ORD,EWR
106588,9E 5080,BTV,JFK
106592,DL 915,BOS,LGA
106637,B6 880,EWR,BOS
106672,AA 1381,RDU,LGA
106673,DL 775,LGA,MCO
106771,9E 5140,CVG,LGA
106827,YX 4628,CLE,LGA
106839,WN 2469,STL,LGA
106874,9E 3423,JFK,RDU
106888,DL 1956,MCO,JFK
106956,DL 844,LGA,DFW
107047,9E 4879,LGA,GSP
107062,OO 4199,LGA,ORD
107064,C5 4968,EWR,BTV
107066,WN 1880,DEN,EWR
107139,OO 3864,CLE,JFK
107165,OO 4142,LGA,IAH
107175,WN 3848,MKE,LGA
107199,WN 4416,LGA,MSY
107209,WN 4162,STL,LGA
107223,OO 3524,CLT,LGA
107228,9E 3328,LGA,RDU
107238,9E 3359,LGA,BUF
107370,9E 5415,BOS,JFK
107389,9E 5212,STL,LGA
107395,C5 4925,STL,EWR
107497,C5 4895,EWR,MEM
107498,WN 4721,LGA,DEN
107546,OO 3693,BNA,LGA
107550,9E 3350,LGA,BTV
107602,9E 5053,JFK,CLE
107607,9E 3347,TYS,LGA
107713,AA 1890,JFK,SAT
107720,EV 4401,SAV,EWR
107734,YX 6125,JFK,BUF
107771,YV 6237,IAH,LGA
107793,YX 4356,BNA,LGA
107815,WN 4132,BNA,EWR
107823,WN 4640,EWR,DEN
107828,9E 5289,JFK,BOS
107850,YX 5937,BOS,JFK
107912,WN 3164,STL,LGA
107931,WN 1520,MKE,LGA
107939,YX 6104,LGA,IND
107967,G7 6208,MSP,EWR
108024,9E 5082,LGA,MCI
108176,YX 5913,LGA,IAH
108228,MQ 3544,LGA,GSO
108235,YX 5995,JFK,BOS
108246,YX 3670,BNA,EWR
108252,C5 4979,IAD,LGA
108269,DL 869,MCO,LGA
108283,9E 5453,ORF,LGA
108353,YX 6114,CLT,LGA
108361,9E 5164,LGA,CLE
108402,DL 1735,DEN,JFK
108424,9E 3327,JFK,BTV
108447,UA 1065,MIA,EWR
108516,EV 3984,ORD,LGA
108531,DL 1761,IAH,LGA
108572,YX 4555,LGA,PIT
108620,9E 5349,CLE,JFK
108625,DL 2513,SAN,JFK
108666,C5 4965,EWR,ORF
108702,WN 1552,DAL,LGA
108739,UA 556,RSW,EWR
108788,C5 4994,MHT,EWR
108791,EV 3978,EWR,PWM
108859,9E 5282,CVG,LGA
108902,UA 1132,DEN,LGA
108980,YX 3653,EWR,MKE
109022,UA 1406,MSY,EWR
109026,YX 3519,LGA,ORD
109102,WN 2238,MCO,LGA
109137,YX 3581,IND,EWR
109150,WN 4366,DEN,EWR
109210,YX 6025,SRQ,LGA
109274,WN 3796,EWR,AUS
109303,YX 3434,EWR,CHS
109309,WN 2740,HOU,LGA
109310,C5 4977,CVG,EWR
109317,9E 5132,JFK,ORF
109319,UA 38,IAD,EWR
109321,YX 6133,LGA,CMH
109333,YX 5882,CLT,JFK
109375,YX 6121,JAX,LGA
109379,C5 4893,IAD,EWR
109388,YX 5973,BOS,JFK
109408,WN 2131,LGA,ATL
109415,YX 4365,SAV,LGA
109450,UA 1493,EWR,PHX
109547,G7 6185,DTW,EWR
109555,EV 4007,GRR,EWR
109601,EV 4187,EWR,DCA
109695,WN 339,MDW,EWR
109739,9E 4803,BHM,LGA
109853,C5 4927,EWR,PWM
109894,9E 3463,LGA,BTV
109912,YX 6125,BUF,JFK
109987,UA 237,EWR,PBI
110010,YX 4418,IND,JFK
110028,DL 424,LGA,DFW
110044,DL 1273,LGA,BOS
110065,OO 3805,ORD,LGA
110093,EV 4233,EWR,CVG
110120,9E 5447,LGA,BUF
110181,OO 3926,EWR,MSP
110185,DL 1571,ORD,LGA
110208,9E 4858,LGA,ROC
110264,WN 4394,LGA,BNA
110266,WN 4508,LGA,BNA
110286,C5 4906,BNA,EWR
110349,C5 4931,MSN,EWR
110444,UA 1479,EWR,STT
110463,WN 2719,HOU,LGA
110499,9E 3472,LGA,GSO
110522,DL 1821,TPA,JFK
110555,DL 2745,MSP,LGA
110576,YX 6017,LGA,ROC
110596,WN 4243,DEN,LGA
110607,YX 3527,MEM,EWR
110647,9E 3373,TYS,LGA
110656,9E 5475,BGR,LGA
110673,WN 1245,MDW,EWR
110710,9E 3296,MSP,EWR
110724,9E 5398,DCA,JFK
110731,UA 2412,EWR,PSP
110753,9E 5274,JFK,CLE
110758,9E 3364,BOS,JFK
110768,9E 3361,CHO,LGA
110787,9E 4864,JFK,ROC
110820,9E 3498,CVG,LGA
110833,C5 4880,EWR,LEX
110876,OO 3966,JFK,BUF
110906,EV 4010,BTV,EWR
110995,9E 4887,LGA,PIT
111032,WN 4043,LGA,MDW
111064,WN 3158,LGA,MDW
111077,DL 307,PBI,LGA
111137,YX 6089,ILM,LGA
111154,WN 4339,EWR,STL
111158,WN 3530,LGA,STL
111183,WN 1445,EWR,MCO
111185,9E 5303,MEM,LGA
111229,WN 4229,EWR,BNA
111246,EV 3997,CAK,EWR
111262,9E 3381,JFK,RIC
111267,DL 2192,LGA,STL
111278,EV 3994,LGA,ORD
111292,WN 599,OAK,EWR
111375,DL 555,JFK,CLT
111383,AA 1559,LGA,MTJ
111405,9E 3464,GSO,LGA
111467,EV 4483,ORD,LGA
111468,F9 1462,ATL,LGA
111817,YX 5880,LGA,STL
111823,9E 3451,LGA,SYR
111844,YX 3566,EWR,MSP
111870,AA 312,DFW,LGA
111925,9E 5062,JAX,LGA
111942,UA 1720,EWR,PSP
111986,YX 5906,HHH,LGA
112007,MQ 4034,JFK,RDU
112031,UA 608,EWR,AUS
112082,DL 2990,DFW,LGA
112120,OO 3636,LGA,CLE
112126,WN 2636,LGA,ATL
112154,WN 1526,EWR,BNA
112210,9E 5182,SYR,LGA
112231,9E 3421,LGA,CLE
112251,C5 4901,EWR,ACK
112305,9E 5069,CLE,LGA
112337,WN 5570,ATL,LGA
112403,YX 5909,MSN,LGA
112435,9E 3369,JFK,CLE
112443,AS 158,LAX,EWR
112450,EV 4457,EWR,LEX
112499,YX 4707,LGA,SDF
112504,YX 4702,LGA,SAV
112540,YX 3660,MKE,EWR
112554,EV 4278,EWR,IND
112562,DL 1958,SRQ,LGA
112641,9E 3428,LGA,GSP
112698,AA 1728,JFK,CLT
112703,WN 5471,LGA,HOU
112735,WN 6081,MCO,EWR
112755,DL 796,JFK,MSP
112800,9E 3290,EWR,RDU
112837,AS 1195,EWR,SFO
112845,9E 5384,BGR,LGA
112848,WN 1036,MDW,LGA
112858,WN 3017,STL,EWR
112869,DL 506,ORD,LGA
112966,YX 4416,AGS,LGA
112970,C5 5013,EWR,DCA
113067,YX 3707,EWR,BUF
113075,YX 5868,LGA,MSY
113094,WN 3951,EWR,SAN
113101,WN 171,LGA,DEN
113132,AA 269,LAX,JFK
113150,DL 315,JFK,DTW
113176,YX 4457,LGA,PWM
113254,C5 4938,CLE,EWR
113266,AS 59,JFK,PSP
113273,WN 4510,ATL,LGA
113293,9E 5035,LGA,SAV
113332,9E 3292,CLT,JFK
113333,OO 3837,LGA,BOS
113343,OO 3769,LGA,PIT
113345,YX 3690,LGA,ORD
113359,OO 3852,EWR,DTW
113420,DL 1721,LGA,RSW
113441,9E 3336,LGA,STL
113443,WN 4098,MDW,LGA
113460,WN 2639,EWR,MDW
113461,YX 5969,LGA,SDF
113468,DL 305,SNA,JFK
113497,9E 3406,MHT,LGA
113564,UA 2150,MCO,EWR
113605,WN 4488,LGA,STL
113610,DL 1968,ATL,JFK
113620,WN 1880,DAL,LGA
113740,UA 1526,EWR,PWM
113863,UA 202,PHX,EWR
113896,DL 670,JFK,DTW
113914,9E 3355,LGA,MEM
113918,YX 5870,LGA,BNA
113933,YX 3492,EWR,PWM
113994,DL 1118,TPA,LGA
113997,YX 3579,EWR,BGR
114011,AS 1168,LAX,EWR
114012,YX 5993,LGA,ROC
114046,YX 3465,EWR,TYS
114066,DL 1936,LGA,FLL
114084,DL 2309,JFK,MCO
114108,EV 4026,EWR,MKE
114234,9E 5390,JFK,CLE
114254,9E 3393,GSO,LGA
114260,OO 4024,RIC,LGA
114302,YX 3408,DAY,EWR
114330,9E 3453,TYS,LGA
114361,DL 1352,LGA,DFW
114381,YX 6004,BOS,LGA
114386,WN 5558,LGA,MDW
114391,9E 3324,BTV,LGA
114510,EV 4272,EWR,BGR
114609,DL 1346,JFK,FLL
114620,WN 5089,LGA,MCI
114645,EV 3966,ALB,EWR
114750,YX 6001,GSO,LGA
114856,C5 5011,IAD,EWR
114885,9E 4781,LGA,BUF
114896,9E 3479,LGA,CLE
114904,WN 5440,STL,LGA
114905,EV 4010,EWR,BTV
114918,EV 4126,EWR,DTW
115016,WN 4096,STL,LGA
115045,C5 4959,GSP,EWR
115071,UA 1542,TPA,EWR
115117,EV 4261,PIT,EWR
115132,WN 5031,LGA,BNA
115164,9E 5371,LGA,MKE
115184,9E 3339,LGA,CHS
115187,WN 5137,LGA,MDW
115202,OO 3967,LGA,OMA
115229,9E 3371,JFK,PWM
115260,WN 2195,LGA,MDW
115265,9E 5259,CLE,JFK
115386,MQ 3544,GSO,LGA
115412,C5 4915,EWR,DCA
115456,YX 3633,LGA,ORD
115486,WN 4622,EWR,MDW
115498,9E 3497,CLE,LGA
115546,DL 2666,DTW,LGA
115553,9E 5323,LGA,BUF
115617,9E 4759,ORF,JFK
115664,WN 3132,BNA,LGA
115676,YX 3492,EWR,ORD
115733,EV 4195,LGA,CLE
115800,DL 748,LGA,ORD
115812,YX 5943,JFK,ROC
115899,OO 4160,JFK,BNA
115918,DL 1157,MSY,LGA
115944,9E 3391,JFK,RDU
115972,YX 6078,STL,LGA
116174,YX 6118,LGA,CLE
116212,AA 248,JFK,SEA
116224,C5 4966,EWR,RIC
116263,9E 5218,LGA,CHO
116274,B6 775,JFK,MSY
116290,UA 1161,MIA,EWR
116296,C5 4890,ORF,EWR
116349,YX 6098,JFK,BUF
116382,YX 5887,LGA,ROC
116430,C5 4903,EWR,CHS
116489,9E 4934,LGA,GRR
116537,C5 4964,GSP,EWR
116553,DL 1780,ATL,EWR
116566,UA 2441,EWR,IAH
116582,DL 851,JAX,JFK
116593,C5 4955,MKE,EWR
116601,DL 2498,JFK,SEA
116616,YX 5893,BUF,LGA
116623,YX 4510,PBI,LGA
116669,YX 3424,BOS,EWR
116696,9E 3320,BNA,LGA
116702,DL 932,LGA,IAH
116703,C5 4975,PWM,EWR
116855,9E 5248,LGA,DSM
116914,YX 6005,LGA,BNA
116944,UA 2090,EWR,PBI
116967,OO 3506,EWR,DTW
116968,YX 5980,LGA,IND
116992,WN 6376,STL,LGA
117056,YX 3514,EWR,BGR
117122,DL 425,ATL,EWR
117127,YX 3699,DAY,EWR
117130,OO 3752,LGA,RDU
117198,WN 5300,LGA,MDW
117262,WN 2504,LGA,ATL
117290,C5 4929,EWR,TYS
117297,B6 1789,JFK,SAN
117325,WN 5505,LGA,STL
117334,YX 3580,EWR,RIC
117374,YX 3599,SDF,EWR
117408,G7 6256,MSP,EWR
117560,DL 1526,MCO,LGA
117575,EV 4096,DTW,EWR
117624,AA 1383,LGA,CLT
117625,WN 4710,DEN,LGA
117666,WN 4080,BNA,LGA
117680,9E 5414,EWR,MSP
117701,WN 4281,HOU,LGA
117723,OO 4126,SYR,LGA
117737,DL 442,EWR,ATL
117751,C5 4996,EWR,BUF
117777,WN 3539,LGA,BNA
117837,OO 3684,JFK,BOS
117854,WN 5254,EWR,STL
118007,UA 1435,PHX,EWR
118080,OO 3789,LGA,CAE
118124,DL 1494,MIA,LGA
118181,AA 55,LGA,CLT
118186,WN 3053,DAL,LGA
118273,G7 6300,EWR,CVG
118280,WN 2992,EWR,AUS
118287,DL 1339,EWR,DTW
118301,DL 1688,PBI,JFK
118304,WN 4847,DAL,LGA
118332,MQ 4191,JFK,RIC
118378,WN 4042,MDW,LGA
118416,DL 1024,LGA,MSY
118465,B6 1425,JFK,TPA
118468,YX 4504,ILM,LGA
118472,DL 1853,PBI,JFK
118533,AA 1119,JFK,PHX
118633,WN 2664,LGA,HOU
118710,DL 2373,EWR,MSP
118734,YX 3751,LGA,ORD
118750,WN 4353,STL,LGA
118807,DL 1382,JFK,ATL
118846,EV 4305,DCA,EWR
118858,C5 4997,ORF,EWR
118872,UA 211,EWR,HDN
118891,WN 3002,LGA,MKE
118901,B6 2067,JFK,PBI
118940,EV 3982,EWR,BNA
118951,UA 1803,EWR,TPA
118988,C5 4917,CMH,EWR
119008,C5 4980,EWR,SAV
119024,DL 746,MSY,LGA
119096,YX 6109,LGA,DFW
119097,WN 2244,BNA,LGA
119166,UA 370,EWR,SEA
119181,C5 4878,EWR,DTW
119197,C5 5011,EWR,ROC
119273,YX 3703,SDF,EWR
119274,UA 1460,EWR,IAH
119336,DL 2871,LGA,IAH
119344,YX 5943,ROC,JFK
119376,EV 4364,BTV,EWR
119419,WN 5471,ATL,LGA
119427,EV 4005,LGA,ORD
119465,WN 3874,EWR,STL
119562,OO 3628,CLT,LGA
119612,WN 2511,EWR,DEN
119630,YX 3748,EWR,JAX
119635,WN 3500,HOU,LGA
119666,9E 5443,SAV,LGA
119672,YX 3412,ATL,EWR
119761,AA 1431,LGA,EGE
119779,YX 6060,IND,LGA
119824,YX 4373,PIT,LGA
119840,UA 1021,BNA,EWR
119879,YX 6011,GRR,LGA
119888,9E 3303,CHO,LGA
119894,9E 3296,CLE,LGA
119958,WN 4279,STL,EWR
120071,EV 3994,BNA,EWR
120075,YX 3496,EWR,STL
120099,9E 5348,DCA,JFK
120183,WN 4981,LGA,MDW
120271,OO 4854,GRR,LGA
120284,OO 3777,LGA,BNA
120313,YX 3437,RDU,EWR
120316,UA 1264,MCO,EWR
120319,YX 3451,JAX,EWR
120375,9E 5453,LGA,ORF
120379,UA 662,EWR,MIA
120393,9E 5320,LGA,SYR
120416,DL 1463,MIA,LGA
120421,UA 1144,SRQ,EWR
120549,9E 4827,CAE,LGA
120551,OH 5554,ORF,LGA
120590,YX 5895,BOS,LGA
120627,YX 6119,LGA,STL
120698,DL 2501,JFK,SFO
120719,YX 5977,BUF,LGA
120730,YV 6116,LGA,IAH
120737,YX 5980,BHM,LGA
120747,DL 1093,JFK,DCA
120749,YX 6058,CMH,LGA
120801,YX 5938,BOS,EWR
120975,WN 5518,LGA,DEN
120996,UA 1039,EWR,ROC
121004,YX 3698,ORF,EWR
121031,WN 1299,MDW,EWR
121164,C5 4990,EWR,CHS
121213,YX 3454,DCA,EWR
121255,9E 5538,JFK,SRQ
121265,WN 5140,LGA,DAL
121266,9E 3427,BUF,LGA
121326,MQ 3337,PIT,LGA
121444,WN 3618,LGA,MKE
121457,UA 490,FLL,EWR
121481,OH 5511,RDU,JFK
121504,YX 5980,PIT,LGA
121535,9E 3432,JFK,PWM
121545,EV 4150,EWR,SYR
121548,MQ 3308,ILM,LGA
121590,C5 4952,EWR,BNA
121591,WN 1691,LGA,MDW
121622,YX 5907,JFK,CMH
121643,WN 2385,MDW,EWR
121676,9E 5076,RDU,LGA
121719,DL 1703,BOS,LGA
121747,AA 2427,DFW,LGA
121749,UA 1797,PIT,EWR
121783,WN 1546,DAL,LGA
121788,EV 4468,EWR,MCI
121819,YX 6007,STL,LGA
121842,WN 3133,EWR,BNA
121870,EV 4435,ORF,EWR
121897,EV 3984,CLT,EWR
121910,WN 1114,LGA,MDW
122011,9E 5229,LGA,MVY
122041,B6 74,CHS,JFK
122104,WN 5394,LGA,MCO
122111,OO 4138,LGA,MCI
122117,C5 4979,CVG,EWR
122132,DL 490,LGA,ATL
122164,9E 3441,LGA,BHM
122199,DL 2256,DTW,LGA
122228,YX 5934,LGA,IAH
122253,9E 5179,DFW,JFK
122311,9E 5224,LGA,MKE
122322,WN 3797,LGA,ATL
122381,C5 4865,DCA,EWR
122397,9E 4777,CLT,LGA
122439,9E 4763,LGA,CVG
122512,UA 1845,ATL,EWR
122516,C5 4895,EWR,CHS
122578,AA 2625,EWR,CLT
122587,DL 1599,LGA,DTW
122596,C5 4971,EWR,IND
122603,YX 3646,EWR,MSY
122614,9E 5433,LGA,BNA
122633,YX 3578,EWR,SRQ
122666,WN 1643,LGA,HOU
122723,9E 5418,SAV,JFK
122750,WN 4390,LGA,MCI
122754,C5 4866,EWR,BGR
122882,9E 3341,BOS,JFK
122942,DL 2199,MCO,LGA
122944,WN 4488,LGA,TPA
123007,9E 5127,LGA,RIC
123030,WN 6683,DAL,LGA
123120,WN 518,DEN,LGA
123268,MQ 3885,RIC,JFK
123311,OO 3777,BNA,LGA
123341,WN 3191,LGA,ATL
123353,YX 6036,RDU,LGA
123378,9E 5336,LGA,STL
123379,DL 1723,JFK,DEN
123401,YX 4554,LGA,CHS
123429,DL 1528,MCO,JFK
123455,WN 1988,LGA,ATL
123483,WN 3522,DAL,LGA
123532,YX 5977,JFK,BOS
123542,DL 1442,LGA,MSY
123644,DL 2259,EWR,DTW
123704,C5 4889,GSO,EWR
123732,WN 5064,EWR,PHX
123740,EV 4094,ORD,LGA
123775,YX 4301,LGA,PIT
123776,WN 5537,MCI,LGA
123784,AA 1500,LGA,CLT
123838,EV 4384,PVD,EWR
123899,9E 3308,AVL,LGA
123925,MQ 3811,RDU,JFK
123929,9E 3486,JFK,RDU
123943,WN 4676,EWR,STL
123979,OO 3788,CLE,LGA
123983,UA 2149,MTJ,EWR
124026,9E 4822,BUF,LGA
124036,YX 4304,LGA,CLT
124070,C5 4961,EWR,CHS
124099,WN 4369,LGA,MDW
124125,9E 3461,JAX,LGA
124131,DL 2707,JFK,CLT
124156,WN 3051,DAL,LGA
124164,OO 4071,LGA,RIC
124180,C5 4958,STL,EWR
124190,UA 934,SLC,EWR
124209,UA 1784,TPA,EWR
124330,YX 5915,JAX,JFK
124364,9E 5309,CLT,LGA
124387,EV 4327,EWR,DAY
124467,YX 4679,LGA,EYW
124527,YX 4406,LGA,CLE
124554,9E 3490,LGA,MCI
124649,AA 1850,MCO,LGA
124747,9E 3327,LGA,RSW
124748,AA 2348,MIA,LGA
124791,WN 3259,LGA,TPA
124839,DL 351,LGA,ATL
124848,9E 3397,GSO,LGA
124856,WN 627,ATL,LGA
124869,YX 4280,MSP,LGA
124899,UA 556,EWR,LAX
124902,WN 5421,MSY,LGA
124942,OO 3611,RIC,LGA
124963,C5 5017,ORF,EWR
125039,9E 5364,LGA,CHO
125054,YX 3459,EWR,IND
125080,UA 312,PHX,EWR
125248,WN 1795,LGA,DAL
125274,OO 3783,LGA,BNA
125352,YX 4579,LGA,STL
125362,YV 6377,IAH,LGA
125430,9E 5022,LGA,GSO
125521,EV 4231,PVD,EWR
125577,9E 3361,MYR,LGA
125610,9E 4882,LGA,BNA
125670,UA 1442,MCO,EWR
125728,YX 6058,RIC,LGA
125750,YX 3670,EWR,CVG
125754,WN 2179,EWR,MDW
125803,WN 3507,LGA,MKE
125815,9E 3334,PWM,JFK
125827,9E 5065,LGA,BGR
125880,EV 4048,MKE,EWR
126015,YX 3520,GSP,EWR
126046,9E 3425,PWM,JFK
126062,B6 229,JFK,RSW
126088,DL 2211,MSP,EWR
126117,9E 3446,LGA,CHO
126167,WN 4063,HOU,LGA
126169,YX 3523,LGA,ORD
126259,9E 3297,MCI,LGA
126319,WN 3909,LGA,DAL
126326,AS 1260,LAS,JFK
126387,9E 3341,JFK,RDU
126404,DL 784,BOS,JFK
126450,WN 406,DAL,LGA
126474,UA 371,RDU,EWR
126479,EV 4054,CLE,EWR
126500,AS 420,JFK,LAX
126552,9E 3345,LGA,GSO
126571,DL 1671,IAH,LGA
126638,WN 5424,EWR,STL
126681,YX 3474,EWR,BNA
126702,WN 5427,LGA,DAL
126711,OO 4601,MCI,LGA
126740,YX 3473,EWR,BGR
126752,YX 4338,LGA,BOS
126762,C5 4996,EWR,DCA
126856,EV 4337,GSP,EWR
126917,UA 528,RDU,EWR
126955,EV 4265,ORF,EWR
126976,EV 4008,BNA,EWR
126981,WN 5434,BNA,EWR
126991,9E 5119,JFK,ORF
127108,YX 4593,MIA,LGA
127126,9E 5248,LGA,CVG
127198,UA 1682,BUF,EWR
127209,UA 2199,SLC,EWR
127258,UA 2320,DEN,EWR
127298,EV 4313,LGA,CLE
127328,YX 3590,EWR,GSP
127537,WN 4720,LGA,SAT
127562,DL 935,MCO,LGA
127578,OO 3789,CLT,JFK
127596,UA 288,PHX,EWR
127627,WN 2156,LGA,BNA
127633,9E 3429,LGA,MKE
127641,9E 3455,LGA,BUF
127656,DL 865,JFK,MCO
127673,C5 5002,DCA,EWR
127689,AA 2293,CLT,LGA
127711,YX 3456,EWR,ATL
127751,DL 973,MSP,EWR
127885,DL 1123,BOS,LGA
127912,YX 3447,ATL,EWR
127922,EV 4191,CLT,EWR
127970,B6 393,JFK,DAB
128011,EV 4378,ORD,LGA
128067,OO 3525,SYR,LGA
128068,AA 365,JFK,ORD
128077,WN 2899,EWR,MDW
128083,EV 4283,ROC,EWR
128104,YX 3464,ORD,LGA
128117,WN 3009,FLL,EWR
128122,9E 5402,BUF,LGA
128134,YX 4316,LGA,PHL
128157,YV 6089,LGA,IAH
128158,EV 4014,EWR,GSO
128190,WN 4394,FLL,LGA
128205,WN 6879,EWR,AUS
128236,YX 6010,MSP,LGA
128288,DL 898,JFK,DTW
128297,OO 3914,JFK,DCA
128372,YX 6100,LGA,CLT
128391,AA 36,LGA,ORD
128451,WN 867,LGA,DAL
128480,YX 5948,BUF,LGA
128523,YX 3628,LGA,ORD
128537,DL 511,LGA,MSY
128553,YX 5891,CMH,LGA
128589,WN 3433,BNA,EWR
128605,UA 2211,ORD,EWR
128610,UA 1944,ORD,LGA
128614,DL 1593,LAS,JFK
128615,WN 716,PHX,EWR
128714,9E 5216,LGA,ROC
128787,9E 5406,BUF,LGA
128870,9E 5021,GSO,LGA
128928,G7 6284,EWR,RDU
128945,9E 5018,GSO,LGA
128978,WN 3988,MCI,LGA
129002,WN 3576,DEN,LGA
129007,OO 3902,GSP,LGA
129028,EV 4104,DTW,EWR
129046,9E 3391,CLT,LGA
129063,OO 3545,LGA,BNA
129069,EV 4069,EWR,BNA
129089,WN 3662,ATL,LGA
129122,EV 3991,BOS,EWR
129217,OO 3710,LGA,ORD
129228,WN 4528,STL,EWR
129232,OO 3660,BNA,LGA
129262,WN 5960,BNA,LGA
129263,YX 5935,LGA,CLT
129278,YX 4405,XNA,LGA
129314,YX 5954,LGA,JAX
129462,DL 1546,LGA,BOS
129473,C5 4988,MEM,EWR
129531,AA 1787,LGA,ATL
129535,WN 2757,LGA,DAL
129557,YX 5912,LGA,CMH
129584,YX 3680,GSP,EWR
129596,WN 2635,MCI,LGA
129627,C5 4971,EWR,CHS
129652,WN 4545,LGA,HOU
129653,DL 932,LAS,JFK
129710,9E 4785,SYR,LGA
129822,C5 4915,BNA,EWR
129828,YX 5947,SYR,JFK
129832,DL 1359,LGA,MIA
129836,DL 997,LGA,CVG
129842,WN 3893,AUS,EWR
129877,WN 2700,FLL,EWR
129939,UA 224,EWR,MCO
129990,9E 3321,MSP,EWR
130047,WN 4109,MDW,LGA
130168,EV 4415,CLT,EWR
130194,C5 5016,JAX,EWR
130233,YX 6033,LGA,BHM
130280,WN 420,ATL,LGA
130322,OO 3564,JFK,BUF
130334,9E 3451,LGA,MVY
130349,YX 3512,STL,EWR
130360,OO 3691,MKE,LGA
130395,WN 3138,ATL,LGA
130465,AA 2899,PHL,LGA
130484,WN 2953,MDW,EWR
130564,DL 854,JFK,BOS
130698,WN 4276,LGA,DAL
130810,AA 2891,ORD,EWR
130834,WN 702,EWR,DEN
130837,9E 3435,RIC,LGA
130844,WN 2789,LGA,TPA
130886,DL 2591,SJC,JFK
130956,YX 5919,DFW,LGA
130960,WN 2529,MCO,LGA
130978,DL 1763,PBI,JFK
130987,DL 1851,LGA,FLL
131036,OO 3730,SAV,LGA
131140,EV 4166,SAV,EWR
131179,YX 3629,ORF,EWR
131279,B6 776,MSY,JFK
131303,DL 2511,MSY,JFK
131310,WN 879,ATL,LGA
131450,YX 5957,JFK,BOS
131457,UA 646,EWR,LAX
131458,WN 1734,HOU,LGA
131463,OO 3917,LGA,BOS
131487,OO 4441,BUF,LGA
131576,9E 3287,LGA,TVC
131583,DL 2294,TPA,LGA
131592,YX 3401,EWR,BNA
131650,DL 2897,DTW,LGA
131662,9E 5367,LGA,CHA
131691,WN 2604,EWR,MCO
131812,DL 974,JFK,LAS
131818,C5 4940,IAD,EWR
131852,9E 3369,DSM,LGA
131872,EV 3974,PIT,EWR
131916,UA 770,SMF,EWR
131919,OH 5061,LGA,DAY
131924,C5 4954,IAD,EWR
132023,EV 4124,EWR,RDU
132060,WN 3155,LGA,MDW
132141,DL 871,DTW,LGA
132149,YX 4582,DCA,JFK
132154,YX 3758,IND,EWR
132206,YX 6093,IAH,LGA
132227,WN 3717,LGA,STL
132259,AA 2885,LGA,MIA
132273,DL 821,LGA,ATL
132370,9E 5373,LGA,PIT
132428,YX 6014,LGA,IAH
132438,YX 3457,EWR,DCA
132538,YX 4555,STL,LGA
132541,YX 3514,EWR,ATL
132556,YX 5974,LGA,RIC
132563,YX 3646,EWR,ROC
132682,UA 320,BOS,EWR
132690,YX 4505,SDF,LGA
132697,OO 4895,LGA,BNA
132703,WN 3412,HOU,LGA
132719,YX 5920,JFK,CLT
132743,YX 5910,IND,JFK
132751,C5 5006,STL,EWR
132756,WN 2355,MDW,EWR
132800,DL 605,DTW,JFK
132833,9E 3371,LGA,SAV
132846,B6 1998,MCO,LGA
132852,YX 4426,LGA,STL
132920,OO 3706,GRR,LGA
132930,WN 4934,LGA,STL
132946,WN 2928,EWR,OAK
133011,9E 3395,LGA,CVG
133038,B6 226,TPA,JFK
133056,DL 930,JAX,JFK
133058,YX 3417,EWR,DFW
133095,C5 4957,JAX,EWR
133127,9E 3441,JFK,PIT
133162,WN 4738,LGA,BNA
133206,WN 6,EWR,FLL
133355,WN 2349,LGA,MDW
133377,9E 3390,RDU,LGA
133393,C5 4964,EWR,MSN
133423,WN 1335,EWR,MDW
133435,WN 4985,LGA,MDW
133437,YX 4366,LGA,RIC
133460,WN 3164,LGA,MSY
133493,9E 3372,MSP,EWR
133583,WN 2274,SAN,EWR
133587,WN 5369,BNA,EWR
133603,C5 5020,DTW,EWR
133626,YX 6054,LGA,ROC
133627,DL 856,EWR,MSP
133643,MQ 4156,GSO,LGA
133748,WN 3868,EWR,DEN
133753,DL 1205,LGA,JAX
133898,DL 700,LGA,BOS
133930,YX 4353,DTW,LGA
133944,WN 1543,LGA,ATL
133986,C5 4995,EWR,RIC
134009,AA 2887,ORD,LGA
134015,9E 4763,JFK,BOS
134142,EV 3978,CLE,EWR
134197,C5 4912,EWR,RIC
134198,DL 389,LGA,MCO
134236,WN 4654,EWR,DEN
134252,WN 1482,STL,EWR
134254,YX 5996,PWM,LGA
134255,B6 1283,JFK,MCO
134261,YX 6120,LGA,MKE
134346,DL 2601,MIA,JFK
134361,DL 1339,BOS,LGA
134396,YX 5957,JFK,SYR
134398,DL 938,DTW,EWR
134402,YX 3692,RDU,EWR
134446,YX 4499,BNA,LGA
134517,YX 5915,RDU,LGA
134530,YX 5921,JAX,LGA
134534,WN 1120,LGA,MDW
134559,WN 3104,MDW,EWR
134590,9E 3297,SAV,LGA
134608,OO 3690,LGA,SYR
134614,WN 2393,LGA,DAL
134624,YX 3451,BGR,EWR
134734,YX 3557,DFW,EWR
134782,B6 2654,PBI,JFK
134809,DL 2764,JFK,BOS
134827,YV 6376,LGA,IAD
134835,OO 3527,CLE,LGA
134917,EV 4246,EWR,MEM
134970,9E 5445,PWM,LGA
134982,WN 1449,LGA,DAL
134998,YX 3451,CVG,EWR
135013,9E 5282,BUF,LGA
135017,WN 2753,BNA,LGA
135052,WN 4550,LGA,BNA
135058,YX 5901,DTW,JFK
135065,9E 3299,MSP,EWR
135116,WN 3146,LGA,DAL
135128,WN 748,EWR,DEN
135161,9E 3338,DFW,JFK
135213,UA 1909,PBI,EWR
135223,YX 5883,RDU,LGA
135244,WN 3614,LGA,HOU
135262,C5 5002,SAV,EWR
135269,UA 791,EWR,CLE
135351,AA 2439,MIA,LGA
135403,WN 2819,ATL,LGA
135445,YX 5954,JFK,SRQ
135460,YX 3638,TPA,EWR
135507,YX 3493,RDU,EWR
135508,WN 3989,LGA,MKE
135549,WN 4112,STL,LGA
135629,WN 3284,LGA,MDW
135632,9E 5125,ORF,LGA
135641,WN 6012,HOU,LGA
135701,YX 3570,MKE,EWR
135706,YX 3473,ORD,LGA
135707,9E 5279,ORF,LGA
135710,YX 3422,GSO,EWR
135713,C5 4880,CHS,EWR
135856,9E 5228,IAD,JFK
135879,YX 6021,BOS,EWR
135916,DL 870,JFK,ATL
135942,9E 3416,LGA,CLT
136018,9E 5356,MCI,LGA
136042,UA 590,EWR,IAD
136053,DL 1820,JFK,PHX
136072,DL 1193,SLC,JFK
136081,WN 3172,AUS,EWR
136087,WN 3517,LGA,MDW
136221,UA 522,RSW,EWR
136236,9E 3354,JFK,DCA
136277,9E 5510,JFK,PWM
136349,C5 4949,SDF,EWR
136350,WN 5605,MKE,LGA
136382,EV 4240,EWR,MYR
136383,9E 5272,SYR,LGA
136397,C5 4905,EWR,BUF
136417,C5 4915,EWR,SYR
136426,OH 5523,ORF,LGA
136439,9E 5362,CHS,LGA
136458,UA 296,DFW,EWR
136463,DL 1755,ATL,LGA
136474,C5 4981,MKE,EWR
136522,9E 3409,LGA,MEM
136555,9E 3292,LGA,RDU
136564,DL 1303,MIA,JFK
136575,9E 5142,BUF,JFK
136745,OO 3582,BNA,LGA
136753,AA 2949,RDU,LGA
136766,C5 4981,EWR,CHS
136770,YX 6022,MKE,LGA
136792,9E 5036,BTV,LGA
136858,DL 792,JFK,PBI
136916,WN 3151,EWR,PHX
137014,YX 5910,LGA,BNA
137091,YX 4618,CMH,LGA
137134,MQ 3930,CMH,LGA
137163,YX 5910,DCA,LGA
137245,9E 3323,CLT,JFK
137256,YX 3622,EWR,PIT
137276,OO 4053,LGA,GSO
137291,OO 3639,LGA,PIT
137388,DL 669,RSW,LGA
137475,9E 3330,BGR,LGA
137516,WN 4567,EWR,AUS
137522,DL 943,SEA,JFK
137534,WN 2855,DEN,LGA
137559,WN 6220,TPA,LGA
137563,OO 3905,BOS,JFK
137586,YX 3597,EWR,BTV
137600,9E 4886,LGA,PWM
137801,9E 3340,LGA,PWM
137891,DL 2916,PDX,JFK
137895,EV 3981,BTV,EWR
138050,AA 1594,MIA,LGA
138068,YX 3437,EWR,ATL
138078,YX 3468,BNA,EWR
138150,YX 5888,JFK,JAX
138251,B6 2118,JFK,BOS
138324,DL 2891,SJC,JFK
138338,YX 3548,PBI,EWR
138464,YX 3416,ORD,LGA
138523,DL 2708,LGA,DTW
138747,OO 3899,LGA,CAE
138755,WN 2303,STL,LGA
138790,YX 4413,RIC,LGA
138938,DL 1437,EWR,SLC
139008,OO 3775,LGA,ORD
139044,OO 4155,LGA,CLE
139061,9E 3423,LGA,CLT
139077,YX 6057,LGA,MSN
139156,YX 3649,EWR,DCA
139178,WN 2339,ATL,LGA
139199,9E 5193,LGA,BGR
139233,9E 3300,MYR,LGA
139236,C5 4969,IAD,LGA
139293,YX 3653,ORD,LGA
139322,YX 5994,PIT,LGA
139348,OO 5485,ORD,LGA
139436,9E 3425,LGA,SYR
139484,WN 2745,LGA,MDW
139524,DL 975,JFK,LAS
139671,C5 4999,EWR,GSO
139740,YX 3552,EWR,ATL
139804,DL 886,DFW,JFK
139825,UA 727,DEN,EWR
139947,C5 4884,EWR,SDF
139967,9E 3352,JFK,CLE
140015,YX 6032,JAX,LGA
140018,AA 2183,LGA,ORD
140045,WN 266,STL,LGA
140060,WN 2604,EWR,BNA
140081,DL 988,LAS,JFK
140195,WN 4013,LGA,MDW
140337,ZW 3885,LGA,IAD
140385,WN 3856,LGA,PBI
140436,YX 6083,LGA,CMH
140497,WN 2821,LGA,DAL
140540,DL 490,JAC,JFK
140558,OO 3774,PIT,LGA
140664,EV 4216,EWR,BGR
140676,MQ 4143,CMH,LGA
140735,UA 1039,EWR,CLT
140737,DL 1634,TPA,LGA
140795,EV 4034,EWR,SYR
140857,DL 1080,PBI,JFK
140884,EV 4095,SYR,EWR
140924,DL 1372,LGA,IAH
140980,9E 5181,PIT,LGA
141077,9E 5456,TYS,LGA
141105,WN 1536,MDW,LGA
141111,DL 987,FLL,LGA
141122,C5 4925,RIC,EWR
141199,OO 3628,CLE,LGA
141273,YX 5966,JFK,CLT
141334,9E 5149,STL,LGA
141392,9E 3404,RIC,LGA
141441,AS 1165,EWR,LAX
141517,YX 5991,JFK,ORD
141542,YX 5892,LGA,ROC
141600,WN 1097,LGA,MDW
141607,DL 1754,LGA,MCO
141626,AA 2592,MIA,LGA
141639,9E 5484,CVG,LGA
141670,YX 4581,LGA,PHL
141735,9E 5001,JFK,JAX
141746,YX 6102,LGA,DFW
141772,YX 4393,CLT,LGA
141788,WN 4073,EWR,BNA
141794,DL 2698,FLL,LGA
141801,WN 3696,DAL,LGA
141827,9E 4814,LEX,LGA
141900,YX 5963,CMH,LGA
141936,WN 5119,EWR,DEN
141938,B6 2044,PBI,EWR
141965,DL 1185,PBI,JFK
141987,9E 5286,DTW,EWR
142009,YX 3546,EWR,SAT
142184,9E 5366,LGA,MCI
142208,WN 5295,ATL,LGA
142243,9E 5249,EWR,MSP
142264,OO 3645,LGA,ORF
142303,DL 1457,LGA,FLL
142343,9E 3300,MKE,LGA
142365,9E 5262,JFK,RDU
142378,YX 4386,AVL,LGA
142383,DL 1612,LGA,MIA
142545,9E 3298,CLE,JFK
142597,DL 380,LGA,CVG
142614,UA 1539,EWR,IAD
142656,9E 3350,JFK,BWI
142709,DL 824,LGA,BOS
142712,YX 5925,STL,LGA
142713,YX 3454,DFW,EWR
142893,9E 5077,LGA,ORF
142932,DL 2806,RSW,JFK
142972,9E 3424,BOS,JFK
142973,MQ 3815,LGA,PIT
143054,OO 3726,SAV,LGA
143090,DL 893,DFW,LGA
143113,OO 3761,LGA,SYR
143118,9E 3352,RDU,JFK
143169,WN 4062,EWR,MDW
143180,OO 3618,CLE,LGA
143267,EV 4035,EWR,DCA
143304,C5 5002,EWR,JAX
143343,WN 3746,MDW,EWR
143428,WN 123,LGA,STL
143456,MQ 3575,LGA,BNA
143462,AS 1109,SFO,EWR
143463,WN 3209,STL,LGA
143487,EV 3988,AVL,EWR
143499,G7 6229,DTW,EWR
143520,WN 3012,EWR,FLL
143615,AA 275,LGA,RDU
143616,EV 4116,EWR,RIC
143673,DL 1228,JFK,CLT
143759,MQ 3506,EWR,ORD
143833,WN 2159,LGA,DAL
143851,YX 6120,RDU,LGA
143858,WN 159,EWR,BNA
143871,WN 2902,LGA,ATL
143881,YX 6041,RDU,LGA
143923,MQ 4266,LGA,CLE
143948,9E 3282,RDU,LGA
144038,YX 5921,RSW,LGA
144043,EV 4159,EWR,BTV
144063,G7 6248,EWR,DTW
144095,9E 5106,GRR,LGA
144144,WN 2906,BNA,LGA
144189,C5 5016,EWR,ORF
144195,YX 6035,SDF,LGA
144216,9E 5507,MKE,LGA
144257,YX 3534,TVC,EWR
144308,WN 5166,EWR,STL
144312,DL 2815,JFK,MSP
144346,9E 5186,BNA,LGA
144364,WN 1267,LGA,TPA
144382,UA 2042,EWR,JAC
144383,WN 4303,DEN,LGA
144410,9E 5312,CAE,LGA
144517,WN 204,AUS,EWR
144519,YX 4675,LGA,ATL
144522,C5 4868,EWR,RDU
144588,YX 5914,EYW,LGA
144603,9E 5227,ORF,LGA
144623,DL 2170,SDF,LGA
144645,UA 366,EWR,MCO
144686,9E 5431,LGA,LEX
144766,OH 5026,CAK,LGA
144884,9E 5406,LGA,BNA
144902,YX 5879,BUF,JFK
144903,OO 4131,SAV,LGA
144910,WN 5490,MDW,EWR
144911,9E 3313,LGA,BGR
144923,WN 4899,LGA,ATL
144930,YX 4097,MKE,EWR
144973,WN 5066,HOU,LGA
144982,YX 5957,BUF,LGA
144984,WN 2632,BNA,LGA
145015,OO 4025,BNA,LGA
145039,MQ 3408,JFK,CMH
145064,WN 5188,BNA,LGA
145179,UA 1207,EWR,IAH
145282,9E 5175,JAX,JFK
145362,WN 4077,HOU,LGA
145443,C5 4910,GSO,EWR
145478,YX 5978,SDF,LGA
145480,YX 5951,BOS,LGA
145560,DL 1240,LGA,MIA
145577,YX 5869,JFK,DFW
145646,B6 2201,JFK,FLL
145704,UA 1102,EWR,SJU
145716,DL 519,LGA,FLL
145758,9E 5073,BWI,JFK
145782,UA 2397,EWR,DFW
145843,OO 3502,OMA,LGA
145979,WN 744,LGA,TPA
146036,DL 973,LGA,MCO
146078,C5 4886,ORF,EWR
146105,9E 5258,CHS,JFK
146127,WN 3102,LGA,DAL
146135,DL 1496,EWR,DTW
146191,EV 4269,CVG,EWR
146217,UA 376,IAH,EWR
146269,9E 3388,DCA,JFK
146270,UA 255,EWR,DTW
146287,OO 3553,JFK,ORD
146298,YX 3422,MCI,EWR
146382,EV 3988,EWR,SAV
146395,WN 3036,EWR,BNA
146397,OO 3950,RDU,JFK
146457,OO 3723,LGA,ROC
146543,UA 2073,EWR,SFO
146547,C5 5018,EWR,DCA
146638,OO 4816,LGA,GSO
146653,WN 1193,LGA,DAL
146688,DL 1133,JFK,DFW
146700,YX 5895,LGA,MCI
146712,9E 5158,JFK,RIC
146761,UA 260,SNA,EWR
146775,C5 4947,ORF,EWR
146790,WN 1849,LGA,BNA
146826,OO 3502,LGA,PIT
146847,WN 5481,LGA,STL
146987,YX 3728,SRQ,EWR
147031,YX 3600,DCA,EWR
147121,WN 3095,LGA,DEN
147128,WN 5464,DEN,LGA
147263,9E 5206,ORF,LGA
147265,YX 3614,EWR,GSO
147452,YX 5869,LGA,BNA
147457,EV 4189,DTW,EWR
147461,OH 5304,LGA,ORF
147482,OO 3826,CLE,LGA
147494,AA 244,LAX,JFK
147517,AA 2904,CLT,EWR
147528,MQ 3597,LGA,PWM
147537,9E 3349,CHO,LGA
147542,DL 732,LGA,BOS
147547,AA 2385,LGA,CLT
147548,DL 2344,JFK,MSP
147550,YX 3416,LGA,ORD
147553,OO 5382,ORD,LGA
147579,WN 5081,ATL,LGA
147651,YX 3718,LGA,ORD
147668,9E 3413,GSP,LGA
147718,OO 4070,LGA,ORD
147776,DL 331,BOS,LGA
147793,YX 3579,EWR,PIT
147817,DL 1100,DFW,JFK
147862,WN 4256,EWR,AUS
148020,EV 4031,EWR,XNA
148083,YX 5950,DFW,JFK
148106,YX 4554,LGA,BNA
148147,WN 3672,DAL,LGA
148158,G7 6227,CVG,EWR
148163,YX 5988,BOS,JFK
148186,DL 2010,LAS,JFK
148327,C5 5009,LEX,EWR
148350,WN 4634,LGA,MKE
148375,DL 1727,LGA,MIA
148390,UA 690,EWR,RDU
148414,YX 4318,CHS,EWR
148430,9E 5425,LGA,SAV
148537,OO 3816,LGA,RIC
148562,9E 3299,EWR,RDU
148602,C5 4899,EWR,IAD
148604,YX 3524,GSO,EWR
148702,UA 760,EWR,DTW
148752,AA 2683,EWR,MIA
148755,OO 4746,DTW,EWR
148756,YX 6098,CLT,LGA
148773,YX 5892,LGA,MSY
148815,WN 5433,DAL,LGA
148875,YX 3590,CVG,EWR
148959,YX 3451,HHH,EWR
148972,WN 4321,LGA,DEN
148990,B6 495,JFK,MCO
149102,WN 2617,LGA,DAL
149144,9E 4887,LGA,MKE
149211,G4 477,EWR,TYS
149240,WN 626,ATL,LGA
149249,G4 2524,SAV,EWR
149288,C5 4901,EWR,BTV
149351,DL 2382,LAS,JFK
149379,YX 5926,LGA,CMH
149403,YX 4351,ATL,LGA
149494,WN 3146,ATL,LGA
149532,YX 3660,BOS,EWR
149543,EV 4300,MCI,EWR
149570,WN 367,STL,EWR
149621,UA 351,EWR,RSW
149674,OO 3732,LGA,CLT
149698,9E 5339,LGA,CVG
149708,DL 1441,LGA,DFW
149717,YX 6100,CLT,LGA
149725,WN 3983,LGA,MDW
149816,OO 3558,LGA,MKE
149842,YX 3718,ORD,LGA
149925,AA 351,BOS,JFK
149939,DL 1721,RSW,LGA
150000,WN 6668,ATL,LGA
150015,OO 5645,ORD,LGA
150047,MQ 4213,CMH,LGA
150120,9E 4827,CLE,JFK
150184,WN 2593,BNA,LGA
150260,OO 3620,RIC,LGA
150335,UA 348,EWR,PBI
150379,YX 3682,EWR,SAV
150460,YX 3422,EWR,ATL
150601,9E 3405,LGA,SYR
150629,WN 2965,LGA,DAL
150666,UA 1409,EWR,SDF
150747,YX 3545,EWR,FLL
150770,9E 3333,LGA,RDU
150801,WN 3958,LGA,DAL
150810,WN 3983,ATL,LGA
150841,YX 5917,BHM,LGA
150870,YX 5944,LGA,CMH
150933,9E 3421,CHS,LGA
150936,C5 4918,EWR,DCA
150964,WN 3095,HOU,LGA
150965,EV 4064,CVG,EWR
151042,DL 1081,JFK,DTW
151083,MQ 4249,ILM,LGA
151094,YX 5883,LGA,CLE
151178,UA 1201,ORD,EWR
151207,DL 2984,JFK,SFO
151208,WN 4257,LGA,MKE
151210,WN 5679,DEN,EWR
151322,UA 264,EWR,OKC
151326,EV 3986,BUF,EWR
151384,9E 3313,LGA,STL
151425,WN 3764,DAL,LGA
151480,WN 4790,STL,LGA
151565,WN 5476,DEN,LGA
151573,UA 1287,SAV,EWR
151577,YX 3442,CVG,EWR
151586,MQ 3325,LGA,CMH
151604,YX 4675,LGA,STL
151685,WN 4297,BNA,LGA
151800,9E 4755,JFK,BNA
151812,WN 4456,MDW,LGA
151837,WN 5482,MDW,LGA
151850,YX 3496,PVD,EWR
151879,9E 3486,LGA,MKE
151884,DL 2801,JFK,MCO
151919,C5 4964,EWR,GSP
151937,G7 6253,EWR,RDU
151977,YX 3552,EWR,MCI
152032,EV 4002,EWR,PVD
152078,YX 3675,EWR,JAX
152125,YX 4349,RIC,LGA
152225,WN 3156,LGA,MKE
152317,YX 4555,LGA,STL
152344,DL 761,ATL,EWR
152346,YX 3527,EWR,STL
152353,WN 5449,EWR,DEN
152358,DL 1923,JFK,MCO
152414,WN 3407,LGA,BNA
152477,WN 3502,MCI,LGA
152489,YX 3427,BUF,EWR
152525,9E 5183,DTW,EWR
152538,WN 2639,EWR,MCO
152624,WN 1773,ATL,LGA
152673,YX 4543,IND,LGA
152686,9E 5522,STL,LGA
152711,WN 836,BNA,EWR
152766,G4 1208,AVL,EWR
152791,WN 255,BNA,EWR
152902,9E 3369,LGA,MCI
152991,WN 4021,EWR,MDW
153013,WN 3024,LGA,DEN
153059,YX 3671,EWR,RDU
153085,WN 3890,MDW,EWR
153151,9E 5035,LGA,JAX
153201,DL 2910,DEN,LGA
153267,OO 3950,LGA,DSM
153419,DL 1826,ATL,JFK
153519,YX 3478,EWR,EYW
153538,UA 1558,AUS,EWR
153552,DL 2846,CVG,LGA
153587,WN 2934,ATL,LGA
153644,WN 3162,OAK,EWR
153699,9E 3395,JFK,CLE
153779,OO 3772,MKE,LGA
153865,9E 5204,MKE,LGA
153918,DL 1337,LGA,MSY
154014,EV 4047,EWR,CVG
154015,OO 4028,GSP,LGA
154072,DL 1922,JFK,MIA
154116,EV 4277,EWR,ORF
154123,G7 6266,EWR,CVG
154203,UA 2080,PBI,EWR
154249,EV 4012,EWR,RDU
154313,OO 3683,CHS,JFK
154330,9E 3492,LGA,GSP
154351,NK 2301,MCO,EWR
154363,YX 5999,JAX,JFK
154396,MQ 3848,LGA,CHO
154441,MQ 3552,LGA,SAV
154503,C5 4932,SYR,EWR
154514,UA 2035,EWR,RSW
154569,WN 569,MDW,LGA
154716,DL 2183,JFK,PHX
154776,9E 5132,CLE,LGA
154781,WN 4521,LGA,ATL
154796,UA 1460,EWR,MKE
154896,OO 5528,LGA,ORD
154921,WN 4956,LGA,HOU
154928,DL 1733,LGA,MIA
155011,YX 3631,ORF,EWR
155025,9E 4855,LGA,RDU
155105,YX 4666,LGA,PBI
155248,9E 3440,MCI,LGA
155343,WN 3572,MCI,LGA
155413,WN 1903,MDW,LGA
155419,YX 4360,DTW,LGA
155447,9E 4757,BGR,LGA
155473,UA 1482,EWR,IAD
155554,WN 5115,DAL,LGA
155673,YX 5892,PIT,LGA
155677,OO 3598,CHS,LGA
155680,C5 4892,EWR,JAX
155745,AA 235,ORD,LGA
155798,YX 3429,EWR,SDF
155807,C5 4983,GSP,EWR
155820,DL 2737,MSP,LGA
155841,DL 672,JFK,LAS
155973,YX 4418,LGA,TYS
155982,WN 4416,DAL,LGA
156015,WN 2968,DEN,LGA
156034,YX 3504,EWR,BUF
156079,EV 4021,EWR,DTW
156132,WN 117,MCI,LGA
156147,AA 307,CMH,LGA
156265,WN 1152,EWR,MDW
156278,9E 3393,LGA,LEX
156312,YX 3499,EWR,DCA
156414,DL 1433,PBI,LGA
156424,C5 4886,EWR,SBN
156496,YX 3502,EWR,SDF
156528,YX 5892,LGA,CLT
156605,DL 2113,JAC,JFK
156660,9E 5070,LGA,MCI
156662,OO 3622,LGA,GSO
156727,YX 4372,RIC,LGA
156754,YX 4482,PHL,LGA
156815,DL 331,RSW,LGA
156874,OO 5346,LGA,ORD
156883,UA 226,BNA,EWR
156910,B6 653,JFK,PBI
156923,WN 4495,TPA,LGA
156935,C5 4931,EWR,PWM
156957,OO 3987,BNA,JFK
157019,OO 3558,MKE,LGA
157111,WN 3275,MDW,EWR
157133,YX 5923,MCI,LGA
157145,YX 3451,ORF,EWR
157170,9E 3375,LGA,IND
157197,9E 5144,ROC,LGA
157245,WN 2742,LGA,DAL
157269,WN 4980,LGA,TPA
157403,WN 2711,ATL,LGA
157441,AA 1389,LGA,JAC
157484,YX 6134,DCA,LGA
157486,AA 1560,CLT,JFK
157489,9E 3458,JFK,BOS
157565,WN 3160,LGA,MDW
157602,UA 1173,EWR,IAH
157615,AA 708,LGA,MSP
157704,C5 4901,ORF,EWR
157752,9E 3296,LGA,STL
157774,UA 1539,EWR,DEN
157984,WN 2530,LGA,TPA
158086,9E 4800,CHS,LGA
158118,EV 4251,EWR,ROC
158121,F9 1597,LGA,MIA
158144,OO 4042,BHM,LGA
158210,OO 5213,ORD,LGA
158250,9E 5513,CLT,LGA
158262,YX 5912,LGA,GRR
158279,YX 3510,DFW,EWR
158282,WN 3369,TPA,LGA
158360,WN 4002,EWR,BNA
158381,DL 429,TVC,LGA
158465,OO 3730,LGA,SAV
158534,UA 1072,PHX,EWR
158552,AA 657,LGA,CLT
158611,9E 5475,LGA,BGR
158667,YX 3617,ORD,LGA
158690,WN 2861,DAL,LGA
158699,AA 1239,JFK,DCA
158704,YX 6008,BOS,EWR
158723,DL 1873,IAH,LGA
158734,YX 4435,LGA,DTW
158820,WN 1387,DEN,LGA
158822,9E 5008,CHA,LGA
158826,YX 3424,EWR,CLE
158838,YX 6040,JFK,CMH
159031,YX 5901,IND,LGA
159098,C5 4989,DAY,EWR
159099,DL 2896,DEN,JFK
159147,9E 3354,BWI,JFK
159207,YX 5918,DCA,LGA
159332,AA 2193,LGA,PHL
159349,YX 5931,JFK,ROC
159393,EV 4096,ORF,EWR
159418,WN 2798,LGA,ATL
159426,C5 4964,RIC,EWR
159445,YX 6004,LGA,SDF
159471,WN 2616,HOU,LGA
159475,WN 1487,HOU,LGA
159489,YX 4454,LGA,RDU
159554,YX 3427,EWR,CHS
159571,WN 2227,LGA,DEN
159594,UA 1261,MIA,EWR
159608,YX 6118,PIT,LGA
159749,C5 4915,EWR,MKE
159758,WN 315,LGA,MSY
159769,YX 5959,JFK,RDU
159818,YX 5919,LGA,MSY
159857,YX 3586,PBI,EWR
159861,YV 6339,LGA,IAH
160031,YX 3442,DCA,EWR
160096,YX 3524,EWR,MYR
160128,EV 4079,PWM,EWR
160144,9E 3372,LGA,CVG
160170,C5 5016,EWR,STL
160203,AS 1091,SFO,EWR
160205,YX 3471,EWR,PWM
160221,YX 6044,LGA,JAX
160222,EV 4231,EWR,CVG
160240,DL 1754,ATL,JFK
160242,DL 2823,JFK,FLL
160357,YX 3487,EWR,EYW
160374,DL 1734,EWR,SLC
160384,YX 5972,DCA,LGA
160422,YX 6063,LGA,RDU
160440,YX 6061,PIT,LGA
160441,YX 4666,RIC,LGA
160472,9E 3378,LGA,PWM
160496,EV 4368,BTV,EWR
160510,YX 3639,ROC,EWR
160519,OO 3886,SAV,LGA
160615,9E 3346,JFK,MSY
160620,WN 5354,DEN,LGA
160724,C5 4908,EWR,IAD
160726,C5 4931,GSP,EWR
160917,G7 6178,EWR,DTW
161069,C5 4914,BUF,EWR
161075,YX 3539,EWR,BNA
161080,C5 4887,EWR,BNA
161235,DL 2780,JFK,SLC
161350,WN 4152,DAL,LGA
161354,EV 4112,CLE,EWR
161461,WN 6114,ATL,LGA
161509,9E 5006,LGA,STL
161573,EV 3966,BNA,EWR
161617,OO 5551,LGA,ORD
161670,9E 5199,LGA,ORF
161779,WN 4991,LGA,PBI
161794,YX 5868,LGA,CLT
161877,9E 3337,LGA,CLE
161880,AA 1332,EWR,PHX
161881,9E 5253,CHA,LGA
161949,UA 1027,EWR,OMA
161950,YX 6113,JAX,LGA
161971,YX 3758,RAP,EWR
162029,UA 598,SEA,EWR
162052,B6 2785,JFK,RDU
162064,EV 4091,EWR,CLT
162192,YX 3753,EYW,EWR
162219,WN 2872,EWR,BNA
162223,UA 483,LGA,ORD
162247,WN 3154,MKE,LGA
162294,YX 6041,MCI,LGA
162369,EV 4014,EWR,GSP
162490,YX 6016,LGA,BOS
162524,G7 6232,EWR,DTW
162567,B6 2484,MCO,JFK
162572,UA 1156,IAH,EWR
162583,AA 1902,CLT,EWR
162835,EV 4096,GRR,EWR
162887,WN 4527,EWR,PHX
162896,WN 3299,EWR,DEN
162902,WN 5480,LGA,ATL
163013,B6 1801,JFK,FLL
163017,9E 5491,GSO,LGA
163089,9E 3402,BGR,LGA
163127,WN 3244,LGA,DAL
163133,UA 1457,LGA,IAH
163182,OO 3616,LGA,STL
163225,YX 4512,LGA,SDF
163265,MQ 4156,LGA,GSO
163271,9E 5074,CLT,LGA
163291,WN 4124,LGA,MSY
163297,9E 3301,LGA,ORF
163372,AA 233,LAX,JFK
163396,9E 3464,LGA,JAX
163415,UA 1748,IAH,EWR
163506,MQ 4176,PIT,LGA
163575,9E 3379,ORF,LGA
163618,DL 725,JFK,SNA
163644,UA 322,EWR,SEA
163709,DL 2932,JFK,MCO
163712,9E 4838,CLE,LGA
163793,OO 3677,CLE,LGA
163841,C5 4971,EWR,SYR
163845,DL 882,LGA,MSP
163861,DL 2194,DEN,LGA
163880,YX 5973,LGA,PIT
163962,DL 1818,LGA,ORD
163995,EV 4426,MYR,EWR
164023,WN 5482,EWR,MDW
164085,OO 5988,IAD,LGA
164142,9E 3323,PIT,LGA
164235,9E 5245,JFK,BUF
164277,EV 4080,EWR,CVG
164305,YX 6058,LGA,CHS
164326,9E 3327,JFK,BUF
164530,WN 2826,LGA,MDW
164565,C5 4985,IND,EWR
164637,9E 4866,LGA,CVG
164653,EV 3985,EWR,CMH
164749,DL 2590,SEA,JFK
164787,OO 4053,SYR,LGA
164792,9E 3353,DCA,JFK
164865,WN 5530,DAL,LGA
164897,DL 1126,LGA,FLL
164912,AA 1211,MIA,EWR
164982,OO 3990,MKE,LGA
165069,YX 4435,DTW,LGA
165094,OO 3962,LGA,ORD
165118,WN 3919,MCI,LGA
165178,9E 4831,RIC,JFK
165246,WN 2652,LGA,BNA
165286,AA 24,JFK,LAS
165289,DL 824,IAH,LGA
165346,B6 2902,FLL,JFK
165365,DL 701,MCO,LGA
165433,C5 4892,EWR,BGR
165435,AA 2937,CLT,EWR
165446,YX 3664,GSO,EWR
165491,WN 5159,DAL,LGA
165595,YX 3637,LGA,ORD
165635,EV 4338,CMH,EWR
165645,AA 1060,DFW,EWR
165792,DL 315,LGA,RSW
165795,DL 1931,SLC,JFK
165923,YX 6048,JFK,CMH
165930,WN 3386,HOU,LGA
165994,UA 2073,MCO,EWR
165995,C5 4999,STL,EWR
166003,WN 4532,TPA,LGA
166016,DL 2373,MSP,EWR
166045,WN 4317,DEN,LGA
166075,UA 2119,EWR,BGR
166092,YX 3562,EWR,BNA
166106,UA 322,DEN,LGA
166222,9E 3327,JFK,JAX
166269,OO 3532,SYR,LGA
166328,UA 1021,TPA,EWR
166389,WN 3615,LGA,BNA
166391,WN 2952,EWR,MDW
166492,YX 5988,LGA,MSN
166517,MQ 3433,LGA,ILM
166625,WN 4109,EWR,AUS
166636,YX 3674,BNA,EWR
166660,WN 3601,EWR,BNA
166673,C5 5015,EWR,BUF
166706,YX 6118,LGA,STL
166725,WN 30,DEN,EWR
166731,OO 3726,DSM,LGA
166747,9E 3409,RDU,LGA
166785,WN 5381,EWR,PHX
166804,WN 3525,LGA,STL
166919,OO 3626,SYR,LGA
166959,9E 5398,JFK,DCA
166970,YX 6092,DCA,JFK
166995,9E 5356,LGA,MCI
167083,DL 2964,LGA,BZN
167106,OO 3651,SAV,LGA
167168,C5 4950,IAD,LGA
167222,9E 5186,SYR,LGA
167351,WN 5447,STL,EWR
167388,AA 18,LGA,PHL
167455,OO 3528,OMA,LGA
167594,UA 522,LGA,ORD
167595,YX 4660,LGA,RDU
167618,WN 4031,LGA,MDW
167633,9E 3367,JFK,DTW
167720,WN 1969,LGA,BNA
167735,DL 1477,ORD,LGA
167906,EV 3981,CLT,EWR
167916,UA 1699,EWR,MCO
168032,C5 4960,EWR,JAX
168090,YX 3624,EWR,SDF
168305,YX 4679,EYW,LGA
168442,WN 5611,LGA,DAL
168540,WN 2768,LGA,MDW
168643,EV 4389,SYR,EWR
168683,WN 3582,EWR,MDW
168708,WN 4908,LGA,MDW
168791,OO 3529,LGA,GSP
168817,WN 3208,HOU,LGA
168943,B6 901,JFK,FLL
168949,DL 1092,EWR,DTW
168958,YX 5920,CLT,JFK
168988,YX 3487,CVG,EWR
169077,OO 3727,LGA,DSM
169088,WN 3620,TPA,LGA
169106,WN 3791,ATL,LGA
169110,OO 3792,LGA,CLE
169155,DL 1686,MSY,LGA
169171,C5 4922,BUF,EWR
169221,EV 4166,EWR,CLT
169224,WN 3608,DEN,LGA
169321,WN 4929,LGA,DAL
169338,YX 3730,EWR,BOS
169424,YX 6022,LGA,ORF
169439,9E 5142,LGA,BUF
169441,C5 4947,MKE,EWR
169539,WN 1738,LGA,ATL
169554,DL 690,DEN,JFK
169589,YX 5877,BNA,LGA
169619,DL 1882,JFK,DTW
169679,YX 4584,LGA,SDF
169700,EV 4226,ORF,EWR
169717,B6 983,JFK,MCO
169731,UA 1043,EWR,BUF
169766,WN 6609,LGA,MSY
169788,WN 420,DAL,LGA
169790,C5 4899,BGR,EWR
169792,WN 2843,LGA,DEN
169803,EV 4489,ROC,EWR
169807,DL 1599,MCO,JFK
169873,C5 4950,EWR,PVD
169994,9E 5192,PWM,LGA
169997,YX 3641,EWR,MSP
170010,WN 2369,LGA,BNA
170065,WN 5250,LGA,ATL
170101,WN 4293,LGA,ATL
170146,DL 355,MSP,EWR
170155,B6 1683,JFK,MCO
170208,DL 973,JFK,FLL
170311,YX 3513,EWR,MEM
170317,YX 6046,IND,JFK
170340,9E 3298,LGA,BNA
170365,MQ 4133,EWR,ORD
170371,DL 2384,LGA,FLL
170438,NK 2321,SJU,EWR
170484,WN 4455,LGA,BNA
170497,YX 5909,LGA,DFW
170499,WN 4545,STL,LGA
170576,9E 3386,PIT,LGA
170586,YX 5942,ROC,LGA
170611,WN 904,MCI,LGA
170677,WN 3741,LGA,MDW
170681,C5 4969,CLE,EWR
170721,OO 3632,JFK,BUF
170765,WN 4315,LGA,ATL
170798,WN 364,LGA,HOU
170840,WN 5352,ATL,LGA
170908,OO 3596,LGA,BNA
170916,UA 1199,IAD,EWR
171012,G7 6192,DTW,EWR
171184,DL 830,MSP,EWR
171194,UA 1810,LGA,ORD
171242,OO 3843,LGA,GSO
171245,DL 1672,EWR,ATL
171358,C5 4949,IAD,EWR
171415,C5 5005,EWR,GSO
171418,DL 1208,JFK,MCO
171477,DL 1296,DTW,EWR
171523,EV 4435,BNA,EWR
171527,UA 1539,EWR,FLL
171559,YX 3466,EWR,BGR
171606,YX 5902,BOS,JFK
171619,DL 506,LGA,RSW
171621,YX 5869,ORD,JFK
171644,9E 5183,EWR,DTW
171659,DL 2446,JFK,MSY
171666,UA 1559,CHS,EWR
171793,YX 4618,LGA,MSP
171817,UA 1988,EWR,CLT
171969,MQ 3317,CLE,LGA
172057,DL 1100,EWR,DTW
172066,DL 2217,MCO,LGA
172131,YX 4691,LGA,PBI
172220,G4 1211,EWR,AVL
172270,YX 5964,JFK,BOS
172306,YX 5878,LGA,MEM
172366,YX 3432,EWR,TYS
172371,C5 4897,JAX,EWR
172375,C5 4986,EWR,GSO
172388,DL 671,BOS,LGA
172411,9E 5199,ORF,LGA
172436,DL 860,BOS,LGA
172444,OO 3516,LGA,OMA
172460,YX 6077,LGA,STL
172554,WN 3136,LGA,MDW
172581,DL 560,EWR,ATL
172631,9E 3457,BOS,JFK
172660,WN 2662,TPA,LGA
172734,EV 4276,EWR,GSO
172743,YX 3755,MKE,EWR
172789,UA 1021,RDU,EWR
172856,OO 3555,LGA,SAV
172958,WN 3709,EWR,MDW
172986,DL 1089,EWR,ATL
173056,UA 1519,CLT,EWR
173065,MQ 3370,LGA,SAV
173110,OO 3575,MSN,LGA
173111,UA 1478,LGA,ORD
173131,YX 3408,EWR,MSN
173151,OO 3589,ORD,LGA
173261,OO 3800,JFK,ORD
173268,WN 4021,LGA,MSY
173311,WN 3192,MDW,LGA
173345,YX 4006,EWR,DCA
173401,9E 4931,LGA,CVG
173504,YX 5990,DCA,JFK
173531,UA 372,SFO,EWR
173553,YX 6102,BOS,JFK
173559,EV 3991,EWR,MHT
173668,9E 5237,LGA,MKE
173674,AA 872,EWR,CLT
173747,YX 3566,EWR,GRR
173966,C5 4982,DCA,EWR
173972,WN 1266,LGA,MDW
174081,YX 3670,EWR,MEM
174093,UA 318,EWR,ORD
174098,YX 5897,ROC,LGA
174137,AA 1684,EWR,PHX
174243,WN 2091,MDW,LGA
174278,UA 1972,EWR,FLL
174357,C5 4897,GSP,EWR
174384,9E 5441,PWM,LGA
174393,YX 6089,LGA,DTW
174442,YX 3570,EWR,MEM
174461,WN 6382,DAL,LGA
174521,WN 2723,LGA,BNA
174565,UA 1987,CHS,EWR
174704,YX 4426,LGA,DTW
174876,C5 4903,EWR,BNA
174905,C5 4941,EWR,CHS
174948,9E 5146,ACK,LGA
174979,UA 1532,EWR,SYR
174989,C5 5017,STL,EWR
174995,DL 619,LGA,IAH
175025,C5 4007,MEM,EWR
175032,WN 4074,EWR,AUS
175087,WN 5066,FLL,EWR
175129,AA 768,MIA,LGA
175192,OO 3722,LGA,CLE
175238,C5 4942,EWR,PWM
175372,OO 3564,MKE,LGA
175416,WN 2973,BNA,LGA
175451,9E 3392,LGA,RSW
175577,WN 3233,LGA,ATL
175629,DL 840,LGA,MSY
175674,DL 1686,LGA,SRQ
175701,9E 5138,ORD,JFK
175789,C5 4899,GRR,EWR
175855,WN 3242,MKE,LGA
175861,9E 4835,LGA,JAX
175874,EV 4026,EWR,CVG
175906,9E 5233,ROC,LGA
175978,9E 3428,LGA,MCI
176073,9E 3303,LGA,CHO
176123,OO 4118,LGA,CLE
176136,YX 5980,LGA,BNA
176142,YX 4509,ORF,LGA
176291,YV 6207,IAD,LGA
176297,B6 1371,JFK,FLL
176298,OO 3574,LGA,OMA
176353,9E 3374,RIC,JFK
176403,WN 139,MDW,LGA
176423,WN 5329,LGA,BNA
176440,WN 3205,LGA,MKE
176526,OO 4077,ORD,LGA
176550,EV 4314,CLT,EWR
176606,MQ 3335,LGA,CLE
176660,AA 1049,CLT,LGA
176704,WN 4380,ATL,LGA
176709,AA 972,PIT,LGA
176843,OO 4267,LGA,SAV
176851,AS 359,JFK,SEA
176863,WN 4854,MDW,EWR
177037,9E 3421,CLE,JFK
177052,WN 4655,MDW,EWR
177158,C5 4950,CHS,EWR
177184,YX 4561,LGA,RIC
177190,YX 6076,JFK,RDU
177261,OO 4115,LGA,SAV
177312,WN 3582,DEN,EWR
177473,WN 1545,LGA,DEN
177508,YX 3576,SAV,EWR
177708,WN 4488,BNA,LGA
177805,YX 6021,JAX,LGA
177920,DL 896,JFK,CLT
177933,B6 395,JFK,MCO
178051,WN 4831,BNA,EWR
178071,9E 5186,LGA,BNA
178149,YX 3534,EWR,CVG
178216,WN 5905,STL,EWR
178220,9E 3292,PIT,LGA
178245,YX 5910,MSN,LGA
178246,WN 3166,BNA,EWR
178353,B6 1754,PBI,JFK
178447,AA 1394,LGA,PIT
178478,9E 3482,JFK,BOS
178549,OO 3673,LGA,CLE
178568,WN 3877,STL,LGA
178595,DL 670,JFK,BOS
178617,WN 5111,MDW,LGA
178647,9E 5362,LGA,BNA
178684,YX 3595,PWM,EWR
178718,DL 1601,PBI,LGA
178767,OO 3506,DTW,EWR
178845,WN 4277,STL,LGA
178893,YX 3591,ATL,EWR
178957,9E 3316,RDU,LGA
179017,WN 1530,BNA,LGA
179019,C5 4968,EWR,SDF
179077,WN 2178,BNA,LGA
179086,OO 3536,PIT,JFK
179115,DL 1869,MIA,LGA
179116,9E 4788,LGA,PIT
179139,9E 3417,MSN,LGA
179156,OH 5304,ORF,LGA
179168,AA 2495,JFK,LAS
179174,C5 4883,EWR,IND
179285,YV 6131,IAH,LGA
179348,EV 4439,GRR,EWR
179453,9E 5336,JFK,BTV
179469,9E 5086,PIT,LGA
179487,C5 5012,IAD,EWR
179505,9E 5345,DFW,JFK
179556,WN 4013,BNA,LGA
179565,WN 4148,LGA,DAL
179569,WN 4916,EWR,DEN
179624,9E 5463,JFK,BUF
179648,YX 3625,EWR,JAX
179703,DL 2597,SAN,JFK
179800,WN 5599,LGA,ATL
179804,EV 4202,EWR,ROC
179852,DL 1043,MSY,LGA
179856,WN 5229,MDW,LGA
179908,WN 4272,MDW,LGA
179999,WN 3101,SAN,EWR
180080,YX 4313,LGA,CMH
180098,9E 3409,LGA,RIC
180227,C5 4910,SYR,EWR
180310,DL 1884,LGA,ATL
180320,OO 4169,LGA,GRR
180332,DL 386,CLT,JFK
180373,DL 1573,LGA,IAH
180407,OO 3569,LGA,PWM
180439,WN 4378,LGA,MDW
180567,YX 3549,EWR,STL
180632,WN 2633,ATL,LGA
180674,WN 4540,BNA,LGA
180685,G4 1397,CVG,EWR
180755,9E 3363,BHM,LGA
180770,9E 3448,GSP,LGA
180825,DL 2125,EWR,MSP
180870,WN 2926,STL,EWR
180889,OO 3583,BNA,LGA
180912,WN 3102,MDW,LGA
180924,C5 4886,CLE,EWR
180940,9E 3320,LGA,CLT
180969,DL 303,DFW,LGA
180998,B6 2815,JFK,BOS
181039,EV 4060,EWR,PIT
181103,9E 3328,LGA,BUF
181165,MQ 4131,LGA,STL
181218,OO 3553,LGA,CHS
181231,9E 5326,LGA,SAV
181289,YX 3488,EWR,BNA
181383,YX 4423,DTW,LGA
181425,WN 667,LGA,DAL
181479,YX 3519,EWR,PBI
181526,WN 3209,MKE,LGA
181529,C5 4991,EWR,DTW
181539,WN 5744,LGA,ATL
181612,DL 1457,FLL,LGA
181646,WN 3033,DAL,LGA
181653,WN 3082,STL,LGA
181686,WN 5639,LGA,DEN
181799,OO 3850,MKE,LGA
181821,WN 4270,LGA,ATL
181966,OO 4064,LGA,ORD
181998,DL 671,LGA,BOS
182002,9E 4810,LGA,MEM
182035,DL 3041,IAH,JFK
182202,UA 289,PBI,EWR
182271,EV 4284,DCA,EWR
182287,OO 4712,LGA,CLE
182318,WN 6438,AUS,EWR
182373,WN 4258,DEN,LGA
182410,C5 4934,GSP,EWR
182449,WN 3674,LGA,DEN
182473,UA 337,BNA,EWR
182591,F9 1596,MIA,LGA
182643,WN 1218,LGA,TPA
182705,9E 3460,LGA,CLE
182707,YX 4434,LGA,PBI
182714,YX 3505,EWR,MKE
182729,G7 6177,EWR,DTW
182761,WN 1251,HOU,LGA
182845,AA 1585,JFK,PHX
182846,WN 2099,HOU,LGA
182914,WN 2625,DEN,LGA
183080,DL 2889,JFK,MCO
183190,YX 3567,EWR,RDU
183217,YX 5886,IND,LGA
183272,B6 943,EWR,PBI
183299,YX 3403,BNA,EWR
183303,B6 284,MCO,JFK
183330,DL 448,HNL,JFK
183363,9E 5370,JFK,BTV
183462,DL 2234,ATL,JFK
183494,9E 5035,SAV,LGA
183498,EV 3967,MEM,EWR
183523,YX 3527,EWR,DFW
183556,EV 4435,IND,EWR
183580,YX 3527,PIT,EWR
183597,YX 3457,EWR,MSY
183611,UA 1853,EWR,LAX
183693,YX 5898,SDF,LGA
183778,YX 4400,ATL,LGA
183839,MQ 3430,LGA,RIC
183854,OO 3525,BNA,JFK
183861,DL 2983,DCA,JFK
183875,C5 4886,EWR,CHS
183880,WN 6254,HOU,LGA
184013,WN 1274,MDW,LGA
184106,YX 5870,PIT,JFK
184124,B6 2984,MCO,JFK
184173,9E 5212,LGA,CLE
184203,WN 1140,BNA,LGA
184294,DL 1299,LGA,CVG
184367,WN 6396,DAL,LGA
184456,UA 438,EWR,ORD
184473,WN 3128,DEN,LGA
184501,OO 3664,JFK,ORD
184513,9E 4915,LGA,BHM
184530,WN 1747,LGA,MDW
184532,OO 3897,SAV,LGA
184536,YX 6014,LGA,BOS
184579,OO 3545,LGA,IAH
184590,DL 2091,JFK,JAC
184650,EV 4228,EWR,DCA
184658,WN 3061,LGA,STL
184676,WN 4299,LGA,MDW
184756,WN 5225,MDW,LGA
184774,YX 5988,GRR,LGA
184788,YX 6017,LGA,RDU
184812,WN 3553,MDW,LGA
184874,C5 4915,EWR,GSO
184915,WN 3622,LGA,ATL
184947,EV 4391,EWR,MKE
185013,WN 2934,LGA,MCI
185025,WN 5348,LGA,MDW
185037,YX 5883,STL,LGA
185062,WN 4774,BNA,LGA
185205,9E 3375,LGA,CLE
185209,YX 5940,ROC,LGA
185275,9E 5275,OMA,LGA
185308,YX 5961,MYR,LGA
185368,WN 931,ATL,LGA
185470,EV 4355,PIT,EWR
185481,YX 5950,CLT,LGA
185532,WN 5346,BNA,EWR
185598,WN 5118,BNA,LGA
185599,DL 310,JFK,DEN
185642,YX 3716,EWR,BOS
185732,9E 4851,LGA,CHS
185842,YX 5934,CLT,LGA
186034,YX 3661,CHS,EWR
186071,WN 5672,LGA,HOU
186131,C5 4895,STL,EWR
186140,OO 3735,JFK,BUF
186179,WN 4316,EWR,STL
186231,DL 692,LGA,PBI
186248,DL 2353,JFK,ATL
186295,YX 3530,EWR,MSY
186431,YX 3410,EWR,SAV
186446,9E 3465,MKE,LGA
186481,YX 5939,JFK,ROC
186527,9E 4948,LGA,CLE
186653,C5 4896,IAD,LGA
186784,DL 369,TVC,LGA
186846,EV 4205,GSO,EWR
186957,9E 5204,RIC,JFK
186994,EV 4470,MKE,EWR
187015,EV 4086,EWR,BTV
187053,WN 2008,ATL,LGA
187088,WN 981,LGA,STL
187193,9E 5243,LGA,GSP
187305,AA 2051,ATL,LGA
187351,OO 3939,RIC,LGA
187361,9E 3462,LGA,ROC
187475,YX 3673,EWR,BGR
187486,B6 1902,FLL,JFK
187547,WN 4333,HOU,LGA
187582,DL 2870,JFK,ATL
187634,DL 862,CHS,JFK
187750,C5 4894,PWM,EWR
187788,OO 3710,MKE,LGA
187840,DL 1142,DTW,EWR
187908,WN 1447,DEN,LGA
187913,C5 5016,DCA,EWR
187965,WN 4479,STL,LGA
188089,AA 2265,RDU,LGA
188107,YX 4402,DTW,LGA
188111,9E 3333,CVG,LGA
188114,OH 5019,ORF,LGA
188140,G7 6288,EWR,DTW
188235,YX 3405,BNA,EWR
188264,9E 5003,LGA,CLE
188267,WN 6253,LGA,DEN
188302,DL 750,TPA,LGA
188400,C5 4885,EWR,DAY
188410,C5 4970,GSP,EWR
188453,WN 2382,LGA,DEN
188456,YX 6080,CLE,LGA
188484,YV 6010,LGA,IAH
188524,YX 3421,EWR,GSP
188544,OO 5834,LGA,ORD
188574,YX 5889,LGA,IND
188606,C5 4894,EWR,IND
188666,DL 2020,LGA,BOS
188855,YX 5946,LGA,MCI
188872,WN 2598,LGA,DEN
188875,YX 6011,LGA,MSN
188929,MQ 3333,LGA,PIT
188973,9E 3448,JFK,RDU
188974,YX 5903,DCA,LGA
188980,9E 4818,JFK,CMH
188991,UA 1039,EWR,IAD
189007,WN 3863,LGA,HOU
189198,9E 3409,DFW,JFK
189223,EV 4298,ORF,EWR
189275,WN 3264,DEN,LGA
189279,YX 4406,CLE,LGA
189311,WN 1050,DEN,EWR
189374,WN 2138,LGA,MKE
189399,9E 5140,EWR,MSP
189425,WN 1747,DAL,LGA
189449,WN 4265,LGA,ATL
189556,MQ 3357,LGA,ROA
189640,YX 4500,LGA,AVL
189705,DL 857,MCO,LGA
189719,DL 960,LGA,PBI
189764,UA 1609,OMA,EWR
189787,OO 4165,JFK,CLT
189957,YX 3479,MYR,EWR
189984,C5 4909,EWR,DAY
189999,UA 1543,SDF,EWR
190023,9E 3282,CLT,LGA
190044,EV 4096,PWM,EWR
190075,DL 2596,LGA,ATL
190115,YX 6065,LGA,BOS
190145,9E 3467,LGA,ORF
190152,DL 3035,IAH,JFK
190195,9E 3287,LGA,ORF
190225,C5 4901,EWR,ROC
190330,UA 365,EWR,ORD
190397,WN 4833,DAL,LGA
190426,YX 5906,DTW,LGA
190516,YX 4530,LGA,ILM
190612,9E 5358,RDU,JFK
190667,C5 4909,EWR,PWM
190710,EV 4324,BNA,EWR
190745,WN 1435,FLL,LGA
190888,WN 6031,STL,LGA
190986,WN 2711,LGA,MDW
190998,WN 4711,LGA,MDW
191016,9E 3359,LGA,CLE
191354,UA 744,MIA,EWR
191382,UA 1031,IAH,LGA
191390,YX 3524,EWR,IND
191398,OO 3702,LGA,BOS
191506,OO 3677,LGA,SAV
191556,YX 3578,EWR,BUF
191574,WN 2820,LGA,MDW
191647,YX 3605,PVD,EWR
191649,WN 4683,LGA,TPA
191677,YX 6039,LGA,RDU
191700,B6 2218,JFK,BOS
191731,YX 5989,LGA,RDU
191809,9E 3379,GSO,LGA
191813,9E 5239,LGA,BTV
191902,OO 3731,SAV,LGA
191925,C5 4916,EWR,BNA
191989,MQ 3908,JFK,CVG
192155,YX 5937,IAH,LGA
192186,WN 3037,MDW,LGA
192261,9E 5246,PWM,JFK
192294,OO 4121,PIT,LGA
192460,9E 3382,LGA,CLT
192492,YX 3440,MSP,EWR
192494,OO 3637,EWR,MSP
192564,WN 3565,MDW,EWR
192623,9E 3469,RDU,LGA
192637,9E 3463,BWI,JFK
192640,DL 1495,JFK,LAX
192663,YX 3507,ORF,EWR
192690,YX 3448,ORD,LGA
192695,YX 4418,LGA,MEM
192697,WN 5530,LGA,MDW
192736,UA 1543,PIT,EWR
193121,EV 4269,MSN,EWR
193133,9E 4830,CLT,JFK
193167,DL 1101,ATL,EWR
193203,WN 3300,DEN,LGA
193248,DL 1376,SRQ,LGA
193323,OO 3942,BOS,JFK
193387,YX 3461,CHS,EWR
193434,YX 5887,RDU,LGA
193512,DL 733,ATL,JFK
193530,YX 3444,ORD,LGA
193568,YX 4679,CMH,JFK
193682,EV 4361,SDF,EWR
193711,WN 4459,MDW,EWR
193801,DL 979,LGA,BOS
193806,OO 3584,LGA,IAH
193819,YX 3528,BTV,EWR
193861,EV 3970,CLE,EWR
193891,UA 1141,EWR,LAX
193915,EV 4132,EWR,DTW
193938,B6 2167,JFK,PBI
193949,DL 1550,JFK,FLL
193950,YX 6034,EWR,BOS
193954,9E 4886,ORF,LGA
193965,WN 1387,LGA,ATL
194056,WN 4248,STL,LGA
194126,WN 5597,MSY,LGA
194147,EV 4038,GRR,EWR
194163,AA 708,LGA,RDU
194244,DL 773,JFK,MSY
194258,WN 5214,LGA,BNA
194282,YX 5883,BOS,LGA
194321,DL 828,LGA,IAH
194327,DL 1445,FLL,LGA
194460,YX 3629,EWR,DAY
194478,YX 6085,ORF,LGA
194532,YX 5966,CLT,JFK
194554,YX 5994,LGA,BOS
194557,9E 3322,RIC,LGA
194565,9E 3435,JFK,RIC
194601,C5 4898,EWR,MKE
194633,DL 2844,JFK,SJC
194639,OH 5511,JFK,RDU
194656,UA 505,EWR,SAN
194682,DL 679,LGA,JAX
194749,YX 6019,GSO,LGA
194807,YX 6138,LGA,MCI
194830,DL 1845,BOS,LGA
194873,YX 3428,SDF,EWR
194914,9E 5210,JFK,RDU
194967,YX 6071,CLE,LGA
194983,YX 4434,PBI,LGA
195080,UA 2293,EWR,RSW
195084,YX 4600,AGS,LGA
195113,DL 752,JAX,JFK
195174,UA 210,EWR,SRQ
195229,MQ 3919,BNA,LGA
195255,EV 4112,CLT,EWR
195319,9E 4753,LGA,BUF
195341,WN 2941,HOU,LGA
195538,OO 3720,ORD,JFK
195923,9E 5369,JFK,BWI
195979,DL 1713,ATL,EWR
195992,WN 2932,LGA,TPA
196056,WN 4992,LGA,ATL
196106,WN 5775,DEN,LGA
196125,WN 4561,LGA,ATL
196174,9E 3441,LGA,STL
196184,UA 749,EWR,LAX
196221,9E 5018,LGA,SYR
196222,C5 4882,EWR,GSP
196266,OO 3850,LGA,BOS
196410,DL 1473,SRQ,LGA
196543,YX 3472,EWR,CLT
196665,AA 2253,LGA,MIA
196697,9E 3340,LGA,BTV
196726,WN 2777,PHX,EWR
196777,YX 5915,DTW,JFK
196797,UA 1063,PWM,EWR
196807,YX 3414,AUS,EWR
196948,YX 9387,LGA,GSO
196977,9E 4792,GSO,LGA
197039,DL 768,ORD,LGA
197144,C5 5022,IAD,EWR
197202,OO 3991,MSP,LGA
197284,YX 5981,LGA,MCI
197484,OO 3517,MSP,EWR
197503,UA 1449,IAD,EWR
197511,DL 1931,LGA,MCO
197514,9E 5002,LGA,BNA
197528,WN 579,MDW,EWR
197554,YX 5943,JFK,BOS
197608,C5 4887,PVD,EWR
197667,AA 657,JFK,MIA
197774,YX 3544,BNA,EWR
197828,EV 4082,EWR,ROC
197865,YX 3688,RIC,EWR
197876,DL 2936,JFK,PDX
197877,EV 4086,EWR,OKC
197895,9E 5212,LGA,STL
197955,YX 5907,BOS,EWR
197982,YX 3495,EWR,BOS
197993,DL 1557,JFK,JAC
198041,DL 1361,LGA,BOS
198158,EV 4033,EWR,DTW
198186,DL 907,LGA,TVC
198234,YX 5944,LGA,RDU
198310,EV 4045,EWR,CLT
198331,WN 4080,LGA,FLL
198370,OO 4452,GSO,LGA
198402,YX 5921,BUF,LGA
198463,YX 6085,LGA,ORF
198487,9E 3335,JFK,BUF
198514,9E 5335,IAD,JFK
198567,UA 1560,EWR,DEN
198694,9E 3335,CHS,JFK
198733,DL 713,LGA,MSY
198835,9E 5442,LGA,XNA
198854,WN 4282,LGA,MSY
198912,B6 2420,RSW,JFK
198959,9E 3296,BOS,JFK
198984,OO 3960,LGA,CLT
199018,YX 6069,RDU,LGA
199022,YX 5953,LGA,CLT
199108,EV 4001,EWR,SYR
199152,WN 677,DEN,EWR
199165,WN 3300,LGA,ATL
199209,9E 5109,LGA,PWM
199213,C5 5001,EWR,MKE
199223,UA 2226,RNO,EWR
199281,WN 260,MCI,LGA
199409,WN 3056,LGA,BNA
199423,WN 5793,DEN,LGA
199577,OO 3755,STL,LGA
199602,YX 5900,LGA,MCI
199732,EV 4315,EWR,RDU
200031,WN 3621,BNA,LGA
200036,DL 2932,JFK,SFO
200100,C5 4925,CMH,EWR
200115,AA 842,CLT,LGA
200170,YX 5872,PIT,JFK
200239,UA 2346,CVG,EWR
200265,OO 3594,ORD,JFK
200269,AA 366,ORD,LGA
200345,YX 3598,MEM,EWR
200369,9E 3346,LGA,GRR
200378,WN 2366,EWR,IND
200622,WN 632,ATL,LGA
200644,AA 1974,LGA,PHL
200685,9E 3480,LGA,MCI
200762,9E 3336,LGA,ROC
200789,YX 3451,IND,EWR
200795,AA 209,ORD,LGA
200900,WN 3811,AUS,EWR
200967,UA 2189,TPA,EWR
200988,9E 3347,SYR,LGA
201050,WN 2847,DEN,LGA
201342,UA 533,ORD,LGA
201417,9E 5212,LGA,PIT
201461,YX 5884,PIT,LGA
201664,YX 5893,LGA,SDF
201745,DL 1450,BOS,LGA
201748,OO 3812,CLE,LGA
201750,OO 3737,BHM,LGA
201771,WN 3582,MCO,EWR
201811,DL 1157,LGA,MSY
202022,WN 4248,LGA,ATL
202056,WN 2321,DEN,EWR
202093,WN 3054,EWR,SAN
202095,DL 375,DEN,JFK
202113,DL 1406,JFK,BOS
202156,OO 4188,LGA,MKE
202287,WN 5480,AUS,EWR
202346,WN 2240,MCI,LGA
202383,UA 1481,SFO,EWR
202440,DL 798,LGA,BOS
202447,WN 3759,LGA,DEN
202559,9E 3453,MSN,LGA
202634,9E 5140,JAX,JFK
202651,YX 5901,SYR,LGA
202702,EV 4205,EWR,ORF
202720,OO 3611,RDU,LGA
202730,WN 3324,STL,EWR
202742,WN 6684,LGA,MSY
202777,WN 4179,STL,LGA
202802,DL 2368,JFK,MCO
202804,EV 4025,CMH,EWR
202816,C5 4882,CVG,EWR
202925,WN 1504,EWR,MDW
202932,WN 3079,EWR,BNA
203022,WN 4316,LGA,MCI
203031,C5 4891,EWR,MHT
203074,9E 5102,CHS,LGA
203118,WN 3102,EWR,STL
203189,9E 5370,MKE,LGA
203198,AA 470,LGA,ORD
203332,C5 4880,SBN,EWR
203364,WN 4057,LGA,DAL
203390,YX 3578,ORD,LGA
203431,9E 3319,CLT,LGA
203448,YX 5889,SDF,LGA
203477,9E 4928,BHM,LGA
203556,OO 3775,LGA,MKE
203717,YX 5905,LGA,CLT
203759,UA 280,MIA,EWR
203785,WN 3276,DEN,LGA
203841,DL 358,BOS,LGA
203891,OO 3823,ORD,JFK
203996,9E 3454,MSP,EWR
204049,DL 418,LGA,BOS
204172,OO 3505,LGA,MKE
204254,DL 2640,JFK,BOS
204286,9E 3486,MKE,LGA
204505,EV 4147,EWR,MSN
204519,AA 856,JFK,BOS
204538,YX 5915,JFK,JAX
204555,YX 4708,LGA,DTW
204589,DL 1435,ATL,EWR
204651,WN 4184,EWR,STL
204663,WN 1895,EWR,BNA
204675,YX 5907,CLE,LGA
204707,UA 1214,LAS,EWR
204795,UA 728,ROC,EWR
204810,UA 1446,EWR,PWM
204812,C5 4922,GSO,EWR
204890,C5 4956,EWR,CAK
205015,YX 3677,MKE,EWR
205018,DL 1256,LGA,PBI
205032,WN 154,LGA,HOU
205042,YX 6095,CMH,JFK
205074,WN 5451,ATL,LGA
205090,C5 4947,GSO,EWR
205106,EV 4175,EWR,CLT
205112,9E 5212,PIT,LGA
205307,9E 3308,LGA,AVL
205386,WN 2943,LGA,DAL
205420,WN 4145,MKE,LGA
205624,EV 4167,CVG,EWR
205815,YX 5930,JFK,BUF
205816,9E 3451,RDU,LGA
205840,YX 6053,ROC,LGA
205873,OO 3868,EWR,MSP
205919,YX 3584,SAV,EWR
206080,9E 3419,BGR,LGA
206088,DL 984,LGA,SDF
206118,9E 4891,MHT,LGA
206191,OO 3535,LGA,BNA
206233,C5 4975,EWR,CHS
206241,UA 1608,MIA,EWR
206289,OO 3733,DTW,EWR
206558,9E 5329,LGA,RDU
206629,UA 1143,EWR,SLC
206758,WN 3840,EWR,MDW
206873,9E 3388,MYR,LGA
206926,WN 2955,LGA,DAL
207119,DL 1818,DEN,LGA
207198,YX 4475,DTW,LGA
207272,B6 505,EWR,FLL
207313,WN 4816,ATL,LGA
207360,WN 5518,ATL,LGA
207524,YX 6005,GSP,LGA
207585,AA 2283,MIA,JFK
207598,DL 946,LGA,DFW
207606,YX 6070,LGA,MEM
207736,DL 430,LGA,BOS
207799,WN 3012,LGA,BNA
207834,AA 1665,LGA,CLT
207931,YX 3653,RIC,EWR
208001,OO 3713,SAV,LGA
208007,9E 3429,PIT,LGA
208024,DL 848,LGA,DEN
208051,C5 4956,JAX,EWR
208081,9E 3426,DSM,LGA
208106,OO 4074,MSP,EWR
208153,YX 6044,SDF,LGA
208228,DL 763,BOS,LGA
208371,YX 5877,JFK,BUF
208383,9E 3355,MCI,LGA
208575,WN 3695,PHX,EWR
208629,EV 4341,GSO,EWR
208804,9E 3396,LGA,CHA
208807,DL 1545,MIA,JFK
208851,C5 5008,EWR,GSO
208869,WN 3592,LGA,MSY
208915,9E 4846,LGA,ORF
208920,WN 4020,MDW,EWR
209102,B6 2217,BOS,JFK
209121,MQ 4131,ORD,EWR
209164,C5 4987,EWR,CMH
209266,DL 1170,JFK,MSY
209291,WN 3977,MDW,LGA
209321,DL 341,EWR,MSP
209436,DL 2077,LGA,MCO
209450,YX 5895,BUF,LGA
209493,WN 2127,DAL,LGA
209523,UA 1522,RSW,EWR
209611,UA 2423,EWR,MIA
209617,YX 6016,ROC,LGA
209628,OO 3514,LGA,BNA
209709,YX 4611,DTW,LGA
209942,YX 4395,LGA,CMH
209968,DL 555,JFK,MSY
210068,YX 4379,PIT,LGA
210084,C5 4885,BNA,EWR
210125,WN 566,DEN,LGA
210248,9E 5078,BGR,LGA
210268,UA 1628,EWR,PHX
210272,DL 865,JFK,BOS
210288,9E 3366,LGA,STL
210312,DL 737,DTW,JFK
210424,9E 3392,JFK,RDU
210480,9E 3378,LGA,TYS
210510,EV 4179,EWR,CVG
210565,EV 3978,EWR,MYR
210594,DL 1088,BOS,JFK
210675,YX 5962,BOS,JFK
210679,DL 810,ATL,LGA
210733,UA 1138,EWR,CLT
210783,UA 625,EWR,MSP
210792,DL 1527,LGA,SRQ
210806,YX 6117,JFK,IND
210882,WN 2605,MDW,EWR
210887,9E 5505,RIC,LGA
210893,OO 3683,LGA,PIT
210902,EV 4162,EWR,PVD
210912,9E 4918,ORF,LGA
210922,YX 4461,PHL,LGA
210967,YX 6098,JFK,IND
211050,YX 6029,JAX,LGA
211102,DL 896,EWR,DTW
211124,WN 4619,LGA,MCI
211320,YX 6060,ORD,JFK
211328,WN 2676,LGA,MCI
211335,YX 6076,SDF,LGA
211369,WN 2722,LGA,DAL
211403,YX 3663,GSP,EWR
211408,9E 3428,LGA,GSO
211548,UA 311,EWR,RIC
211569,MQ 3354,LGA,SAV
211586,AA 147,LGA,ORD
211607,WN 4827,LGA,DAL
211779,OO 3944,ORD,LGA
211790,WN 3894,ATL,LGA
211872,G4 1924,EWR,VPS
211881,C5 4937,EWR,ROC
211907,EV 4199,EWR,SAV
211942,WN 1648,MDW,LGA
211946,WN 4190,LGA,TPA
211988,YV 6024,IAH,LGA
212022,YX 3648,LGA,ORD
212213,9E 5391,JFK,SYR
212233,9E 3365,IND,LGA
212248,OO 3809,LGA,CHS
212332,YX 3422,EWR,MKE
212344,AA 694,LGA,MIA
212351,DL 715,LGA,BOS
212407,B6 625,JFK,TPA
212497,YX 3751,EWR,BUF
212572,C5 4894,EWR,BNA
212733,WN 4607,BNA,LGA
212742,9E 3417,LGA,RDU
212816,EV 4361,DTW,EWR
212896,YX 6086,LGA,IND
212936,YX 4061,IND,EWR
213046,9E 3448,RIC,LGA
213048,WN 3956,STL,LGA
213059,WN 5461,EWR,BNA
213116,WN 4560,MDW,LGA
213129,YX 4363,BNA,LGA
213149,AA 57,JFK,AUS
213177,AA 1324,LGA,RDU
213216,9E 3297,MSP,EWR
213290,C5 4906,STL,EWR
213368,G4 1921,EWR,VPS
213438,C5 4888,EWR,MKE
213659,WN 3112,PHX,EWR
213674,DL 570,ATL,EWR
213735,DL 305,EWR,DTW
213743,UA 1237,EWR,BOS
213766,YX 3496,EWR,PIT
213891,YX 5894,LGA,RDU
213994,YX 5962,LGA,BNA
214085,9E 4836,CHS,LGA
214132,DL 1330,DTW,JFK
214222,WN 1140,LGA,DEN
214395,UA 263,EWR,PBI
214403,WN 4489,OAK,EWR
214456,WN 897,LGA,MCI
214464,DL 2936,SFO,JFK
214553,9E 4783,LGA,MSN
214663,YX 5885,LGA,BUF
214694,9E 5342,CLT,LGA
214713,EV 3965,EWR,BNA
214870,MQ 3308,PIT,LGA
214883,AA 2122,LGA,PHL
215144,9E 4887,RIC,LGA
215159,9E 3492,LGA,MSN
215164,YX 6007,GSO,LGA
215215,DL 694,BOS,LGA
215310,UA 1634,EWR,CVG
215352,WN 771,LGA,DEN
215468,DL 2917,JFK,TPA
215509,9E 4003,LGA,CLE
215590,YX 6015,LGA,CMH
215668,EV 4357,DAY,EWR
215733,EV 4028,GRR,EWR
215943,WN 156,SAN,EWR
216010,AA 2586,JFK,ATL
216087,WN 3583,MCO,LGA
216169,YX 6070,CLT,LGA
216250,YX 3461,STL,EWR
216262,WN 1056,LGA,MDW
216272,YX 3465,EWR,MKE
216310,DL 2097,DTW,EWR
216676,WN 278,MDW,EWR
216681,MQ 4037,CMH,LGA
216765,YX 5987,PIT,LGA
216779,UA 1480,PWM,EWR
216827,EV 4366,EWR,RDU
217023,C5 4932,BUF,EWR
217049,DL 1062,LGA,IAH
217140,DL 1953,LGA,RSW
217148,UA 476,TPA,EWR
217233,AA 1637,ORD,LGA
217251,YX 4530,LGA,PIT
217309,DL 1683,LGA,DEN
217320,DL 1650,JFK,DTW
217359,OO 3664,LGA,BNA
217403,WN 56,LGA,ATL
217516,WN 5158,TPA,LGA
217630,C5 4949,EWR,CLE
217746,YX 6127,BOS,LGA
217867,YX 3456,BUF,EWR
217988,DL 1528,JFK,MCO
218151,WN 5081,LGA,MDW
218253,YX 5935,IND,LGA
218305,C5 4937,EWR,JAX
218377,AA 1742,PHX,EWR
218381,WN 256,EWR,AUS
218412,YX 4600,LGA,AGS
218482,OO 3739,LGA,SYR
218511,WN 1598,LGA,MDW
218622,MQ 3914,ORF,JFK
218737,YX 6028,DFW,LGA
218751,YX 5990,BOS,EWR
218761,C5 4946,EWR,GSP
218855,9E 4905,LGA,BTV
218910,YX 3572,IAD,EWR
218975,YX 5962,CLE,LGA
219022,YX 3715,EWR,DFW
219314,EV 4035,EWR,CVG
219438,AA 2902,SAT,JFK
219497,WN 3631,LGA,BNA
219606,WN 4162,DAL,LGA
219632,EV 4015,GSO,EWR
219666,AA 1912,MIA,LGA
219822,EV 4428,ORF,EWR
219827,OO 3655,SAV,LGA
219888,9E 4851,LGA,TYS
219927,9E 3462,PWM,LGA
219942,YX 5894,JAX,LGA
220124,OO 4190,LGA,MKE
220147,WN 5467,BNA,LGA
220346,EV 3998,EWR,BOS
220479,YX 5957,LGA,MSY
220508,9E 3384,MCI,LGA
220513,YX 6064,JFK,PIT
220545,YX 5890,ROC,LGA
220581,G7 6182,DTW,EWR
220613,DL 1100,LGA,DTW
220620,EV 4228,EWR,IND
220675,9E 4750,BUF,LGA
220717,WN 2541,AUS,EWR
220733,OO 3641,SYR,LGA
220741,DL 2963,JFK,LAS
220756,9E 3336,STL,LGA
220766,WN 3159,DEN,EWR
220942,EV 4051,EWR,CLT
220989,MQ 3358,ORF,LGA
220994,OO 3698,LGA,CLT
220995,WN 163,ATL,LGA
221218,AA 622,LGA,ATL
221313,WN 2061,LGA,DAL
221318,WN 3712,LGA,BNA
221357,YX 3553,EWR,GSP
221377,WN 5509,ATL,LGA
221381,MQ 3969,BNA,LGA
221406,YX 6082,JAX,LGA
221453,UA 780,MSY,EWR
221467,WN 2633,LGA,ATL
221684,YX 5954,PIT,LGA
221950,YX 6114,LGA,RDU
222176,MQ 4245,LGA,GSO
222229,OO 3700,CAE,LGA
222271,WN 3021,MCO,LGA
222377,DL 1807,JFK,MSY
222520,WN 473,STL,EWR
222627,YX 5948,CLT,LGA
222750,MQ 3344,LGA,SAV
222753,AA 2862,RDU,LGA
222762,WN 4092,MDW,LGA
222827,AA 1173,CLT,EWR
222886,OO 3644,LGA,RDU
223105,UA 260,CHS,EWR
223109,AA 1523,EWR,PHX
223125,WN 5816,LGA,BNA
223160,YX 6087,LGA,AGS
223277,WN 3209,LGA,DEN
223308,EV 3979,CLT,EWR
223391,WN 5615,LGA,MKE
223636,C5 4932,EWR,MSN
223681,WN 5512,EWR,BNA
223702,WN 2513,DAL,LGA
223707,YX 5914,MCI,LGA
223723,9E 3495,EWR,DTW
223760,9E 5430,OMA,LGA
223876,WN 142,EWR,BNA
223883,DL 679,EWR,DTW
223949,WN 3992,DEN,LGA
223951,EV 4292,ORD,LGA
224101,9E 3285,LGA,RDU
224108,YX 3491,DTW,EWR
224137,AA 381,EWR,CLT
224227,YX 3571,IND,EWR
224286,DL 466,MSN,LGA
224312,UA 471,PHX,EWR
224341,WN 3047,BNA,LGA
224425,YX 5890,LGA,ROC
224466,9E 3347,BGR,LGA
224554,UA 2443,IAD,EWR
224570,YX 3616,EWR,ATL
224616,OO 3972,MKE,LGA
224635,9E 3413,MCI,LGA
224680,9E 3414,SRQ,JFK
224704,DL 736,LGA,BOS
224774,WN 1077,MDW,EWR
224812,9E 3420,BOS,JFK
224949,WN 4535,LGA,BNA
225184,OO 4195,LGA,ORD
225195,WN 3841,LGA,BNA
225314,YX 3511,CHS,EWR
225324,G4 1963,VPS,EWR
225395,WN 2065,EWR,MDW
225425,WN 4728,LGA,MKE
225476,AA 2565,EWR,ORD
225500,EV 4254,EWR,MHT
225513,AS 1156,LAX,EWR
225558,AA 1753,MIA,LGA
225568,WN 2190,EWR,MDW
225733,WN 2712,EWR,PHX
225813,WN 3220,HOU,LGA
226015,YX 3523,EYW,EWR
226028,WN 2732,LGA,DAL
226137,C5 5004,RIC,EWR
226161,C5 5020,CHS,EWR
226185,YX 5877,PIT,LGA
226190,YX 3623,ORD,LGA
226351,WN 1660,LGA,MCO
226379,YX 4339,LGA,DCA
226538,DL 1197,LAX,JFK
226627,DL 661,SFO,JFK
226645,OO 3658,ORD,JFK
226662,DL 2511,BOS,LGA
226665,WN 2836,BNA,LGA
226686,9E 5204,JFK,RIC
226690,YX 6049,LGA,BUF
226746,YX 5981,BOS,EWR
226784,DL 2545,BOS,LGA
226794,C5 4996,EWR,ELM
226936,G7 6181,EWR,MSP
226949,9E 3350,IND,JFK
226996,AA 1677,EWR,CLT
227032,9E 3368,JFK,CLE
227044,YX 3555,EWR,BTV
227116,DL 1355,TPA,JFK
227167,YX 5957,JFK,ROC
227181,YX 6075,BOS,LGA
227217,WN 2178,LGA,DAL
227308,AA 111,JFK,CLT
227340,YX 3688,EWR,ROC
227478,UA 302,EWR,DTW
227485,EV 4187,RIC,EWR
227559,UA 1556,EWR,IAH
227562,WN 4846,MDW,LGA
227769,DL 1376,LGA,SRQ
227832,DL 1246,LGA,BOS
227911,WN 4555,LGA,DAL
227919,EV 3994,EWR,MYR
227988,AA 803,EWR,ORD
228071,UA 1826,MCI,EWR
228077,9E 3356,SAV,LGA
228144,9E 3300,LGA,MKE
228171,UA 1548,LAX,EWR
228193,AA 96,LGA,MIA
228219,OO 3540,LGA,CLT
228307,YV 6272,IAH,LGA
228395,YX 6067,LGA,BOS
228516,YX 3422,EWR,BGR
228563,OH 5064,PIT,LGA
228599,WN 4826,MDW,EWR
228682,OO 5520,LGA,ORD
228700,9E 3433,CVG,LGA
228736,EV 4013,DCA,EWR
228743,DL 875,LGA,RSW
228755,9E 5169,LGA,STL
228817,UA 1643,EWR,IAD
228901,9E 5134,CVG,LGA
229092,WN 3076,EWR,MDW
229136,ZW 3784,LGA,IAD
229443,C5 4994,SYR,EWR
229497,EV 4361,RDU,EWR
229513,WN 5727,MSY,LGA
229576,YX 5955,JFK,BUF
229630,UA 296,EWR,HDN
229808,YX 3524,EWR,CVG
229863,UA 1162,EWR,DTW
229893,MQ 3374,ORF,LGA
229979,YX 4299,LGA,TYS
230077,WN 1291,ATL,LGA
230139,9E 5161,LGA,CMH
230369,DL 1256,PBI,LGA
230419,B6 1511,JFK,RSW
230420,OO 3551,CLT,LGA
230495,C5 4998,EWR,CVG
230508,DL 2616,TPA,JFK
230593,OO 3714,LGA,BNA
230664,WN 2668,LGA,HOU
230730,9E 4755,BNA,JFK
230804,YX 3413,EWR,GSO
230891,AA 2893,ATL,LGA
230976,G4 1395,CVG,EWR
231006,WN 5477,LGA,ATL
231045,DL 2993,JFK,ATL
231091,9E 5223,JFK,DTW
231117,OO 4090,LGA,CHS
231136,WN 5124,BNA,LGA
231340,WN 4630,LGA,ATL
231366,YX 6083,HHH,LGA
231375,OO 3777,GSO,LGA
231483,WN 835,BNA,EWR
231484,C5 4996,SYR,EWR
231657,WN 636,MDW,LGA
231772,WN 6732,LGA,HOU
231880,WN 5143,ATL,LGA
231979,DL 1277,DFW,LGA
231986,OO 3648,MKE,LGA
232000,G4 1238,EWR,AVL
232037,9E 3286,LGA,BGR
232143,9E 5015,SAV,LGA
232158,C5 4913,EWR,MSN
232233,WN 3790,LGA,BNA
232304,YX 3428,EWR,DFW
232509,OO 3699,LGA,DFW
232525,9E 5232,LGA,RIC
232530,B6 2580,JFK,BOS
232578,YX 3403,EWR,BTV
232641,YX 3551,GSP,EWR
232712,UA 2318,IAD,EWR
232756,9E 3365,LGA,IND
232822,WN 46,MKE,LGA
232867,YX 3670,EWR,MYR
232878,OO 3984,IAH,LGA
232961,WN 4181,BNA,LGA
232998,WN 1733,LGA,BNA
233005,WN 2170,ATL,LGA
233013,YX 4395,CMH,LGA
233094,UA 1078,EWR,IAH
233097,YX 3498,EWR,ATL
233110,OO 4116,IAH,LGA
233132,OO 3729,LGA,SAV
233248,WN 2598,ATL,LGA
233363,OO 3567,LGA,MKE
233479,YX 3530,MYR,EWR
233537,EV 4094,EWR,DCA
233717,DL 1871,JFK,LAS
233746,OO 3518,SYR,LGA
233801,YV 6274,LGA,IAH
233825,9E 3451,MVY,LGA
233846,OO 3802,LGA,CLE
233935,YX 5875,LGA,IND
233966,WN 4050,MDW,LGA
233976,WN 4442,DAL,LGA
234022,9E 3397,CHS,JFK
234275,9E 3420,BNA,JFK
234332,9E 3391,PIT,LGA
234347,WN 2613,LGA,BNA
234349,AA 1404,MIA,EWR
234354,YX 5998,DFW,LGA
234360,DL 704,LGA,IAH
234404,DL 2040,DTW,LGA
234409,9E 3383,IND,LGA
234523,YX 4567,IND,LGA
234545,YX 3439,EWR,IAD
234596,9E 5204,BWI,JFK
234710,OO 3526,LGA,BNA
234872,C5 4938,EWR,CHS
234882,9E 3319,DCA,JFK
234903,AA 1424,LGA,CMH
234905,YX 5944,BNA,LGA
234925,YX 6114,MSN,LGA
235325,YX 3415,LGA,ORD
235328,OO 4111,LGA,ORD
235405,YX 6057,LGA,PIT
235568,WN 744,DAL,LGA
235650,OO 3635,LGA,SYR
235654,WN 3406,ATL,LGA
235739,UA 1799,DEN,EWR
235779,YX 4530,ILM,LGA
235822,DL 2715,JFK,MCO
236083,OO 3721,MKE,LGA
236176,WN 734,MDW,LGA
236277,OH 5525,LGA,ORF
236503,OO 4075,GSP,LGA
236525,DL 2024,DFW,LGA
236569,YX 5887,CMH,LGA
236580,EV 4096,BUF,EWR
236615,AS 1098,JFK,LAX
236670,OO 3694,DFW,LGA
236684,WN 2808,LGA,HOU
236778,AA 2191,MIA,LGA
236872,YX 5976,PIT,LGA
236924,C5 4949,EWR,BNA
236932,OO 3872,CHS,JFK
237001,DL 1695,SAN,JFK
237007,UA 1025,IAH,LGA
237066,YX 6089,BNA,LGA
237119,WN 1722,DEN,LGA
237258,WN 4289,LGA,MDW
237396,YX 4528,AGS,LGA
237470,YX 6021,BUF,LGA
237480,EV 4471,BGR,EWR
237482,B6 1617,BOS,JFK
237498,WN 6766,DAL,LGA
237541,C5 4925,EWR,MSN
237775,YX 3608,SRQ,EWR
237776,WN 3166,ATL,LGA
237873,C5 4976,IND,EWR
237877,C5 4882,BNA,EWR
237893,C5 4880,EWR,CMH
237895,DL 2343,FLL,JFK
237925,YX 3681,EWR,CLT
238118,WN 3331,LGA,DAL
238213,YX 4384,LGA,CLT
238393,WN 6549,BNA,LGA
238503,OO 5973,ORD,LGA
238546,YX 3688,EWR,ATL
238584,WN 5077,EWR,PHX
238629,WN 6875,TPA,LGA
238631,OO 3603,JFK,ORD
238817,DL 1434,JFK,TPA
238896,YX 5871,LGA,IAH
238926,9E 3405,JFK,BOS
239072,YX 3416,DFW,EWR
239074,YX 6105,LGA,BNA
239207,9E 3338,LGA,CLT
239331,EV 4261,CAK,EWR
239434,9E 3367,BOS,JFK
239492,DL 352,LGA,DFW
239621,WN 3141,MDW,LGA
239643,WN 2514,LGA,TPA
239711,YX 3441,ATL,EWR
239779,UA 2019,EWR,SJU
239994,EV 4400,DTW,EWR
240041,DL 777,LGA,DTW
240075,WN 5424,PHX,EWR
240265,UA 586,EWR,AUS
240293,DL 1339,STL,LGA
240324,9E 3324,LGA,RIC
240427,EV 4005,EWR,DTW
240499,WN 3138,LGA,DAL
240630,AA 2801,MIA,EWR
240797,OO 4024,LGA,SAV
240829,DL 2390,JFK,SFO
240885,9E 3488,CAE,LGA
240992,DL 1754,LAX,JFK
241091,C5 4983,STL,EWR
241128,YX 4365,LGA,ILM
241368,DL 2423,LAS,JFK
241599,C5 4987,CVG,EWR
241610,OO 3809,ORD,JFK
241650,YX 5969,IND,JFK
241680,YX 6093,BNA,LGA
241755,DL 1093,DCA,JFK
241787,UA 1256,EWR,IAH
242034,WN 1374,LGA,MDW
242038,WN 4787,MCI,LGA
242259,YX 5915,LGA,MKE
242340,YX 3478,EWR,DAY
242392,DL 882,LGA,IAH
242395,9E 3289,ROC,LGA
242483,WN 574,LGA,DAL
242529,YX 6095,JFK,CMH
242564,WN 5223,LGA,MDW
242617,WN 3526,LGA,BNA
242734,YX 3485,CLE,LGA
242949,AA 2265,CLT,EWR
242961,EV 4260,EWR,CVG
243042,YX 5900,JAX,LGA
243310,OO 4159,RIC,JFK
243348,WN 4114,STL,EWR
243375,OO 3824,DTW,EWR
243429,WN 2354,ATL,LGA
243470,UA 1116,RSW,EWR
243537,WN 3330,DEN,LGA
243577,WN 2196,LGA,MKE
243677,WN 3313,EWR,MDW
243685,DL 738,LAS,JFK
243780,WN 860,LGA,MDW
243783,YX 3530,DTW,EWR
243917,C5 4872,EWR,CHS
244103,UA 1480,DTW,EWR
244169,WN 5347,MDW,LGA
244196,YX 6060,EYW,LGA
244281,9E 3438,LGA,BGR
244321,WN 768,EWR,DEN
244400,OO 3571,ORD,JFK
244552,UA 849,SFO,EWR
244642,DL 1205,JFK,JAX
244750,AA 2616,ORD,LGA
244891,EV 4199,RDU,EWR
244918,YX 5940,LGA,IND
244941,AA 1913,LGA,DFW
244985,EV 4412,PIT,EWR
244996,YX 3700,EWR,GSO
245000,AA 508,ORD,LGA
245095,WN 3519,LGA,ATL
245116,MQ 3933,LGA,RDU
245127,MQ 3347,CMH,LGA
245178,OO 3953,OMA,LGA
245208,YX 6002,RDU,LGA
245303,WN 3002,DEN,LGA
245352,DL 998,EWR,MSP
245408,C5 5018,EWR,JAX
245428,WN 3404,PHX,EWR
245436,UA 910,EWR,LAS
245459,WN 3557,DEN,LGA
245496,MQ 3308,BOS,JFK
245570,OO 3586,LGA,BNA
245644,WN 5089,TPA,LGA
245850,AA 2051,LGA,ATL
245893,YX 3491,EWR,BNA
245929,WN 1626,LGA,DAL
245958,YX 4417,ILM,LGA
245976,9E 3382,LGA,CHS
246007,OO 3502,BNA,LGA
246008,WN 1692,MDW,LGA
246132,UA 1081,EWR,DCA
246176,AA 208,MIA,LGA
246275,EV 4013,EWR,MSP
246488,DL 2809,DTW,EWR
246525,EV 4068,DTW,EWR
246637,YX 5873,LGA,PIT
246809,WN 5742,STL,EWR
246918,9E 3384,SAV,LGA
246955,UA 1162,EWR,SFO
247012,UA 1078,SNA,EWR
247105,AA 46,LGA,CLT
247149,EV 3972,AVL,EWR
247165,YX 9393,DCA,JFK
247212,WN 5681,MDW,EWR
247246,DL 890,LGA,MCO
247268,WN 1158,HOU,LGA
247275,C5 4929,DCA,EWR
247316,YX 6035,MCI,LGA
247320,WN 153,LGA,DAL
247339,DL 2384,JFK,TPA
247431,WN 2662,BNA,LGA
247465,9E 5431,CVG,JFK
247581,EV 4416,SYR,EWR
247845,B6 726,TPA,JFK
247979,WN 1798,BNA,LGA
248002,MQ 3617,JFK,RDU
248115,WN 4691,MKE,LGA
248189,YX 6096,MCI,LGA
248400,WN 4119,HOU,LGA
248434,C5 4984,JAX,EWR
248471,WN 1957,LGA,DEN
248485,MQ 3560,BWI,JFK
248509,WN 4795,HOU,LGA
248512,OO 3933,BUF,JFK
248720,YX 3498,EWR,SAV
248911,YX 3673,PIT,EWR
248989,DL 569,LGA,RSW
248998,OO 3565,MSP,EWR
249000,C5 4910,CHS,EWR
249058,WN 650,MSY,LGA
249143,9E 3379,LGA,CLE
249163,9E 5195,LGA,CHS
249174,OO 3744,SRQ,LGA
249177,YX 5890,CMH,LGA
249184,YX 6038,LGA,BOS
249426,WN 3121,LGA,BNA
249504,9E 3479,BUF,JFK
249562,OO 4746,EWR,DTW
249608,YX 3509,EWR,IND
249748,DL 1251,LGA,PBI
249758,UA 1043,EWR,ATL
249789,YX 6123,RDU,LGA
249843,WN 5294,LGA,HOU
249886,OO 3675,BNA,JFK
249893,C5 4964,EWR,ORF
249933,9E 3323,LGA,ORF
249946,MQ 4173,DTW,LGA
250012,MQ 3558,IND,JFK
250076,YX 5896,BOS,JFK
250141,DL 2476,LGA,FLL
250362,MQ 3871,CLE,LGA
250455,YX 5975,LGA,STL
250499,9E 3297,CLE,LGA
250520,DL 947,LAX,JFK
250532,YX 6085,EWR,BOS
250680,WN 3822,MCI,LGA
250961,9E 3465,LGA,DSM
251104,WN 4935,STL,LGA
251313,OO 3974,LGA,ORD
251360,AA 2522,SEA,JFK
251384,WN 2316,LGA,BNA
251461,WN 4420,HOU,LGA
251568,YX 3463,EWR,STL
251690,OO 3582,LGA,GSO
251912,EV 4096,TYS,EWR
251944,9E 3288,AVL,LGA
251966,UA 515,LGA,ORD
252101,DL 715,TVC,LGA
252199,WN 6205,DEN,LGA
252210,WN 4248,LGA,BNA
252238,9E 3586,ORD,JFK
252310,YX 3495,BGR,EWR
252430,WN 3158,DEN,EWR
252431,YX 4552,RIC,LGA
252454,EV 4273,SBN,EWR
252519,DL 1723,RSW,JFK
252773,C5 4947,EWR,ROC
252778,9E 3454,CHO,LGA
252842,DL 560,JFK,CLT
253174,AA 272,ORD,EWR
253261,DL 348,SJU,JFK
253345,9E 5068,PIT,LGA
253407,UA 1173,EWR,TPA
253458,9E 4829,BTV,JFK
253460,EV 4147,EWR,BOS
253475,9E 5153,LGA,SYR
253476,OO 4234,LGA,BOS
253529,YX 5872,LGA,CHS
253582,OO 3742,RDU,LGA
253885,C5 4984,GSO,EWR
254340,WN 409,MDW,EWR
254377,9E 5122,SRQ,JFK
254401,WN 5103,MDW,EWR
254634,YX 9387,JFK,DCA
254649,OO 3776,LGA,CLT
254688,DL 875,LGA,CVG
254718,YX 3674,PIT,EWR
254776,9E 3287,ORF,LGA
254860,WN 4563,BNA,LGA
254870,WN 2238,LGA,MKE
254876,9E 3380,LGA,MEM
255011,AA 235,LGA,ATL
255051,DL 2319,JFK,ATL
255067,DL 2450,EWR,DTW
255084,OO 3601,STL,LGA
255127,WN 2581,MDW,LGA
255136,MQ 3421,SAV,LGA
255163,9E 3415,LGA,JAX
255179,UA 329,LGA,IAH
255207,C5 4231,EWR,CHS
255588,DL 2246,JFK,SAN
255591,DL 1436,ATL,EWR
255593,DL 679,LGA,ORD
255761,9E 5212,ROC,LGA
255778,WN 2421,LGA,ATL
255799,UA 2265,EWR,MSN
256023,9E 5311,LGA,BUF
256127,EV 4265,EWR,JAX
256155,UA 1926,LAX,EWR
256165,YX 5918,JFK,IND
256203,AA 2312,ATL,JFK
256219,C5 4996,EWR,BGR
256302,DL 2572,LGA,BOS
256381,WN 5823,LGA,ATL
256420,YX 3514,EWR,RIC
256495,OO 3825,PIT,LGA
256533,WN 4644,BNA,LGA
256553,YX 5987,RDU,LGA
256631,YX 5954,JFK,BOS
256638,DL 1209,SFO,JFK
256640,YX 5900,LGA,CLT
256645,WN 1277,MDW,LGA
256649,WN 3033,EWR,STL
256770,EV 3994,EWR,RDU
256842,9E 3452,LGA,RIC
256992,9E 3447,DFW,JFK
257223,DL 1123,EWR,DTW
257234,DL 1233,JAX,LGA
257292,YX 3536,ORD,LGA
257358,YX 5885,LGA,PIT
257524,9E 3282,LGA,BUF
257533,EV 4341,EWR,GSP
257709,OO 3515,LGA,BUF
257725,WN 2839,STL,EWR
257747,WN 3442,LGA,ATL
257957,9E 3397,JFK,CHS
258022,OO 3751,BNA,JFK
258223,WN 3393,LGA,ATL
258391,AA 907,LGA,MCO
258399,YX 3565,EWR,DFW
258478,DL 898,LGA,PBI
258580,9E 3464,LGA,ORF
258582,WN 3351,LGA,FLL
258597,B6 2034,JFK,BTV
258812,YX 6113,LGA,CLE
258906,YX 3463,EWR,MKE
258921,AA 2214,MIA,LGA
259144,WN 2993,MDW,LGA
259170,WN 5005,LGA,ATL
259181,WN 4833,LGA,ATL
259196,YX 5884,LGA,CLE
259380,WN 4385,BNA,LGA
259389,YX 3438,EWR,ROC
259668,9E 3449,LGA,BUF
259794,WN 5118,LGA,MCI
260085,WN 3961,EWR,STL
260154,YX 3566,EWR,IAD
260255,YX 3598,GRR,EWR
260300,WN 5639,BNA,LGA
260303,9E 3374,PIT,LGA
260482,WN 836,LGA,MCI
260525,YX 6090,BOS,LGA
260623,WN 2162,SAN,EWR
260641,WN 4504,HOU,LGA
260806,DL 2529,JFK,ROC
260813,9E 3394,JAX,JFK
260877,YX 3714,EWR,BTV
260963,WN 3344,EWR,MDW
261088,DL 1230,JFK,JAX
261120,WN 6742,LGA,BNA
261132,UA 228,LGA,ORD
261180,UA 1627,PWM,EWR
261266,9E 5419,JFK,JAX
261286,DL 1525,JFK,SFO
261328,YX 3691,EWR,CHS
261387,WN 1583,LGA,MDW
261491,UA 758,EWR,SLC
261493,9E 3493,ROC,LGA
261563,YX 3551,DAY,EWR
261576,WN 3045,MKE,LGA
261712,YX 3449,SAV,EWR
261749,EV 3997,EWR,MKE
261890,UA 802,LGA,DEN
262021,YX 3492,ATL,EWR
262048,YX 3643,EWR,PWM
262060,C5 4908,PWM,EWR
262153,DL 967,ATL,EWR
262219,UA 1162,EWR,MEM
262332,C5 4943,CHS,EWR
262393,9E 5364,MKE,LGA
262436,EV 4096,EWR,AVL
262445,F9 423,LGA,ATL
262448,YX 4620,PHL,LGA
262597,9E 5335,CMH,LGA
262647,WN 2664,LGA,ATL
262665,WN 2839,ATL,LGA
262680,9E 3377,GRR,LGA
262695,WN 2046,LGA,ATL
262921,WN 882,DEN,EWR
262962,WN 3751,ATL,LGA
263020,9E 5242,LGA,PWM
263042,OH 5202,DAY,LGA
263071,9E 5323,JFK,BUF
263082,YX 3603,ROC,EWR
263312,YX 3677,IND,EWR
263336,EV 4203,STL,EWR
263350,AA 196,ORD,LGA
263404,OO 3562,LGA,CHS
263418,9E 5410,JFK,ORF
263470,YX 4355,ILM,LGA
263648,YX 3439,EWR,DAY
263718,DL 907,DTW,LGA
263728,YX 3578,LGA,CLE
263858,9E 3366,PIT,LGA
263895,EV 4240,PWM,EWR
264024,DL 891,LGA,IAH
264159,WN 6516,MCI,LGA
264172,DL 750,LGA,BOS
264249,EV 4125,IND,EWR
264317,WN 1382,EWR,STL
264355,YX 5973,LGA,SDF
264473,OO 4918,CHS,JFK
264524,WN 6466,MDW,LGA
264556,UA 280,RDU,EWR
264576,WN 3170,LGA,BNA
264687,WN 4550,MDW,LGA
264723,UA 596,EWR,BNA
264841,YX 4353,RIC,LGA
264873,YX 4338,BOS,LGA
264915,OO 3638,BHM,LGA
265003,9E 3452,MCI,LGA
265039,9E 3384,LGA,CLE
265138,EV 3969,EWR,CVG
265204,G7 6187,MSP,EWR
265215,DL 1280,EWR,DTW
265238,DL 2812,JFK,SLC
265277,EV 4097,EWR,AVL
265328,WN 4143,DAL,LGA
265528,YX 5964,LGA,CHS
265561,AS 1187,EWR,SFO
265562,9E 3451,DTW,JFK
265721,AA 487,JFK,CLT
265856,OO 4073,LGA,PIT
265866,WN 5256,MSY,LGA
266054,C5 4006,EWR,MEM
266119,MQ 4243,JFK,RDU
266215,WN 4895,LGA,DEN
266272,UA 1521,EWR,SFO
266323,AA 370,CLT,LGA
266336,9E 3493,LGA,MCI
266360,WN 1069,STL,EWR
266524,UA 1616,EWR,JAX
266525,EV 4067,BUF,EWR
266616,DL 2683,MCO,LGA
266617,WN 5282,MKE,LGA
266830,9E 3420,JFK,ORF
266863,YX 3655,CHS,EWR
266974,WN 735,DEN,LGA
267156,WN 743,LGA,DAL
267300,OO 4114,ORD,LGA
267413,YX 3609,BTV,EWR
267567,YX 4570,LGA,STL
267584,YX 5907,LGA,ROC
267616,EV 4398,CLT,EWR
267837,MQ 3781,JFK,RIC
267842,OO 3685,RIC,LGA
267855,OO 3582,LGA,ORD
267863,9E 3312,LGA,ORF
268009,WN 4356,MSY,LGA
268090,YX 6024,BUF,LGA
268105,EV 4481,EWR,DCA
268289,C5 4982,GSP,EWR
268298,YX 4578,PIT,LGA
268346,B6 1474,CHS,JFK
268426,DL 427,EWR,DTW
268433,UA 1925,LAS,EWR
268473,DL 828,IAH,LGA
268642,DL 2621,JFK,DEN
268684,DL 2511,JFK,SEA
268736,WN 4832,MDW,LGA
268745,9E 3420,LGA,CLE
268850,DL 2724,STL,LGA
268934,WN 1462,LGA,MDW
268958,WN 3884,DAL,LGA
269184,9E 3430,RDU,LGA
269346,EV 4477,ORD,LGA
269394,EV 4003,EWR,AVL
269433,UA 421,FLL,EWR
269469,C5 4980,EWR,BUF
269478,WN 2663,HOU,LGA
269480,WN 3883,MCI,LGA
269521,WN 3528,LGA,STL
269529,UA 1601,EWR,IAH
269537,OH 5210,PIT,JFK
269714,WN 4673,LGA,DAL
269827,WN 3098,EWR,MDW
269880,UA 480,FLL,EWR
270004,YX 6047,CLT,LGA
270009,DL 1216,JFK,FLL
270093,WN 3309,EWR,MDW
270135,OO 4178,EWR,MSP
270189,OO 3804,LGA,MSN
270216,YX 5872,LGA,PIT
270311,WN 4875,MDW,EWR
270315,DL 2005,JFK,DEN
270495,WN 2022,LGA,FLL
270668,YX 4671,LGA,CHS
270764,9E 5266,CHS,JFK
270791,UA 1282,EWR,IAD
270877,9E 3465,LGA,BUF
270932,YX 3474,EWR,BUF
270986,DL 2845,LGA,MCO
271139,WN 1257,LGA,HOU
271194,OH 5350,RDU,JFK
271239,OO 3623,ORF,LGA
271386,DL 1567,MCO,LGA
271416,OO 3679,CHS,JFK
271425,WN 3497,ATL,LGA
271499,OO 3735,LGA,BNA
271793,WN 3445,LGA,DAL
271868,DL 2120,DFW,JFK
272146,WN 3196,DEN,LGA
272230,UA 700,EWR,MCI
272236,WN 5542,EWR,DEN
272367,WN 4188,MDW,EWR
272478,OO 3799,STL,LGA
272505,YX 3644,EWR,SRQ
272528,EV 4024,EWR,XNA
272536,UA 1754,EWR,SEA
272541,DL 329,JFK,DTW
272594,WN 2354,LGA,MCI
272724,9E 3455,PIT,LGA
272828,YX 6017,DCA,LGA
272919,C5 4950,EWR,BNA
272941,UA 1065,DTW,EWR
272951,C5 4882,MEM,EWR
273083,OO 3530,ROC,LGA
273088,YX 5876,CMH,LGA
273141,DL 645,LGA,ATL
273194,WN 6906,DAL,LGA
273241,9E 5442,JFK,SAV
273273,OO 4172,LGA,BNA
273279,UA 1063,ROC,EWR
273328,AA 1914,MIA,JFK
273492,DL 2192,STL,LGA
273502,UA 2010,EWR,LAS
273544,UA 1238,OMA,EWR
273561,DL 2005,LGA,FLL
273567,EV 4130,MKE,EWR
273603,YX 3427,EWR,GSP
273612,C5 4920,IND,EWR
273633,YX 6140,ROC,LGA
273653,EV 4487,EWR,SDF
273878,OO 4154,CLT,LGA
273955,AA 2533,JFK,MIA
274017,EV 4007,EWR,PIT
274024,AA 1748,CLT,LGA
274115,YX 3479,EWR,CLE
274149,AA 157,ATL,LGA
274172,AA 1427,LGA,RDU
274221,YX 6095,LGA,BNA
274232,WN 3566,LGA,MDW
274439,UA 1481,STT,EWR
274443,OO 3514,LGA,GRR
274495,AA 2586,ATL,JFK
274589,UA 1690,LGA,DEN
274671,9E 5200,LGA,SAV
274830,YX 3544,ORD,EWR
274839,WN 2909,FLL,LGA
275645,MQ 3568,LGA,MEM
275779,B6 2917,BOS,JFK
275842,OO 4096,LGA,ORD
275867,WN 38,LGA,TPA
275904,DL 887,JFK,DCA
275937,WN 3065,LGA,MKE
275990,DL 2370,PBI,LGA
276006,EV 4185,ORF,EWR
276037,YX 4366,LGA,RDU
276070,AA 309,JFK,MIA
276081,YX 3507,EWR,PWM
276403,WN 6177,HOU,LGA
276459,G7 6279,EWR,DTW
276561,WN 399,MDW,LGA
276576,OO 3659,MEM,LGA
276608,YX 4510,LGA,PBI
276635,YX 3677,EWR,AUS
276765,OO 3650,ROC,JFK
276812,WN 4187,STL,LGA
276922,C5 4888,PVD,EWR
276930,C5 4923,DCA,EWR
277052,9E 5104,LGA,SYR
277165,YX 3639,GSO,EWR
277341,9E 5428,LGA,CLE
277559,YX 6055,SDF,LGA
277584,EV 4269,ORF,EWR
277631,WN 1722,LGA,HOU
277719,WN 5263,MDW,LGA
277753,DL 2093,LAS,JFK
277771,EV 4395,EWR,DCA
277887,WN 4600,MDW,EWR
277980,C5 4891,GSO,EWR
278011,DL 2930,PHX,JFK
278099,YX 5891,LGA,IND
278129,C5 4969,EWR,CVG
278156,EV 4049,EWR,MCI
278333,UA 529,SDF,EWR
278414,YX 4400,LGA,ATL
278451,YX 6010,LGA,IND
278478,YX 4278,MSP,LGA
278537,EV 4251,RIC,EWR
278649,OO 4067,LGA,CLE
278684,DL 2713,LGA,TPA
278732,WN 5010,MDW,LGA
278790,YX 3534,EWR,BOS
278867,UA 455,BGR,EWR
278894,MQ 4149,LGA,GSO
278910,AA 528,CLT,LGA
278984,EV 4045,EWR,MEM
279175,9E 3282,JFK,CLT
279252,WN 4502,MDW,LGA
279331,9E 3468,LGA,CLE
279484,WN 3758,LGA,ATL
279504,WN 1347,DAL,LGA
279507,C5 4953,EWR,MKE
279540,DL 316,ATL,EWR
279564,9E 5430,BUF,LGA
279670,WN 4119,LGA,DEN
279754,9E 3420,LGA,GRR
279837,9E 5325,ORF,LGA
279961,MQ 4244,LGA,IND
279980,WN 3815,LGA,STL
280017,WN 3430,LGA,BNA
280018,WN 6112,LGA,DEN
280061,WN 1926,EWR,MDW
280335,OO 3718,JFK,BOS
280436,WN 5540,BWI,EWR
280523,DL 1659,LGA,MSY
280539,WN 3525,LGA,DEN
280603,EV 4237,EWR,ORF
280624,DL 2498,MSP,EWR
280658,G4 1227,AVL,EWR
280820,B6 2154,PBI,JFK
280848,C5 4918,EWR,IAD
280938,YX 4473,STL,LGA
280983,WN 3453,SAN,EWR
280997,G7 6278,DTW,EWR
281087,YX 3706,MSP,EWR
281181,UA 1643,EWR,RSW
281200,YX 3635,EWR,DCA
281242,YX 4434,ILM,LGA
281249,YX 3670,EWR,MIA
281313,WN 3880,LGA,DAL
281535,YX 3631,LGA,ORD
281543,YX 6113,LGA,MCI
281552,OO 3528,JFK,BOS
281618,UA 1878,ORD,EWR
281696,UA 1168,ATL,EWR
281719,OO 3743,LGA,PIT
281950,AA 110,ORD,LGA
281957,OO 3710,EWR,DTW
282001,OO 3571,LGA,BOS
282228,YX 5983,LGA,CHS
282297,DL 1816,JFK,JAX
282312,YX 6041,LGA,STL
282370,YX 5944,BUF,LGA
282575,9E 5006,SAV,LGA
282617,DL 1885,PBI,LGA
282618,MQ 3346,CLE,LGA
282702,WN 2205,LGA,MSY
282729,YX 6108,JAX,LGA
282763,DL 2289,LGA,PBI
282776,OO 3825,LGA,PIT
282848,9E 5181,LGA,STL
282872,YX 5920,CMH,LGA
282973,OO 3552,BNA,LGA
283075,YX 6030,CMH,LGA
283080,OO 3902,LGA,CLT
283133,YX 5913,LGA,DCA
283148,YX 5883,RSW,LGA
283154,C5 4925,EWR,BNA
283183,YX 6013,ROC,JFK
283186,YX 3677,MCI,EWR
283273,G7 6258,MSP,EWR
283327,AA 54,LGA,MIA
283521,YX 4458,EWR,IND
283675,OO 3581,BUF,LGA
283789,OO 3807,LGA,GSP
283847,WN 169,LGA,DEN
284256,YX 3496,RIC,EWR
284413,UA 361,EWR,SNA
284433,YX 3418,CVG,EWR
284447,YX 5953,RDU,LGA
284528,WN 2942,LGA,MSY
284615,DL 2248,LGA,ATL
284760,B6 2583,JFK,MCO
284824,DL 2022,SLC,JFK
284998,9E 4840,JFK,CHS
285020,WN 3691,TPA,LGA
285181,9E 3426,LGA,ORF
285194,MQ 4138,LGA,RDU
285222,YX 6038,LGA,STL
285239,YX 4274,LGA,IND
285261,WN 6654,TPA,LGA
285802,UA 1537,EWR,ORD
285806,WN 5502,LGA,MDW
285912,UA 1744,EWR,MCO
286042,EV 4017,CVG,EWR
286107,YX 3441,SAV,EWR
286109,YX 5872,IND,LGA
286117,WN 1012,TPA,LGA
286168,MQ 3315,LGA,ORF
286290,9E 5388,LGA,MSN
286300,9E 3314,LGA,CVG
286384,YX 6060,LGA,MSN
286498,OO 3796,LGA,GSO
286548,YX 5896,LGA,RDU
286574,WN 2390,DAL,LGA
286610,AA 203,LGA,MCO
286699,WN 5506,MDW,EWR
286708,WN 6293,LGA,HOU
286768,YX 3473,EWR,EYW
286832,UA 1627,SYR,EWR
286913,OO 3791,CHS,LGA
286954,WN 5050,LGA,DAL
287096,WN 3241,LGA,MCO
287115,C5 4959,SBN,EWR
287279,AA 1376,LGA,CLT
287285,DL 623,DTW,EWR
287336,UA 1043,EWR,ORD
287387,YX 5965,CLT,LGA
287416,WN 4525,MKE,LGA
287500,B6 938,BQN,JFK
287555,C5 4938,GSO,EWR
287579,9E 3367,MVY,LGA
287668,YX 5893,PIT,LGA
287687,AA 2306,SAN,JFK
287701,9E 5079,LGA,GRR
287898,DL 1174,PBI,LGA
287990,9E 5104,LGA,SAV
288261,G7 6196,EWR,DTW
288281,YX 3730,ORD,LGA
288442,WN 617,MKE,LGA
288461,G7 6301,DTW,EWR
288538,C5 4986,ORF,EWR
288592,DL 1043,LGA,MSY
288857,9E 3310,BTV,LGA
288911,WN 5986,LGA,MDW
289115,YX 4659,SDF,LGA
289487,DL 1957,JFK,MCO
289585,YX 6095,BOS,LGA
289597,YX 3601,EWR,AUS
289666,G7 6233,EWR,DTW
289783,WN 171,HOU,LGA
289812,YX 3508,EWR,CLE
289853,DL 698,JFK,ATL
289887,DL 690,LAX,JFK
289937,YX 3610,DAY,EWR
290054,EV 4030,MKE,EWR
290168,YX 3482,EWR,CLT
290192,9E 4775,GSP,LGA
290203,C5 4890,BNA,EWR
290224,YX 6027,JFK,RDU
290381,UA 1022,EWR,ORD
290392,WN 3179,DAL,LGA
290399,WN 2801,LGA,MCO
290508,YX 5868,LGA,BNA
290625,DL 498,LGA,TVC
290673,EV 4292,SYR,EWR
290849,C5 4923,EWR,MKE
290880,DL 459,BOS,LGA
290997,9E 4893,ORD,JFK
291033,YX 6073,BOS,LGA
291153,WN 4608,LGA,BNA
291161,9E 3476,LGA,RIC
291228,DL 1849,SJC,JFK
291335,9E 4883,RIC,JFK
291394,YX 4399,AVL,LGA
291418,UA 1460,EWR,ORD
291471,OO 5758,ORD,LGA
291501,9E 3424,LGA,CLT
291654,UA 1162,EWR,SAT
291725,DL 1713,LGA,BOS
291861,C5 4896,EWR,JAX
291970,YX 5924,IAH,LGA
292236,WN 3175,LGA,HOU
292421,AA 1626,MIA,LGA
292463,YX 4617,PBI,LGA
292473,UA 1762,EWR,IAD
292503,WN 5147,LGA,ATL
292610,G7 6268,EWR,MSP
292633,B6 1853,JFK,PBI
292762,WN 6657,LGA,HOU
292773,YX 5930,BUF,JFK
292841,9E 3356,STL,LGA
292897,WN 3135,EWR,DEN
292958,AA 170,CMH,LGA
293057,UA 1482,EWR,RDU
293110,MQ 3595,JFK,BOS
293170,DL 2817,MSY,LGA
293249,9E 4764,JFK,BTV
293381,WN 2118,EWR,BWI
293497,YX 4691,PBI,LGA
293574,YX 5872,LGA,GSO
294007,WN 5217,TPA,LGA
294023,9E 5439,DCA,JFK
294053,WN 5258,ATL,LGA
294145,EV 4121,CLE,EWR
294204,YX 5874,LGA,PIT
294410,YX 3698,EWR,AUS
294650,WN 2074,IND,EWR
294655,YX 5956,ROC,LGA
294691,OO 3694,CLE,LGA
294763,9E 3338,BWI,JFK
294808,ZW 3875,LGA,IAD
294819,9E 3408,LGA,CVG
294829,9E 4880,LGA,GSO
295063,YX 6061,BOS,JFK
295224,9E 3401,CLT,JFK
295236,UA 1683,LGA,ORD
295276,9E 5416,LGA,BUF
295354,UA 341,EWR,RDU
295374,YX 5897,LGA,ORF
295397,9E 3373,LEX,LGA
295485,DL 1131,SFO,JFK
295493,MQ 3659,LGA,MEM
295601,WN 3588,BNA,LGA
295621,C5 4911,AVL,EWR
295647,9E 5328,JFK,SRQ
295783,9E 5060,SAV,JFK
295840,WN 6917,BNA,LGA
295892,DL 1717,BOS,LGA
296105,WN 1344,MDW,EWR
296214,9E 5286,GRR,LGA
296238,WN 3304,EWR,MDW
296294,OO 3600,LGA,CLE
296298,EV 4378,DCA,EWR
296308,DL 1660,FLL,LGA
296349,UA 1539,EWR,PBI
296355,YX 3434,EWR,BGR
296505,OO 4135,BOS,LGA
296545,MQ 3421,LGA,SAV
296562,YX 6094,LGA,SYR
296579,YX 6033,LGA,CLT
296709,DL 1304,BOS,LGA
296718,C5 5003,MKE,EWR
296808,WN 1932,ATL,LGA
296840,WN 2731,LGA,STL
296848,YX 4486,JFK,IND
296910,WN 3457,EWR,PHX
296926,YX 4447,LGA,MSP
297042,OO 3542,MKE,LGA
297094,WN 2202,LGA,ATL
297265,WN 3430,EWR,MDW
297299,EV 4071,EWR,RDU
297367,OO 5673,ORD,LGA
297379,DL 1389,CLT,JFK
297416,YX 6021,JFK,SYR
297503,WN 2130,DEN,LGA
297612,YX 3496,EWR,MSP
297632,9E 4833,JAX,JFK
297725,YX 4417,DAB,LGA
297772,9E 3303,LGA,CLT
297851,9E 5244,BOS,JFK
297913,UA 38,DFW,EWR
298007,YX 5887,BUF,LGA
298425,YX 6089,LGA,ILM
298647,9E 5039,BOS,EWR
298676,9E 5405,LGA,CHS
298858,WN 3440,BNA,LGA
298948,WN 3720,DEN,LGA
299109,UA 1112,ATL,EWR
299342,DL 786,LGA,TPA
299395,DL 1007,JFK,DCA
299396,DL 2970,EWR,DTW
299401,WN 4992,MKE,LGA
299470,DL 2528,JFK,TPA
299594,YX 3612,RDU,EWR
299645,DL 711,LGA,BOS
299658,YX 3690,EWR,BOS
299672,WN 1685,EWR,MDW
299883,UA 1747,ORD,EWR
300006,9E 5323,BWI,JFK
300043,WN 2196,EWR,AUS
300099,YX 5978,LGA,BNA
300137,WN 774,LGA,MKE
300149,9E 3356,LGA,SAV
300464,WN 3461,DAL,LGA
300529,WN 2012,MDW,LGA
300708,YX 3567,IND,EWR
300750,UA 1444,CLT,EWR
300880,C5 4918,BNA,EWR
300926,WN 1123,MDW,LGA
301016,C5 4872,EWR,BNA
301296,OO 4005,GSO,LGA
301584,WN 3272,STL,LGA
301648,9E 3490,JAX,JFK
301699,OO 3980,LGA,ORD
301925,WN 5118,STL,LGA
301997,WN 2303,LGA,ATL
302053,WN 2263,LGA,MDW
302145,UA 1594,PHX,EWR
302459,9E 4787,MSP,EWR
302521,WN 1274,EWR,MDW
302550,OO 4115,CLT,LGA
302588,9E 3371,CLE,JFK
302600,YX 5954,LGA,CLT
302614,EV 4168,EWR,RDU
302630,9E 5055,STL,LGA
302775,YX 5928,CLT,LGA
302804,YX 5935,LGA,SDF
302815,C5 4919,EWR,MEM
302984,YX 3415,EWR,MSP
303047,DL 1179,DCA,JFK
303074,DL 805,SEA,JFK
303313,YX 3508,EWR,ATL
303331,OO 3919,BOS,LGA
303411,WN 1881,LGA,DAL
303510,9E 5487,SAV,LGA
303535,WN 775,MDW,EWR
303640,EV 4141,LGA,CLE
303728,WN 1210,MDW,EWR
303822,9E 5453,LGA,BGR
303930,OO 3731,LGA,GSP
303987,EV 4027,CVG,EWR
304090,DL 1851,JFK,LAX
304204,WN 239,MKE,LGA
304309,YX 4407,LGA,SDF
304382,YX 3578,EWR,BNA
304456,EV 4139,EWR,BTV
304586,AA 1859,LGA,MIA
304664,UA 529,OMA,EWR
304972,WN 1660,BNA,EWR
304992,YX 3420,CVG,EWR
305425,WN 3117,LGA,HOU
305433,C5 4900,CLE,EWR
305463,OO 3666,BNA,LGA
305475,UA 713,MIA,EWR
305524,YX 5968,PIT,JFK
305720,DL 967,ROC,JFK
305881,AA 898,LGA,MIA
305956,OO 4187,LGA,CLT
306101,OO 3775,LGA,ORF
306112,9E 3370,LGA,CHS
306175,WN 5437,LGA,HOU
306259,YX 5882,LGA,IND
306285,WN 4048,LGA,MDW
306365,OO 4184,ORD,LGA
306414,C5 4882,EWR,ORF
306535,DL 1990,DTW,LGA
306723,WN 5507,LGA,MKE
306740,WN 4334,BNA,LGA
306770,EV 4368,EWR,CVG
306781,WN 1125,MDW,EWR
306885,OO 4098,LGA,CHS
306895,YX 6005,LGA,DFW
306936,9E 3404,LGA,RIC
307030,WN 2890,EWR,DEN
307089,9E 3360,LGA,SYR
307196,WN 4093,LGA,MDW
307209,9E 3335,SYR,LGA
307290,DL 789,LGA,BOS
307310,OO 3852,DTW,EWR
307378,YX 6126,LGA,MCI
307568,YX 3602,EWR,STL
307609,WN 3014,DEN,EWR
307658,9E 5081,JFK,CLT
307730,EV 4399,EWR,PWM
307798,DL 994,ATL,EWR
307826,C5 4882,EWR,DCA
307936,WN 4502,EWR,BWI
307973,EV 4000,EWR,PIT
308218,G4 1314,EWR,CVG
308379,9E 4762,LGA,ORF
308380,C5 4907,EWR,STL
308524,WN 4826,STL,LGA
308571,9E 5303,BOS,EWR
308651,AA 1695,LGA,RDU
308747,WN 1079,BNA,EWR
308752,YX 6103,LGA,DFW
308932,C5 4939,MKE,EWR
309006,9E 3422,IND,LGA
309250,9E 5417,JFK,RIC
309361,OO 3830,BNA,JFK
309553,9E 3301,LGA,BNA
309574,9E 3324,PIT,LGA
309720,YX 3499,EWR,GRR
309748,C5 4888,RIC,EWR
309750,WN 4478,STL,LGA
309751,WN 2643,STL,EWR
309791,OO 3541,BOS,LGA
309889,OO 3813,LGA,BNA
310006,DL 674,ATL,EWR
310157,YX 3749,EWR,ALB
310250,YX 3741,EWR,GSP
310301,9E 3310,JFK,BOS
310320,OO 4099,ORD,LGA
310321,UA 1595,EWR,BUF
310556,AA 259,PHL,LGA
310615,OO 3829,BHM,LGA
310666,9E 5088,JFK,CLE
310712,OO 3919,LGA,ORD
310781,DL 1160,LGA,FLL
310817,WN 1412,PHX,EWR
310850,OO 3800,JFK,RIC
310867,YX 4330,LGA,RDU
310990,DL 2712,EWR,MSP
311023,9E 3488,LGA,BTV
311028,C5 4955,IAD,LGA
311124,9E 3313,TYS,LGA
311225,C5 4929,EWR,BNA
311320,WN 2642,DEN,LGA
311373,C5 4923,STL,EWR
311462,WN 4770,HOU,LGA
311777,YX 5980,JFK,BOS
311819,C5 4955,EWR,ROC
311845,WN 2613,EWR,AUS
312012,YX 3410,EWR,JAX
312100,UA 1449,BUF,EWR
312133,EV 4046,EWR,PIT
312176,DL 1996,LGA,IAH
312250,AA 2274,DFW,JFK
312366,WN 5823,DEN,LGA
312585,WN 6581,DAL,LGA
312591,9E 5384,LGA,BGR
312738,WN 2514,BNA,LGA
312804,EV 4117,EWR,SYR
312930,9E 4888,IND,LGA
312966,C5 4988,EWR,ROC
313014,YX 3625,EWR,CHS
313233,YX 3599,LGA,IAH
313343,YX 5917,LGA,CHS
313384,9E 5224,LGA,BGR
313421,9E 3429,CLE,JFK
313462,YV 6059,LGA,IAH
313498,WN 2908,EWR,AUS
313553,WN 1884,ATL,LGA
313687,WN 1426,LGA,MDW
313765,WN 4298,LGA,ATL
313801,WN 3440,LGA,ATL
314165,EV 4069,EWR,BTV
314878,MQ 4176,LGA,PIT
314936,YX 3738,PWM,EWR
314939,YX 6050,LGA,BOS
315005,UA 547,ORD,LGA
315012,C5 4887,ROC,EWR
315021,DL 997,LGA,ORD
315024,EV 3985,CMH,EWR
315151,DL 2271,DTW,LGA
315208,DL 2755,JFK,LAS
315305,YX 3497,AUS,EWR
315417,WN 3219,TPA,LGA
315433,C5 4935,EWR,CLE
315765,YX 4335,DCA,LGA
315802,WN 3729,MDW,LGA
315815,DL 2476,FLL,LGA
315875,9E 5238,JFK,ROC
315943,WN 1118,EWR,FLL
315996,WN 4317,ATL,LGA
316028,WN 2196,DAL,LGA
316030,YX 6017,IND,LGA
316161,YX 3413,BUF,EWR
316385,UA 1245,IND,EWR
316480,UA 641,EWR,MSP
316647,9E 3428,CLE,JFK
316662,YX 4365,LGA,SAV
316726,WN 3724,HOU,LGA
316763,YX 5992,RDU,LGA
316983,DL 744,JFK,LAS
317075,C5 4880,EWR,GSP
317117,EV 4377,SYR,EWR
317241,UA 1926,EWR,PBI
317253,AA 2841,DFW,JFK
317307,WN 743,ATL,LGA
317308,OO 3939,LGA,RIC
317375,EV 4101,EWR,BGR
317444,YX 5929,GRR,LGA
317709,WN 6917,LGA,DAL
317753,YX 6031,STL,LGA
317765,DL 2788,LGA,DFW
317811,WN 5500,LGA,ATL
317837,OO 3712,LGA,SYR
317841,WN 5792,STL,LGA
317843,WN 5125,ATL,LGA
317875,9E 5418,LGA,BTV
317989,UA 594,MYR,EWR
318062,YX 5872,LGA,DFW
318111,9E 3339,ORD,JFK
318113,YX 4342,LGA,RDU
318143,9E 3352,LGA,GSO
318458,C5 4933,DAY,EWR
318514,YX 5902,BOS,LGA
318546,EV 3967,CLT,EWR
318571,DL 1816,ATL,LGA
318591,9E 5226,JFK,JAX
318636,YX 6056,IND,LGA
318658,YX 5925,LGA,CMH
318669,OO 5357,ORD,LGA
318679,WN 1460,MDW,EWR
318736,DL 1109,SEA,JFK
318881,9E 6234,EWR,DTW
318890,OO 4941,BOS,JFK
318978,WN 2673,EWR,AUS
319239,C5 4910,JAX,EWR
319256,YX 5901,LGA,BOS
319659,WN 2525,TPA,LGA
319845,9E 3301,JFK,PIT
319857,9E 3468,CLE,JFK
319986,WN 3065,DEN,LGA
320171,AA 123,EWR,CLT
320181,OO 3788,LGA,STL
320192,DL 2904,JFK,CLT
320257,YX 3630,SDF,EWR
320323,9E 3313,BHM,LGA
320374,UA 1677,EWR,MIA
320406,9E 4876,JFK,ORF
320540,YX 5986,RDU,LGA
320582,EV 4241,EWR,PWM
320793,DL 390,JFK,MCO
320886,UA 203,EWR,HDN
320930,AA 1158,EWR,DFW
321001,OO 3581,LGA,PIT
321183,9E 3298,JAX,JFK
321212,OO 3866,LGA,MKE
321291,WN 6382,BNA,LGA
321351,WN 3287,LGA,ATL
321367,DL 1374,MCO,LGA
321781,DL 885,SLC,EWR
321825,OO 3502,LGA,CLT
321883,WN 5065,EWR,DEN
321913,C5 4160,EWR,CVG
321949,YX 5912,LGA,STL
321968,WN 5359,LGA,MDW
322010,DL 1059,MSY,LGA
322066,WN 3951,LGA,HOU
322154,WN 1597,EWR,STL
322521,WN 3867,MKE,LGA
322736,YX 5953,LGA,BOS
322793,9E 3372,BNA,LGA
322801,WN 4340,LGA,ATL
322827,UA 1173,EWR,CLT
322968,WN 2999,LGA,ATL
323100,WN 3430,PHX,EWR
323222,DL 2242,JFK,DTW
323253,9E 3309,CMH,JFK
323273,C5 4932,CLE,EWR
323368,9E 3480,SYR,LGA
323384,YX 6016,LGA,ORF
323445,EV 3981,EWR,ORF
323491,AA 1382,EWR,CLT
323581,UA 722,EWR,PBI
323587,DL 313,BOS,LGA
323682,YX 5882,DCA,LGA
323807,EV 4075,PIT,EWR
323988,EV 4233,DCA,EWR
324109,C5 4936,EWR,SDF
324248,YX 6140,LGA,CLT
324380,9E 5366,RIC,JFK
324460,YX 6018,STL,LGA
324486,OO 3749,LGA,SYR
324507,WN 3129,EWR,DEN
324571,UA 2310,SFO,EWR
324652,DL 2393,SEA,JFK
324670,OH 5531,PIT,LGA
324779,OO 3882,RIC,LGA
324810,AA 1571,LGA,MIA
324836,UA 226,EWR,OMA
324914,WN 3460,MCI,LGA
324923,9E 5290,RDU,LGA
324989,AA 1640,CLT,EWR
325146,YX 3738,EWR,BTV
325177,YX 3753,EWR,BNA
325409,WN 3795,DAL,LGA
325578,YX 4417,LGA,DAB
325651,WN 5409,DAL,LGA
325739,EV 3968,EWR,CLE
325782,C5 4957,EWR,ORF
325873,C5 4919,EWR,CMH
325902,C5 4951,EWR,CMH
326022,DL 2823,JFK,ATL
326058,YX 3732,MEM,EWR
326093,OO 5502,LGA,ORD
326175,9E 4757,LGA,BGR
326208,YX 3429,ORD,LGA
326299,WN 2889,EWR,STL
326402,YX 6064,JFK,BOS
326415,DL 1632,SLC,JFK
326476,UA 1206,EWR,RDU
326483,9E 3484,LGA,STL
326495,WN 4024,MDW,EWR
326601,YX 6009,CLE,LGA
326712,WN 3296,EWR,BNA
326734,OO 3935,LGA,BOS
326769,9E 3342,RSW,LGA
326890,YX 4358,CAE,LGA
326926,OO 3952,LGA,SYR
326977,UA 1627,PHX,EWR
326996,9E 4793,LGA,SYR
327054,9E 5478,ROC,LGA
327301,EV 4435,ALB,EWR
327517,G4 1213,EWR,AVL
327627,AA 2625,ORD,EWR
327721,OO 3962,LGA,BOS
327798,WN 3077,STL,EWR
327820,9E 3440,LGA,CLT
327827,WN 558,EWR,BNA
327923,WN 4389,LGA,DAL
327948,OO 3960,LGA,BNA
328274,WN 3009,BNA,LGA
328283,WN 4692,DEN,LGA
328287,DL 2239,FLL,LGA
328354,DL 767,LGA,MSP
328428,DL 860,JFK,SAT
328448,OO 3626,LGA,SYR
328627,YX 3692,EWR,IND
328770,YX 3523,MEM,EWR
328826,9E 3479,JAX,LGA
328860,9E 3328,JFK,CLE
328900,WN 117,MDW,LGA
328933,YX 3655,GSP,EWR
328962,OO 3593,JFK,PIT
329083,YX 4528,LGA,AGS
329141,AA 708,MSP,LGA
329215,DL 429,DTW,EWR
329398,YX 5949,LGA,BUF
329439,YX 3596,EWR,BUF
329595,WN 3369,EWR,PHX
329657,YX 3534,BGR,EWR
329789,YX 6011,JFK,BOS
329972,WN 4493,EWR,AUS
329995,UA 1482,EWR,IAH
330025,YX 3571,EWR,BGR
330029,YX 3464,EWR,ATL
330138,WN 2985,LGA,STL
330208,WN 3117,EWR,OAK
330328,YX 6126,LGA,CMH
330352,9E 5165,MKE,LGA
330457,WN 6133,LGA,MCI
330468,EV 4392,LGA,ORD
330500,WN 1255,LGA,DEN
330515,AA 1208,LGA,MIA
330670,9E 4062,LGA,CLE
330733,YX 3730,EWR,SYR
330941,YX 5974,CLT,LGA
330942,WN 5525,MDW,EWR
330979,UA 1079,EWR,BTV
331022,WN 2610,LGA,BNA
331152,WN 2635,LGA,BNA
331212,OO 3719,BOS,LGA
331319,C5 4980,EWR,IND
331442,WN 2581,DAL,LGA
331594,OO 3840,MSN,LGA
331605,YX 3523,CMH,EWR
331783,WN 53,MDW,EWR
331821,YX 5951,LGA,RIC
331942,WN 1381,LGA,HOU
332006,OO 3709,BHM,LGA
332055,YX 6112,SDF,LGA
332059,OO 3840,PIT,LGA
332067,YX 3690,SRQ,EWR
332109,UA 1173,EWR,PIT
332127,C5 4923,EWR,GSP
332199,9E 3498,LGA,JAX
332330,9E 5336,LGA,BTV
332359,9E 5035,JFK,DCA
332475,9E 3287,LGA,RIC
332498,DL 2534,LAX,JFK
332508,DL 1539,CMH,LGA
332637,WN 6416,MKE,LGA
332702,YX 5975,RDU,LGA
332744,WN 3788,TPA,LGA
332824,OO 3808,LGA,GSO
332871,9E 3452,CLT,JFK
332908,9E 5061,LGA,PWM
332919,DL 691,DTW,EWR
332973,DL 528,DTW,EWR
333095,OO 4030,LGA,GSO
333195,UA 2263,EWR,CVG
333238,9E 5277,LGA,SAV
333528,AA 2865,JFK,MIA
333677,WN 980,LGA,STL
333910,9E 3319,LGA,CLE
333937,WN 3691,LGA,DEN
333969,YX 3512,EWR,SAV
333981,9E 3327,JFK,ORF
333995,WN 1899,DAL,LGA
334057,YX 4385,LGA,CMH
334202,9E 3409,LGA,BHM
334453,9E 3358,GSP,LGA
334565,YX 3698,MYR,EWR
334667,DL 1456,LGA,RSW
334719,DL 2881,JFK,LAS
334761,YX 5922,LGA,MCI
335031,UA 617,DTW,EWR
335138,9E 4769,CAE,LGA
335289,YX 3512,EWR,MSP
335342,YX 3711,EWR,ATL
335557,YX 4421,SDF,LGA
335682,UA 1803,EWR,ORD
335705,DL 896,JFK,BOS
335777,WN 2872,MCI,LGA
335844,DL 1727,PBI,LGA
335954,DL 938,ATL,EWR
336084,OO 4148,LGA,SAV
336178,DL 1488,JFK,PDX
336434,DL 998,ATL,EWR
336557,9E 5264,BOS,JFK
336582,DL 2171,MIA,LGA
336618,EV 4269,GSP,EWR
336676,DL 2146,MCO,JFK
336764,WN 2887,EWR,MDW
336796,UA 784,EWR,CLE
336846,YX 3410,BTV,EWR
336880,9E 5200,CVG,LGA
336913,YX 4621,PHL,LGA
336945,UA 1423,SFO,EWR
337023,9E 3338,LGA,DSM
337034,YX 4581,PHL,LGA
337040,YX 3588,EWR,STL
337268,WN 5605,LGA,ATL
337313,YX 3576,FLL,EWR
337427,DL 398,LGA,BOS
337480,YX 5884,BOS,LGA
337861,UA 1627,IAD,EWR
337885,WN 2758,LGA,ATL
337964,YX 5907,BNA,LGA
337987,WN 522,STL,LGA
338252,WN 3897,HOU,LGA
338256,AA 646,CLT,JFK
338353,C5 4888,BGR,EWR
338371,DL 2961,JFK,SEA
338556,C5 5017,CAK,EWR
338837,DL 2849,JFK,LAX
338888,YX 6052,LGA,PIT
339203,YX 3733,PBI,EWR
339310,9E 5022,JFK,IAD
339521,DL 883,MSY,LGA
339602,OO 3663,MKE,LGA
339729,WN 1691,ATL,LGA
339793,9E 5012,LGA,MKE
339880,DL 977,EWR,MSP
339891,OO 3628,EWR,MSP
339955,UA 1929,EWR,CVG
340059,AA 232,LGA,CLT
340252,WN 1077,EWR,OAK
340275,WN 4575,LGA,MCO
340294,9E 3379,CLT,LGA
340456,C5 4888,GSP,EWR
340540,UA 1714,SAT,EWR
340545,YX 5929,LGA,BNA
340599,OO 3909,BOS,LGA
340601,WN 735,LGA,ATL
340708,YX 3464,EWR,SRQ
340719,UA 754,EWR,TPA
340805,9E 3331,LGA,RDU
340811,YX 6104,JFK,PIT
340893,B6 1443,EWR,PBI
341019,9E 3360,SYR,LGA
341078,OO 3667,MKE,LGA
341083,9E 5071,LGA,SYR
341087,WN 4509,LGA,HOU
341177,EV 4228,EWR,DTW
341226,YX 3635,SYR,EWR
341338,9E 5406,JFK,DFW
341471,YX 5971,JFK,CMH
341754,YV 6380,LGA,IAH
341790,UA 481,EWR,CLT
341964,YX 6028,CMH,JFK
342180,WN 120,LGA,STL
342476,9E 3417,LGA,MSN
342505,OO 3674,LGA,ORD
342634,9E 3422,LGA,MCI
342639,MQ 4015,RDU,LGA
342733,WN 5101,EWR,STL
342769,C5 4891,EWR,GSO
342786,MQ 3518,LGA,GSO
342853,YX 3551,EYW,EWR
342862,OO 3757,LGA,CHS
342870,DL 863,EWR,ATL
343061,YX 4412,CMH,JFK
343107,UA 600,ORD,EWR
343163,UA 369,EWR,SRQ
343614,YX 4364,BNA,LGA
343722,YX 3400,BOS,EWR
343770,WN 3538,BNA,LGA
343779,9E 3392,RIC,LGA
343808,MQ 3305,EWR,ORD
343943,WN 5501,AUS,EWR
343982,C5 4898,CVG,EWR
344144,WN 3206,MDW,LGA
344156,AA 2899,CLT,LGA
344389,UA 1063,CHS,EWR
344394,B6 2268,OAK,JFK
344420,WN 4496,LGA,STL
344511,G7 6193,RDU,EWR
344567,DL 2208,LGA,DFW
344573,9E 5251,BTV,LGA
344576,DL 545,ATL,EWR
344592,WN 6648,DEN,LGA
344741,B6 1483,JFK,MCO
344876,YX 4570,BNA,LGA
345017,UA 1042,ATL,EWR
345130,AA 981,EWR,CLT
345260,WN 2675,DAL,LGA
345321,9E 3361,SAV,LGA
345394,WN 6250,LGA,DEN
345489,DL 1151,LGA,DFW
345543,9E 3412,RDU,LGA
345606,9E 3414,MKE,LGA
345676,UA 1935,EWR,BUF
345735,EV 4096,DCA,EWR
345928,WN 1089,BNA,LGA
346052,9E 5123,LGA,OMA
346101,9E 3286,JFK,RDU
346121,DL 2699,LGA,MCO
346415,AS 1037,JFK,SJC
346548,UA 1043,EWR,CLT
346743,DL 311,ATL,EWR
346866,WN 141,DAL,LGA
346929,DL 658,MCO,LGA
346971,WN 4626,LGA,DAL
346977,WN 4758,STL,LGA
347096,YX 5942,LGA,ROC
347150,C5 4919,EWR,GSP
347231,OO 3555,BNA,LGA
347235,G4 1200,AVL,EWR
347269,YX 3688,EWR,SRQ
347328,9E 3351,JFK,CLT
347394,WN 4980,BNA,LGA
347448,YX 3461,EWR,BNA
347456,DL 847,BOS,JFK
347631,EV 4216,EWR,GSO
347704,WN 1656,LGA,MCI
347716,B6 1089,JFK,MCO
347757,WN 448,LGA,MCI
347786,YX 3721,IND,EWR
347893,YX 4370,LGA,RIC
347954,OO 3817,LGA,CLE
348029,DL 2279,SAN,JFK
348163,WN 711,PHX,EWR
348348,WN 3084,EWR,BNA
348355,YX 4324,DCA,LGA
348386,C5 4970,IAD,EWR
348398,G7 6222,CVG,EWR
348577,YX 3448,DFW,EWR
348584,WN 2692,LGA,DAL
348651,WN 4989,LGA,DEN
348657,DL 2947,JFK,LAX
348698,9E 5091,BTV,LGA
348879,9E 3427,LGA,BUF
349005,UA 2161,EWR,SDF
349088,OO 4006,LGA,BNA
349105,EV 4398,EWR,CLT
349180,9E 3429,RDU,LGA
349188,YX 5993,IND,LGA
349297,9E 3307,GSO,LGA
349319,YV 6207,IAH,LGA
349541,9E 5394,MEM,LGA
349716,UA 38,EWR,CVG
349729,WN 4818,BNA,LGA
349866,WN 1743,LGA,STL
350077,WN 1257,STL,LGA
350092,YX 3400,MKE,EWR
350137,YX 6044,LGA,ROC
350164,WN 5775,LGA,ATL
350193,EV 4175,ROC,EWR
350217,C5 4939,MHT,EWR
350344,UA 1256,EWR,ORD
350428,YX 5911,LGA,LEX
350622,YX 3536,LGA,ORD
350766,9E 5136,MKE,LGA
350821,DL 2660,BOS,LGA
350831,YX 3733,EWR,BOS
350838,YX 3408,CMH,EWR
350859,9E 5326,LGA,BTV
350909,WN 4847,LGA,MDW
350927,YX 3420,CHS,EWR
350993,YX 3542,EWR,IND
351019,AA 2265,LGA,RDU
351067,OO 3693,LGA,CHS
351170,OO 3747,STL,LGA
351204,9E 3485,ORF,LGA
351283,YX 5916,ROC,LGA
351368,UA 1425,IAH,EWR
351556,WN 2038,MDW,LGA
351562,YX 3525,EWR,DCA
351657,WN 1122,LGA,MKE
351798,DL 1461,LGA,ATL
352127,YX 3752,EWR,JAX
352141,AA 2683,EWR,ORD
352372,YX 3755,GSP,EWR
352502,DL 1004,EWR,ATL
352535,WN 1537,LGA,MDW
352730,DL 1408,JFK,MCO
352926,C5 4941,IAD,EWR
353057,OO 4097,LGA,BUF
353062,WN 2291,LGA,ATL
353075,WN 4865,LGA,TPA
353129,WN 3728,EWR,MCO
353142,UA 238,EWR,IND
353328,AA 2857,EWR,PHX
353412,AA 1629,PHX,EWR
353441,UA 1543,LAX,EWR
353513,WN 3212,LGA,DAL
353680,UA 1539,EWR,ORD
353770,YV 6197,IAH,LGA
353775,OO 3571,BOS,JFK
353817,WN 1353,ATL,LGA
353845,OO 4016,LGA,RIC
353962,YX 3489,EWR,DFW
354078,WN 4569,LGA,MSY
354105,OO 3621,CLE,LGA
354257,YX 6113,MCI,LGA
354481,WN 241,OAK,EWR
354585,G7 6251,DTW,EWR
354661,WN 61,STL,LGA
354677,9E 3456,CVG,LGA
355102,EV 4195,EWR,JAX
355223,UA 1864,EWR,JAX
355236,DL 2835,LGA,DTW
355361,DL 338,BOS,JFK
355724,WN 5611,TPA,LGA
355783,YX 5944,LGA,BOS
355785,DL 425,LGA,MCO
356148,WN 4278,LGA,STL
356297,OO 3922,ORD,LGA
356398,OO 3595,CHS,LGA
356484,DL 940,JAX,LGA
356536,DL 1435,EWR,ATL
356540,9E 4768,SYR,JFK
356595,WN 3255,LGA,MSY
356683,UA 1835,IAH,EWR
357021,G4 1927,VPS,EWR
357157,WN 3866,LGA,MDW
357245,AA 836,ATL,LGA
357763,DL 714,JFK,BOS
357853,AA 294,EGE,JFK
357878,DL 819,LGA,FLL
357898,UA 970,PHX,EWR
358134,9E 5145,JFK,BWI
358386,YX 4456,MSP,LGA
358549,YX 4567,LGA,MSP
358595,EV 4348,PIT,EWR
358687,DL 748,LGA,SRQ
358768,9E 3406,LGA,RDU
358932,YX 3507,RDU,EWR
358965,9E 3393,LGA,ORF
358980,9E 3367,MSN,LGA
359168,9E 5143,LGA,BNA
359319,9E 3463,JFK,IAD
359778,WN 6438,EWR,STL
359855,WN 957,LGA,TPA
359877,WN 4880,LGA,TPA
360167,WN 3537,EWR,BNA
360204,WN 5206,LGA,BNA
360657,OO 3669,BNA,LGA
360695,WN 1463,EWR,STL
360699,UA 1801,FLL,EWR
360750,YX 6124,JFK,BOS
360789,YX 6003,LGA,BOS
360826,YX 4475,LGA,DTW
360903,YX 6078,LGA,BOS
360960,WN 3027,LGA,MDW
360965,DL 1574,TPA,LGA
361100,UA 1170,IAD,EWR
361449,UA 1994,EWR,LAX
361724,YX 6019,JFK,ROC
361836,UA 572,EWR,PHX
361838,YX 5997,JFK,SRQ
361842,9E 3399,CLT,LGA
361879,YX 4527,ILM,LGA
361908,DL 1888,SLC,JFK
362147,YV 6141,LGA,IAH
362182,WN 2791,BNA,EWR
362395,YX 3724,CVG,EWR
362582,9E 3493,JFK,DTW
362595,UA 1495,SNA,EWR
362632,DL 1920,EWR,ATL
362756,9E 3290,RDU,EWR
362773,UA 1455,EWR,CLT
362818,AA 580,RDU,LGA
362940,WN 4065,LGA,ATL
362992,C5 4947,CHS,EWR
363036,DL 2498,EWR,MSP
363387,WN 3415,LGA,MDW
363508,EV 3974,CHS,EWR
363530,YX 5996,MKE,LGA
363630,MQ 4244,JFK,IND
363801,DL 761,LGA,PWM
363831,UA 1446,EWR,ROC
363943,OO 3500,JFK,ORD
363993,DL 1329,JFK,MIA
364094,9E 3370,BOS,JFK
364165,YX 4550,LGA,BNA
364172,C5 4914,DCA,EWR
364211,YX 4660,RDU,LGA
364329,YV 6146,IAH,LGA
364401,WN 3776,LGA,HOU
364567,WN 6741,LGA,MDW
364593,WN 2174,AUS,EWR
364623,YX 3735,ORD,LGA
364660,WN 4870,AUS,EWR
364672,MQ 3933,RDU,JFK
364732,G7 6216,EWR,DTW
364919,YX 3519,EWR,ROC
364932,DL 939,LGA,IAH
364973,YX 5962,LGA,ROC
364993,WN 862,LGA,MDW
365074,WN 3147,ATL,LGA
365118,AA 1614,MIA,LGA
365197,WN 5672,DEN,LGA
365339,WN 2812,MDW,LGA
365386,AA 148,LGA,ORD
365521,YX 5923,LGA,BUF
365533,C5 4907,EWR,CVG
365545,EV 4370,GSO,EWR
365584,EV 4055,LGA,ORD
365631,YX 5919,LGA,PIT
365694,WN 6657,DEN,LGA
365899,C5 4208,MEM,EWR
366051,9E 3556,JFK,ORD
366175,YX 3481,EWR,BTV
366277,C5 4950,RIC,EWR
366322,C5 5022,EWR,GSP
366406,UA 317,RSW,EWR
366475,YX 3493,MSY,EWR
366608,YX 5969,SYR,LGA
366717,9E 3333,PIT,LGA
366718,G4 1913,EWR,VPS
366739,AA 1301,JFK,DFW
366975,EV 4211,ORD,LGA
367035,WN 197,EWR,SAN
367096,WN 5851,EWR,MDW
367125,C5 5000,IAD,EWR
367253,DL 690,EWR,DTW
367593,DL 783,RSW,LGA
367708,YX 3719,IAD,EWR
367737,DL 2206,SAN,JFK
368095,MQ 4119,JFK,PIT
368115,9E 3307,LGA,ROC
368159,WN 3951,ATL,LGA
368400,9E 3425,LGA,RDU
368583,EV 4369,EWR,BOS
368620,YX 5948,LGA,BUF
368654,WN 5076,EWR,STL
368734,UA 537,EWR,MCI
368752,9E 4830,GRR,LGA
368929,WN 3070,LGA,MCI
369257,WN 22,BNA,LGA
369264,YX 3405,MSN,EWR
369307,WN 3204,LGA,DAL
369334,UA 1409,EWR,RSW
369409,UA 964,EWR,PDX
369482,YX 5901,JFK,CMH
369638,9E 4909,SAV,LGA
369671,WN 3198,LGA,HOU
369729,WN 836,MSY,LGA
370258,YX 3498,EWR,CVG
370308,UA 1440,EWR,DTW
370551,YX 5954,SRQ,JFK
370812,WN 55,LGA,DEN
370901,EV 3965,CLE,EWR
370913,DL 842,JFK,SFO
371009,9E 3298,JFK,JAX
371055,YX 6015,LGA,DFW
371108,9E 3325,IAD,JFK
371281,YX 3538,PBI,EWR
371461,YX 5950,JAX,LGA
371526,UA 739,EWR,JAX
371573,YX 5933,STL,LGA
371615,WN 2112,HOU,LGA
371620,DL 1095,DCA,JFK
371657,DL 842,MSP,EWR
371704,G4 1247,AVL,EWR
371735,UA 1539,EWR,BUF
371786,WN 4348,LGA,MKE
371914,WN 2064,LGA,ATL
372252,DL 769,LGA,MSY
372422,9E 3439,MVY,LGA
372558,9E 5100,JFK,SRQ
372675,WN 1849,MSY,LGA
372710,DL 1126,LGA,IAH
372714,UA 1726,EWR,SFO
372753,UA 1178,MSY,EWR
372975,DL 947,RSW,JFK
373319,WN 1266,LGA,ATL
373386,DL 726,JFK,DFW
373495,OH 5101,LGA,ORF
373559,9E 4807,JFK,BTV
373622,OO 3774,CLE,LGA
373652,9E 3423,LGA,CVG
373834,WN 2476,BNA,LGA
373875,WN 549,LGA,MKE
373881,9E 3398,MKE,LGA
373926,OO 3979,CAE,LGA
374548,DL 1375,JFK,BOS
374664,WN 4510,LGA,HOU
374702,C5 4914,EWR,DCA
374753,WN 5109,LGA,STL
374882,WN 2680,LGA,MDW
374923,WN 1262,ATL,LGA
374933,C5 4946,EWR,ORF
375406,YX 3527,EWR,OMA
375488,9E 3326,LGA,CMH
375517,9E 5258,GRR,LGA
375536,YX 5924,LGA,IAH
375602,WN 4529,DAL,LGA
375767,OO 3660,RIC,LGA
376032,DL 486,MSP,EWR
376168,YX 3417,EWR,BOS
376183,WN 6250,HOU,LGA
376694,C5 4965,EWR,PVD
376724,YX 4698,LGA,SDF
376925,DL 704,LGA,BOS
376952,B6 2919,JFK,ATL
377196,EV 4055,EWR,SBN
377264,OH 5295,DAY,LGA
377341,WN 859,LGA,STL
377493,WN 3033,MDW,LGA
377571,F9 7880,MIA,LGA
377964,YX 3697,EWR,PBI
378007,YX 6061,JFK,BOS
378092,9E 3470,LGA,IAH
378215,YX 5976,CLT,LGA
378375,YX 5932,LGA,PIT
378416,WN 3081,AUS,EWR
378549,YX 3752,MCI,EWR
378741,C5 4901,EWR,SBN
378958,EV 3982,BTV,EWR
379112,YX 3589,EWR,CLE
379331,YX 3410,LGA,ORD
379372,G7 6210,CVG,EWR
379423,DL 1198,JFK,DCA
379542,YX 5878,LGA,SDF
379566,WN 3580,LGA,DAL
379583,DL 760,DTW,JFK
379928,C5 4886,MKE,EWR
379939,YX 6025,RDU,JFK
380258,YX 3445,EWR,EYW
380277,DL 1957,LGA,RSW
380287,UA 1562,IAH,EWR
380613,YX 5914,BHM,LGA
380667,WN 1573,ATL,LGA
380795,AA 2727,EWR,ORD
380851,MQ 4245,GSO,LGA
380872,DL 1556,DTW,JFK
380882,WN 6212,BNA,LGA
380911,DL 691,LGA,BOS
381165,9E 3490,LGA,ORF
381197,B6 1208,IAD,JFK
381446,DL 2789,JFK,PBI
381795,DL 729,JFK,DTW
381809,OO 4118,JFK,CHS
381832,ZW 3828,LGA,IAD
381990,C5 4884,EWR,SYR
382011,YX 3468,MEM,EWR
382083,DL 2367,EWR,MSP
382084,MQ 3914,JFK,ORF
382312,DL 1752,LGA,IAH
382313,WN 5275,LGA,MSY
382361,WN 2655,PHX,EWR
382591,AA 442,ORD,LGA
382667,9E 3477,LGA,MKE
382776,DL 1272,ATL,JFK
382791,B6 102,LGA,BUF
382794,UA 1532,EWR,CLT
383046,WN 3570,LGA,MKE
383140,DL 1077,DCA,JFK
383284,OO 3670,RIC,LGA
383363,DL 2818,JFK,FLL
383464,9E 5213,JFK,SYR
383481,YX 4576,PBI,LGA
383545,9E 3301,ROC,JFK
383596,9E 3455,LGA,PIT
383746,G4 1211,AVL,EWR
383809,DL 2887,JFK,DTW
383963,B6 418,JFK,BOS
384040,YX 3635,ORD,LGA
384071,DL 1826,EWR,MSP
384090,YX 5888,JFK,ROC
384114,DL 1790,TPA,JFK
384188,AA 294,LGA,ORD
384222,AA 529,LGA,MCO
384291,UA 1883,ATL,EWR
384460,WN 2352,OAK,EWR
384515,WN 2236,STL,LGA
384616,DL 1468,CLT,JFK
384829,WN 3697,LGA,ATL
384912,WN 3389,DAL,LGA
384945,YX 3487,EWR,BNA
385023,WN 2804,LGA,BNA
385089,WN 2766,ATL,LGA
385246,YX 5936,LGA,RDU
385388,YX 6084,BOS,LGA
385453,G7 6233,DTW,EWR
385618,OO 3640,ORD,JFK
385674,YX 5918,JFK,BOS
385806,C5 4894,DCA,EWR
385874,C5 4937,CVG,EWR
386263,9E 5223,BNA,JFK
386271,UA 1156,MIA,EWR
386360,YX 3571,EWR,PWM
386384,9E 5269,LGA,CLT
386555,YX 3557,EWR,ATL
386673,WN 2384,LGA,DAL
386868,YX 3400,ORD,LGA
386929,EV 4147,EWR,CAK
386946,C5 4882,MSN,EWR
386949,UA 785,SAN,EWR
387414,UA 529,BGR,EWR
387629,WN 3379,LGA,ATL
387880,OO 5972,LGA,ORD
388034,AA 1565,LGA,DFW
388120,WN 474,EWR,OAK
388150,9E 4859,DSM,LGA
388266,EV 4096,DAY,EWR
388308,WN 2206,LGA,DEN
388412,DL 1089,DTW,JFK
388490,DL 511,JFK,PHX
388705,WN 2078,MDW,LGA
388928,F9 1722,CVG,LGA
388972,9E 3312,JFK,RDU
388986,OO 4125,LGA,OMA
389178,OO 4005,SYR,LGA
389180,9E 3335,JFK,CMH
389239,YX 6037,LGA,BOS
389334,G7 6229,EWR,CVG
389356,YX 6010,JAX,LGA
389470,DL 1359,DTW,EWR
389472,DL 1245,LGA,DEN
389551,DL 2950,FLL,LGA
389575,9E 3409,MSY,LGA
389784,9E 5160,JFK,SAV
389997,9E 3384,JFK,BOS
390294,YX 6092,BHM,LGA
390504,DL 1359,LGA,IAH
390550,MQ 3491,CMH,LGA
390609,YX 6105,BOS,LGA
390665,YX 3477,EWR,JAX
390807,DL 350,LGA,RSW
391113,EV 4321,RDU,EWR
391119,C5 4909,EWR,ORF
391150,UA 507,CVG,EWR
391171,C5 4901,EWR,BGR
391287,WN 5226,LGA,HOU
391448,WN 3043,LGA,BNA
391514,WN 2042,MDW,LGA
391575,DL 976,RSW,LGA
391588,YX 3429,BOS,EWR
391602,WN 2747,LGA,ATL
391614,DL 2532,MCO,LGA
391625,YX 3517,EWR,MEM
391724,B6 1930,RSW,JFK
391842,WN 5535,LGA,DEN
392028,C5 4981,EWR,GSP
392090,DL 1405,MSY,JFK
392102,C5 4887,BNA,EWR
392183,YX 3671,EWR,PBI
392245,9E 3486,EWR,MSP
392275,WN 2879,EWR,DEN
392277,9E 3350,LGA,CLT
392412,YX 3723,ALB,EWR
392423,9E 5451,JFK,ORF
392718,9E 5510,CLT,LGA
392902,YX 5944,LGA,BUF
393526,UA 2018,DTW,EWR
393811,9E 3288,JFK,CLE
393973,WN 2839,DEN,LGA
394097,YX 5996,BHM,LGA
394108,C5 4904,GRR,EWR
394129,WN 2025,MDW,LGA
394140,EV 4276,ROC,EWR
394299,WN 4383,MSY,LGA
394350,OO 3965,GSO,LGA
394523,YX 5875,LGA,STL
394683,9E 3456,BNA,LGA
394716,WN 2757,MCI,LGA
394947,DL 1009,LGA,DEN
394968,EV 4162,JAX,EWR
395037,EV 4254,EWR,PVD
395095,UA 1481,PBI,EWR
395176,OO 3541,CLE,JFK
395372,DL 548,EWR,DTW
395378,AS 1411,JFK,LAX
395486,OO 3610,MSP,EWR
395584,UA 1860,DTW,EWR
395622,YX 3746,EWR,SAV
395816,WN 624,LGA,HOU
395893,EV 3989,MEM,EWR
395948,EV 4057,MEM,EWR
396343,YX 5987,JFK,BUF
396486,9E 5249,MSP,EWR
396533,DL 2758,MCO,LGA
396696,UA 2406,EWR,ORD
396699,YX 3537,EWR,STL
396745,AA 1381,LGA,RDU
396758,C5 4917,MKE,EWR
396852,YX 5874,BOS,JFK
397106,9E 3314,ORD,JFK
397173,DL 311,EWR,MSP
397214,WN 863,MDW,LGA
397238,DL 2914,JFK,TPA
397242,9E 3472,LGA,DSM
397282,C5 4913,JAX,EWR
397304,YX 3626,EWR,MEM
397314,EV 4471,ROC,EWR
397646,DL 652,JFK,SEA
397724,WN 356,MDW,LGA
397784,WN 41,FLL,EWR
397808,YX 6071,SRQ,JFK
397871,MQ 4242,LGA,ORF
398187,C5 5022,EWR,MHT
398346,YX 3730,GSO,EWR
398432,OO 3691,LGA,MCI
398488,UA 1724,RDU,EWR
398854,OO 3513,SYR,LGA
398881,DL 1153,MCO,JFK
399096,EV 4431,MEM,EWR
399368,DL 736,TPA,LGA
399439,OO 3928,ORD,JFK
399456,OO 4042,MKE,LGA
399810,EV 4331,EWR,BTV
399941,EV 4005,CLT,EWR
399989,WN 3036,LGA,FLL
400254,DL 1576,MSP,LGA
400281,9E 3321,IND,JFK
400310,DL 2867,DTW,JFK
400432,9E 5347,LGA,RDU
400448,WN 1603,LGA,TPA
400832,WN 2298,LGA,STL
400846,YX 3426,EWR,IND
400975,DL 750,ORD,LGA
401315,C5 4984,EWR,GSO
401504,AA 2911,LGA,RDU
401512,DL 1543,JAX,JFK
401710,WN 6133,ATL,LGA
401792,EV 4001,CVG,EWR
401837,WN 2993,LGA,TPA
401963,YX 3486,EWR,AUS
402059,UA 1781,EWR,PBI
402199,9E 5413,LGA,JAX
402214,YX 6123,LGA,BOS
402236,WN 1334,AUS,EWR
402375,C5 4904,LGA,IAD
402428,WN 4673,MDW,LGA
402454,WN 3214,ATL,LGA
402579,WN 3995,LGA,DAL
402613,UA 1776,EWR,MSY
402736,AA 992,LGA,PIT
402794,YX 6032,LGA,MCI
402928,WN 2794,LGA,MCI
402946,OO 3765,ORD,LGA
403062,9E 5200,BWI,JFK
403131,WN 2824,MDW,LGA
403337,DL 2115,JFK,LAS
403506,WN 5441,HOU,LGA
403631,OO 3734,LGA,SAV
403664,WN 3016,LGA,DAL
403791,WN 5809,MKE,LGA
403857,WN 2112,LGA,DEN
403893,WN 6659,LGA,TPA
403920,DL 1794,JFK,MCO
404113,9E 3408,JFK,DCA
404244,UA 1409,LAS,EWR
404245,C5 4920,SYR,EWR
404273,OO 3807,CLT,LGA
404552,9E 3595,MSP,EWR
404564,YX 6117,GRR,LGA
404613,9E 5121,LGA,BTV
404912,WN 5292,LGA,MCI
405090,WN 3764,MDW,LGA
405124,YX 3540,PWM,EWR
405316,WN 6505,LGA,ATL
405413,DL 665,JFK,LAS
405607,WN 4657,EWR,PHX
405612,YX 4519,PIT,LGA
405703,YX 5892,LGA,EYW
405733,9E 5540,JFK,IAD
405742,WN 606,EWR,DEN
405858,WN 4004,LGA,STL
405958,MQ 3867,LGA,RIC
405988,WN 890,TPA,LGA
406021,YX 3421,EWR,JAX
406025,UA 1022,EWR,IAH
406261,WN 423,DAL,LGA
406287,AA 2524,PHX,JFK
406305,OO 3705,BOS,LGA
406487,AA 2348,DFW,JFK
406498,OO 4118,LGA,IAH
406597,YX 5872,LGA,BNA
406682,EV 3967,EWR,CLT
406956,YX 4576,LGA,AGS
407008,OO 3522,OMA,LGA
407162,DL 379,DTW,JFK
407457,9E 3450,ACK,LGA
407473,YX 3468,STL,EWR
407516,WN 3613,MCI,LGA
407530,YX 3616,LGA,ORD
407714,YX 5978,LGA,PIT
407803,UA 228,PBI,EWR
407818,DL 1404,JFK,IAH
407826,YX 3465,DFW,EWR
407900,YX 6136,STL,LGA
407928,UA 736,EWR,PIT
407967,YX 6090,JFK,BOS
408005,OO 3567,BOS,LGA
408027,C5 4968,EWR,GSO
408121,AA 307,LGA,CMH
408410,YX 3625,EWR,PWM
408459,9E 3418,MSP,JFK
408497,9E 3313,LGA,SAV
408555,YX 3493,EWR,SRQ
408927,YX 3567,PIT,EWR
408974,YX 3434,EWR,PWM
409113,OO 3755,LGA,STL
409127,WN 4818,LGA,MSY
409161,DL 779,DTW,LGA
409227,WN 5012,STL,LGA
409301,WN 2245,HOU,LGA
409348,UA 716,MSP,EWR
409411,AA 1389,JAC,LGA
409676,UA 1043,EWR,SFO
410183,YX 4278,LGA,MSP
410297,WN 1409,MDW,EWR
410316,WN 263,EWR,BNA
410519,UA 1261,EWR,TPA
410528,YX 3749,JAX,EWR
410570,WN 6212,LGA,MCI
410698,DL 715,JFK,SAN
410770,UA 2340,EWR,PHX
410848,YX 6082,LGA,GRR
410992,DL 737,PBI,LGA
411204,AA 1864,LGA,RDU
411206,DL 1551,LGA,MCO
411436,YX 3479,EWR,ORF
411451,UA 979,EWR,MIA
411473,9E 3363,LGA,BHM
411683,EV 4269,CLT,EWR
411751,WN 2723,DAL,LGA
411767,C5 4889,EWR,BNA
411772,9E 3290,BNA,LGA
411809,YX 3653,EWR,GSP
411858,EV 4150,EWR,ROC
412023,9E 3775,EWR,MSP
412101,WN 4715,DAL,LGA
412173,MQ 3780,ORD,EWR
412381,9E 3367,IAH,LGA
412447,UA 572,MCO,EWR
412567,9E 3395,LGA,CAE
412674,WN 3668,LGA,DEN
412766,9E 3458,LGA,CVG
413009,YX 6016,CMH,LGA
413027,MQ 4130,JFK,BOS
413087,WN 756,EWR,MDW
413095,YX 6024,LGA,CHS
413471,DL 428,MCO,LGA
413573,UA 1939,DEN,EWR
413627,WN 2092,EWR,STL
413889,WN 4877,EWR,MDW
414188,UA 1280,EWR,ORD
414380,C5 4968,EWR,SAV
414469,UA 1482,EWR,ROC
414485,UA 768,OKC,EWR
414640,WN 3457,STL,EWR
414679,C5 4981,PIT,EWR
414814,WN 3745,DAL,LGA
414820,UA 1790,BTV,EWR
414918,YX 9393,JFK,DCA
414951,AA 203,MCO,LGA
415039,C5 4923,MHT,EWR
415144,G7 6309,DTW,EWR
415158,AA 1269,DFW,JFK
415293,WN 3623,MDW,EWR
415296,AA 1913,BOS,JFK
415336,WN 1646,EWR,IND
415421,9E 5500,LGA,MSN
415520,UA 904,IAD,EWR
415572,OO 3746,MCI,LGA
415603,OO 4089,LGA,OMA
415882,OO 3738,RIC,LGA
415905,WN 29,EWR,MDW
415922,DL 327,AUS,JFK
416095,DL 1808,JFK,DCA
416156,WN 3033,MDW,EWR
416306,YX 5916,BOS,LGA
416524,YX 5954,ILM,LGA
416549,UA 1416,EWR,IAH
416666,OO 3532,LGA,GSP
416789,WN 4680,DAL,LGA
416805,UA 1525,EWR,ORD
416832,WN 678,LGA,TPA
416844,WN 3029,LGA,MDW
416936,C5 4982,SYR,EWR
417012,WN 5228,LGA,MCI
417122,YX 6023,PIT,LGA
417220,DL 941,JFK,DEN
417289,YX 3731,MSY,EWR
417351,YX 5960,DCA,LGA
417620,OO 3631,LGA,ORD
417637,YX 5950,MCI,LGA
417773,B6 1230,RSW,JFK
417966,UA 1692,SEA,EWR
418042,WN 6044,LGA,STL
418074,OO 4092,JFK,CHS
418406,WN 3082,LGA,MCI
418417,UA 1439,EWR,ATL
418618,UA 799,EWR,SDF
418743,UA 2180,TPA,EWR
418812,DL 731,JFK,FLL
418830,YX 3477,EWR,STL
418950,UA 1027,SMF,EWR
419116,9E 4840,LGA,CHS
419190,WN 2830,AUS,EWR
419213,AA 358,LGA,MIA
419272,WN 786,ATL,LGA
419358,YX 6049,PIT,LGA
419448,AA 1878,LGA,PHL
419708,UA 2270,ORD,EWR
419818,OO 4113,LGA,ORD
419848,C5 5024,EWR,MEM
419967,B6 2483,JFK,MCO
419973,EV 4150,EWR,SAV
420034,DL 640,JFK,BOS
420042,YX 5910,BNA,LGA
420103,DL 1643,LGA,MCO
420238,9E 5007,EWR,DTW
420541,YX 3564,ROC,EWR
420746,9E 4759,BOS,JFK
420881,UA 456,DEN,EWR
420972,UA 2244,EWR,IAH
420992,9E 5499,ROC,LGA
421037,9E 3473,LGA,JAX
421071,MQ 4248,ILM,LGA
421181,WN 1500,SAN,EWR
421260,YX 5952,CLT,LGA
421326,EV 4466,DCA,EWR
421506,YX 3541,EWR,BOS
421515,9E 5080,MCI,LGA
421713,OO 3908,MKE,LGA
421796,DL 699,LGA,BOS
421947,B6 1507,JFK,IAD
422045,9E 3482,LGA,BNA
422050,C5 4996,PVD,EWR
422055,C5 4999,IAD,EWR
422204,WN 1191,EWR,BWI
422349,9E 5312,DTW,JFK
422498,9E 3325,LGA,JAX
422601,YX 6070,BUF,LGA
422862,9E 3376,DTW,EWR
422884,9E 3379,LGA,CVG
422885,9E 3384,CLE,LGA
422947,WN 3342,LGA,PBI
422957,YX 5876,LGA,PIT
423106,WN 5300,HOU,LGA
423546,9E 4859,STL,LGA
423627,9E 3373,DCA,JFK
423805,UA 1542,MIA,EWR
424238,YX 6060,LGA,RIC
424516,9E 3382,CHS,LGA
425032,AA 1167,LGA,PHL
425061,AA 2121,DCA,LGA
425209,EV 4324,EWR,ALB
425386,WN 1122,DAL,LGA
425425,YX 4272,PHL,LGA
425537,YX 6065,DTW,JFK
425576,YX 6023,ROC,LGA
425633,9E 4786,JFK,RDU
425853,YX 6104,LGA,ROC
426051,DL 1483,JFK,RDU
426445,WN 3553,LGA,ATL
426500,YX 3603,EWR,BTV
426555,DL 798,EWR,MSP
426873,9E 5292,ORF,LGA
427007,C5 4961,EWR,JAX
427486,DL 928,LAS,JFK
427697,C5 4892,EWR,CVG
427712,9E 4825,CLE,LGA
427861,9E 5279,BOS,JFK
427895,WN 4249,MDW,LGA
428001,C5 4990,EWR,SYR
428087,WN 5236,LGA,MDW
428208,WN 3102,EWR,DEN
428268,DL 518,LGA,MSY
428402,9E 5254,JFK,JAX
428525,DL 550,BOS,LGA
428677,YX 5982,DTW,LGA
428730,YX 6069,PIT,LGA
428787,C5 4890,SYR,EWR
428793,UA 276,EWR,MSP
428895,C5 4998,EWR,SAV
428945,WN 3305,EWR,MDW
428956,WN 1398,ATL,LGA
428960,YX 5905,ROC,LGA
429235,9E 4801,LGA,TYS
429435,YX 5950,LGA,JAX
429467,YX 3499,EWR,GSP
429500,YX 3573,SAV,EWR
429504,WN 5599,DEN,LGA
429710,9E 4792,LGA,GSO
429727,WN 6104,HOU,LGA
429944,OO 3872,JFK,CHS
429986,9E 3386,ORF,LGA
430021,YX 3486,PWM,EWR
430167,WN 3634,LGA,BNA
430195,C5 4933,EWR,RIC
430251,WN 1279,MDW,EWR
430494,DL 693,BOS,LGA
430707,WN 1942,STL,LGA
430739,YX 5948,RDU,LGA
431069,C5 4895,BNA,EWR
431245,9E 3482,BNA,LGA
431308,YX 3446,GRR,EWR
431347,YX 5974,MSY,LGA
431530,YX 5931,LGA,MSY
431712,UA 444,FLL,EWR
431771,WN 2693,ATL,LGA
431857,YX 5877,CHS,LGA
431933,DL 2541,TPA,LGA
432150,DL 2108,MCO,LGA
432249,EV 4421,ORF,EWR
432298,OO 5721,LGA,ORD
432310,WN 5069,LGA,STL
432411,WN 2382,MKE,LGA
432572,9E 3444,ORF,LGA
432591,YX 6021,LGA,JAX
433000,YX 3675,EWR,DCA
433049,DL 313,LGA,DTW
433133,9E 3294,JFK,RIC
433155,YX 6125,LGA,GRR
433331,WN 2764,BNA,LGA
433485,DL 863,JFK,DEN
433560,9E 5209,LGA,CHS
433595,YX 5979,JFK,DTW
433623,YX 3496,EWR,CLE
433640,YX 3734,BOS,EWR
433760,MQ 3410,MEM,LGA
433848,9E 3295,LGA,BGR
433968,DL 1001,LGA,PBI
433992,YX 3597,PWM,EWR
434113,C5 4888,EWR,SYR
434263,YX 3404,BNA,EWR
434283,EV 3978,CHS,EWR
434292,OO 3530,JFK,BOS
434331,9E 3465,BOS,JFK
434386,WN 5564,DAL,LGA
434442,OO 3844,BHM,LGA
434611,AA 1621,JFK,CLT
434702,9E 5328,LGA,RIC
434790,DL 916,BOS,JFK
434852,9E 4862,PWM,JFK
434966,WN 644,LGA,HOU
435298,AA 66,ORD,LGA
435355,YX 3509,ORD,LGA
435774,AA 1063,LGA,CLT
435857,WN 5212,EWR,MDW
435911,DL 1832,LGA,BOS
435941,AS 1303,JFK,SFO
435978,9E 3353,JFK,BOS
436002,WN 5318,LGA,ATL
436230,DL 890,DTW,EWR
436591,DL 2646,JFK,RSW
436610,OO 3988,LGA,ROC
436747,9E 3423,CLE,JFK
436995,YX 3460,EWR,DTW
437068,WN 2764,LGA,TPA
437104,OO 3736,IAH,LGA
437144,9E 3355,ACK,LGA
437156,AA 1093,LGA,PIT
437405,WN 6599,BNA,LGA
437519,C5 4940,EWR,CVG
437569,YX 3619,EWR,GSO
437651,OO 3540,LGA,GRR
437808,C5 4886,EWR,IAD
438173,9E 5247,LGA,CVG
438233,C5 4925,MSN,EWR
438277,9E 4805,CHS,LGA
438318,WN 896,HOU,LGA
438477,DL 2866,JFK,MSP
438748,UA 203,EWR,LAS
438880,AA 848,CLT,LGA
438963,YX 5892,LGA,CMH
439024,OO 3694,LGA,CLE
439053,AS 1255,EWR,SFO
439224,B6 2419,JFK,RSW
439353,9E 5338,LGA,PWM
439578,OO 3556,BUF,JFK
439663,OO 3600,GSO,LGA
439714,WN 2968,LGA,BNA
439814,YX 4396,DTW,LGA
440131,B6 1973,JFK,TPA
440326,WN 2690,LGA,DAL
440332,UA 38,EWR,SAT
440364,WN 4029,MDW,EWR
440366,YX 6026,JFK,DCA
440379,WN 6998,LGA,MSY
440584,G4 413,TYS,EWR
440728,YX 3678,ORD,EWR
440851,YX 3557,EWR,BNA
440862,YX 3694,EWR,BUF
440906,UA 1037,EWR,SAT
441007,UA 1021,MEM,EWR
441094,OO 3521,CAE,LGA
441103,DL 1925,RSW,LGA
441396,9E 3296,JFK,BOS
441448,WN 3039,LGA,MDW
441619,YX 6002,JFK,CMH
441639,MQ 3354,SAV,LGA
441680,DL 1630,DEN,JFK
441832,9E 3416,LGA,CLE
441941,9E 3436,BUF,LGA
442031,C5 4886,GSP,EWR
442116,WN 2681,MDW,EWR
442127,WN 4714,MDW,LGA
442332,OO 3789,LGA,CLT
442582,OO 3814,BUF,JFK
442877,UA 678,EWR,RSW
442918,9E 3497,JAX,LGA
442926,EV 3991,EWR,PIT
442952,WN 1682,MCI,LGA
443359,OO 3736,BHM,LGA
443551,YX 4667,ATL,LGA
443677,YX 3454,EWR,CMH
443690,UA 1476,EWR,LAS
443718,C5 4936,EWR,IAD
444072,UA 1539,EWR,MSP
444310,WN 4668,LGA,BNA
444374,OO 3671,JFK,CHS
444436,9E 3376,EWR,DTW
444651,YX 3507,SAV,EWR
444902,9E 5050,MSN,LGA
445017,WN 3858,LGA,ATL
445071,YX 5892,ROC,LGA
445192,WN 3145,BNA,LGA
445261,EV 4278,EWR,GSO
445316,WN 1318,STL,LGA
445322,UA 273,DEN,EWR
445840,YX 5868,BUF,JFK
446000,WN 4642,LGA,ATL
446026,DL 983,EWR,MSP
446037,9E 3313,ROC,LGA
446093,WN 1747,MKE,LGA
446161,9E 3340,LGA,CLE
446372,YX 3456,EWR,DFW
446883,9E 3437,MKE,LGA
447147,DL 1573,RSW,LGA
447168,DL 1097,TPA,LGA
447410,9E 5231,LGA,BUF
447556,OO 3558,BNA,LGA
447630,DL 2112,JFK,MCO
447830,DL 315,MIA,LGA
447858,G7 6244,DTW,EWR
447963,B6 125,JFK,TPA
448052,C5 4957,EWR,IAD
448292,YX 3671,EWR,BUF
448537,UA 255,DTW,EWR
448649,UA 1475,EWR,ORD
448715,UA 1460,EWR,PDX
449155,YX 5948,MSN,LGA
449193,WN 1749,LGA,DAL
449471,EV 4053,EWR,DTW
449728,YX 6121,CLT,LGA
449770,YX 3728,CLT,EWR
449811,9E 3385,STL,LGA
449997,AA 2076,ORD,EWR
450096,WN 2466,LGA,ATL
450192,DL 1692,MSY,LGA
450470,C5 4943,EWR,DCA
450686,C5 5001,EWR,PVD
451011,9E 3295,JFK,SYR
451399,DL 1038,LGA,CLT
451474,UA 1135,LGA,ORD
451634,UA 565,EWR,JAX
451644,DL 1953,RSW,LGA
451678,WN 4786,DAL,LGA
451794,9E 3388,LGA,MYR
452015,9E 3314,LGA,RDU
452299,YX 3648,DCA,EWR
452473,YX 5957,LGA,RDU
452768,YX 4459,LGA,SDF
452798,C5 4935,ROC,EWR
452833,WN 3668,ATL,LGA
453006,WN 2476,STL,EWR
453048,OO 3769,GSO,LGA
453237,YX 5956,LGA,SDF
453325,DL 1070,LGA,MCO
453463,DL 456,LAX,JFK
453481,9E 3396,JFK,CLE
453516,OO 3776,LGA,RDU
453649,AA 1452,LGA,RDU
454628,YX 3410,CMH,EWR
454772,9E 5305,JFK,DCA
454846,B6 2813,BOS,JFK
454998,UA 1156,IAH,LGA
455016,WN 5203,EWR,BNA
455029,9E 5417,JFK,RDU
455097,AA 279,MIA,JFK
455315,DL 1881,LGA,DFW
455534,UA 2319,EWR,MCO
455562,YX 3705,CLE,EWR
455585,DL 1414,EWR,SLC
455665,YX 3438,BOS,EWR
455666,WN 4521,DAL,LGA
455788,WN 6654,LGA,MCI
455821,OO 3647,LGA,CLE
456055,DL 387,MSP,JFK
456101,WN 1370,DAL,LGA
456500,9E 4769,LGA,CHS
456790,YV 6024,LGA,IAH
456913,C5 4983,EWR,DCA
456926,DL 1619,ATL,LGA
456942,WN 1969,LGA,MDW
457074,9E 3351,LGA,CAE
457172,9E 5014,JAX,LGA
457198,9E 3484,LGA,BGR
457304,WN 3867,HOU,LGA
457495,DL 427,JFK,DTW
457581,YX 5915,LGA,PWM
457791,UA 662,EWR,CHS
458049,YX 3632,EWR,PVD
458150,DL 2301,JFK,CLT
458176,OH 5295,LGA,DAY
458240,WN 3360,DAL,LGA
458262,YX 4578,LGA,PIT
458264,9E 3300,LGA,GSO
458461,WN 300,AUS,EWR
458515,YX 3691,AUS,EWR
458636,WN 2066,LGA,MCI
458660,WN 1684,MDW,EWR
458876,9E 3287,TVC,LGA
459035,9E 3338,GSP,LGA
459071,UA 1039,EWR,IAH
459296,OO 3589,JFK,ORD
459361,YX 3748,GSP,EWR
459518,YX 3505,EWR,CHS
459553,WN 1185,STL,LGA
459592,DL 689,ATL,LGA
459706,WN 2492,LGA,DAL
459762,WN 2642,LGA,ATL
460006,OO 3551,ORD,LGA
460223,WN 2292,MDW,LGA
460238,UA 1043,EWR,ROC
460271,WN 3724,LGA,DAL
460551,YX 6110,LGA,PIT
460573,YX 3591,CMH,EWR
460653,9E 3446,BOS,JFK
460714,DL 1060,JFK,BOS
460774,AA 592,LGA,CLT
460944,UA 2315,BNA,EWR
461146,YX 5971,BOS,LGA
461204,WN 2297,STL,LGA
461225,YX 3405,EWR,ROC
461234,DL 1332,LGA,CLT
461350,YX 3550,SDF,EWR
461608,WN 5410,LGA,BNA
461746,DL 694,MIA,LGA
461849,DL 1393,MIA,JFK
461856,YX 4659,LGA,SDF
461878,EV 3978,LGA,ORD
461921,YX 6066,LGA,PIT
462176,DL 677,BOS,LGA
462541,YX 5944,CHS,LGA
462546,UA 1901,IAH,EWR
462607,DL 2750,EWR,MSP
462630,WN 3008,LGA,STL
462730,OO 3649,RDU,LGA
462851,C5 4949,EWR,MKE
462885,DL 1629,DTW,EWR
462932,EV 4122,PIT,EWR
462959,YX 3691,ORF,EWR
463002,9E 4809,STL,LGA
463234,YX 6086,JFK,IND
463377,WN 1979,DEN,LGA
463446,G7 6261,EWR,DTW
463477,WN 6132,ATL,LGA
463696,9E 5397,ORF,LGA
463836,UA 816,ORD,LGA
464013,WN 4302,MDW,LGA
464108,9E 3368,LGA,RDU
464117,YX 5893,SDF,LGA
464161,DL 775,MSY,LGA
464177,9E 3320,LGA,PIT
464254,C5 5016,BUF,EWR
464313,OO 3639,CLT,LGA
464606,WN 875,STL,LGA
464783,UA 1050,PVD,EWR
464811,YX 3724,EWR,STL
464846,YX 5951,LGA,BOS
464876,YX 3591,CLE,EWR
464895,YX 6019,SRQ,LGA
464938,DL 808,MCO,JFK
465079,WN 4842,EWR,IND
465419,WN 1346,LGA,DAL
465490,WN 2586,LGA,TPA
465612,YV 6199,IAH,LGA
465726,YV 6144,IAH,LGA
465922,WN 4322,DAL,LGA
466045,UA 1628,EWR,CLT
466093,DL 1074,MSP,EWR
466243,WN 4354,TPA,LGA
466398,UA 1780,CVG,EWR
466427,9E 3473,RDU,LGA
466442,WN 2498,ATL,LGA
466476,DL 329,LGA,RSW
466827,WN 3268,LGA,MCI
466987,DL 1244,LAX,JFK
467122,9E 5398,CVG,EWR
467239,WN 4800,MKE,LGA
467382,9E 5120,IAD,JFK
467627,EV 4228,DTW,EWR
467810,OO 3795,ORD,LGA
468313,WN 3810,AUS,EWR
468334,YX 5975,ROC,JFK
468380,B6 1490,SAN,JFK
468652,YX 6040,LGA,GSP
468734,OO 3829,LGA,BHM
468847,9E 5436,LGA,BGR
468942,9E 3355,LGA,SRQ
469420,C5 4917,EWR,CVG
469424,YX 3427,EWR,TVC
469607,C5 4930,AVL,EWR
469683,YX 4459,SDF,LGA
469733,9E 3281,LGA,CMH
469971,9E 3420,SAV,JFK
469972,YX 3708,EWR,ORD
470069,OO 4067,CLE,LGA
470218,AA 89,ORD,LGA
470220,WN 3114,MSY,LGA
470398,9E 3498,GSO,LGA
470600,WN 6770,LGA,BNA
470796,WN 586,LGA,MDW
470891,WN 2979,LGA,MDW
471031,9E 3481,ROC,LGA
471345,DL 659,CLT,JFK
471373,DL 1555,RSW,LGA
471558,9E 3370,LGA,PIT
471811,DL 1897,ATL,EWR
471928,DL 910,CVG,LGA
471939,WN 1765,BNA,LGA
472023,WN 2328,BNA,LGA
472028,YX 3556,EWR,MCI
472146,YX 3659,EWR,SAV
472196,WN 1228,LGA,TPA
472329,WN 1412,EWR,BNA
472389,UA 1021,IAH,EWR
472491,YX 4454,LGA,PBI
472585,UA 1215,IAH,EWR
472719,9E 3466,LGA,RIC
472882,9E 6276,CVG,EWR
472991,9E 3375,CLE,LGA
472997,WN 4925,DEN,LGA
473040,9E 5442,JFK,PIT
473095,WN 5630,TPA,LGA
473126,WN 5509,LGA,HOU
473376,DL 1064,LGA,SRQ
473399,YX 4282,LGA,RIC
473469,9E 3410,CLE,LGA
473490,WN 2954,LGA,ATL
473889,WN 1527,ATL,LGA
473914,9E 3369,MCI,LGA
473958,YX 6114,LGA,PIT
474387,WN 5214,LGA,DAL
474505,YX 6065,LGA,PIT
474532,C5 4913,EWR,JAX
474567,AA 451,LAX,JFK
475004,WN 1854,LGA,ATL
475089,WN 1819,MDW,LGA
475207,UA 591,EWR,SAN
475390,9E 3335,LGA,CVG
475475,OO 4173,LGA,ORD
475997,UA 242,CLT,EWR
476041,OO 3832,LGA,MKE
476381,UA 1173,EWR,CHS
476409,DL 1179,DTW,EWR
476975,9E 3468,JFK,BWI
477008,C5 5002,JAX,EWR
477100,9E 3490,LGA,CHA
477123,DL 2649,JFK,IAH
477296,C5 4915,CHS,EWR
477598,C5 4985,SDF,EWR
477874,YX 6107,BHM,LGA
477970,DL 2266,DFW,LGA
478064,DL 1962,LGA,TPA
478568,9E 4784,BUF,JFK
478800,C5 4942,IND,EWR
479011,9E 3365,RIC,JFK
479058,WN 3824,HOU,LGA
479320,DL 421,LGA,IAH
479404,9E 5212,PWM,LGA
479440,DL 992,MSY,LGA
479729,DL 875,LGA,IAH
479901,9E 3381,JFK,BOS
479939,UA 1449,CVG,EWR
480073,UA 1039,EWR,JAX
480092,UA 641,LAX,EWR
480125,9E 4833,LGA,GSP
480416,C5 4901,EWR,PVD
480480,YX 6017,MCI,LGA
480495,WN 1634,EWR,STL
481040,DL 1616,LGA,DTW
481192,9E 3389,LGA,CVG
481265,UA 1769,ORD,LGA
481299,DL 2716,MCO,LGA
481331,WN 908,EWR,SAN
481393,WN 2581,LGA,BNA
481448,9E 5276,CLT,LGA
481640,EV 4238,SBN,EWR
481706,WN 2339,LGA,MCI
481846,AA 1695,RDU,LGA
481878,MQ 4248,LGA,ILM
481901,DL 1672,LGA,PBI
481920,WN 4651,DAL,LGA
482044,9E 3413,LGA,BGR
482098,WN 940,STL,LGA
482222,WN 2128,EWR,MDW
482386,YX 4231,EWR,CHS
482424,EV 4471,EWR,ROC
482615,C5 4933,RIC,EWR
483000,DL 2536,JFK,MCO
483144,OO 3582,PIT,JFK
483350,DL 338,DTW,JFK
483357,9E 3428,JFK,CVG
483413,9E 3324,RIC,LGA
484036,YX 3515,MSY,EWR
484071,WN 2261,AUS,EWR
484282,9E 5549,BGR,LGA
484346,YX 3561,IAD,EWR
484445,EV 4228,EWR,BNA
484464,YX 3741,SYR,EWR
484467,UA 317,PBI,EWR
484977,WN 3147,LGA,HOU
484978,YX 6093,LGA,IAH
485477,C5 5020,EWR,AVL
485939,DL 796,LGA,ORD
485944,WN 1497,HOU,LGA
486006,WN 5159,LGA,MKE
486273,WN 1682,LGA,ATL
486313,UA 488,IAH,EWR
486366,UA 494,EWR,DEN
487222,WN 1615,BNA,LGA
487297,C5 4948,EWR,MKE
487755,DL 284,SLC,EWR
488050,OO 4151,ORD,LGA
488181,C5 4006,EWR,DCA
488527,DL 1544,BOS,LGA
488609,WN 5814,MDW,LGA
488699,WN 3241,LGA,DEN
488829,WN 1462,MDW,LGA
488862,AA 2733,EWR,MIA
489190,WN 2909,LGA,STL
489284,WN 353,DAL,LGA
489410,YX 4707,SDF,LGA
489431,G7 6217,EWR,CVG
489462,C5 4992,EWR,CAK
489707,OH 5250,PIT,LGA
489765,DL 663,EWR,DTW
489830,WN 3193,MKE,LGA
489884,WN 1510,SAN,EWR
489934,9E 5172,LGA,BUF
489948,C5 5019,DCA,EWR
489949,YX 6066,LGA,BOS
489972,EV 3975,EWR,GSO
490028,EV 4162,EWR,SDF
490567,YX 3631,STL,EWR
490589,YX 4317,BOS,LGA
490703,9E 3476,EWR,MSP
490739,YX 6062,BOS,LGA
490807,YX 6042,RDU,JFK
490913,UA 1539,EWR,CMH
490933,OO 3581,LGA,MSN
490956,9E 3397,RDU,LGA
491008,YX 3716,EWR,SAT
491437,YX 5895,DCA,LGA
491603,UA 1542,LAX,EWR
491608,9E 5289,CVG,JFK
491695,DL 1227,JFK,MCO
491986,EV 3967,BOS,EWR
492128,DL 808,IAH,LGA
492247,YX 3410,ATL,EWR
492369,YX 6067,LGA,CLT
492573,DL 679,JAX,LGA
493002,UA 431,MIA,EWR
493021,YX 5953,LGA,EYW
493052,AA 2156,LGA,DCA
493204,MQ 3366,ORD,EWR
493318,OO 5231,LGA,ORD
493421,YX 6046,CMH,JFK
493536,WN 1273,MDW,LGA
493708,WN 4065,DAL,LGA
494079,YV 6200,LGA,IAD
494181,C5 4981,EWR,BUF
494184,WN 1686,MDW,LGA
494271,WN 3050,EWR,AUS
494272,OO 3811,ORD,LGA
494418,B6 2939,MVY,JFK
494475,YX 6136,CLE,JFK
494533,WN 1538,MDW,EWR
494557,DL 1675,JFK,BOS
494631,YX 6017,LGA,IAH
494898,EV 4182,EWR,CMH
494903,YX 3413,EWR,SAV
494928,YX 3542,MKE,EWR
495057,UA 1628,EWR,TPA
495078,UA 1608,FLL,EWR
495141,YX 5872,LGA,BOS
495426,YX 5914,BOS,JFK
495503,C5 4909,EWR,BGR
495545,WN 4167,PHX,EWR
495646,YX 6131,LGA,BUF
495799,OO 4117,LGA,CLT
495974,YX 5981,BOS,LGA
496262,NK 1980,FLL,EWR
496276,9E 4784,JFK,BUF
496299,WN 3050,LGA,DAL
496368,C5 5018,EWR,GSO
496470,DL 371,JFK,IAH
496718,YX 3574,STL,EWR
497243,DL 2775,MSY,JFK
497280,MQ 3354,PIT,LGA
497523,YX 5873,LGA,BUF
497626,9E 3387,LGA,PIT
497682,OO 3748,LGA,SRQ
497763,9E 3483,IAH,LGA
497873,DL 860,EWR,MSP
497921,YX 4280,LGA,TYS
498068,YX 4365,JFK,IND
498098,YX 5900,LGA,BOS
498164,WN 3630,EWR,STL
498326,YX 3450,ATL,EWR
498580,DL 1273,JFK,DTW
498685,9E 5364,JFK,BTV
499032,EV 4021,EWR,MEM
499189,YX 5872,LGA,ROC
499412,WN 2201,LGA,ATL
499441,G4 1396,EWR,CVG
499632,UA 2380,EWR,DEN
499816,OO 3903,JFK,BOS
499913,WN 5530,STL,EWR
499923,DL 661,JFK,FLL
500155,OO 3821,LGA,BHM
500329,EV 4229,MYR,EWR
500344,YX 4650,IND,LGA
500436,EV 4310,PVD,EWR
500447,WN 1284,EWR,MDW
500526,YX 5938,BOS,LGA
500527,WN 5320,HOU,LGA
500660,DL 1557,JAC,JFK
500815,AA 757,LGA,ORD
500849,WN 3831,MDW,EWR
501079,DL 1951,JFK,SLC
501250,WN 1150,STL,EWR
501277,EV 4278,EWR,CLE
501372,C5 4924,EWR,CAK
501786,EV 4430,EWR,OMA
501893,YX 3519,TYS,EWR
501936,9E 3393,DTW,JFK
501939,OO 3882,GSO,LGA
501953,WN 2149,EWR,FLL
502039,YX 3634,EWR,BNA
502165,9E 3314,IND,LGA
502237,YX 5961,LGA,STL
502267,9E 3333,JFK,SYR
502315,9E 5164,RDU,LGA
502457,YX 6092,LGA,BHM
503714,WN 1429,STL,LGA
503906,C5 3261,IAD,EWR
503956,WN 893,EWR,STL
504092,WN 2437,LGA,BNA
504158,WN 4158,DAL,LGA
504170,EV 4216,EWR,DAY
504278,9E 3362,CLT,LGA
504354,DL 2477,JFK,MSY
504743,UA 1852,DEN,EWR
504760,DL 1940,RSW,JFK
504795,AA 203,LGA,ATL
504961,9E 5025,DTW,JFK
505132,DL 1043,JFK,PHX
505194,WN 2749,LGA,HOU
505259,WN 839,STL,EWR
505514,YX 4543,ILM,LGA
505523,9E 3377,LGA,ORF
505535,YX 5999,JFK,ORD
505663,YX 6030,ROC,LGA
505967,YX 5885,CMH,LGA
506036,WN 4683,HOU,LGA
506095,YX 5930,ROC,LGA
506202,WN 448,ATL,LGA
506349,OO 3742,JFK,RIC
506505,OO 3839,ORD,LGA
506538,WN 4442,LGA,FLL
506565,AA 41,ORD,LGA
506620,ZW 3780,IAD,LGA
506720,DL 341,SLC,JFK
507341,OO 3805,LGA,BNA
507414,OO 5681,LGA,ORD
507646,DL 982,JFK,DCA
507797,AA 130,ORD,JFK
507805,OO 3894,LGA,BNA
507915,9E 3324,LGA,GSO
507998,9E 3316,LGA,PIT
508216,OO 3932,BNA,LGA
508410,UA 210,SFO,EWR
508542,DL 749,TPA,LGA
508563,UA 214,EWR,IND
508597,MQ 3797,JFK,BWI
508806,DL 1492,LGA,DTW
508903,DL 664,IAH,LGA
509433,C5 4033,ROC,EWR
509690,WN 487,DEN,EWR
509763,YX 6049,LGA,GSP
509831,UA 1480,FLL,EWR
509934,C5 4892,CLE,EWR
510008,YX 3588,ROC,EWR
510036,DL 1624,EWR,DTW
510401,C5 4897,CVG,EWR
510615,YX 3489,EWR,PWM
510998,YX 3528,EWR,SRQ
511092,9E 4839,CHS,LGA
511113,OO 3611,LGA,MKE
511170,YX 5928,LGA,BUF
511204,9E 5313,LGA,CVG
511238,OO 5245,ORD,LGA
511278,DL 2396,ATL,JFK
511481,YX 6057,LGA,SYR
511696,OO 3951,MSP,EWR
511996,YX 4338,CMH,EWR
512107,AA 2297,MIA,LGA
512352,OO 3927,BOS,LGA
512522,WN 4794,LGA,TPA
512620,WN 977,MCI,LGA
512824,YX 6019,GSP,LGA
513155,EV 3978,EWR,RDU
513250,YX 9385,LGA,RIC
513274,9E 3461,JFK,IND
513564,WN 5451,EWR,MDW
513572,WN 19,STL,LGA
513587,C5 4999,PVD,EWR
513595,9E 3291,JFK,CHS
513897,C5 4880,GSP,EWR
513928,9E 3471,BHM,LGA
513952,B6 2302,JFK,BUF
514232,YX 3530,EWR,IND
514234,WN 2498,LGA,MCI
514301,YX 4362,RDU,LGA
514398,OO 4115,LGA,CLT
514411,EV 4068,BNA,EWR
514433,WN 1534,MDW,LGA
514487,YX 5887,BOS,JFK
514850,DL 2450,BOS,LGA
514919,YX 3642,EWR,BUF
515012,WN 5101,LGA,BNA
515132,UA 1141,CLT,EWR
515204,UA 1469,LAS,EWR
515269,DL 2146,JFK,DEN
515486,YX 3647,PIT,EWR
515599,9E 5469,JFK,CLE
515643,WN 5217,MDW,LGA
516025,YX 6025,SDF,LGA
516038,9E 5086,LGA,MEM
516159,9E 3380,RDU,EWR
516408,DL 1506,LGA,ORD
516800,YX 5917,CHS,LGA
517017,AA 15,LAX,JFK
517206,WN 3711,MCI,LGA
517264,WN 1266,MCI,LGA
517408,9E 5256,BGR,LGA
517415,WN 100,LGA,MSY
517493,YX 4380,CMH,JFK
517823,YX 3425,BGR,EWR
517917,DL 2275,MCO,LGA
518083,WN 2805,ATL,LGA
518241,9E 3469,ROC,JFK
518408,9E 3286,MKE,LGA
519184,DL 2025,JFK,FLL
519371,DL 301,DFW,LGA
519489,YX 3508,LGA,ORD
519684,WN 4546,STL,LGA
519807,OO 3504,ORD,LGA
520077,YX 3516,PIT,EWR
520236,YX 6051,BOS,LGA
520554,YX 3588,EWR,BGR
520793,YX 5923,BOS,JFK
520897,9E 3484,BGR,LGA
521233,OO 3757,JFK,ROC
521331,9E 3369,JFK,BTV
521451,DL 1123,DTW,EWR
521651,YX 3417,BNA,EWR
521686,YX 5911,BOS,LGA
521705,WN 3148,LGA,TPA
521851,EV 4093,GSP,EWR
521997,DL 370,LGA,BOS
522091,DL 690,LGA,IAH
522138,WN 6,DAL,LGA
522148,WN 786,LGA,DEN
522151,YX 6102,LGA,PIT
522338,C5 4910,EWR,PWM
522403,YX 5915,LGA,BOS
522808,DL 2056,LGA,FLL
522905,YX 3451,MSN,EWR
522935,WN 4565,DAL,LGA
523087,C5 4994,EWR,DCA
523173,DL 331,ATL,EWR
523541,WN 6104,LGA,BNA
523715,WN 1281,MDW,EWR
523861,OO 3854,LGA,DFW
523993,OO 3589,BNA,LGA
524028,DL 1944,JFK,BOS
524140,9E 6045,LGA,CLT
524543,WN 5512,EWR,MDW
524864,WN 4644,LGA,MKE
525203,EV 4145,EWR,IND
525486,9E 3322,GSO,LGA
525503,9E 5285,ORF,JFK
525644,WN 3178,BNA,LGA
525911,WN 1527,LGA,MCI
526360,B6 1253,JFK,PBI
526376,9E 4879,JFK,ORF
526384,WN 4790,LGA,HOU
526505,9E 5532,MKE,LGA
526521,WN 2328,LGA,MKE
526625,B6 889,JFK,MCO
526840,C5 4959,EWR,MKE
527037,WN 3464,DAL,LGA
527149,UA 1718,GRR,EWR
527489,OO 4035,BHM,LGA
527501,DL 2618,LGA,MCO
527566,AA 380,LGA,ATL
527686,WN 5072,EWR,DEN
527839,WN 2484,EWR,BNA
528053,WN 6477,MDW,LGA
528391,DL 947,EWR,ATL
528537,YX 6139,LGA,GSP
528648,B6 1317,BOS,JFK
528798,9E 3425,LGA,ORF
528809,YX 5898,JFK,ROC
528932,OO 3572,RDU,LGA
529048,WN 1048,MDW,EWR
529216,WN 4528,EWR,SAN
529301,UA 2254,RDU,EWR
529507,WN 4720,ATL,LGA
529513,WN 204,MDW,EWR
529819,WN 3052,MDW,LGA
530036,UA 1482,EWR,BUF
530301,YX 5949,CLT,LGA
530463,OO 4123,LGA,IAH
530592,UA 1612,EWR,DTW
530598,C5 4081,DCA,EWR
530612,WN 2171,DEN,LGA
530664,EV 4207,CVG,EWR
530848,YX 5939,MCI,LGA
530995,ZW 3829,LGA,IAD
531114,WN 4008,LGA,ATL
531191,DL 1746,LGA,BOS
531196,9E 4800,RIC,LGA
531358,WN 2076,EWR,IND
531368,YX 5872,SRQ,LGA
531506,YX 5995,LGA,ORF
531803,YX 3405,EWR,CLT
532017,YX 3711,ORD,LGA
532173,YX 5911,BHM,LGA
532243,AA 1221,MIA,LGA
532328,EV 4453,GSO,EWR
532392,DL 2748,LGA,MIA
532485,OO 3711,SRQ,LGA
532503,DL 776,JFK,LAS
532517,DL 1147,JFK,MCO
532793,WN 1362,EWR,MDW
532797,DL 1831,MSP,EWR
532867,UA 1460,EWR,AUS
532880,UA 1460,EWR,CLT
533022,YX 3682,EWR,DCA
533047,YX 6062,RDU,LGA
533135,DL 339,MSY,LGA
533674,DL 1856,LGA,IAH
533925,WN 952,LGA,DAL
534017,OO 3715,JFK,CHS
534545,YX 4384,ATL,LGA
534556,YX 3579,ROC,EWR
534562,C5 4984,EWR,BNA
534607,AA 1002,LGA,ORD
534824,DL 850,BOS,LGA
535088,UA 1539,EWR,MCI
535103,AA 16,LGA,ORD
535660,YX 3563,IND,EWR
535787,DL 1906,BOS,LGA
536057,UA 520,EWR,PBI
536141,DL 2314,JFK,SFO
536249,YX 4514,SDF,LGA
536348,AA 2894,MIA,EWR
536401,DL 600,JFK,CHS
536487,9E 3331,CLT,JFK
536708,9E 3401,MCI,LGA
537292,DL 816,LGA,BOS
538104,UA 337,MSY,EWR
538611,WN 4251,LGA,BNA
538792,C5 4989,EWR,GSP
539195,YX 9388,GSO,LGA
539245,9E 5431,GSO,LGA
539408,C5 4880,EWR,IAD
539725,OO 3721,EWR,DTW
539797,YX 5876,DFW,LGA
539911,WN 3342,MDW,LGA
540060,C5 4990,DCA,EWR
540088,WN 2884,EWR,MDW
540292,WN 3340,LGA,MDW
540561,YX 6016,MCI,LGA
540640,9E 4886,LGA,CLE
540701,YX 4439,LGA,SDF
540830,UA 1490,EWR,DTW
541318,DL 1144,MCO,LGA
541478,9E 3388,LGA,PIT
541716,DL 769,LGA,FLL
541788,UA 792,EWR,RDU
542215,C5 4945,EWR,GSO
542364,DL 894,JFK,DEN
542680,9E 3363,RDU,LGA
542725,WN 1266,EWR,DEN
542918,WN 2933,LGA,ATL
542935,DL 1788,MSP,LGA
543378,9E 3448,JFK,ORF
543721,YX 3421,CVG,EWR
543832,OO 3706,CHS,JFK
543918,AA 2145,BOS,LGA
544116,YX 5944,LGA,BNA
544148,UA 1237,STT,EWR
544585,DL 396,BOS,JFK
544703,YX 3660,EWR,CLE
544709,DL 330,LGA,SDF
544894,EV 4015,BNA,EWR
544935,OO 3968,BOS,LGA
545001,WN 3045,LGA,ATL
545126,EV 4011,EWR,ROC
545148,WN 2839,LGA,DAL
545292,YX 5921,CLT,LGA
545431,OO 3542,BNA,LGA
545441,AA 1164,PHX,EWR
545541,OO 3783,LGA,CLE
545637,WN 156,EWR,STL
545659,YX 3546,CHS,EWR
545710,C5 4928,MHT,EWR
545748,OO 3942,LGA,ORD
545799,WN 1029,LGA,MDW
545824,9E 5446,LGA,MSN
546222,DL 310,LGA,BOS
546325,9E 3381,CHS,LGA
546423,DL 1064,SRQ,LGA
546551,DL 719,LGA,JAX
546804,WN 1582,ATL,LGA
546917,YX 5903,CLT,LGA
547135,WN 2107,EWR,SAN
547136,WN 4148,LGA,ATL
547164,MQ 3542,JFK,CVG
547199,UA 1491,EWR,IAH
547346,YX 3470,EWR,MEM
547622,WN 4359,ATL,LGA
547656,9E 3497,LGA,CLE
547750,9E 3329,ROC,LGA
547775,9E 3389,LGA,RDU
547898,YX 3581,DFW,EWR
548012,WN 6315,BNA,LGA
548077,OO 3745,ORD,LGA
548151,EV 4400,EWR,CLT
548215,OO 3757,CLT,LGA
548218,DL 498,EWR,DTW
548317,YX 3479,EWR,ORD
548341,WN 6037,EWR,IND
548388,YX 5872,PIT,LGA
548496,WN 290,STL,LGA
548908,OO 3662,BOS,LGA
548953,UA 1269,LGA,ORD
549081,WN 3037,EWR,MDW
549095,B6 2026,JFK,BOS
549346,C5 4996,EWR,GSP
549467,YX 6113,PIT,LGA
549508,WN 4682,PBI,LGA
549522,DL 498,DTW,EWR
549543,9E 3436,LGA,CLE
549596,WN 126,LGA,MSY
549752,9E 3287,LGA,CVG
549950,WN 5581,DEN,LGA
549976,YX 3629,BNA,EWR
550041,YX 5983,BOS,LGA
550113,9E 3471,PIT,LGA
550223,C5 4906,EWR,SAV
550392,DL 1749,DFW,LGA
550606,9E 4878,CLE,JFK
551106,YX 3431,JAX,EWR
551133,9E 3432,LGA,CLE
551217,EV 4125,EWR,SDF
551472,C5 4955,ORF,EWR
551725,EV 4283,CVG,EWR
552031,9E 3480,LGA,BUF
552127,YX 3730,MCI,EWR
552313,C5 4961,MKE,EWR
552382,9E 3398,JFK,BOS
552473,YX 5941,MSY,LGA
552638,OO 3525,ORD,JFK
552675,YX 6086,IND,LGA
552731,YX 6028,LGA,RDU
552834,WN 1776,STL,LGA
552885,9E 3322,JFK,BOS
553127,9E 3343,ORD,LGA
553253,DL 1722,FLL,LGA
553269,WN 1749,TPA,LGA
553305,DL 821,EWR,ATL
553434,YX 6104,LGA,BUF
553510,B6 1447,JFK,TPA
553698,YX 5949,RDU,JFK
553843,WN 4868,MDW,EWR
553884,DL 694,MSP,EWR
554211,WN 3344,LGA,MSY
554299,9E 5200,JFK,RDU
554414,WN 2202,MKE,LGA
554444,WN 3076,EWR,PHX
554462,MQ 4252,LGA,SAV
554499,OO 4118,LGA,BOS
554539,YX 6015,PIT,LGA
554621,UA 1162,EWR,SAN
554693,WN 5159,BNA,LGA
554739,DL 2240,JFK,MCO
554761,OO 5240,ORD,LGA
554849,YX 4293,PHL,LGA
554958,9E 3322,CVG,LGA
555088,UA 1102,FLL,EWR
555168,C5 5004,DAY,EWR
555200,UA 1442,DCA,EWR
555407,C5 5011,ORF,EWR
555561,AA 676,DFW,JFK
555646,C5 4922,EWR,MKE
555809,OO 4041,BOS,JFK
556895,UA 244,EWR,DEN
556940,YX 4415,LGA,PHL
556965,WN 1448,EWR,BNA
557046,DL 1060,LGA,MIA
557055,9E 3316,LGA,MSN
557222,OO 3993,MKE,LGA
557406,YX 3438,EWR,BNA
557877,9E 5298,BWI,JFK
557969,YX 5871,LGA,DFW
558232,OO 3570,JFK,ORD
558261,DL 548,DTW,LGA
558303,UA 1482,EWR,TPA
558308,MQ 3308,LGA,PIT
558426,9E 3368,LGA,STL
558485,EV 4485,EWR,GSP
558599,YX 5948,LGA,GRR
558621,WN 3361,LGA,DAL
558817,UA 517,EWR,CHS
559118,WN 1477,DEN,LGA
559904,9E 5313,BWI,JFK
559950,UA 1183,MSY,EWR
559971,YX 3433,EWR,BUF
560070,DL 1532,TPA,LGA
560175,DL 1756,PDX,JFK
560848,EV 4136,EWR,MSN
561107,YX 4356,CHS,LGA
561164,YX 6074,LGA,RDU
561404,9E 3444,JFK,RDU
561520,YX 3500,EWR,IAD
561522,YX 5987,MCI,LGA
561572,9E 4782,SAV,LGA
561617,YX 6055,EWR,BOS
561646,DL 1873,ATL,EWR
561805,WN 4317,LGA,DAL
561806,UA 1460,EWR,IAD
561979,WN 16,LGA,HOU
562062,WN 2697,BNA,LGA
562164,9E 3484,JFK,ORF
562177,9E 3493,LGA,CVG
562197,UA 1460,EWR,BNA
562373,EV 4201,EWR,CHS
562518,9E 5197,MSP,EWR
562525,YX 3498,RIC,EWR
562595,YX 5988,IAH,LGA
562729,9E 3401,SDF,LGA
562864,OO 3768,LGA,PIT
562995,9E 5178,JFK,RDU
563378,9E 3282,LGA,SYR
563495,9E 5004,EWR,MSP
563581,YX 6008,LGA,SDF
563711,WN 411,EWR,MCO
563713,YX 3408,ROC,EWR
563905,YX 3757,GSP,EWR
564092,C5 4123,EWR,MHT
564234,9E 5384,LGA,CLE
564572,YX 3404,MEM,EWR
564759,UA 1480,ORD,EWR
564817,UA 1460,EWR,MIA
565032,UA 1875,IAH,EWR
565927,9E 3392,LGA,RDU
566102,EV 3990,DCA,EWR
566162,YX 3641,EWR,GSO
566169,DL 835,FLL,LGA
566259,EV 4269,GSO,EWR
566330,YX 3473,EWR,CMH
566393,OO 3920,JFK,BOS
566420,EV 4381,EWR,ROC
566767,YX 5928,LGA,RDU
566772,C5 4895,BGR,EWR
566780,WN 184,EWR,MCO
566931,WN 3042,EWR,MCO
567060,WN 1284,LGA,MDW
567102,DL 758,MSY,LGA
567107,WN 6888,IND,EWR
567265,OO 3529,CHS,JFK
567270,YX 6096,JFK,ROC
567279,YX 3436,EWR,CLE
567381,DL 458,LGA,ORD
567636,B6 918,LGA,BOS
567756,9E 5481,JFK,IAD
567810,9E 3346,LGA,CAE
568059,9E 5410,LGA,STL
568129,WN 3379,STL,LGA
568179,YX 5893,LGA,PIT
568412,DL 1231,JAX,LGA
568625,EV 3978,EWR,OMA
568629,YX 3627,ORD,LGA
568806,MQ 9312,LGA,ORF
569605,AA 631,CLT,JFK
569872,YX 4483,LGA,BNA
569924,EV 4269,BUF,EWR
570298,OO 5673,LGA,ORD
570312,WN 393,DAL,LGA
570314,9E 3460,JFK,IAD
570363,EV 4053,BTV,EWR
570485,OO 3518,BUF,LGA
570767,9E 4819,PWM,LGA
571109,YX 5876,JFK,BOS
571112,YX 5935,LGA,BUF
571151,C5 4898,GSO,EWR
571266,WN 3293,HOU,LGA
571371,UA 2011,ATL,EWR
571403,UA 1162,EWR,IAD
571435,OO 3654,LGA,RDU
571440,OO 3748,JFK,BNA
571447,DL 331,JFK,BOS
571462,AA 2622,CLT,LGA
571509,OO 4110,ROC,JFK
571511,C5 4961,EWR,IND
571687,UA 1244,ORD,LGA
571711,YX 5915,PWM,LGA
571742,DL 1671,JFK,JAX
571974,MQ 3552,SAV,LGA
572069,C5 4894,EWR,DCA
572218,WN 3491,BNA,LGA
572272,WN 3232,HOU,LGA
572338,WN 1932,LGA,DEN
572434,EV 4472,BNA,EWR
572488,UA 2244,DTW,EWR
572567,UA 992,EWR,CLT
572582,YX 3625,ORD,EWR
572591,WN 4989,HOU,LGA
572853,EV 4402,RIC,EWR
573018,9E 5018,LGA,PIT
573113,DL 1821,LGA,DTW
573439,DL 2736,JFK,ATL
574004,C5 4988,CVG,EWR
574210,YX 3642,EWR,DAY
574273,WN 1961,FLL,LGA
574394,UA 1595,EWR,IAD
574675,9E 4062,CLE,LGA
575295,YX 6014,EWR,BOS
575695,YX 6120,SYR,LGA
575863,9E 4866,DTW,EWR
576038,WN 357,ATL,LGA
576081,C5 4996,BGR,EWR
576111,9E 3438,LGA,CVG
576384,B6 2318,JFK,BOS
576507,AA 622,ATL,LGA
576535,YX 5899,LGA,BHM
576615,DL 1314,JFK,SEA
576635,9E 3400,LGA,CVG
576857,UA 1048,ROC,EWR
576867,YX 3657,CMH,EWR
576878,YX 6065,PIT,LGA
576938,UA 215,EWR,SNA
577058,AA 2438,DFW,JFK
577509,YX 5978,PIT,LGA
577647,WN 6505,STL,LGA
578182,WN 4148,STL,LGA
578367,YX 3503,EWR,ORF
578440,DL 869,MSY,LGA
578520,WN 2662,LGA,STL
578532,C5 4911,EWR,PIT
578773,G4 409,EWR,TYS
578874,YX 3586,MEM,EWR
578996,YX 3490,EWR,GSP
579159,C5 4964,PWM,EWR
579588,YX 3648,EWR,BTV
579711,YX 3481,EWR,MCI
579750,WN 2617,ATL,LGA
580274,OO 3770,RIC,LGA
580509,WN 6330,LGA,MCI
580645,OO 3600,CLE,LGA
580655,YX 6008,SDF,LGA
580801,C5 4943,EWR,CHS
580821,UA 904,DTW,EWR
580830,OO 3943,DFW,LGA
580909,YX 5933,LGA,RDU
580947,UA 238,MSP,EWR
581013,YX 5916,LGA,SYR
581014,YX 4483,LGA,RIC
581094,C5 4893,JAX,EWR
581171,WN 633,STL,LGA
581193,C5 4976,EWR,DAY
581409,YX 4563,BNA,LGA
581534,WN 4630,DEN,LGA
581535,YX 4622,PHL,LGA
581891,9E 3498,CLT,LGA
582283,WN 2776,LGA,DAL
582467,9E 3429,LGA,CHS
582622,UA 1070,DEN,EWR
582695,9E 5311,LGA,MCI
583151,DL 947,ATL,EWR
583362,YX 3758,EWR,SDF
583377,EV 4043,EWR,DTW
583475,YX 3539,EWR,OMA
583519,DL 2358,LGA,OMA
583681,AA 451,LGA,ATL
583764,DL 2648,LGA,MIA
583945,WN 6112,ATL,LGA
584082,YX 5999,DCA,JFK
584104,9E 3367,CAE,LGA
584232,WN 3150,HOU,LGA
584459,YX 5990,EWR,BOS
584542,YX 4325,DCA,LGA
584755,WN 4993,LGA,ATL
584824,9E 3331,CVG,LGA
584992,YX 3400,IAD,EWR
585320,MQ 3482,EWR,ORD
585344,YX 3755,EWR,GSO
585490,DL 827,JFK,AUS
585920,AA 2379,RDU,LGA
586099,DL 629,LGA,BOS
586293,AA 2828,JFK,DFW
586331,WN 500,ATL,LGA
586424,WN 4045,EWR,FLL
586665,OO 3812,LGA,CLE
586673,WN 1544,ATL,LGA
586681,OO 3593,PIT,JFK
586743,DL 1178,JFK,MCO
586841,9E 3469,BUF,LGA
586860,DL 2678,LGA,MIA
586871,YX 4313,CMH,LGA
586951,UA 2035,CHS,EWR
587222,YX 6052,LGA,CMH
587250,AA 1434,BOS,JFK
587496,AA 111,ORD,LGA
587705,9E 3376,JFK,MSP
587873,B6 2684,MCO,JFK
587886,DL 1420,JFK,LAX
588323,C5 4985,JAX,EWR
588408,YX 5986,CLT,LGA
588512,UA 1539,EWR,OMA
588541,9E 3436,EWR,MSP
588665,YX 6133,MCI,LGA
588676,EV 4295,LGA,ORD
588742,WN 357,LGA,HOU
588752,WN 5548,EWR,BNA
588861,WN 3746,LGA,DEN
588880,WN 3620,LGA,DAL
589192,EV 4095,EWR,MKE
589202,DL 2619,LGA,BOS
589280,9E 3304,JFK,BOS
589842,OO 3765,JFK,RIC
590240,WN 600,EWR,AUS
590282,WN 1277,EWR,MDW
590639,9E 3347,CLE,LGA
590738,EV 4261,CMH,EWR
590741,YX 3552,BNA,EWR
590785,UA 1539,EWR,DCA
590838,WN 6576,ATL,LGA
590933,C5 4932,EWR,AVL
591197,EV 4171,PIT,EWR
591283,YX 5957,GSP,LGA
591316,9E 4764,BNA,LGA
591335,YX 3505,EWR,SAV
591375,YX 5956,JFK,BOS
591890,YX 5892,MSY,LGA
592143,DL 916,JFK,ATL
592146,YX 3531,EWR,MSN
592223,UA 1627,DTW,EWR
592685,YX 3428,CLT,EWR
592802,UA 614,DCA,EWR
592878,WN 2095,LGA,MCI
593417,UA 346,EWR,RDU
593569,WN 1103,MKE,LGA
593679,OO 3629,SYR,LGA
593928,WN 4293,LGA,MSY
594057,EV 4251,EWR,BTV
594078,YX 3415,EWR,DAY
594492,DL 959,MCO,LGA
594519,DL 1200,JFK,PBI
594758,OO 3951,EWR,MSP
594866,DL 719,MSY,LGA
594906,YX 3556,EWR,BNA
594955,C5 4233,EWR,DCA
595060,9E 5046,CHS,LGA
595113,UA 1481,EWR,JAX
595260,YX 3628,EWR,TPA
595598,9E 5020,RSW,LGA
595897,YX 6082,IND,LGA
596384,WN 3209,LGA,MSY
596709,WN 2169,DEN,LGA
596752,C5 4989,EWR,MSN
596835,WN 2955,LGA,ATL
596982,WN 1371,LGA,BNA
597100,WN 5316,LGA,DAL
597404,DL 749,LGA,BOS
597454,9E 4794,CHS,LGA
597935,YX 3515,EYW,EWR
597936,AS 970,LAX,EWR
597943,WN 3387,BNA,LGA
598131,WN 561,EWR,MDW
598489,DL 1092,JFK,DTW
598492,WN 3019,MSY,LGA
598671,OO 3853,LGA,SYR
598733,YX 3568,EWR,EYW
598875,9E 3282,DSM,LGA
598925,WN 5457,PHX,EWR
599046,WN 2236,EWR,MDW
599233,C5 4886,EWR,MSN
599548,9E 5204,LGA,STL
600086,EV 4292,RIC,EWR
600510,YX 5997,CLE,LGA
600621,WN 3868,LGA,MKE
600626,C5 4907,EWR,GSO
600665,WN 6323,LGA,BNA
600816,YX 3542,EWR,ATL
601003,YX 3400,ATL,EWR
601061,OO 4109,LGA,BUF
601285,DL 442,MSP,LGA
601565,DL 731,BOS,JFK
601738,B6 813,JFK,FLL
601851,9E 5336,STL,LGA
602160,WN 3055,BNA,LGA
602432,ZW 3956,LGA,IAD
602529,9E 3419,MCI,LGA
602557,AA 1686,CLT,EWR
603135,YX 6142,MSP,LGA
603237,YX 3544,EWR,GRR
603252,WN 1267,EWR,FLL
603358,DL 1071,DFW,JFK
603532,YX 3545,EWR,GSO
603578,OO 5239,LGA,ORD
603744,C5 4933,LGA,IAD
603863,9E 5416,BUF,LGA
603995,YX 3417,SYR,EWR
604395,WN 1806,EWR,DEN
604675,YX 3757,EWR,IND
604913,9E 3337,OMA,LGA
604943,WN 2657,LGA,BNA
604990,YX 5995,ORF,LGA
605088,WN 4871,EWR,MDW
605164,WN 4738,LGA,ATL
605176,WN 5573,LGA,MDW
605222,EV 3998,EWR,PIT
605258,9E 3723,BNA,LGA
605442,9E 5022,MHT,LGA
605503,DL 1382,CLT,LGA
605522,WN 5354,LGA,STL
605554,DL 2687,PBI,JFK
605728,9E 5239,CLT,LGA
605943,YX 5883,GRR,LGA
606140,YX 3412,DCA,EWR
606146,9E 4768,JFK,SYR
606304,UA 369,IAH,EWR
606370,WN 5292,ATL,LGA
606476,9E 5001,CMH,JFK
606672,YX 4454,PBI,LGA
606748,WN 3483,MSY,LGA
606972,WN 4289,TPA,LGA
607145,9E 3393,LGA,JAX
607545,YX 6021,EWR,BOS
607651,YX 4678,STL,LGA
607740,WN 2024,EWR,AUS
607781,9E 5303,EWR,BOS
607793,DL 1468,LGA,MSY
607839,MQ 3558,LGA,MEM
607881,WN 2211,TPA,LGA
607956,YX 3751,MSN,EWR
608076,C5 4987,LGA,IAD
608296,C5 4925,MEM,EWR
608318,DL 2946,BOS,LGA
608437,OO 3686,RDU,LGA
608672,WN 3083,LGA,DEN
608831,9E 5383,CHS,LGA
609508,WN 349,LGA,DAL
609535,9E 5384,LGA,BUF
609565,YX 3502,EWR,RDU
609577,YX 3583,EWR,MEM
609770,WN 1030,MDW,EWR
610057,YX 3622,EWR,BNA
610211,DL 1920,ATL,EWR
610489,WN 757,MDW,LGA
610693,UA 1880,ORD,EWR
610701,DL 311,EWR,ATL
610704,C5 4291,BGR,EWR
610877,YX 5980,LGA,DFW
610927,OO 3609,GSP,LGA
610951,9E 4862,PIT,JFK
610968,YX 5937,BOS,EWR
611178,9E 5247,LGA,CLT
611647,WN 3718,MDW,LGA
611924,YX 6028,STL,LGA
612563,YX 3686,BUF,EWR
612581,WN 2168,EWR,BNA
612594,YX 5923,CLE,LGA
612730,WN 5197,EWR,AUS
612745,YX 6077,LGA,DFW
612783,YX 3730,LGA,ORD
612787,WN 6037,MCO,EWR
612800,G7 6220,DTW,EWR
612998,WN 2049,LGA,ATL
613157,9E 4871,JFK,BWI
613470,DL 2163,LGA,IAH
613473,9E 5167,LGA,SAV
613531,WN 4696,LGA,DEN
613574,YX 6097,LGA,CLT
613650,9E 3461,LGA,BNA
614300,YX 3495,EWR,GSO
614611,9E 3442,CMH,LGA
614614,9E 3483,LGA,ROC
614761,EV 4216,EWR,ORF
614780,UA 283,EWR,CLT
614940,UA 1222,PIT,EWR
615032,WN 2127,EWR,SAN
615256,9E 5172,CHA,LGA
615612,WN 3300,LGA,STL
615713,YX 9386,JFK,DCA
615757,OO 3577,JFK,CHS
616088,9E 3391,CVG,LGA
616094,C5 3259,ROC,EWR
616184,WN 724,EWR,AUS
616199,DL 1010,MSP,LGA
616430,DL 2437,LGA,ORD
616557,MQ 3306,JFK,PHL
616584,YX 3536,GSP,EWR
617074,9E 5032,STL,LGA
617198,WN 2724,STL,EWR
617227,WN 2778,EWR,DEN
617230,YV 6260,LGA,IAH
617394,YX 4381,PIT,LGA
617436,YX 9386,DCA,JFK
617488,WN 4088,LGA,BNA
617503,YX 3669,STL,EWR
617676,WN 2886,MDW,LGA
617958,AA 2721,EWR,DFW
618184,C5 4443,CMH,EWR
618440,WN 3212,ATL,LGA
618593,WN 201,EWR,DEN
618825,WN 2115,LGA,STL
618981,OO 3533,LGA,MKE
619096,OO 3510,ORD,JFK
619192,G7 6244,EWR,DTW
619195,EV 4454,EWR,BNA
619341,UA 1628,EWR,SRQ
619405,WN 5457,EWR,BNA
620276,WN 3539,LGA,MDW
620311,WN 2490,DAL,LGA
620437,B6 2791,JFK,ACK
620551,WN 2510,STL,LGA
620596,WN 4658,EWR,OAK
620820,OO 5630,LGA,ORD
620859,OO 3762,JFK,DFW
620922,WN 5246,LGA,ATL
621089,WN 968,ATL,LGA
621999,B6 2826,TPA,JFK
622935,WN 3073,LGA,DAL
622942,9E 3298,LGA,CHS
623201,DL 1654,LGA,CVG
623276,9E 3325,SAV,LGA
623303,YX 6092,LGA,MSY
623498,UA 1129,EWR,IND
623652,WN 4840,EWR,FLL
623800,WN 4471,EWR,MDW
624179,9E 3377,ORF,LGA
624204,WN 969,LGA,ATL
624666,YX 3754,EWR,CHS
624758,WN 1982,MKE,LGA
624788,C5 4909,EWR,CVG
624910,9E 4779,LGA,BUF
624935,YX 3465,BNA,EWR
624963,YX 3638,GSO,EWR
624975,WN 1124,LGA,MDW
625042,YX 3671,EYW,EWR
625142,WN 1873,LGA,STL
625281,WN 3804,DAL,LGA
625393,WN 266,EWR,STL
625512,AA 1119,JFK,DFW
625610,DL 2938,JFK,SFO
625722,UA 721,EWR,MIA
625798,9E 3320,BOS,JFK
625811,OO 4170,JFK,ORD
626282,DL 2912,JFK,SLC
626313,YX 6037,JFK,PIT
626418,EV 3994,EWR,MEM
626644,YX 3716,BTV,EWR
626658,B6 2102,FLL,JFK
626701,YX 5901,JFK,BOS
626708,WN 1346,BNA,LGA
626765,YX 5970,JFK,BOS
626775,9E 3442,CHS,LGA
626956,YX 5979,LGA,CMH
626995,YX 5968,GSP,LGA
627091,9E 3391,BNA,LGA
627445,9E 5031,LGA,CLE
627506,UA 1798,OMA,EWR
627540,DL 3041,AUS,JFK
627944,9E 4861,CLE,JFK
627977,DL 2850,JFK,DEN
628117,AA 2878,LGA,ORD
628284,EV 4052,DTW,EWR
628507,EV 4071,AVL,EWR
628572,UA 1588,ORD,EWR
629098,9E 5284,LGA,BUF
629107,UA 2306,CLE,EWR
629208,OO 3562,BNA,LGA
629270,WN 977,EWR,BNA
629350,AA 1670,EWR,CLT
629388,WN 564,MDW,LGA
629590,YX 5870,LGA,OMA
629708,9E 3450,LGA,ACK
629914,OO 3721,LGA,MKE
630079,WN 4489,LGA,BNA
630160,MQ 4026,JFK,BOS
630697,C5 5007,SAV,EWR
630873,WN 3288,LGA,DAL
631305,OO 5589,ORD,LGA
631319,OO 3624,LGA,BOS
631394,WN 6212,MSY,LGA
631482,DL 891,DTW,JFK
631835,C5 4946,TYS,EWR
631960,DL 930,LGA,CVG
632214,9E 3390,BUF,LGA
632276,WN 3193,LGA,ATL
632307,YX 5989,CLT,LGA
632641,UA 291,SAN,EWR
633025,YX 6121,LGA,IND
633087,UA 1845,EWR,ROC
633136,YX 3551,BNA,EWR
633167,DL 1502,MCO,LGA
633277,WN 1822,LGA,DEN
633504,WN 2981,LGA,HOU
633977,WN 324,DAL,LGA
634273,WN 1095,LGA,HOU
634368,DL 346,JFK,DTW
634503,C5 4893,SBN,EWR
634770,YX 5905,LGA,GSO
634843,WN 2298,TPA,LGA
634894,9E 3306,CLE,JFK
634955,WN 5131,HOU,LGA
635042,WN 2891,EWR,STL
635348,YX 3452,CLE,EWR
635370,9E 3290,ORF,LGA
635500,WN 500,LGA,MCI
635754,WN 1501,EWR,STL
635828,9E 3396,CLT,JFK
636143,WN 1318,LGA,HOU
636353,9E 5340,LGA,MCI
636381,WN 4845,MDW,LGA
636418,9E 3331,JFK,BOS
636596,DL 402,JFK,MCO
636929,DL 984,LGA,MSY
636997,YX 3649,BNA,EWR
637367,WN 6732,DEN,LGA
637387,YX 3490,MSP,EWR
637418,WN 336,DEN,EWR
637518,C5 4888,EWR,STL
637563,YX 3686,GSP,EWR
637769,EV 4051,BTV,EWR
637821,9E 3436,LGA,ORF
637959,YX 4252,EWR,ROC
638131,UA 671,ORD,LGA
638135,WN 4336,STL,EWR
638447,DL 539,TVC,LGA
638459,AA 2891,PHL,LGA
638490,UA 1482,EWR,BNA
638499,AA 2225,EGE,LGA
638548,WN 3101,LGA,MDW
638914,9E 3424,MEM,LGA
639028,9E 4823,GSP,LGA
639070,OO 4174,LGA,MEM
639310,AA 2867,DFW,JFK
639341,WN 2660,LGA,HOU
639835,WN 3241,MSY,LGA
639974,EV 3999,EWR,MCI
640056,9E 3433,MKE,LGA
640151,AA 756,RDU,LGA
640241,EV 4022,EWR,PIT
640508,YX 5927,LGA,CLT
640842,YX 3641,SYR,EWR
640847,DL 2353,SDF,LGA
640902,DL 2759,JAX,JFK
641060,EV 4299,EWR,CMH
641133,C5 4886,EWR,JAX
641225,9E 3442,LGA,CMH
641332,DL 2976,SAN,JFK
641718,WN 1337,AUS,EWR
641875,YX 6049,MCI,LGA
642576,AA 75,JFK,LAX
642621,DL 315,BOS,JFK
643319,OO 4592,LGA,BUF
643600,YX 5939,LGA,STL
643629,WN 4162,LGA,MCO
643682,OO 3531,BOS,JFK
643811,EV 4051,EWR,SAV
644163,WN 6263,HOU,LGA
644246,WN 198,BNA,EWR
644277,DL 2699,JFK,LAS
644398,B6 2490,MCO,JFK
644805,C5 4228,EWR,ROC
644822,YX 3459,EWR,BNA
644883,WN 2679,LGA,STL
644900,WN 771,BNA,LGA
644980,DL 1309,LGA,CVG
645374,DL 1410,BOS,LGA
645420,OO 3575,BOS,LGA
645565,WN 409,MCO,EWR
645577,DL 2261,MSP,EWR
645798,UA 322,LAS,EWR
645894,9E 3466,MCI,LGA
645897,UA 2004,ORD,EWR
646316,UA 2450,MSY,EWR
646334,UA 1999,EWR,LAX
646402,YX 6080,LGA,RDU
646561,WN 4704,LGA,HOU
646595,UA 2109,EWR,CLT
646665,UA 1449,TPA,EWR
646820,C5 4894,AVL,EWR
647586,OO 3834,CLE,LGA
648156,WN 378,OAK,EWR
648257,YX 5944,LGA,IAH
648686,WN 3066,LGA,ATL
648802,YX 5894,RDU,LGA
648923,UA 1482,EWR,RSW
649145,9E 5338,PWM,LGA
649345,MQ 3363,LGA,CVG
649453,OO 3737,CHS,LGA
649513,WN 4134,MCI,LGA
649614,YX 5896,LGA,RIC
650127,YX 3418,EWR,MSP
650358,WN 3723,MCO,EWR
650783,DL 358,RSW,LGA
651377,YX 3559,MEM,EWR
651594,WN 663,IND,EWR
652011,9E 5127,RDU,JFK
652092,WN 2695,LGA,MKE
652284,9E 4888,LGA,IND
652741,UA 1519,JAX,EWR
652812,YX 3739,SAV,EWR
652827,YX 5872,DFW,LGA
652901,DL 2612,LGA,DTW
652909,WN 5509,DAL,LGA
652915,DL 1765,LGA,BOS
653230,9E 3291,MCI,LGA
653262,YX 3552,LGA,ORD
653291,WN 678,BNA,LGA
653668,9E 5204,LGA,MKE
653696,NK 1941,MCO,EWR
653925,AA 2887,PHL,LGA
653969,AA 310,DFW,JFK
653987,UA 1554,EWR,IAH
654267,AA 1217,MIA,LGA
654309,YX 3521,EWR,DCA
654596,EV 3966,EWR,MKE
654618,DL 807,DFW,LGA
655562,WN 1051,LGA,MDW
655714,UA 1041,ROC,EWR
655807,WN 1121,MDW,LGA
656103,DL 1485,LGA,MCO
656176,WN 628,ATL,LGA
656223,WN 4937,LGA,BNA
656438,YX 5941,BOS,EWR
656819,UA 1076,DTW,EWR
657265,WN 4073,LGA,DAL
657518,OO 3937,JFK,CLT
657768,UA 1603,MIA,EWR
657814,YX 3697,EWR,MSP
657894,WN 2930,LGA,MSY
658002,YX 3446,EWR,IAD
658019,AA 519,PIT,LGA
658431,YX 3508,MEM,EWR
658781,9E 5516,EWR,DTW
658790,9E 5362,LGA,CVG
658861,DL 2635,DCA,JFK
659136,YV 6092,IAH,LGA
659388,WN 6714,MDW,LGA
659592,WN 4680,LGA,MKE
659665,UA 231,BNA,EWR
659741,EV 4234,EWR,MKE
659863,WN 2181,EWR,FLL
660001,UA 1070,EWR,DTW
660158,9E 3408,LGA,RDU
660195,9E 4787,LGA,CVG
660931,DL 2089,LGA,MSY
661240,YX 5941,DTW,JFK
661374,WN 3230,HOU,LGA
661453,OO 3786,BNA,LGA
661715,9E 3437,LGA,SAV
661734,WN 3160,HOU,LGA
662370,YX 5885,BOS,EWR
662442,9E 5049,BTV,JFK
662458,UA 634,IAH,EWR
663286,DL 729,DTW,JFK
663314,9E 3378,CAE,LGA
663443,YX 5887,LGA,BHM
663571,AA 1303,MIA,JFK
663686,OO 3677,SAV,LGA
663887,DL 928,LGA,CVG
663933,DL 1786,BOS,JFK
663982,DL 423,BOS,LGA
664024,WN 864,LGA,MDW
664533,WN 1174,DAL,LGA
664557,C5 4996,RIC,EWR
664763,WN 3214,EWR,MDW
664764,DL 2129,DFW,JFK
664801,WN 1539,EWR,MDW
665334,DL 1967,PHX,JFK
665474,EV 4075,PVD,EWR
665529,YX 3689,EWR,ORD
666174,DL 716,MSY,LGA
666370,EV 4154,PWM,EWR
666379,C5 5014,EWR,DCA
666651,OO 3639,LGA,RDU
667150,B6 1584,MCO,JFK
667153,YX 3611,EWR,JAX
667391,WN 3266,LGA,STL
667703,9E 5500,OMA,LGA
667740,YX 5879,BUF,LGA
667774,UA 2314,FLL,EWR
667951,DL 2239,MSP,JFK
667993,DL 726,LGA,ORD
668036,YX 5933,BOS,JFK
668254,WN 2215,DAL,LGA
668303,YX 3403,IND,EWR
668316,AA 1387,CLT,EWR
668444,WN 908,BNA,EWR
668601,AA 381,ATL,LGA
668701,UA 586,EWR,ORD
668938,YX 3485,EWR,ORF
669014,YX 5961,LGA,MYR
669240,UA 211,EWR,SNA
669444,YX 3472,ATL,EWR
669628,WN 5744,MCI,LGA
669705,WN 1629,EWR,DEN
670075,WN 495,OAK,EWR
670167,WN 4255,LGA,BNA
670275,YX 3503,EWR,MKE
670353,C5 4900,EWR,DTW
670407,WN 2840,MSY,LGA
670438,YX 5988,RDU,LGA
670614,EV 4364,CMH,EWR
670645,YX 4416,LGA,AGS
670905,WN 531,DAL,LGA
670946,UA 1460,EWR,PBI
670978,AA 2676,LGA,DFW
671226,UA 2056,CLE,EWR
671479,9E 4832,CLT,LGA
671599,OO 3851,JFK,CHS
671759,9E 3403,DFW,JFK
671868,C5 4892,AVL,EWR
672011,DL 946,DTW,JFK
672146,9E 5124,JAX,LGA
672433,C5 4951,BUF,EWR
672818,MQ 3337,LGA,PIT
673016,UA 1444,IAD,EWR
673034,WN 712,EWR,AUS
673157,YX 6078,BOS,LGA
673484,YX 3440,MEM,EWR
673938,WN 1283,MDW,LGA
674513,DL 428,JFK,RSW
674666,C5 4893,EWR,JAX
674780,YX 5997,CMH,LGA
675203,C5 4998,GSO,EWR
675285,C5 4919,GSO,EWR
675405,WN 2810,BNA,EWR
675645,AA 314,JFK,ORD
675653,EV 4896,EWR,CHS
675752,C5 4976,PVD,EWR
676001,WN 1939,MSY,LGA
676481,YX 5937,JFK,BOS
676523,UA 934,DCA,EWR
676661,DL 1899,MSP,LGA
676806,9E 5217,JFK,BOS
676967,EV 4166,MSN,EWR
676985,WN 928,DEN,EWR
676996,DL 1465,LGA,DFW
677213,YX 3415,ORD,LGA
677511,B6 2026,TPA,JFK
677958,9E 5212,MEM,LGA
678559,WN 1016,ATL,LGA
678652,DL 1002,BOS,JFK
678940,UA 2055,EWR,OMA
678953,C5 4932,SDF,EWR
679087,9E 5338,LGA,SAV
679352,WN 5563,LGA,DAL
679547,9E 3445,LGA,CVG
679699,WN 1957,LGA,STL
679733,B6 73,JFK,CHS
679800,YX 6011,LGA,JAX
679900,WN 670,LGA,BNA
680308,9E 3470,IAD,JFK
680424,UA 1289,SLC,EWR
680439,YX 3447,BNA,EWR
680755,YX 3508,EWR,RDU
681021,UA 1416,EWR,OMA
681175,C5 4933,IND,EWR
681263,WN 562,MDW,EWR
681415,C5 4881,EWR,DCA
681446,9E 3353,LGA,CHO
681493,OO 3690,JFK,BOS
681960,MQ 4244,IND,LGA
682241,9E 3478,RDU,LGA
682453,DL 1109,RSW,JFK
682636,DL 373,DTW,EWR
682713,WN 3981,DEN,LGA
682770,DL 1762,TPA,LGA
683010,DL 729,BOS,LGA
683161,WN 4353,MKE,LGA
683965,UA 685,ORD,EWR
684236,EV 4018,EWR,CMH
684526,WN 5073,DAL,LGA
684559,9E 3289,LGA,ROC
684628,YX 5954,LGA,ILM
685349,DL 2757,JFK,ATL
685608,WN 5980,LGA,MCI
685925,DL 643,LGA,FLL
686165,YX 3714,EWR,AUS
686247,WN 833,LGA,MDW
686444,9E 3305,EWR,RDU
686494,WN 5425,LGA,BNA
686709,C5 4872,ORF,EWR
686746,YX 5944,DTW,LGA
686878,9E 5038,SYR,JFK
687058,9E 3323,MSP,EWR
687143,YX 3522,EWR,STL
687155,AA 2895,EWR,CLT
687444,DL 861,DTW,JFK
687682,EV 4086,BTV,EWR
687741,YX 5873,LGA,RDU
687869,EV 3970,CAK,EWR
687927,UA 1021,ORD,EWR
687991,AA 18,SFO,JFK
688350,WN 4578,MCO,LGA
689541,EV 4209,EWR,TVC
689835,WN 3515,EWR,MDW
689860,YX 6066,CLT,LGA
690314,UA 1021,DFW,EWR
690498,9E 5199,BUF,LGA
690886,WN 4643,AUS,EWR
690934,OO 3569,PWM,LGA
691146,OO 5322,ORD,LGA
691414,C5 4960,EWR,GSP
691554,9E 3372,JFK,SAV
691728,WN 3272,LGA,ATL
691925,DL 2150,LGA,PBI
692429,YX 5974,LGA,BHM
692454,EV 4470,EWR,ROC
693096,YX 3732,EWR,IND
693376,B6 2453,JFK,PBI
693440,WN 2225,LGA,DEN
693528,C5 4888,EWR,SBN
693693,OO 4149,SAV,LGA
693777,OO 5293,ORD,LGA
693836,EV 4015,EWR,BTV
694069,9E 3326,LGA,CLT
694317,YX 4618,RDU,LGA
694485,C5 4893,BUF,EWR
695197,C5 4984,EWR,CLE
695205,AA 170,LGA,CMH
695208,9E 3311,LEX,LGA
695553,YX 3671,ORD,LGA
695602,UA 1500,EWR,JAX
695677,WN 2718,AUS,EWR
695803,G4 1928,EWR,VPS
695831,YX 5876,LGA,IAH
696037,9E 3333,LGA,MKE
697017,EV 4150,EWR,MSN
697045,WN 2342,ATL,LGA
697318,WN 637,LGA,MDW
697342,WN 4657,MKE,LGA
697674,WN 624,DEN,LGA
697793,YX 6093,BOS,LGA
697883,AA 309,MIA,JFK
697963,DL 1181,JFK,SRQ
698075,DL 2180,JFK,MSY
698228,YX 5932,DCA,JFK
698584,WN 4517,MDW,LGA
698719,UA 1491,LGA,IAH
698755,DL 1307,JFK,MSP
698770,WN 2211,LGA,BNA
699185,UA 2406,EWR,PSP
699207,YX 4439,SDF,LGA
699579,YX 5884,LGA,SRQ
699640,UA 601,EWR,BTV
699716,UA 834,EWR,IAD
699915,UA 1162,EWR,FLL
699960,9E 3397,JFK,ROC
699984,C5 4886,EWR,DCA
700267,9E 3467,JFK,PIT
700345,C5 5002,MEM,EWR
700483,OO 3799,MSP,LGA
700678,YX 3512,EWR,IND
701110,WN 511,LGA,STL
701178,AA 1699,ORD,LGA
701199,UA 2017,EWR,MSN
701342,YX 3544,EWR,PBI
701414,WN 5176,MKE,LGA
701451,UA 309,EWR,MCO
702145,YV 6081,IAH,LGA
702415,UA 341,EWR,CLT
702498,C5 4148,CVG,EWR
702767,9E 3346,MSY,JFK
703219,9E 5104,LGA,PIT
703260,UA 1062,SFO,EWR
703904,WN 1783,EWR,OAK
703950,WN 751,TPA,LGA
704142,AA 992,PIT,LGA
704197,OO 3519,SAV,LGA
704352,B6 1719,JFK,ATL
704375,WN 663,EWR,DEN
704573,WN 1674,LGA,BNA
705639,UA 1173,EWR,PHX
705809,WN 6691,LGA,DAL
705870,9E 5302,BUF,LGA
705879,UA 2127,OMA,EWR
705995,YX 6048,LGA,BOS
706057,YX 3540,MSN,EWR
706364,WN 4430,LGA,ATL
706379,WN 4001,DAL,LGA
706442,WN 976,AUS,EWR
706653,9E 3330,CMH,LGA
706659,UA 1842,LGA,IAH
706683,WN 4353,LGA,ATL
706723,WN 1103,LGA,ATL
706962,MQ 3358,LGA,ORF
707240,DL 1789,LGA,BOS
708010,WN 3619,EWR,STL
708048,UA 1088,EWR,BNA
708250,WN 4016,LGA,BNA
708384,UA 451,LGA,DEN
708506,WN 1276,MDW,EWR
708788,UA 1966,JAX,EWR
709418,WN 3621,MKE,LGA
710008,9E 4829,BNA,LGA
710011,DL 750,LGA,PBI
710097,DL 1320,LGA,BOS
710149,9E 3390,LGA,DSM
710336,AS 20,SEA,EWR
710429,AS 1302,JFK,SFO
710487,B6 383,JFK,MCO
710748,9E 6048,LGA,CLT
711391,WN 1532,MDW,LGA
711519,WN 3958,OAK,EWR
711581,YX 3406,CLT,EWR
711602,EV 4003,EWR,OMA
711987,YX 3451,SYR,EWR
712478,9E 3495,LGA,JAX
712556,WN 2879,EWR,MDW
712559,WN 2883,EWR,MDW
712628,WN 1851,EWR,MDW
712800,OO 4067,JFK,RIC
712982,EV 4470,GSP,EWR
713490,OO 3523,ORD,LGA
713564,B6 1826,TPA,JFK
713618,YX 3738,BNA,EWR
713834,AA 1528,DFW,LGA
713990,EV 4074,EWR,MEM
714007,9E 3303,LGA,RDU
714251,WN 2094,EWR,PHX
714625,DL 2391,PDX,JFK
714950,9E 3422,JFK,BWI
715371,OO 3734,LGA,RIC
715646,EV 4269,BTV,EWR
716321,WN 3178,LGA,MDW
716363,WN 2868,ATL,LGA
716855,WN 4259,LGA,ATL
716922,AS 1198,SFO,EWR
717336,DL 384,ATL,EWR
717789,EV 4147,EWR,DCA
717793,YX 3444,GSO,EWR
717860,YX 6010,DFW,LGA
718046,9E 3340,DTW,JFK
718716,EV 3996,EWR,CAK
718721,C5 4888,SBN,EWR
719185,OO 3770,LGA,RIC
719427,OO 3746,LGA,CLE
719746,9E 3376,JFK,BUF
719807,WN 4879,MDW,LGA
719995,EV 3966,EWR,CLT
720307,WN 518,LGA,BNA
720385,C5 4887,MSN,EWR
720538,EV 4144,ROC,EWR
721192,OO 3639,LGA,RIC
721216,9E 5379,JFK,PIT
721223,YX 3678,AUS,EWR
721487,WN 3076,STL,EWR
721570,DL 459,LGA,BOS
721724,DL 661,LGA,ATL
721748,DL 1067,LGA,IAH
721870,MQ 9313,LGA,DAY
721901,OO 3723,LGA,CHS
721948,9E 5144,JFK,BOS
722227,EV 4257,MHT,EWR
722288,B6 925,JFK,TPA
722356,DL 1192,LGA,MCO
722732,DL 623,JFK,PHX
722735,YX 5909,ORD,JFK
722938,DL 624,LGA,BOS
723118,EV 4135,EWR,SYR
723124,WN 4883,EWR,STL
723125,9E 5198,JFK,SYR
723177,WN 5514,LGA,ATL
723246,YX 3527,MIA,EWR
723257,MQ 4222,JFK,PHL
723345,WN 5433,STL,EWR
723604,DL 781,JFK,SAT
723747,9E 3476,IND,LGA
724036,OO 3650,LGA,STL
724083,WN 4046,EWR,SAN
724627,UA 2025,EWR,ATL
724751,YX 5901,LGA,CLE
724966,DL 1269,JFK,FLL
725081,YX 5872,DCA,LGA
725107,YX 3753,GSO,EWR
725126,YX 6007,LGA,STL
725415,9E 5014,LGA,MKE
725437,9E 3360,LGA,PIT
725726,9E 5001,JFK,CHS
725767,DL 1459,CLT,LGA
726057,WN 2655,EWR,STL
726151,YX 4379,LGA,STL
726182,WN 2716,STL,LGA
726187,WN 3727,EWR,BNA
726274,EV 3971,CHS,EWR
726394,UA 688,SFO,EWR
726535,WN 4162,LGA,ATL
726543,YX 3758,EWR,BNA
726560,YX 3668,SRQ,EWR
726568,WN 1051,EWR,PHX
727093,B6 2516,LGA,SYR
727353,9E 3491,SYR,LGA
727573,YX 3589,EWR,BOS
727589,YX 5937,JFK,DTW
727698,DL 340,LGA,MSN
728072,WN 2291,MKE,LGA
728411,YX 5974,BOS,JFK
728450,WN 567,DAL,LGA
728635,9E 3367,LGA,BGR
728670,WN 3810,EWR,OAK
728824,9E 3287,MSP,EWR
728849,WN 1547,EWR,PHX
728996,WN 6050,LGA,DAL
729200,C5 4982,EWR,DCA
729358,YX 4522,IND,JFK
729434,WN 6206,LGA,MDW
729451,WN 5197,LGA,DAL
729471,DL 1258,LGA,DFW
729544,9E 3280,MEM,LGA
729924,YX 5964,LGA,BOS
730014,OO 3641,CLT,LGA
730112,OO 3921,MCI,LGA
730363,YX 3693,RDU,EWR
730378,C5 4979,EWR,GSP
730847,WN 22,DEN,LGA
731174,WN 4738,MKE,LGA
731243,DL 528,ATL,EWR
731660,WN 3980,LGA,MCI
731775,UA 365,EWR,TPA
732327,YX 5921,SRQ,LGA
732836,DL 838,ATL,EWR
733126,OO 3648,LGA,BNA
733213,UA 1042,CLT,EWR
733359,DL 808,LGA,BOS
733407,YX 6121,LGA,ROC
733693,WN 3483,LGA,DEN
733767,WN 3514,MDW,LGA
733782,UA 211,ORD,LGA
733830,EV 4412,EWR,CLT
734168,UA 1107,EWR,IAH
734387,UA 1965,CLE,EWR
734541,DL 960,LAS,JFK
734643,EV 4216,EWR,DTW
734807,EV 4323,EWR,ORF
734958,DL 1061,LGA,ORD
735065,AA 2122,LGA,DCA
735079,YX 3753,EWR,MSN
735261,YX 3571,EWR,STL
735375,DL 837,BOS,LGA
735485,OO 3624,LGA,RDU
735536,WN 4945,ATL,LGA
735618,UA 1476,EWR,DTW
735678,WN 1402,EWR,MDW
735811,OO 3824,CLT,LGA
736132,UA 1460,EWR,SYR
736215,OO 3852,SYR,LGA
736363,EV 4206,CVG,EWR
736393,DL 869,JFK,BOS
736878,WN 3976,HOU,LGA
737853,YX 4570,LGA,SDF
737940,9E 3430,CHS,LGA
737999,YX 3424,EWR,ROC
738126,UA 1696,ORD,LGA
738724,DL 2209,PHX,JFK
738834,9E 4914,LGA,BNA
738950,C5 4949,STL,EWR
739059,WN 3506,MDW,EWR
739119,OO 3903,CLT,JFK
739237,WN 3464,LGA,TPA
739509,9E 3315,PIT,LGA
739522,WN 3152,SAN,EWR
739874,9E 3425,LGA,TYS
740036,YX 4527,LGA,ILM
740214,WN 5347,LGA,BNA
740228,UA 1500,ORD,EWR
740284,YX 6055,BOS,EWR
740510,WN 861,MDW,LGA
740703,YX 6092,ROC,LGA
740716,AA 2225,LGA,EGE
740879,WN 1477,BNA,EWR
741081,B6 2816,JFK,BOS
741119,AA 338,LGA,RDU
741188,DL 645,BOS,JFK
741287,DL 1301,LGA,RIC
741288,YX 3717,EWR,GSO
741555,OO 4072,LGA,MKE
741792,9E 4946,RIC,LGA
741901,OO 3599,GSP,LGA
742163,9E 4862,JFK,PWM
742257,YX 5892,LGA,BUF
742658,WN 2777,LGA,MCI
742771,UA 739,DEN,LGA
742906,DL 754,JFK,PDX
743622,DL 485,LGA,BOS
743725,OO 3850,LGA,MKE
743750,EV 4025,BOS,EWR
744169,B6 1609,JFK,ACK
744263,UA 220,CLT,EWR
744356,WN 2138,DAL,LGA
744531,YX 5978,BOS,JFK
744600,WN 161,MCI,LGA
744615,UA 1040,ATL,EWR
744963,UA 1222,ATL,EWR
744974,WN 2983,MDW,EWR
745004,YX 6105,LGA,CMH
745210,WN 6769,ATL,LGA
745259,OO 3655,LGA,PBI
745333,YX 6008,EWR,BOS
745398,9E 3325,LGA,BGR
745480,YX 6104,LGA,CLT
745814,YX 3444,BGR,EWR
745962,OO 3949,LGA,GRR
746216,WN 669,STL,LGA
746374,9E 5099,MSN,LGA
746381,WN 627,LGA,DAL
746428,OO 3993,EWR,MSP
746434,YX 3517,EWR,SAV
746564,DL 2024,LGA,MSP
746803,UA 487,EWR,DEN
746808,YX 3401,CHS,EWR
746986,WN 3526,DEN,LGA
747005,UA 1995,EWR,ORD
747114,WN 5547,STL,EWR
747186,9E 3393,LGA,GSO
747545,WN 5214,ATL,LGA
747662,AA 1015,ORD,LGA
747822,B6 2827,EWR,MCO
748213,9E 5430,LGA,CVG
748738,WN 4837,EWR,AUS
749021,UA 1539,EWR,RSW
749232,YX 5909,STL,LGA
749248,YX 5985,LGA,CLE
749259,DL 2171,MSP,EWR
749348,WN 4671,STL,LGA
749483,OO 5937,LGA,ORD
749596,WN 54,DAL,LGA
749684,9E 3429,CHS,LGA
750439,C5 4900,EWR,SYR
750714,WN 3491,LGA,TPA
750937,OO 3546,JFK,ORD
751301,DL 983,JFK,CHS
751383,G7 6186,DTW,EWR
751608,AS 1110,EWR,SFO
751612,WN 6215,DEN,LGA
751664,WN 5214,MDW,EWR
751722,YX 5914,SDF,LGA
751897,WN 291,LGA,BNA
751934,C5 4037,BNA,EWR
752446,OO 3531,LGA,ORD
752465,YX 3427,EWR,MSP
753489,DL 1890,PBI,LGA
753665,YX 6104,ROC,LGA
753686,WN 4786,LGA,MKE
753917,C5 4923,SYR,EWR
754407,WN 6475,DAL,LGA
754875,YX 3490,MEM,EWR
755323,DL 511,PHX,JFK
755417,9E 3288,JAX,LGA
755429,EV 4292,ROC,EWR
755757,WN 3621,LGA,TPA
755884,WN 184,STL,LGA
756143,9E 5228,LGA,MKE
756219,YX 3515,EWR,SAV
756588,UA 361,EWR,RDU
756629,UA 1021,MSP,EWR
756820,DL 1482,MSP,LGA
756877,9E 3457,LGA,CVG
756888,YX 4365,SDF,LGA
756904,C5 4926,LGA,IAD
756948,UA 1173,EWR,RSW
757016,9E 5157,GSP,LGA
757793,EV 4215,PWM,EWR
758561,YX 4299,EWR,CMH
758610,9E 3494,LGA,CHS
758798,DL 1187,JFK,FLL
758820,WN 4800,LGA,ATL
758908,OO 3996,BNA,LGA
759127,WN 2036,LGA,MKE
759173,9E 3393,LGA,SAV
759911,YX 3572,EWR,GSP
760083,WN 37,EWR,STL
760997,UA 2279,LGA,ORD
761588,9E 3369,LGA,BUF
762347,9E 5042,RDU,EWR
762387,UA 352,EWR,SFO
762628,WN 6597,BNA,LGA
762632,DL 2160,JFK,SFO
762897,OO 3732,MSP,EWR
762920,UA 1045,EWR,SDF
763123,AA 656,EWR,PHX
763217,YX 3415,PWM,EWR
763624,C5 3971,EWR,JAX
763779,9E 3359,LGA,PIT
763876,WN 2712,BNA,EWR
764264,YX 3755,EWR,BOS
764326,AA 310,EWR,PHX
764678,9E 3424,CHS,LGA
764769,UA 294,ORD,EWR
764800,YX 5983,CHS,LGA
764812,WN 3939,BNA,LGA
764970,C5 4986,GSO,EWR
765242,YX 5912,LGA,GSP
765652,WN 2022,BNA,LGA
765809,EV 4150,EWR,BUF
765865,DL 1179,EWR,DTW
765879,UA 325,EWR,RDU
766057,YX 5961,MEM,LGA
766206,9E 3474,JFK,BOS
766508,AA 1157,DFW,JFK
766568,9E 3308,CLT,LGA
766653,YX 5978,DCA,LGA
766905,B6 2918,JFK,BOS
767163,WN 3793,MDW,LGA
767251,UA 1480,ORF,EWR
767258,DL 2386,EWR,ATL
767379,YX 5935,LGA,PIT
767392,WN 6789,LGA,HOU
767451,DL 846,LGA,IAH
767769,DL 1452,MCO,JFK
767889,WN 1193,LGA,MDW
768153,OO 3507,LGA,OMA
768247,UA 1597,EWR,ORD
768374,B6 1889,JFK,SAN
768398,WN 5121,LGA,ATL
768415,YX 3587,EWR,IAD
768447,UA 1878,LAS,EWR
768491,WN 5210,LGA,DAL
768772,YX 3759,EWR,BUF
768794,OO 3879,PIT,LGA
768852,WN 5451,LGA,MCI
768892,9E 3299,JFK,DCA
768964,YX 3757,PWM,EWR
769569,9E 3316,LGA,RDU
769760,OO 5398,LGA,ORD
770027,C5 4922,EWR,STL
770581,9E 3336,EWR,RDU
770778,C5 4991,EWR,IND
770879,DL 2137,JFK,MCO
771757,DL 1142,LGA,SRQ
771900,C5 4461,CHS,EWR
772135,9E 3452,BUF,JFK
772203,C5 4986,EWR,ROC
772732,YX 3468,BOS,EWR
773653,9E 5082,JFK,CLE
774049,DL 362,JFK,BOS
774254,OO 3628,MSP,EWR
774398,WN 3223,MDW,LGA
774548,9E 3356,ORF,LGA
774631,9E 3332,BOS,JFK
774862,YX 3569,STL,EWR
774995,UA 1726,EWR,IAH
775168,B6 1117,BOS,JFK
775519,YX 3745,BTV,EWR
775621,YX 3727,IND,EWR
775750,WN 2092,DEN,EWR
775778,9E 3436,MSP,EWR
776102,YX 3420,EWR,MIA
776140,WN 3050,LGA,MDW
776417,WN 298,EWR,OAK
776442,WN 4086,ATL,LGA
776457,9E 5116,LGA,GRR
776550,EV 4341,EWR,ORF
776976,YX 3737,PVD,EWR
777088,YX 3500,BNA,EWR
777226,C5 4934,MKE,EWR
777357,WN 2469,STL,EWR
777561,B6 2454,PBI,JFK
777839,UA 385,CLE,EWR
778295,C5 5015,BGR,EWR
778801,WN 1683,EWR,MDW
778991,WN 4818,DEN,EWR
779085,WN 2131,DAL,LGA
779127,EV 4096,CLT,EWR
779429,UA 1022,EWR,DTW
779592,DL 320,EWR,DTW
779782,YX 4383,LGA,IND
779783,9E 3412,CLE,LGA
779864,OO 5336,LGA,ORD
780037,YX 4331,LGA,RDU
780277,WN 5476,LGA,ATL
780322,UA 1180,LGA,MTJ
780386,WN 3394,MDW,LGA
780648,C5 4894,EWR,CHS
780705,WN 567,LGA,TPA
780951,YX 3454,EWR,TYS
781173,EV 4888,CHS,EWR
781177,9E 3359,BUF,LGA
781349,YX 3470,DAY,EWR
781523,WN 3149,EWR,DEN
781566,DL 1794,FLL,JFK
781882,YX 3602,RSW,EWR
781921,YX 4428,IND,LGA
782076,9E 3458,IAH,LGA
782295,WN 5998,LGA,STL
782781,WN 2206,TPA,LGA
782882,OO 3552,BNA,JFK
783747,OO 4001,RIC,LGA
783797,DL 1095,JFK,DCA
783828,WN 2352,LGA,MCI
784022,UA 2012,CLE,EWR
784047,YX 5876,LGA,STL
784154,WN 5882,LGA,DEN
784496,9E 3335,LGA,IND
784541,YX 3681,EWR,RDU
784568,DL 2374,MSP,EWR
784963,EV 4097,EWR,CLE
785789,YX 5879,LGA,RDU
785796,C5 4945,JAX,EWR
785888,WN 5809,LGA,ATL
786139,AA 1004,JFK,MIA
786366,YX 6066,JFK,CMH
786458,C5 4994,BNA,EWR
786740,OO 3915,ORD,JFK
786870,9E 6059,CLT,LGA
787006,WN 680,LGA,DAL
787032,WN 4909,DAL,LGA
787139,WN 5343,LGA,HOU
787768,OO 3804,ORD,JFK
787798,WN 5057,DAL,LGA
787946,WN 5599,MDW,EWR
788101,AA 2192,PHL,LGA
788485,AS 1304,JFK,SFO
788706,WN 5566,EWR,BNA
788871,WN 6254,LGA,DEN
788894,YV 6217,LGA,IAH
789263,9E 3289,LGA,MCI
789269,9E 3381,LGA,CLE
789359,UA 1076,MSN,EWR
789420,UA 607,EWR,RDU
789671,WN 3869,LGA,DEN
790724,C5 4895,EWR,BGR
790769,WN 2639,AUS,EWR
791064,YX 3425,CLE,EWR
791523,9E 3479,MSN,LGA
791766,OO 3828,LGA,RIC
792358,DL 1393,TPA,JFK
792435,WN 1542,LGA,DAL
792480,AA 2226,JFK,MIA
792854,YX 5950,RDU,LGA
793219,UA 749,TPA,EWR
793397,YX 5988,JAX,LGA
793579,YX 5986,LGA,BOS
793835,YX 5874,LGA,MEM
793946,EV 3971,EWR,ROC
794133,9E 5300,CLT,LGA
794355,DL 503,CVG,LGA
794397,UA 1728,EWR,FLL
794408,WN 3196,LGA,DAL
794689,DL 400,LGA,IAH
794721,9E 3462,JFK,BOS
794798,WN 354,LGA,DEN
795138,EV 4362,MYR,EWR
795219,WN 2806,EWR,STL
795609,WN 1792,LGA,MDW
795732,9E 3330,DTW,EWR
795776,DL 1902,JFK,CLT
795777,EV 4001,CLE,EWR
796086,C5 4906,DTW,EWR
796275,WN 6050,ATL,LGA
796462,UA 2033,EWR,CLE
796836,OO 3677,MKE,LGA
797154,WN 1460,MDW,LGA
797275,YX 5022,EWR,PWM
797279,9E 3352,JAX,LGA
797779,OO 3655,RDU,LGA
797782,YX 6121,ROC,LGA
797784,YX 3649,TYS,EWR
798068,YX 6015,LGA,BOS
798250,C5 5015,STL,EWR
798373,WN 1802,LGA,ATL
798644,9E 3340,JFK,CLE
798749,YX 6059,LGA,PIT
798858,WN 4657,STL,EWR
798881,WN 1395,MDW,LGA
798919,EV 4466,EWR,ROC
799058,WN 2050,DEN,EWR
799115,AA 1616,EWR,CLT
799235,C5 4910,MKE,EWR
799398,YX 5930,BOS,LGA
799518,EV 4323,RDU,EWR
799672,DL 777,SAN,JFK
799747,DL 2055,JFK,PDX
800021,MQ 3595,BOS,JFK
800787,DL 723,JFK,PHX
800959,WN 378,EWR,AUS
801219,YX 6116,IAH,LGA
801240,DL 726,JFK,MSP
801301,9E 3494,JFK,JAX
801308,AA 2393,ATL,LGA
801349,OO 3915,EWR,DTW
801900,9E 5332,LGA,TYS
802323,YX 5931,LGA,MSN
802696,YX 3587,ORD,LGA
802771,WN 3124,LGA,MSY
803252,WN 2660,ATL,LGA
803575,DL 1595,RIC,LGA
803598,UA 1952,EWR,ORD
803603,9E 3457,LGA,SDF
803607,DL 861,JFK,LAX
804177,EV 4008,SAV,EWR
804198,DL 338,ATL,LGA
804221,WN 1738,STL,LGA
804226,DL 726,JFK,BOS
804252,9E 3456,LGA,BNA
804283,WN 663,HOU,LGA
804346,WN 3244,BNA,EWR
804888,DL 777,SRQ,LGA
804930,9E 5025,JFK,RIC
805186,OO 3606,GSP,LGA
805845,9E 3289,EWR,RDU
806228,WN 1800,EWR,STL
807100,WN 2023,MCI,LGA
807256,WN 5158,LGA,STL
807299,UA 656,SEA,EWR
807455,UA 1202,EWR,CLE
807597,DL 1194,ATL,JFK
807661,B6 1917,BOS,JFK
808412,9E 3295,DTW,EWR
808463,WN 2439,EWR,MDW
808912,WN 1822,ATL,LGA
809058,G7 6217,CVG,EWR
809154,YV 6371,IAH,LGA
809327,WN 2631,LGA,STL
809332,C5 4975,EWR,AVL
809348,DL 1211,SRQ,LGA
809440,WN 1554,LGA,MDW
809648,YX 3573,ORF,EWR
809776,YX 5907,LGA,CLE
810026,WN 2156,BNA,LGA
810289,WN 2593,LGA,MKE
810531,YX 3528,EWR,ORF
810571,9E 3477,SRQ,LGA
810914,AA 509,LGA,ATL
811101,UA 1181,EWR,IAH
811114,OO 3738,LGA,CHS
811871,9E 3435,LGA,GSP
811879,9E 3472,JFK,CVG
812109,C5 4905,EWR,IAD
812199,WN 6997,MDW,EWR
812633,OH 5237,DAY,LGA
812878,YX 5993,BOS,LGA
813240,YX 3750,SYR,EWR
814113,WN 245,EWR,DEN
814120,DL 685,LGA,BOS
814294,YX 3733,EWR,EYW
814612,OO 5497,LGA,ORD
814868,DL 988,BOS,LGA
814876,YX 6108,CLT,LGA
815243,B6 857,JFK,PBI
815512,YX 5904,LGA,BHM
815521,YX 5901,CLE,LGA
815769,YX 6046,LGA,ORD
815843,WN 3239,LGA,BNA
816045,9E 5337,LGA,PWM
816117,WN 2186,LGA,STL
816129,UA 1576,DFW,EWR
816459,YX 6037,LGA,RDU
816548,9E 5084,LGA,PIT
816649,YX 5969,LGA,OMA
816651,WN 1646,AUS,EWR
816680,UA 1997,EWR,PWM
816773,YX 3646,SAV,EWR
817015,UA 1419,IAD,EWR
817059,AA 25,DFW,LGA
817228,YX 3665,SAV,EWR
817565,WN 3037,MCO,EWR
817649,YX 9386,RIC,LGA
817918,WN 1262,LGA,DAL
818112,WN 3670,LGA,STL
819015,9E 3410,RDU,LGA
819200,YX 6035,JAX,LGA
819207,AA 2922,ORD,EWR
819653,OO 4196,MKE,LGA
819691,WN 3389,LGA,MDW
820061,9E 3723,LGA,BNA
820131,WN 3178,DEN,LGA
820140,9E 3386,LGA,RIC
820451,9E 3311,JAX,JFK
821377,C5 4903,EWR,IAD
821756,YX 3562,EWR,BTV
821851,DL 340,LGA,BOS
822545,WN 6215,LGA,HOU
822701,DL 1393,ATL,LGA
822959,WN 169,ATL,LGA
823053,UA 2174,EWR,JAX
823150,YX 3714,BNA,EWR
823421,YX 6053,LGA,MCI
823901,YX 4570,SDF,LGA
824064,YX 3671,EWR,DFW
824315,9E 3350,SAV,JFK
824342,OO 3792,MCI,LGA
824711,YX 5904,IAH,LGA
824924,9E 3419,LGA,MCI
825294,DL 2060,JFK,RSW
825818,YX 4278,ROC,EWR
825867,WN 3721,FLL,EWR
825891,YX 5926,ROC,LGA
825894,DL 503,FLL,JFK
826055,WN 3201,MDW,LGA
826164,9E 3455,MKE,LGA
826547,YX 3609,STL,EWR
826776,WN 2238,BNA,LGA
827286,WN 5121,DAL,LGA
827458,UA 426,EWR,SNA
827629,WN 6416,LGA,HOU
827956,WN 2352,ATL,LGA
828007,9E 3292,LGA,CLT
828081,C5 4910,IAD,EWR
828254,B6 1101,JFK,FLL
828337,WN 1236,FLL,EWR
828374,WN 5998,TPA,LGA
828483,YX 5985,RDU,LGA
828690,YX 4550,ILM,LGA
829115,EV 4234,EWR,GRR
829309,DL 760,JFK,PBI
829372,DL 2521,ATL,JFK
829407,UA 1591,SNA,EWR
829446,9E 3475,BUF,LGA
829992,WN 5206,FLL,LGA
830234,C5 4904,DCA,EWR
830407,WN 1493,ATL,LGA
830782,YX 6091,CHS,LGA
831206,OO 5428,LGA,ORD
831471,9E 5199,CMH,JFK
831595,MQ 3787,CVG,JFK
831600,WN 4671,LGA,MSY
831609,EV 4078,OMA,EWR
831783,YX 3508,LGA,CLE
831877,WN 4895,TPA,LGA
831889,DL 1760,RSW,JFK
831901,YX 4483,LGA,PIT
831944,9E 3497,LGA,JAX
832596,WN 1143,LGA,ATL
833700,DL 683,LGA,BOS
833989,9E 4768,BOS,EWR
834358,WN 771,MKE,LGA
834747,DL 389,LGA,ATL
834980,UA 965,EWR,SFO
835017,YX 5910,LGA,MCI
835107,WN 1585,LGA,ATL
835154,WN 489,LGA,DAL
835504,B6 1827,JFK,MCO
835584,WN 3691,STL,LGA
835751,YX 5904,EWR,BOS
836116,EV 4277,PWM,EWR
836402,9E 4843,GSO,LGA
836840,WN 900,LGA,DAL
836912,WN 40,LGA,HOU
837145,WN 3192,LGA,DAL
837474,EV 4160,CVG,EWR
837813,C5 4990,EWR,DCA
837920,WN 3115,EWR,AUS
838133,AA 24,ORD,JFK
838215,WN 1189,DEN,EWR
838347,YX 4399,LGA,AVL
838520,9E 4889,LGA,OMA
838558,WN 1641,ATL,LGA
838723,EV 4435,TVC,EWR
838727,WN 2311,HOU,LGA
838918,9E 3376,CVG,LGA
839057,9E 5031,JFK,BOS
839202,YX 3428,BUF,EWR
839611,WN 4033,LGA,DAL
839670,UA 512,EWR,MSY
839789,WN 2016,LGA,MKE
840151,UA 1482,EWR,ORD
840370,9E 3458,GSO,LGA
840682,C5 4935,EWR,BNA
841223,UA 1525,EWR,SFO
841459,DL 1211,LGA,SRQ
841555,YX 3563,EYW,EWR
841602,OO 3788,LGA,SYR
841612,WN 3648,DEN,LGA
841880,WN 2008,LGA,DEN
842003,DL 456,LGA,MCO
842110,DL 1470,DTW,JFK
842172,YX 3524,EWR,DFW
842851,OO 3693,CLE,LGA
842915,WN 5311,LGA,ATL
842934,WN 2737,MSY,LGA
843190,EV 4216,EWR,BNA
843213,WN 2719,EWR,SAN
843372,WN 1446,EWR,AUS
843670,EV 4288,MEM,EWR
843697,9E 3495,JAX,LGA
844063,UA 1774,MCI,EWR
844468,OO 3655,BUF,JFK
844573,WN 5682,LGA,MDW
844786,9E 5035,JAX,LGA
845058,WN 3336,LGA,HOU
845130,YX 4462,LGA,CHS
845343,C5 4933,GSP,EWR
846155,9E 4773,JFK,RIC
846237,9E 3439,SRQ,LGA
846583,DL 2236,LGA,TPA
846822,WN 5197,MDW,EWR
846945,WN 3352,LGA,BNA
847564,WN 1381,BNA,LGA
848053,EV 4069,EWR,PIT
848414,WN 5063,DEN,EWR
848568,AA 226,CLT,EWR
848706,DL 2592,LGA,IAH
849040,YX 3636,EWR,MEM
849041,WN 5620,LGA,MDW
849228,WN 3167,LGA,HOU
849458,OO 3922,LGA,GSP
849571,WN 2885,MDW,EWR
850519,OO 4079,JFK,BNA
850898,DL 2039,DTW,JFK
850934,AA 1727,CLT,JFK
851249,WN 2045,ATL,LGA
851340,9E 5457,BUF,LGA
851378,OO 3841,EWR,DTW
851619,WN 3039,LGA,DAL
852043,WN 4336,EWR,PHX
852523,EV 4361,CLE,EWR
8,AA 749,LGA,RDU
11,AA 1093,MIA,EWR
13,DL 516,JFK,STT
14,9E 5232,LGA,BUF
16,C5 4910,EWR,STL
17,9E 5226,JFK,ORD
18,9E 5082,ORF,JFK
19,DL 789,SLC,JFK
22,DL 1959,DTW,JFK
24,9E 4764,LGA,CVG
29,9E 4842,BNA,LGA
32,WN 4509,DAL,LGA
33,UA 251,BOS,EWR
35,YX 3606,EWR,MSY
36,B6 499,LGA,FLL
39,EV 4013,EWR,BNA
42,NK 55,MYR,EWR
44,DL 1023,MSP,LGA
45,DL 1856,ATL,LGA
46,YX 3582,EWR,PIT
47,EV 4380,EWR,DCA
49,DL 2804,LGA,SRQ
50,DL 989,DFW,LGA
51,C5 4993,ORF,EWR
52,WN 1339,LGA,MCI
53,EV 4007,ORF,EWR
55,UA 894,EWR,LAX
56,WN 437,MDW,LGA
57,YX 3443,LGA,ORD
58,UA 2444,PBI,EWR
59,9E 5487,JFK,CLE
60,EV 3999,CHS,EWR
63,DL 2324,EWR,MSP
64,YX 4714,JFK,CMH
65,AA 774,ORD,LGA
68,WN 835,LGA,MKE
69,9E 4804,JFK,RDU
72,DL 733,JFK,PHX
73,UA 1648,EWR,IAD
74,YX 5779,LGA,RIC
76,DL 1951,JFK,DTW
77,UA 279,BUF,EWR
80,DL 301,SFO,JFK
81,DL 1752,MCO,JFK
83,UA 1601,EWR,BOS
84,YX 5616,LGA,BNA
87,AA 1290,CLT,LGA
92,UA 1760,RSW,EWR
93,AA 1165,JFK,MIA
96,9E 4767,CVG,LGA
98,YX 3703,MCI,EWR
99,YX 3666,BNA,EWR
100,9E 4923,BWI,JFK
101,B6 710,DFW,JFK
103,UA 327,IAH,LGA
105,C5 4868,BNA,EWR
109,AA 2548,CLT,EWR
110,DL 2423,RDU,JFK
111,WN 1155,BNA,LGA
113,AS 1999,JFK,PDX
115,9E 4775,LGA,BGR
116,YX 5662,LGA,CLE
117,DL 802,FLL,LGA
118,UA 554,EWR,LAX
119,9E 4899,DTW,JFK
122,UA 386,IAH,EWR
123,YX 5687,LGA,CLE
124,UA 431,EWR,DEN
125,B6 373,EWR,TPA
126,WN 1030,DEN,LGA
127,UA 1671,LAX,EWR
128,DL 3121,SJU,JFK
131,UA 349,LGA,ORD
132,DL 1307,ATL,EWR
133,YX 3534,EWR,MSP
136,YX 5611,CLT,LGA
138,UA 1586,EWR,DEN
142,B6 89,EWR,SJU
145,9E 5038,LGA,CHS
146,YX 3485,EWR,DFW
147,UA 2318,EWR,MIA
150,DL 426,ATL,JFK
152,UA 405,CLE,EWR
153,YV 6146,LGA,IAH
155,DL 1566,EWR,ATL
156,DL 1309,MSY,LGA
158,WN 532,LGA,DEN
159,UA 2377,LGA,DEN
160,YX 5615,RDU,LGA
163,DL 2469,LGA,FLL
164,AA 2293,LGA,RDU
165,EV 4216,EWR,PVD
169,NK 1906,LGA,DTW
170,YX 6069,LGA,BOS
171,WN 2433,LGA,HOU
172,YX 5751,BNA,LGA
174,9E 5402,JFK,CLE
175,UA 2274,EWR,RSW
176,YV 6158,LGA,IAD
177,YX 3409,JAX,EWR
178,AA 153,LGA,CLT
179,YX 3417,IND,EWR
180,DL 3190,LGA,ATL
181,DL 963,ATL,LGA
182,9E 4885,LGA,SDF
184,AA 2911,LGA,ORD
185,YX 4364,LGA,CLE
186,UA 492,EWR,IAH
187,DL 3110,MCO,LGA
190,WN 616,DEN,LGA
191,DL 851,PBI,JFK
192,WN 4354,HOU,LGA
195,UA 1626,LAS,EWR
196,EV 4428,BUF,EWR
197,YX 5623,BOS,LGA
200,UA 2447,RSW,EWR
202,DL 243,JFK,ATL
203,YX 5892,RDU,LGA
204,AA 1356,MIA,LGA
206,YX 5643,CLE,LGA
207,UA 2450,RSW,EWR
208,YX 5625,LGA,CHS
211,WN 3278,LGA,ATL
212,9E 5189,JFK,DTW
215,9E 4926,CVG,JFK
216,ZW 3835,IAD,LGA
217,B6 628,CHS,EWR
219,MQ 3319,ORD,LGA
220,YX 3440,DCA,EWR
222,NK 1169,BNA,EWR
225,DL 1201,ATL,EWR
227,DL 2356,LGA,DTW
228,DL 954,JFK,SLC
229,9E 4813,DTW,JFK
232,WN 1267,STL,LGA
233,EV 4160,EWR,CMH
234,C5 4950,EWR,SYR
235,DL 1013,JFK,SEA
236,NK 1197,EWR,BOS
240,YX 5618,LGA,STL
241,WN 544,LGA,DAL
243,NK 57,ATL,EWR
244,DL 1218,LGA,TPA
245,WN 375,LGA,ATL
248,9E 5326,BUF,LGA
250,YX 5946,IND,JFK
256,B6 2204,SJU,JFK
259,YX 3464,BNA,EWR
261,UA 506,EWR,IAH
262,9E 4797,BTV,LGA
263,AA 2255,DFW,JFK
264,UA 505,LGA,DEN
269,YX 3675,IND,EWR
270,DL 378,LGA,ATL
276,DL 1514,CLT,JFK
278,YX 3426,PWM,EWR
281,NK 1035,EWR,SJU
283,YX 3417,EWR,IND
284,AA 243,MIA,JFK
285,DL 705,ATL,JFK
287,UA 2450,SFO,EWR
291,YX 5772,CLT,LGA
296,UA 2455,FLL,EWR
297,UA 2116,ORD,LGA
298,YX 3569,PIT,EWR
301,DL 45,JFK,ATL
302,UA 689,LGA,IAD
306,WN 1572,DAL,LGA
311,NK 3154,FLL,EWR
312,UA 1187,EWR,LAX
313,UA 463,EWR,TPA
315,9E 4822,LGA,ROC
316,UA 646,SFO,EWR
320,UA 675,EWR,LAX
321,YX 3473,EWR,BUF
322,YX 5901,LGA,SDF
323,MQ 3746,LGA,DAY
325,WN 783,MDW,LGA
327,G7 4388,EWR,CVG
329,B6 84,MCO,JFK
330,UA 459,AUS,EWR
331,YX 4375,LGA,BNA
333,UA 229,EWR,MCO
334,9E 5374,BUF,JFK
336,DL 3031,LGA,MCO
337,UA 2222,IAD,EWR
339,DL 1255,ATL,EWR
340,9E 4691,EWR,DTW
341,YX 5617,LGA,STL
343,WN 1656,DAL,LGA
348,AA 2452,JFK,MIA
349,DL 688,MIA,LGA
351,WN 930,LGA,DAL
356,UA 1936,FLL,EWR
358,DL 1470,JFK,MCO
359,C5 4999,EWR,MSN
360,YX 3404,ATL,EWR
361,9E 4828,PWM,JFK
363,WN 1995,ATL,LGA
370,UA 288,EWR,IAD
371,DL 3099,JFK,LAX
373,YX 3702,ORF,EWR
375,YX 3468,EWR,CHS
377,DL 1786,ATL,EWR
378,9E 5038,EWR,RDU
381,YX 3496,CHS,EWR
383,EV 4452,EWR,BUF
387,C5 4884,GSO,EWR
389,AA 1332,CLT,LGA
390,DL 497,LGA,ATL
391,YX 3423,EWR,BOS
392,YX 5628,ORD,JFK
394,YX 4426,JFK,CMH
395,YX 3463,ORD,LGA
399,DL 227,MSP,JFK
401,DL 322,ATL,LGA
402,DL 1371,MIA,JFK
403,9E 4787,JFK,ORD
405,DL 2144,EWR,ATL
406,DL 917,JFK,SLC
410,C5 4945,RIC,EWR
411,9E 5148,LGA,BNA
414,UA 2388,LAS,EWR
416,UA 572,SFO,EWR
417,UA 406,EWR,PHX
418,UA 1025,SFO,EWR
419,DL 1060,JFK,ATL
420,DL 442,JFK,SEA
422,NK 3205,LGA,FLL
426,9E 4962,BNA,JFK
427,DL 654,DEN,JFK
428,UA 2217,SJU,EWR
429,YX 3626,EWR,JAX
431,UA 649,EWR,PHX
432,YX 3641,STL,EWR
434,DL 1071,JFK,SEA
435,DL 2683,FLL,JFK
437,YX 5621,JFK,MSY
438,YX 4750,ORD,EWR
439,C5 4886,CHS,EWR
441,UA 2343,LGA,RSW
449,DL 1989,JFK,MCO
450,YX 4510,LGA,ILM
453,YX 4486,LGA,BGR
454,WN 235,DEN,LGA
455,9E 5200,XNA,LGA
456,DL 2900,DFW,JFK
457,DL 326,JFK,LAX
460,DL 2794,JFK,TPA
463,UA 2469,RSW,EWR
464,UA 596,EWR,RDU
466,UA 331,EWR,IAH
467,WN 1037,LGA,MSY
471,AA 2385,MIA,JFK
473,C5 4960,PVD,EWR
474,UA 1513,EWR,RSW
476,NK 827,FLL,EWR
480,AA 1450,RDU,LGA
481,B6 384,MCO,JFK
483,AA 2294,LGA,DFW
487,DL 1078,TPA,LGA
488,UA 627,SAN,EWR
489,DL 703,JFK,FLL
490,AA 2215,EWR,CLT
494,WN 276,MCI,LGA
496,9E 4926,BOS,JFK
498,AA 642,CLT,LGA
500,YX 5863,CMH,LGA
504,WN 1246,MDW,LGA
505,DL 670,TPA,JFK
507,MQ 3961,EWR,ORD
508,UA 1469,MIA,EWR
509,UA 1257,MIA,EWR
510,B6 285,JFK,RDU
511,YV 6021,IAH,LGA
514,UA 1729,DEN,EWR
515,B6 1373,EWR,LAX
517,DL 659,JFK,LAX
521,WN 540,LGA,MDW
522,DL 989,LGA,DFW
525,C5 4866,BGR,EWR
526,9E 4755,MCI,LGA
528,DL 535,EWR,DTW
529,UA 228,ORD,EWR
530,OO 4135,LGA,BHM
534,DL 1879,JFK,MSY
535,AA 2045,PIT,LGA
536,YX 5960,BOS,LGA
537,NK 1192,EWR,BOS
538,WN 341,LGA,BNA
539,DL 308,JFK,SEA
540,WN 751,LGA,MDW
545,UA 517,MCO,EWR
546,DL 443,MCO,LGA
547,B6 2574,TPA,EWR
548,YX 5598,BOS,LGA
549,B6 2820,ATL,JFK
552,B6 1589,EWR,SJU
553,YX 5594,LGA,DCA
555,WN 4190,TPA,LGA
556,UA 339,PBI,EWR
557,G7 4457,EWR,RIC
562,B6 1212,RSW,EWR
564,UA 728,EWR,MIA
566,9E 4810,EWR,MSP
570,G7 6192,RDU,EWR
572,DL 1320,LGA,PBI
574,AA 83,ORD,LGA
575,EV 4198,PWM,EWR
576,YX 3672,BNA,EWR
577,AA 1240,LGA,ORD
578,YX 3451,LGA,ORD
579,9E 4884,GRR,LGA
582,YX 5940,LGA,MCI
585,DL 1071,LGA,PBI
587,B6 739,JFK,SJU
592,YX 3532,EWR,IAD
593,G7 4451,EWR,CLT
595,B6 483,EWR,SFO
597,DL 1167,LGA,DTW
598,UA 224,ATL,EWR
599,B6 920,DTW,JFK
600,B6 1643,EWR,PBI
601,DL 2131,TPA,LGA
602,B6 2202,FLL,JFK
604,YX 3482,SAV,EWR
605,DL 1572,JFK,SLC
606,9E 5447,BNA,LGA
612,YX 5728,JFK,BOS
615,UA 310,IAH,EWR
617,MQ 3326,ORD,EWR
618,DL 987,ATL,LGA
619,B6 1448,LAS,JFK
620,AA 484,CLT,EWR
623,OO 4152,LGA,CLT
625,YV 6037,IAH,LGA
631,9E 4783,JFK,RIC
632,WN 331,LGA,MDW
634,9E 5450,BNA,LGA
635,DL 2058,LGA,MCO
638,9E 4814,GSP,LGA
639,DL 977,LGA,MSP
642,YX 3508,EWR,STL
645,G7 4404,DTW,EWR
646,YX 5813,BOS,LGA
650,YX 5761,BUF,JFK
651,YV 6158,IAD,LGA
652,YX 5676,IND,LGA
653,G7 4507,CVG,EWR
656,9E 5423,JFK,BUF
658,AA 2550,CLT,EWR
659,YX 3516,EWR,BOS
660,DL 114,LGA,MSP
662,UA 1700,LAX,EWR
665,NK 3756,LGA,FLL
666,DL 1563,LGA,FLL
667,DL 115,JFK,MSP
669,DL 425,EWR,ATL
670,YX 3539,MSP,EWR
672,YX 3574,ATL,EWR
673,B6 606,FLL,EWR
674,DL 1879,MSY,JFK
680,9E 4743,JFK,JAX
683,UA 420,MIA,EWR
684,B6 90,SJU,EWR
686,UA 1528,IAH,EWR
689,UA 579,ORD,LGA
694,9E 4792,JFK,IND
695,AA 844,ORD,LGA
696,9E 5269,JFK,PIT
701,UA 1961,MIA,EWR
702,YX 4365,LGA,PHL
704,DL 1232,LGA,MCO
705,YX 5598,JFK,DCA
708,DL 1130,LGA,DTW
710,DL 515,DTW,EWR
712,DL 2286,DTW,EWR
718,DL 1621,LGA,PBI
720,9E 4702,CVG,LGA
721,G7 4428,DTW,EWR
726,UA 1538,EWR,SAN
728,C5 4891,CHS,EWR
733,DL 323,LAX,JFK
734,AA 1278,EWR,DFW
735,B6 1924,LAX,JFK
737,DL 753,TPA,JFK
741,WN 5393,DEN,LGA
744,DL 983,LGA,MSP
745,UA 612,EWR,ORF
750,DL 2544,LGA,FLL
752,YX 5732,JFK,BOS
753,YX 3568,EWR,SAV
756,G7 4405,EWR,STL
757,UA 378,EWR,TPA
763,YX 5597,RDU,LGA
767,G7 4589,RIC,EWR
768,B6 629,JFK,RSW
769,B6 140,PHX,EWR
771,WN 136,LGA,HOU
773,OO 3293,ORD,EWR
777,YX 3747,BOS,EWR
778,YX 3471,EWR,CMH
779,YX 6118,JFK,BOS
781,YX 5911,CLE,JFK
782,AA 2336,ORD,EWR
783,9E 4826,PIT,JFK
785,9E 4867,IAD,JFK
787,YV 6113,LGA,IAH
789,OO 5475,ORD,LGA
795,YX 3650,EWR,EYW
797,UA 737,CLE,EWR
799,DL 1269,JFK,ATL
801,DL 1779,IAH,LGA
802,B6 5,EWR,FLL
803,9E 4968,JFK,BOS
806,C5 5009,LGA,CLE
808,EV 4009,CHS,EWR
810,UA 797,EWR,BNA
812,DL 688,ATL,JFK
814,WN 1036,MCI,LGA
816,UA 555,FLL,EWR
818,C5 4884,IAD,EWR
819,DL 447,LGA,ATL
820,AS 29,EWR,SFO
823,YX 5595,CMH,LGA
824,B6 115,JFK,SFO
826,9E 4899,LGA,BTV
831,YX 5657,DCA,JFK
839,G7 4431,STL,EWR
843,C5 4876,ALB,EWR
844,C5 4878,EWR,IAD
846,YX 5630,PIT,LGA
847,C5 4968,PVD,EWR
848,C5 4926,JAX,EWR
851,9E 5506,LGA,BNA
853,B6 1305,EWR,FLL
857,DL 372,ATL,LGA
859,UA 412,EWR,FLL
861,DL 997,ORD,LGA
863,DL 424,JFK,ATL
867,YX 3512,EWR,MSY
870,OO 3824,CLE,LGA
872,9E 5533,LGA,CHO
874,AA 2189,CLT,LGA
875,YX 5793,PIT,LGA
877,YX 3497,EWR,CHS
879,C5 5022,EWR,MSN
883,AA 658,JFK,PHX
884,YX 3435,EWR,PIT
886,WN 165,LGA,DAL
887,UA 2451,EWR,SRQ
892,C5 4290,EWR,ALB
893,DL 320,JFK,ATL
895,OO 3588,CHS,LGA
897,AA 1532,DFW,LGA
898,DL 842,MSP,JFK
899,B6 2703,JFK,SJU
902,G7 4435,STL,EWR
904,YX 5666,LGA,DCA
912,UA 336,ATL,EWR
916,DL 798,LGA,CVG
917,UA 205,EWR,SJU
921,YX 5624,LGA,STL
922,DL 313,JFK,LAX
924,YX 5810,LGA,BNA
925,G7 4380,CLE,EWR
927,DL 1464,JFK,DTW
928,YX 3561,EWR,MCI
929,YX 3487,EWR,CHS
931,9E 5518,PWM,JFK
934,UA 247,EWR,RDU
936,DL 1020,MSP,LGA
938,B6 1829,MCO,EWR
942,DL 2234,JFK,ATL
945,WN 561,LGA,MSY
952,DL 436,ATL,JFK
955,B6 1554,PBI,JFK
956,WN 4048,LGA,DEN
957,DL 3003,LGA,IAH
958,9E 4887,CVG,LGA
961,UA 2383,EWR,EGE
962,YX 4706,CLE,LGA
964,DL 423,LGA,ATL
966,G7 4406,EWR,DTW
967,UA 2281,EWR,DEN
969,9E 4997,IAD,JFK
970,AA 2103,DFW,LGA
976,9E 5384,LGA,PIT
977,YX 5639,CHS,LGA
978,YX 3431,EWR,ATL
987,AA 2504,EWR,CLT
988,YX 5702,PWM,LGA
990,UA 333,EWR,AUS
992,9E 4980,DTW,JFK
995,YX 3427,DTW,EWR
996,B6 1654,PBI,JFK
998,DL 1653,MIA,LGA
1007,WN 849,LGA,BNA
1008,YX 3590,IND,EWR
1009,AA 2247,MIA,LGA
1013,YX 5745,LGA,DCA
1015,YX 3420,CMH,EWR
1021,YX 3500,EWR,RDU
1028,DL 428,JFK,SAN
1029,DL 301,JFK,SFO
1030,9E 4886,BGR,JFK
1031,DL 2088,ATL,EWR
1034,YX 5785,LGA,ORD
1036,9E 4658,CVG,LGA
1038,DL 1295,JFK,SLC
1040,YX 3589,DTW,EWR
1043,WN 2143,LGA,DEN
1045,UA 454,MCO,EWR
1046,9E 4762,JAX,LGA
1047,UA 1282,EWR,FLL
1050,B6 2302,FLL,JFK
1051,DL 1370,LGA,MIA
1053,B6 1711,EWR,RSW
1054,DL 671,LGA,ATL
1056,UA 2304,EWR,MIA
1058,UA 589,MSY,EWR
1059,OO 3650,DTW,EWR
1061,AA 12,MIA,EWR
1062,9E 4755,LGA,MCI
1064,UA 1956,EWR,LAX
1066,9E 4869,ORF,LGA
1067,DL 463,ATL,EWR
1068,DL 1948,LGA,BOS
1069,YX 3552,BOS,EWR
1070,DL 1681,JFK,MSY
1073,9E 4832,RDU,LGA
1074,UA 1453,TPA,EWR
1077,YX 5626,LGA,MCI
1078,YX 3434,EWR,JAX
1082,DL 2060,EWR,ATL
1084,UA 2346,TPA,EWR
1086,DL 845,JFK,MCO
1091,UA 1589,EWR,BOS
1100,YX 5590,DCA,LGA
1102,UA 1194,MCO,EWR
1106,DL 737,JFK,MIA
1109,9E 4632,SYR,JFK
1110,UA 548,EWR,RSW
1111,UA 412,EWR,SAN
1112,YX 5592,RIC,LGA
1120,DL 1279,IAH,LGA
1121,YX 3480,EWR,BUF
1123,9E 4729,CHS,JFK
1128,AA 132,LGA,CLT
1129,B6 1874,LAX,EWR
1130,DL 772,JFK,DTW
1131,YX 3408,CLT,EWR
1132,9E 4927,CVG,EWR
1133,MQ 3784,DAY,LGA
1135,B6 1498,DEN,JFK
1139,DL 322,ATL,EWR
1142,YX 3463,EYW,EWR
1143,AA 672,LGA,CMH
1144,AA 2493,EWR,CLT
1146,UA 1032,EWR,TPA
1148,AA 2902,CLT,LGA
1150,YX 5783,LGA,IND
1152,AA 1273,RDU,LGA
1153,DL 858,SFO,JFK
1157,G7 6208,EWR,RDU
1159,WN 1663,STL,LGA
1162,YV 6357,LGA,IAH
1164,UA 278,EWR,DEN
1167,C5 4870,MSN,EWR
1168,UA 312,EWR,BOS
1177,DL 985,JFK,MSP
1178,UA 1605,MCO,EWR
1180,DL 1232,LGA,DFW
1184,9E 5255,PIT,JFK
1187,UA 2078,SAN,EWR
1189,C5 4329,PVD,EWR
1190,AA 2297,DFW,LGA
1193,DL 2048,DTW,EWR
1194,9E 4964,MHT,LGA
1198,AA 1768,DFW,LGA
1201,B6 1501,JFK,FLL
1202,DL 1704,EWR,ATL
1204,C5 5019,ALB,EWR
1207,9E 4847,EWR,DTW
1210,WN 1706,LGA,DEN
1214,DL 325,LAS,JFK
1218,YX 3698,MSP,EWR
1223,DL 2688,PHX,JFK
1225,YX 3402,BGR,EWR
1226,YV 6113,IAH,LGA
1227,DL 320,SEA,JFK
1231,DL 8810,ATL,JFK
1233,9E 4957,ORD,JFK
1234,YX 3745,PIT,EWR
1235,YX 5635,DCA,LGA
1238,YX 5615,SAV,LGA
1239,F9 259,EWR,DEN
1240,DL 1063,JFK,LAS
1243,UA 1663,MIA,EWR
1245,9E 4652,ORD,JFK
1247,AA 1279,LGA,CLT
1250,YX 3727,SDF,EWR
1253,UA 1254,EWR,JAX
1255,B6 1374,LAX,EWR
1258,YX 4304,RDU,LGA
1259,UA 482,PHX,EWR
1261,DL 2123,DTW,LGA
1263,B6 2060,RSW,LGA
1265,EV 4066,EWR,ROC
1267,YX 5604,RDU,JFK
1269,B6 1983,JFK,MCO
1270,DL 1087,LGA,FLL
1276,WN 4257,LGA,MDW
1279,YX 5924,RIC,LGA
1281,YV 6157,LGA,IAH
1284,YX 3564,STL,EWR
1285,UA 1071,EWR,ORD
1288,DL 1358,LGA,PBI
1290,YX 3615,SAT,EWR
1291,DL 1249,ATL,EWR
1292,B6 820,AUS,EWR
1294,YX 5603,LGA,CMH
1296,YX 5884,DCA,LGA
1297,DL 845,JFK,SEA
1300,AA 1832,MIA,JFK
1302,UA 399,EWR,TPA
1305,YX 3647,XNA,EWR
1306,UA 247,IAH,EWR
1311,YX 5871,BOS,LGA
1312,B6 1973,EWR,LAX
1314,UA 2253,LGA,DEN
1319,YX 3645,PWM,EWR
1320,DL 2574,FLL,LGA
1327,YX 3507,EWR,SAV
1328,DL 431,ATL,LGA
1330,YX 5628,DCA,LGA
1331,YX 3470,SRQ,EWR
1333,G7 4523,EWR,GSO
1334,DL 1094,LGA,MCO
1335,YX 5621,LGA,SAV
1336,DL 1629,JFK,MIA
1338,UA 2072,LGA,MCO
1342,YX 3746,EWR,DCA
1343,DL 822,SLC,JFK
1347,B6 1573,EWR,LAX
1348,YV 6204,IAH,LGA
1350,WN 529,BNA,LGA
1351,YX 3491,CHS,EWR
1352,DL 1310,FLL,LGA
1356,YX 3521,RIC,EWR
1361,YX 5638,BOS,LGA
1363,9E 5408,MSN,LGA
1366,WN 978,BNA,LGA
1367,YX 3648,EWR,BNA
1370,UA 1602,LAS,EWR
1373,UA 1520,IAH,EWR
1374,YX 6086,BOS,LGA
1380,DL 1695,JFK,FLL
1383,UA 2491,IAH,EWR
1388,DL 1715,LAX,JFK
1389,DL 639,JFK,SJU
1390,NK 54,EWR,MYR
1392,YX 5811,LGA,PIT
1394,UA 2435,EWR,PBI
1397,YX 3702,EWR,JAX
1400,DL 2804,SRQ,LGA
1401,G7 4429,EWR,STL
1403,C5 4921,MEM,EWR
1404,9E 4867,JFK,IAD
1405,DL 546,JFK,MIA
1406,YX 6130,SDF,LGA
1407,B6 1756,LAS,EWR
1408,UA 1710,EWR,MIA
1411,MQ 3311,ORD,LGA
1413,DL 806,SLC,JFK
1414,DL 1132,LGA,DTW
1416,YX 5613,RDU,LGA
1418,YX 5639,PIT,LGA
1420,DL 658,JFK,LAX
1421,YX 5782,LGA,CLT
1422,DL 2412,JFK,IAH
1424,YX 3486,DCA,EWR
1426,YX 4527,LGA,PIT
1427,UA 2449,RSW,EWR
1433,UA 579,EWR,PIT
1436,UA 511,EWR,IAH
1438,UA 2165,EWR,RSW
1439,YX 5740,JFK,BOS
1447,9E 5149,CHS,JFK
1449,AS 28,SFO,EWR
1455,B6 2404,SJU,JFK
1456,9E 4940,JFK,PIT
1457,UA 247,EWR,TPA
1458,NK 61,EWR,MYR
1459,UA 738,EWR,PHX
1460,NK 58,EWR,MCO
1461,AA 914,DFW,LGA
1464,DL 561,SLC,EWR
1465,DL 1176,DTW,LGA
1473,G7 4389,DTW,EWR
1479,DL 1408,JFK,BOS
1480,DL 792,LAX,JFK
1482,UA 1112,EWR,PHX
1483,YX 3539,PWM,EWR
1487,DL 2066,EWR,ATL
1491,DL 1635,ATL,EWR
1496,YX 4484,LGA,CMH
1497,UA 207,EWR,SJU
1499,9E 4859,JFK,IAD
1504,YX 5818,LGA,RDU
1507,G7 4400,EWR,STL
1514,DL 1375,JFK,FLL
1515,YX 3687,EWR,PIT
1520,UA 434,EWR,SJU
1521,9E 4761,BOS,JFK
1528,DL 1150,SLC,JFK
1531,C5 4276,BTV,EWR
1534,9E 4820,LGA,PIT
1535,9E 5022,DTW,EWR
1537,UA 543,SAN,EWR
1538,WN 245,LGA,DAL
1540,YX 5650,LGA,BOS
1545,AS 160,JFK,SEA
1549,UA 402,EWR,BOS
1558,G7 4420,EWR,CMH
1559,AA 1280,DFW,EWR
1560,9E 4943,LGA,STL
1562,9E 4766,JFK,CLE
1565,WN 548,TPA,LGA
1572,DL 775,JFK,MIA
1575,DL 875,SAN,JFK
1577,DL 1279,LAX,JFK
1578,MQ 4042,EWR,ORD
1581,DL 714,JFK,SLC
1585,DL 2708,IAH,JFK
1586,YX 3468,EWR,MYR
1587,DL 507,EWR,SLC
1588,DL 1905,JFK,RDU
1589,UA 859,EWR,LAS
1590,NK 828,EWR,FLL
1598,DL 1586,LGA,MIA
1599,DL 465,ORD,LGA
1604,9E 4652,JFK,RDU
1606,YX 4323,BOS,LGA
1607,B6 192,ACK,JFK
1610,DL 2067,DTW,LGA
1613,DL 894,MIA,LGA
1614,UA 2454,RSW,EWR
1615,NK 2432,RSW,EWR
1617,DL 545,PHX,JFK
1623,YX 3517,PVD,EWR
1627,WN 450,LGA,STL
1630,UA 239,ORD,LGA
1632,G7 4523,GSO,EWR
1636,YX 3617,EWR,GSP
1638,9E 4769,DTW,JFK
1640,DL 1636,PDX,JFK
1642,C5 5021,SYR,EWR
1646,YX 5862,LGA,PIT
1651,UA 205,DEN,EWR
1652,DL 354,ATL,EWR
1658,EV 4409,LGA,ORD
1659,AA 2911,EWR,CLT
1664,MQ 3313,ORD,EWR
1667,DL 474,ATL,LGA
1670,AA 2832,MCO,LGA
1678,WN 2097,LGA,HOU
1681,AA 2941,ORD,EWR
1688,C5 4993,BUF,EWR
1689,9E 5105,SYR,JFK
1690,WN 6002,ATL,LGA
1693,DL 436,ATL,EWR
1695,9E 4949,LGA,GSO
1696,WN 2072,STL,LGA
1699,YX 6061,ROC,LGA
1700,9E 4978,MSP,EWR
1702,DL 1869,LGA,MCO
1707,9E 4878,RDU,EWR
1711,9E 4880,LGA,RDU
1713,YX 5618,ORD,JFK
1715,UA 2418,SFO,EWR
1716,YX 5645,LGA,BOS
1718,YX 6128,BOS,JFK
1720,DL 1495,LGA,ORD
1724,YX 3510,EWR,CMH
1726,DL 1014,LGA,TPA
1727,YX 5812,JFK,RDU
1729,9E 4799,SDF,LGA
1730,UA 1629,EWR,MIA
1732,AA 1197,EWR,MIA
1734,WN 189,LGA,ATL
1737,G7 4499,EWR,SYR
1744,EV 4355,IND,EWR
1745,YX 5660,CLE,LGA
1752,DL 1717,JFK,MCO
1754,DL 410,LGA,ORD
1755,UA 732,EWR,SFO
1756,C5 4905,CLE,EWR
1765,MQ 4177,PWM,LGA
1769,G7 4464,EWR,PIT
1771,G7 4407,STL,EWR
1773,9E 5487,CLE,JFK
1774,C5 4914,CVG,EWR
1776,DL 3118,MSP,LGA
1778,EV 3975,EWR,PWM
1784,9E 4659,RDU,JFK
1787,DL 927,JFK,DTW
1788,AA 122,ORD,LGA
1795,DL 702,LGA,ATL
1796,YX 3403,EWR,IND
1798,UA 455,DEN,EWR
1801,YX 5643,STL,LGA
1802,DL 402,MSP,JFK
1803,9E 5483,BOS,JFK
1805,YX 3529,EWR,DTW
1811,9E 4914,LGA,CVG
1814,WN 1731,LGA,MDW
1815,UA 399,EWR,AUS
1819,C5 4941,PWM,EWR
1824,OH 5024,ORF,LGA
1828,DL 1705,JFK,CLT
1831,DL 1275,JFK,SLC
1834,DL 984,LAS,JFK
1838,YX 3560,EWR,ORF
1843,UA 549,EWR,ATL
1846,WN 595,MKE,LGA
1847,YX 3556,EWR,PWM
1849,OO 3862,LGA,SAV
1850,YX 3418,EWR,ATL
1851,AA 131,MIA,JFK
1852,DL 1175,DTW,LGA
1855,9E 4838,RDU,LGA
1858,9E 5113,LGA,STL
1859,NK 53,CLE,EWR
1863,OO 5561,LGA,ORD
1865,YX 5642,LGA,STL
1869,YX 3451,EWR,JAX
1870,AA 2840,DFW,EWR
1873,YX 5660,GRR,LGA
1874,YX 3554,EWR,MIA
1875,DL 1017,SEA,JFK
1876,9E 4867,EWR,MSP
1879,EV 4284,SDF,EWR
1881,DL 417,JFK,ATL
1885,WN 344,LGA,ATL
1892,DL 2906,EWR,DTW
1893,YX 6096,RIC,LGA
1894,UA 567,EWR,IAH
1895,DL 2864,EWR,ATL
1897,9E 4952,LGA,MKE
1898,YX 5627,IND,LGA
1900,DL 796,DTW,JFK
1902,AA 2019,JFK,MIA
1907,YX 5668,LGA,BOS
1908,DL 2202,PBI,JFK
1909,DL 1027,MSP,LGA
1910,UA 228,EWR,SEA
1911,9E 5223,ORD,JFK
1912,UA 797,ORD,LGA
1914,DL 893,JFK,ATL
1915,AA 2453,MIA,LGA
1918,UA 710,EWR,LAS
1921,DL 2996,RSW,LGA
1922,DL 1514,JFK,CLT
1923,9E 4962,JFK,BNA
1925,G4 1924,VPS,EWR
1930,YX 5609,STL,LGA
1939,DL 2335,FLL,LGA
1942,UA 1981,IAH,EWR
1945,9E 5367,LGA,CLE
1947,UA 727,EWR,AUS
1950,UA 1494,SFO,EWR
1952,DL 1232,MCO,LGA
1954,DL 2745,LGA,DFW
1957,YX 5621,LGA,BOS
1961,YX 3419,CHS,EWR
1963,9E 4729,DTW,EWR
1965,9E 4890,STL,LGA
1968,AA 250,JFK,MIA
1970,YX 5902,BOS,EWR
1972,9E 4810,JFK,DFW
1973,YX 4328,LGA,BOS
1974,OO 3564,EWR,MSP
1975,YX 5621,SAV,LGA
1987,G7 4500,EWR,ORF
1990,WN 3296,DEN,LGA
1999,UA 2297,EWR,MCO
2000,YX 3464,EWR,BNA
2003,YX 3700,EWR,DCA
2005,DL 2626,ORD,LGA
2016,DL 1770,LGA,PBI
2018,C5 5004,EWR,JAX
2019,UA 1880,SRQ,EWR
2020,DL 1064,LGA,DFW
2021,9E 5018,DTW,EWR
2023,UA 2471,EWR,FLL
2025,YX 6006,LGA,MCI
2027,WN 6232,LGA,DAL
2028,OO 3988,LGA,BHM
2030,WN 1894,BNA,LGA
2032,DL 1600,LGA,ATL
2036,DL 1581,LGA,FLL
2043,9E 4804,ACK,LGA
2044,B6 2103,JFK,SJU
2046,DL 222,JFK,DTW
2047,9E 5449,CLE,LGA
2048,AA 876,RDU,LGA
2050,WN 495,DAL,LGA
2051,DL 1598,MSP,LGA
2052,UA 2296,PBI,EWR
2059,YX 3507,EYW,EWR
2060,DL 1521,JFK,MIA
2061,YX 3528,EWR,CMH
2062,WN 680,LGA,BNA
2068,DL 206,DTW,JFK
2075,YX 4710,CAE,LGA
2077,UA 2193,EWR,ORD
2083,YX 5666,LGA,BOS
2085,MQ 4177,LGA,PIT
2086,G7 4509,EWR,CMH
2090,YX 4274,ORF,LGA
2091,OO 3930,GSO,LGA
2092,YX 3585,RDU,EWR
2095,9E 4846,ORF,LGA
2098,UA 2073,EWR,MSY
2104,YX 6028,LGA,PIT
2105,DL 991,SEA,JFK
2106,DL 2210,MCO,LGA
2108,WN 1914,LGA,MDW
2111,UA 391,EWR,SFO
2112,DL 693,SLC,JFK
2115,WN 5190,TPA,LGA
2117,AA 2125,DCA,LGA
2118,YX 3519,EWR,SAV
2124,YX 6099,RIC,LGA
2126,UA 539,EWR,PDX
2127,9E 4949,GSO,LGA
2130,DL 673,JFK,SFO
2132,UA 1077,MIA,EWR
2135,EV 4028,EWR,CHS
2137,OO 3602,LGA,CHS
2138,DL 481,LGA,ATL
2141,AA 633,CLT,LGA
2142,WN 2827,DEN,LGA
2150,UA 1081,CLT,EWR
2152,UA 2092,EWR,PHX
2153,DL 635,STT,JFK
2155,UA 1927,ORD,LGA
2156,UA 1004,EWR,BNA
2158,YX 3480,JAX,EWR
2159,NK 2309,EWR,AUS
2160,DL 3135,LGA,ORD
2165,YX 5809,DCA,LGA
2166,G7 4466,EWR,IND
2168,WN 354,DEN,LGA
2170,DL 2392,FLL,LGA
2179,UA 1961,EWR,DEN
2186,EV 4008,MKE,EWR
2187,YX 3594,PIT,EWR
2188,DL 1089,JFK,MIA
2189,YX 4383,IND,LGA
2193,DL 419,ATL,LGA
2194,B6 1306,FLL,EWR
2196,WN 2072,LGA,ATL
2197,C5 5018,EWR,ROC
2199,9E 4804,BUF,JFK
2200,YX 4343,LGA,CVG
2201,G7 4410,EWR,RIC
2203,UA 2445,TPA,EWR
2204,YX 5729,BOS,JFK
2207,DL 2064,LGA,IAH
2208,YX 3541,MSY,EWR
2210,YX 3423,SRQ,EWR
2212,DL 477,DTW,LGA
2214,WN 1933,LGA,DAL
2215,DL 3073,LGA,MIA
2217,DL 807,JFK,MSP
2224,NK 3242,MYR,EWR
2226,UA 1791,MIA,EWR
2227,UA 480,PBI,EWR
2228,DL 2494,RDU,JFK
2229,EV 4118,BUF,EWR
2230,UA 792,EWR,RSW
2231,DL 1841,BOS,LGA
2235,AS 425,JFK,LAX
2237,MQ 4189,PIT,LGA
2239,YX 3405,EWR,DCA
2242,AA 237,LAX,JFK
2243,YX 3639,EWR,CLE
2244,C5 4919,EWR,BTV
2245,YX 5617,DCA,JFK
2246,UA 1255,IAH,LGA
2250,DL 1789,JFK,MCO
2251,G7 4489,IND,EWR
2253,9E 4733,RDU,LGA
2255,DL 731,DTW,JFK
2256,EV 4324,BTV,EWR
2257,YX 4496,LGA,GSO
2260,UA 1914,MCO,EWR
2261,UA 419,PHX,EWR
2265,B6 1609,JFK,DFW
2266,WN 2257,LGA,DEN
2269,DL 1652,LGA,TPA
2270,YX 3424,EWR,DCA
2272,UA 1167,TPA,EWR
2273,YV 6226,IAH,LGA
2275,YX 3495,PWM,EWR
2279,DL 891,LGA,DFW
2280,DL 406,LGA,ORD
2281,B6 399,LGA,MCO
2283,C5 4287,SAV,EWR
2287,YX 4864,CMH,LGA
2289,DL 343,LAS,JFK
2291,NK 1173,ATL,EWR
2294,C5 4887,EWR,ALB
2301,YX 5891,BOS,EWR
2302,DL 1400,TPA,LGA
2303,DL 246,JFK,SLC
2304,UA 2017,PHX,EWR
2309,DL 1071,MCO,LGA
2312,EV 4061,EWR,ALB
2313,B6 2304,SJU,JFK
2314,UA 507,LGA,IAH
2315,YX 5639,LGA,PIT
2319,DL 798,SLC,JFK
2320,YX 5811,PIT,LGA
2321,YX 5896,LGA,DCA
2325,UA 469,EWR,SAN
2328,AA 2565,MIA,JFK
2329,B6 821,EWR,AUS
2330,DL 1029,JFK,SFO
2332,UA 337,AUS,EWR
2334,DL 1869,MCO,LGA
2337,DL 2219,JFK,DEN
2339,UA 291,EWR,SRQ
2340,YX 3689,BNA,EWR
2349,DL 1318,LGA,MSY
2352,UA 494,MIA,EWR
2353,DL 1358,PBI,LGA
2355,UA 2444,EWR,DEN
2356,9E 4825,JAX,JFK
2360,YX 6083,BOS,JFK
2365,DL 1405,LGA,FLL
2367,B6 1211,EWR,RSW
2369,NK 2420,LAS,EWR
2372,AA 516,LGA,ORD
2374,DL 1011,MSP,JFK
2377,WN 864,ATL,LGA
2384,DL 655,JFK,TPA
2385,B6 2073,EWR,TPA
2386,AA 605,CLT,LGA
2391,OO 4054,CLE,LGA
2392,WN 5756,LGA,ATL
2393,YX 3505,RDU,EWR
2395,9E 4901,LGA,BGR
2399,WN 5445,LGA,DAL
2400,YX 5652,CLT,LGA
2402,DL 1297,EWR,ATL
2409,YX 5855,PIT,LGA
2412,MQ 4068,DAY,LGA
2413,YX 3618,CLT,EWR
2419,DL 1648,EWR,ATL
2420,9E 4769,IAD,JFK
2421,YX 3402,CHS,EWR
2424,B6 956,LAS,EWR
2427,YX 3469,EWR,SRQ
2430,MQ 3310,RIC,LGA
2431,WN 159,LGA,BWI
2434,C5 4943,EWR,RIC
2437,YX 4499,CMH,LGA
2444,DL 680,DTW,LGA
2445,DL 1705,LGA,DFW
2446,UA 1489,EWR,MSY
2447,UA 1510,PBI,EWR
2450,DL 3132,JFK,LAX
2451,B6 2929,JFK,RSW
2458,C5 4919,STL,EWR
2463,9E 4770,JFK,PWM
2464,WN 1362,LGA,MDW
2466,YX 6101,LGA,RSW
2470,AA 2840,EWR,DFW
2475,9E 4772,ROC,JFK
2476,YX 5966,RIC,LGA
2487,YX 3517,EWR,BNA
2488,G7 4399,CVG,EWR
2490,G7 4445,EWR,CVG
2491,WN 1181,MDW,LGA
2493,YX 5715,LGA,BNA
2494,9E 4631,RDU,JFK
2495,DL 2661,LAS,JFK
2496,YX 5651,GRR,LGA
2498,9E 5247,CVG,LGA
2500,9E 5299,JFK,BOS
2503,UA 1702,EWR,PBI
2504,AA 2033,ORD,LGA
2506,DL 454,ORD,LGA
2508,UA 264,DEN,EWR
2512,B6 1724,LAX,JFK
2514,MQ 3303,EWR,ORD
2517,9E 4983,LGA,CVG
2518,9E 5364,BNA,JFK
2527,9E 4810,LGA,GRR
2533,DL 2022,JFK,ATL
2534,UA 1544,DEN,LGA
2537,9E 4940,PIT,JFK
2538,YX 4366,LGA,IND
2539,YX 6080,LGA,GSP
2540,YX 3603,PIT,EWR
2542,9E 5118,JFK,DCA
2543,B6 2003,JFK,SJU
2544,DL 1381,JFK,MIA
2545,WN 3343,LGA,ATL
2546,UA 487,FLL,EWR
2551,UA 726,MCO,EWR
2558,DL 857,JFK,SFO
2559,YX 4477,CLE,LGA
2567,DL 8783,MSP,JFK
2574,UA 349,EWR,LAS
2575,AA 1931,CLT,JFK
2577,YV 6094,IAH,LGA
2580,EV 4060,ALB,EWR
2583,YX 5794,DCA,LGA
2584,B6 579,BOS,EWR
2589,DL 870,JFK,SFO
2591,YX 4503,GSO,LGA
2592,9E 5428,CLT,LGA
2596,UA 475,EWR,PBI
2597,DL 1303,SJU,JFK
2599,YX 6082,CLT,LGA
2600,9E 4761,LGA,RDU
2601,9E 5052,BNA,LGA
2602,C5 4878,IND,EWR
2604,9E 5392,LGA,GSP
2607,YX 3476,EWR,JAX
2610,G7 4397,DCA,EWR
2612,9E 4814,SAV,LGA
2614,DL 501,LGA,DFW
2616,YX 6005,LGA,PIT
2618,WN 5445,ATL,LGA
2620,G7 4380,BUF,EWR
2622,G7 4381,EWR,BUF
2623,B6 273,EWR,TPA
2625,WN 1107,LGA,BNA
2626,G7 4406,DCA,EWR
2628,UA 535,EWR,LAS
2629,UA 1660,EWR,ORD
2630,UA 2461,EWR,RSW
2631,WN 556,MSY,LGA
2633,NK 2266,FLL,EWR
2645,OO 4059,CLT,LGA
2646,9E 5413,LGA,BNA
2649,9E 5258,DFW,JFK
2654,9E 4694,EWR,DTW
2662,DL 2502,MSP,EWR
2669,YX 4579,SDF,LGA
2671,9E 4879,LGA,STL
2672,DL 467,DTW,LGA
2675,B6 2930,RSW,JFK
2680,YX 3501,PIT,EWR
2685,AA 625,MIA,JFK
2688,ZW 3960,IAD,LGA
2697,YX 4714,ORD,LGA
2705,B6 1757,EWR,LAS
2706,YX 4327,LGA,DCA
2708,9E 4686,BOS,JFK
2709,YX 4281,PHL,LGA
2711,DL 716,DTW,LGA
2716,YX 3671,RIC,EWR
2718,YX 3551,EWR,IAD
2719,UA 1428,FLL,EWR
2720,AA 443,LGA,CLT
2728,YX 5662,CLE,LGA
2729,YX 3415,EWR,DCA
2732,9E 5186,JFK,CVG
2733,AS 19,SEA,JFK
2734,UA 375,RSW,EWR
2737,UA 1236,BOS,EWR
2739,9E 5229,BNA,JFK
2740,WN 985,LGA,MDW
2755,9E 4865,JFK,DTW
2756,OO 3799,LGA,GSO
2758,AA 34,LGA,DFW
2761,UA 1649,EWR,ORD
2764,YX 3449,DFW,EWR
2765,G7 6189,DTW,EWR
2767,AA 1784,BOS,JFK
2774,YX 6084,LGA,DCA
2776,YX 3543,ROC,EWR
2785,YX 3555,EWR,EYW
2787,9E 4934,GSP,LGA
2788,WN 343,DEN,LGA
2791,AA 2738,PHX,JFK
2792,UA 2297,EWR,LAS
2796,DL 1191,LAX,JFK
2805,9E 4823,SYR,JFK
2806,OO 3895,EWR,MSP
2809,YX 5626,MCI,LGA
2810,WN 155,ATL,LGA
2812,9E 4772,JFK,ROC
2820,UA 356,IAH,EWR
2821,DL 877,JFK,SLC
2822,OO 3929,MSP,EWR
2823,UA 298,PBI,EWR
2829,WN 2825,HOU,LGA
2830,WN 6332,LGA,HOU
2831,G7 4385,EWR,DTW
2832,YX 5608,LGA,IND
2837,UA 222,EWR,MCO
2842,YX 5950,MEM,LGA
2843,AA 2187,EWR,CLT
2849,DL 307,JFK,SEA
2850,WN 1756,STL,LGA
2854,DL 1026,TPA,JFK
2865,YX 3453,STL,EWR
2872,9E 4816,PWM,LGA
2873,EV 4274,DCA,EWR
2877,AA 2550,EWR,CLT
2879,AA 2832,LGA,MCO
2880,C5 4906,IAD,EWR
2881,YX 4292,RIC,LGA
2885,9E 5423,BUF,JFK
2888,EV 4016,EWR,MEM
2891,DL 321,JFK,LAS
2894,YV 6166,LGA,IAH
2898,9E 4887,EWR,CVG
2900,DL 1470,JFK,RDU
2903,YX 4614,ILM,LGA
2908,YX 3484,EWR,AUS
2916,YX 3597,CMH,EWR
2918,YX 3483,EWR,DTW
2923,C5 4899,BUF,EWR
2926,AA 581,EWR,MIA
2927,UA 785,MCO,EWR
2933,EV 5022,EWR,PWM
2936,AA 313,JFK,MIA
2942,OO 3951,BHM,LGA
2944,DL 309,JFK,LAX
2945,DL 420,LGA,ATL
2948,DL 387,ORD,LGA
2950,EV 4289,EWR,PWM
2956,YX 5941,JFK,BOS
2960,YV 6123,LGA,IAH
2971,YX 4461,LGA,PIT
2973,DL 455,ORD,LGA
2976,B6 730,RSW,JFK
2977,YX 3437,MCI,EWR
2979,G7 4408,RIC,EWR
2982,B6 1361,JFK,SMF
2987,DL 1852,ATL,LGA
2990,DL 2132,EWR,ATL
2994,C5 4909,EWR,ROC
2995,AA 794,CLT,JFK
3001,UA 386,BOS,EWR
3002,C5 4876,EWR,SDF
3011,WN 5393,LGA,ATL
3012,NK 1193,LAS,EWR
3015,YX 5625,MSY,JFK
3016,DL 2019,LGA,DTW
3018,UA 2330,EWR,FLL
3020,DL 1549,LGA,SRQ
3025,DL 1558,DTW,EWR
3030,YX 3440,JAX,EWR
3031,UA 592,EWR,FLL
3033,YV 6147,LGA,IAH
3034,YX 5607,LGA,RSW
3035,9E 5032,LGA,BGR
3037,YX 3502,DFW,EWR
3041,EV 3984,MKE,EWR
3042,DL 1107,BOS,LGA
3044,DL 323,ATL,JFK
3045,B6 919,JFK,DTW
3053,UA 1607,IAH,EWR
3054,UA 381,LGA,ORD
3057,9E 4943,STL,LGA
3060,UA 2234,TPA,EWR
3068,DL 1094,MCO,LGA
3070,YV 6376,LGA,IAH
3073,YX 5597,JAX,JFK
3075,B6 663,EWR,JAX
3077,UA 1191,LAS,EWR
3078,DL 1255,EWR,ATL
3079,DL 2263,JFK,RSW
3080,DL 1371,JFK,MIA
3081,YV 6107,IAH,LGA
3083,9E 5059,EWR,MSP
3085,WN 3822,DEN,LGA
3086,DL 775,MIA,JFK
3087,YX 5710,BOS,JFK
3099,9E 4881,LGA,TYS
3101,DL 640,JFK,SJU
3107,C5 4948,ROC,EWR
3110,UA 241,EWR,DEN
3111,OO 3540,BNA,LGA
3115,YX 3573,EWR,PIT
3116,UA 1038,FLL,EWR
3117,B6 1928,MCO,EWR
3118,B6 2528,MCO,EWR
3119,UA 1587,EWR,MCO
3121,DL 679,CVG,LGA
3124,YX 5661,ORD,LGA
3130,YX 5980,MCI,LGA
3131,G7 4393,EWR,CLT
3137,DL 444,ATL,JFK
3138,B6 1046,SAN,EWR
3139,YX 5635,LGA,BNA
3140,MQ 3320,LGA,ORD
3143,UA 1691,RSW,EWR
3151,9E 5326,CLT,LGA
3158,DL 959,JFK,SLC
3167,UA 245,EWR,IAD
3168,DL 1381,LGA,TPA
3171,9E 5489,BHM,LGA
3173,DL 1461,DTW,JFK
3174,YX 3552,EWR,CLT
3175,DL 1897,LGA,RSW
3178,C5 5016,EWR,JAX
3182,DL 1506,DTW,JFK
3183,YX 4683,LGA,STL
3187,UA 769,SNA,EWR
3196,UA 2333,EWR,MIA
3197,UA 1469,EWR,PBI
3207,UA 671,LAS,EWR
3210,AA 2168,LGA,DCA
3211,9E 4783,DTW,EWR
3215,DL 315,JFK,LAX
3220,YX 3698,SYR,EWR
3222,UA 2200,ORD,EWR
3225,UA 1715,ORD,LGA
3229,G7 4562,EWR,GSO
3232,OH 5301,LGA,ORF
3235,WN 1370,MKE,LGA
3238,C5 4931,MEM,EWR
3239,DL 1126,LGA,MCO
3240,YX 5591,LGA,DCA
3241,WN 1485,MDW,LGA
3242,UA 346,TPA,EWR
3243,G7 4423,EWR,DTW
3245,YX 3480,RSW,EWR
3250,DL 1285,LGA,FLL
3251,OO 3926,LGA,CLE
3252,C5 5007,CAK,EWR
3254,NK 318,EWR,BOS
3257,9E 5402,CLE,JFK
3259,YX 4508,ILM,LGA
3266,9E 4750,JFK,PIT
3269,YX 3495,EWR,PIT
3272,WN 2385,BNA,LGA
3273,DL 1208,JFK,SLC
3274,AA 1678,LGA,CLT
3279,WN 4245,LGA,TPA
3281,YX 3513,EWR,DCA
3282,YX 3657,MSY,EWR
3286,UA 518,LGA,DEN
3287,YX 3588,PIT,EWR
3289,9E 5050,EWR,DTW
3290,G4 1203,EWR,AVL
3291,OO 3855,MCI,LGA
3293,WN 246,LGA,DAL
3303,YX 4329,LGA,BOS
3309,YX 3454,STL,EWR
3318,UA 678,LGA,DEN
3319,YX 3588,DFW,EWR
3320,G4 1900,VPS,EWR
3321,YX 6025,LGA,ROC
3326,NK 1011,EWR,FLL
3337,DL 909,MIA,JFK
3339,UA 2448,EWR,PBI
3340,NK 59,MCO,EWR
3343,YX 3557,EWR,MSY
3345,DL 849,DTW,EWR
3350,9E 4886,LGA,RDU
3355,UA 548,EWR,PBI
3359,AA 418,MIA,LGA
3372,DL 698,JFK,LAX
3374,9E 4653,JFK,RDU
3376,DL 2129,LGA,ATL
3377,EV 4162,EWR,CLE
3379,9E 5503,GSO,LGA
3380,AA 2126,LGA,DCA
3385,UA 2246,LGA,DEN
3387,UA 1991,RDU,EWR
3391,UA 1055,SAN,EWR
3396,UA 2206,EWR,JAC
3397,UA 1927,LGA,FLL
3403,OO 3949,LGA,CHS
3407,YX 5734,CLT,LGA
3413,C5 4927,EWR,MSN
3414,YX 5922,LGA,MSY
3415,YX 3452,EWR,SRQ
3416,9E 5048,ROC,JFK
3417,DL 1555,EWR,ATL
3419,UA 1730,EWR,PBI
3426,DL 1730,CLT,JFK
3428,DL 421,LGA,ATL
3429,B6 1484,MCO,JFK
3430,DL 1752,JFK,MCO
3435,UA 920,RSW,EWR
3436,9E 4772,DTW,EWR
3438,G7 4444,EWR,ORF
3439,DL 1202,DFW,LGA
3440,UA 316,LGA,DEN
3442,YX 5805,LGA,RDU
3445,WN 2103,TPA,LGA
3447,9E 5017,CVG,EWR
3449,C5 5023,EWR,ORF
3452,DL 429,ATL,JFK
3453,YX 3498,EWR,PVD
3457,9E 5446,JFK,BNA
3458,UA 1701,DEN,EWR
3465,EV 4148,GSO,EWR
3466,DL 408,LGA,DFW
3468,EV 4271,LGA,ORD
3477,UA 2470,SRQ,EWR
3479,DL 302,JFK,LAX
3480,DL 1065,MCO,JFK
3481,YX 5622,RDU,LGA
3483,DL 1988,FLL,JFK
3488,DL 300,SFO,JFK
3490,9E 4842,RDU,LGA
3494,DL 700,ORD,LGA
3500,UA 1935,ORD,LGA
3501,WN 438,LGA,DAL
3507,UA 2180,EWR,SEA
3509,DL 795,DFW,LGA
3512,YX 5642,LGA,GRR
3513,YX 5640,BOS,LGA
3514,YX 6110,RSW,LGA
3516,9E 4819,ORF,LGA
3523,B6 827,EWR,MCO
3526,UA 357,PBI,EWR
3528,YX 3496,EWR,JAX
3529,UA 358,EWR,IAH
3530,WN 5747,DEN,LGA
3531,WN 2751,LGA,DAL
3534,DL 628,JFK,SAN
3535,YX 3664,EWR,CMH
3538,UA 552,EWR,IAD
3544,9E 4796,EWR,DTW
3546,YX 6043,BOS,LGA
3553,YX 6045,PIT,LGA
3560,B6 1497,JFK,DEN
3561,YV 6363,IAH,LGA
3566,UA 334,EWR,CLE
3570,DL 1127,JFK,SEA
3573,WN 717,LGA,HOU
3577,DL 325,JFK,LAS
3579,B6 957,EWR,LAS
3588,YX 4496,GSO,LGA
3592,UA 2264,EWR,SFO
3594,DL 828,DFW,LGA
3596,UA 1539,EWR,PDX
3597,YX 5616,CLE,LGA
3598,9E 4921,BWI,JFK
3599,C5 4882,CLE,LGA
3601,9E 4656,RDU,LGA
3603,G7 4443,EWR,IND
3606,UA 497,CLE,EWR
3607,DL 3090,LGA,MSY
3609,YX 5694,LGA,CLT
3610,UA 756,EWR,MSY
3611,YX 3431,CMH,EWR
3614,YX 4509,PIT,LGA
3616,AA 2900,CLT,LGA
3617,WN 2233,DEN,LGA
3618,YX 3557,BNA,EWR
3619,9E 4925,BWI,JFK
3626,AS 1808,EWR,PDX
3627,9E 4799,LGA,SDF
3635,AA 15,ORD,LGA
3640,DL 3112,LGA,ORD
3647,OO 5692,IAH,LGA
3649,YX 5622,LGA,BNA
3650,UA 1992,FLL,EWR
3651,9E 4888,RDU,LGA
3653,DL 1036,LGA,DTW
3659,DL 328,LAX,JFK
3660,DL 875,JFK,DEN
3661,G7 4577,ORF,EWR
3664,DL 628,SAN,JFK
3667,WN 814,BNA,LGA
3670,DL 1429,DFW,LGA
3675,DL 1558,LGA,ATL
3688,YX 3576,EWR,MEM
3689,EV 4300,EWR,BTV
3692,DL 1530,ORD,LGA
3693,DL 1233,ATL,EWR
3697,DL 1838,JFK,LAX
3698,AA 2846,RDU,LGA
3700,UA 1992,MCO,EWR
3702,UA 359,EWR,MIA
3707,OO 5516,IAD,LGA
3708,NK 2431,EWR,RSW
3712,NK 629,LGA,MCO
3717,EV 4218,ALB,EWR
3723,YX 6069,LGA,CLT
3724,YX 3473,EWR,JAX
3727,UA 1721,LAS,EWR
3729,C5 4948,EWR,CMH
3730,UA 663,MCO,EWR
3731,YX 6051,MCI,LGA
3732,UA 261,EWR,RSW
3733,9E 4768,SAV,JFK
3736,UA 498,MCO,EWR
3737,OO 3929,EWR,MSP
3739,YX 3435,LGA,ORD
3741,YX 3524,EWR,BNA
3742,YX 4333,LGA,DCA
3743,B6 2144,PBI,EWR
3744,YX 3506,EWR,SAV
3747,DL 1129,LGA,MCO
3750,YX 3605,SAV,EWR
3753,C5 4291,EWR,ROC
3763,UA 480,DEN,LGA
3764,DL 2037,LGA,MIA
3768,NK 3280,MYR,LGA
3769,DL 786,SLC,EWR
3772,YX 5704,LGA,BOS
3776,WN 1138,DAL,LGA
3777,DL 414,LGA,ATL
3778,YX 4319,LGA,BOS
3780,9E 4841,EWR,MSP
3783,YX 5636,LGA,STL
3786,DL 2058,JFK,DEN
3788,9E 4933,MSN,LGA
3797,YX 5722,LGA,BOS
3804,YX 3660,DFW,EWR
3805,UA 2077,EWR,STT
3806,YX 5677,CLE,LGA
3807,DL 1060,LAX,JFK
3813,C5 4363,ALB,EWR
3815,9E 4703,CVG,LGA
3816,UA 231,EWR,RSW
3817,C5 4935,IAD,EWR
3821,YX 4491,MIA,LGA
3824,C5 4899,CLE,EWR
3828,C5 5021,GSP,EWR
3831,EV 4277,IND,EWR
3833,9E 4882,RIC,JFK
3835,UA 660,ORD,EWR
3837,DL 950,LGA,ORD
3852,WN 4129,MDW,LGA
3855,9E 5258,JFK,DFW
3857,AA 2598,LGA,CLT
3862,9E 5368,BNA,JFK
3866,WN 4869,LGA,ATL
3868,EV 4004,BUF,EWR
3869,DL 2910,JFK,FLL
3871,B6 905,EWR,TPA
3872,WN 3804,LGA,STL
3873,UA 2080,MCO,EWR
3875,9E 5153,DCA,JFK
3876,WN 784,LGA,DEN
3878,9E 4829,ORF,JFK
3888,G7 4541,CLE,EWR
3890,YX 3484,EWR,CMH
3891,DL 535,DTW,EWR
3896,YX 4700,LGA,CMH
3897,9E 4997,JFK,IAD
3900,WN 3015,ATL,LGA
3906,DL 2125,RDU,JFK
3907,C5 4969,EWR,IAD
3916,UA 1647,EWR,RSW
3917,B6 1102,FLL,JFK
3921,DL 410,DTW,LGA
3923,YX 5705,LGA,DCA
3924,F9 258,DEN,EWR
3925,AA 2132,LGA,BOS
3927,UA 2452,EWR,SRQ
3930,DL 1512,JFK,BNA
3933,WN 979,ATL,LGA
3935,NK 2308,AUS,EWR
3936,DL 436,ATL,LGA
3937,DL 917,LGA,ATL
3938,DL 1410,ATL,EWR
3939,DL 3079,LGA,MSY
3946,9E 4849,CVG,EWR
3947,C5 4884,EWR,GSO
3948,YX 3532,GSP,EWR
3951,9E 5007,DTW,EWR
3959,B6 1574,LAX,EWR
3962,YX 5763,ORD,LGA
3963,AA 373,LGA,DFW
3968,UA 569,SFO,EWR
3979,YX 3453,ORD,LGA
3980,WN 166,ATL,LGA
3983,YX 3498,ORD,LGA
3984,UA 2106,EWR,ATL
3985,YX 5801,RIC,LGA
3987,WN 5599,ATL,LGA
3988,9E 5452,CVG,LGA
3990,WN 247,HOU,LGA
3993,DL 816,JFK,MSP
3995,UA 531,FLL,LGA
3998,B6 729,JFK,RSW
4006,YX 3503,EWR,PWM
4018,DL 2684,ATL,EWR
4022,DL 1241,JFK,MCO
4030,DL 1403,JFK,TPA
4032,B6 2084,MCO,JFK
4034,YX 5607,RSW,LGA
4035,UA 728,EWR,CHS
4036,G4 412,TYS,EWR
4037,UA 750,EWR,DFW
4038,UA 538,EWR,BNA
4041,YX 3502,EWR,CMH
4043,DL 684,SJU,JFK
4046,DL 864,FLL,LGA
4055,YV 6066,IAH,LGA
4067,DL 351,LGA,ORD
4070,9E 4774,LGA,CLT
4078,YX 3597,CLE,EWR
4079,9E 4995,JFK,ROC
4081,AA 2916,AUS,JFK
4090,DL 1403,TPA,JFK
4092,DL 1794,TPA,JFK
4094,NK 1174,EWR,BNA
4099,YX 6027,LGA,PIT
4100,YX 3741,MSY,EWR
4105,UA 731,SAN,EWR
4107,C5 4976,EWR,CVG
4116,YX 4368,ILM,LGA
4118,DL 1260,ATL,EWR
4123,UA 2025,EWR,FLL
4125,UA 683,EWR,MIA
4128,DL 1044,JFK,MCO
4130,DL 1435,JFK,MSY
4131,DL 362,ORD,LGA
4135,YX 3490,EWR,MSP
4138,9E 5218,JFK,ROC
4139,EV 3988,EWR,CVG
4142,UA 233,EWR,IAD
4144,WN 672,BNA,LGA
4146,DL 310,SFO,JFK
4158,DL 1558,JFK,CLT
4163,DL 2326,JFK,SAT
4166,DL 3187,ATL,LGA
4170,EV 4191,LGA,ORD
4172,UA 659,LGA,IAH
4176,9E 4867,MSP,EWR
4177,UA 655,EWR,CLE
4182,DL 951,LGA,MIA
4183,9E 4979,DTW,JFK
4186,UA 2202,ORD,EWR
4189,AA 2118,LGA,DCA
4191,OO 3884,LGA,GSO
4194,DL 1859,JFK,SJU
4195,DL 448,JFK,ATL
4197,YX 5612,CLE,LGA
4200,C5 4952,CVG,EWR
4202,9E 4817,BOS,JFK
4205,YV 6150,LGA,IAH
4221,YX 5617,JFK,ORD
4231,DL 683,MSP,LGA
4232,AA 1832,PIT,LGA
4239,9E 5299,LGA,ACK
4240,NK 683,DTW,LGA
4242,B6 211,JFK,LAS
4245,9E 5017,JFK,ORD
4247,OO 3666,MKE,LGA
4249,YX 5822,BOS,LGA
4254,AA 2554,EWR,CLT
4258,DL 539,LAS,JFK
4259,NK 1528,FLL,EWR
4260,DL 946,JFK,ATL
4261,C5 5024,GSP,EWR
4266,9E 5377,DFW,JFK
4267,UA 2306,MIA,EWR
4274,DL 2103,JFK,PHX
4276,9E 4709,RDU,LGA
4280,B6 625,EWR,CHS
4284,B6 1684,MCO,JFK
4290,YX 5652,CHS,LGA
4296,AA 876,LGA,MIA
4300,YX 3528,EWR,DFW
4302,AA 600,MIA,LGA
4303,WN 613,LGA,MDW
4304,YX 3509,ATL,EWR
4319,C5 4928,SAV,EWR
4320,YV 6101,IAD,LGA
4333,UA 1929,EWR,MCO
4335,YX 6047,BOS,LGA
4336,YX 3558,JAX,EWR
4337,MQ 3894,LGA,ORD
4340,B6 605,FLL,EWR
4342,DL 835,ATL,LGA
4343,YX 5620,STL,LGA
4346,9E 5325,JFK,BNA
4349,UA 228,EWR,MIA
4350,WN 2100,LGA,ATL
4355,YX 5764,BNA,LGA
4357,YX 6045,LGA,PIT
4362,WN 280,LGA,ATL
4363,YX 5908,LGA,BUF
4365,9E 4821,JFK,SYR
4374,G7 4468,RIC,EWR
4378,DL 1487,EWR,SLC
4387,DL 882,TPA,LGA
4392,NK 2430,MCO,EWR
4393,9E 5219,JFK,CHS
4397,YX 3436,EWR,MSP
4404,UA 2244,EWR,IAD
4406,YX 3687,ATL,EWR
4407,DL 375,EWR,ATL
4416,DL 1872,EWR,ATL
4418,WN 1198,BNA,LGA
4423,C5 4940,ROC,EWR
4425,WN 2128,MDW,LGA
4426,OO 3691,GSO,LGA
4429,YX 3512,EWR,DCA
4430,YX 3574,EWR,AUS
4432,UA 1484,TPA,EWR
4435,DL 1260,EWR,ATL
4436,B6 2371,LGA,FLL
4439,UA 1235,EWR,IAH
4447,DL 1573,LGA,ATL
4448,DL 1872,ATL,EWR
4453,DL 1320,JFK,MIA
4456,YX 3447,EWR,CMH
4457,YV 6184,LGA,IAH
4458,DL 435,ATL,LGA
4461,YX 3554,EWR,PWM
4465,DL 753,JFK,TPA
4474,DL 1201,EWR,ATL
4478,WN 1501,LGA,MDW
4481,UA 578,ORD,LGA
4486,DL 1587,MCO,JFK
4493,DL 1619,LGA,ATL
4499,9E 4851,ORD,JFK
4503,UA 2178,EWR,DEN
4507,YX 3707,STL,EWR
4508,WN 202,LGA,BNA
4509,UA 1720,DCA,EWR
4521,9E 4997,MSP,JFK
4527,WN 347,DAL,LGA
4529,AA 366,JFK,SAN
4535,DL 327,SEA,JFK
4543,DL 1319,JFK,DEN
4546,UA 741,EWR,SFO
4550,WN 560,STL,LGA
4555,WN 5747,LGA,HOU
4559,9E 4847,JFK,RIC
4564,YX 5938,MCI,LGA
4568,DL 2105,LGA,ORD
4572,9E 4874,ROC,LGA
4576,WN 1143,MDW,LGA
4577,C5 5002,EWR,SAV
4584,WN 2194,LGA,MDW
4592,NK 1195,PBI,EWR
4598,YX 3424,EWR,CMH
4601,YX 4714,LGA,RDU
4602,UA 663,EWR,SAN
4604,YX 3477,EWR,DCA
4609,G7 4555,EWR,CVG
4612,UA 1087,EWR,TPA
4626,9E 4632,RDU,JFK
4629,UA 557,ORD,EWR
4630,UA 580,EWR,ORD
4633,DL 1217,LGA,MCO
4635,B6 74,LAX,EWR
4638,NK 60,EWR,MYR
4639,9E 5212,RDU,EWR
4640,MQ 3312,LGA,ORD
4644,MQ 4175,PIT,LGA
4652,C5 5022,EWR,IND
4654,DL 979,MCO,JFK
4655,YX 3728,MKE,EWR
4656,AA 1435,DFW,LGA
4658,DL 2195,FLL,JFK
4663,YX 5675,STL,LGA
4665,UA 1156,IAD,EWR
4666,WN 1559,BNA,LGA
4667,WN 1587,BNA,LGA
4680,WN 2183,MDW,LGA
4683,9E 5299,ACK,LGA
4685,AA 1536,LGA,CLT
4690,DL 3005,LGA,TPA
4700,AA 2631,JFK,BOS
4704,YX 3710,EWR,RAP
4709,YX 5637,IND,LGA
4710,UA 645,EWR,TPA
4711,YX 3473,EWR,BNA
4713,UA 1987,PHX,EWR
4716,9E 4665,MSP,EWR
4721,YX 3522,ATL,EWR
4723,9E 4857,DTW,JFK
4725,UA 2288,MIA,EWR
4728,9E 5338,JFK,BUF
4729,9E 4905,LGA,RDU
4733,DL 1018,LGA,MCO
4738,9E 4930,BUF,JFK
4744,9E 4649,DTW,EWR
4745,YX 3544,EWR,SAT
4747,AA 513,MIA,LGA
4749,AA 922,CLT,LGA
4751,UA 1241,EWR,DEN
4754,G7 4413,DCA,EWR
4758,DL 1355,MCO,LGA
4760,C5 4965,EWR,IAD
4763,AA 2089,CLT,LGA
4764,UA 323,EWR,TPA
4772,DL 1340,MCO,JFK
4775,B6 605,EWR,FLL
4778,WN 5560,LGA,ATL
4787,YX 5792,LGA,CLT
4789,DL 403,LGA,ORD
4790,C5 4997,EWR,BTV
4792,YX 4318,BOS,LGA
4794,YX 3510,EWR,MSP
4795,WN 1501,BNA,LGA
4796,9E 5200,LGA,XNA
4798,B6 589,EWR,SJU
4799,DL 3121,JFK,SJU
4802,NK 314,PBI,EWR
4809,B6 630,RSW,JFK
4812,DL 386,DFW,LGA
4813,DL 1492,DFW,LGA
4815,WN 540,LGA,MCI
4817,DL 705,PHX,JFK
4822,WN 255,MDW,LGA
4823,DL 1443,MCO,JFK
4824,AA 969,LGA,MIA
4825,9E 4793,JFK,BWI
4832,9E 4768,JFK,SAV
4833,DL 1854,SJU,JFK
4834,OO 3853,BHM,LGA
4835,WN 2260,LGA,STL
4838,DL 375,LAX,JFK
4842,DL 379,PDX,JFK
4843,YX 5847,BNA,LGA
4850,UA 556,EWR,AUS
4856,OO 5778,ORD,LGA
4858,YX 3471,EWR,CLT
4862,DL 2159,ATL,LGA
4863,YX 5992,BOS,JFK
4864,B6 474,TPA,EWR
4866,G7 4441,CLT,EWR
4869,DL 545,JFK,LAX
4872,YX 3718,MEM,EWR
4873,YX 3468,SRQ,EWR
4876,9E 4953,RIC,LGA
4879,9E 4893,RDU,JFK
4880,B6 709,JFK,DFW
4881,B6 840,PHX,EWR
4884,WN 1525,LGA,STL
4885,UA 2205,EWR,MIA
4887,DL 1674,DTW,LGA
4890,WN 786,LGA,STL
4901,AA 1597,CMH,LGA
4903,YX 3522,PBI,EWR
4911,UA 357,EWR,SAN
4914,OO 3816,EWR,DTW
4926,YX 3493,EWR,DFW
4928,WN 463,LGA,DAL
4930,DL 875,JFK,SAN
4933,DL 1109,JFK,RDU
4934,YX 3478,EWR,AUS
4940,B6 304,SJU,JFK
4946,9E 5486,CLE,LGA
4951,AA 1108,CLT,LGA
4953,WN 403,LGA,DAL
4956,AA 96,ORD,LGA
4962,YX 4484,CMH,LGA
4965,DL 652,LGA,TPA
4967,G7 4424,EWR,CVG
4972,YX 3465,ORD,LGA
4973,9E 4844,CLT,LGA
4975,YX 4611,LGA,DCA
4977,UA 324,DEN,EWR
4980,YX 4337,LGA,DCA
4984,DL 845,MCO,JFK
4985,AA 2434,DFW,LGA
4986,YX 5876,LGA,RIC
4988,DL 44,ATL,JFK
4990,WN 1908,LGA,STL
4997,DL 2377,LGA,DEN
5005,B6 482,SFO,EWR
5007,EV 3952,EWR,CHS
5015,WN 4133,LGA,MDW
5021,DL 812,JFK,FLL
5022,DL 319,LAX,JFK
5024,WN 2493,BNA,LGA
5026,YX 5645,ROC,LGA
5031,DL 640,SJU,JFK
5042,9E 4837,PWM,JFK
5043,DL 1863,EWR,SLC
5045,DL 1224,LAS,JFK
5047,UA 698,EWR,DEN
5052,WN 1878,MDW,LGA
5053,YX 3459,ORF,EWR
5056,YX 3604,PWM,EWR
5085,YX 5607,LGA,CLT
5090,UA 744,EWR,LAX
5092,YX 5944,RIC,LGA
5094,AA 1312,MIA,LGA
5096,UA 1299,LGA,DEN
5097,B6 918,EWR,BOS
5100,UA 2137,EWR,TPA
5104,AA 2195,MIA,JFK
5105,WN 1436,ATL,LGA
5106,AA 2261,EWR,CLT
5109,UA 1105,EWR,LAX
5119,AA 1888,DFW,LGA
5120,DL 408,DFW,LGA
5127,UA 2208,FLL,LGA
5132,DL 3192,ATL,LGA
5133,MQ 3595,EWR,ORD
5137,DL 765,JFK,SLC
5138,UA 779,MIA,EWR
5150,YX 3460,EWR,MCI
5151,UA 678,EWR,IAH
5158,DL 3071,EWR,ATL
5161,YX 4380,MSP,LGA
5162,DL 553,DEN,LGA
5175,DL 935,ATL,LGA
5178,DL 1236,LGA,DTW
5179,YX 4707,LGA,TYS
5181,YX 4490,LGA,MIA
5183,YX 3528,SAV,EWR
5186,WN 335,MCI,LGA
5189,UA 395,IAD,EWR
5203,MQ 4031,LGA,DAY
5207,YX 5723,LGA,PWM
5210,AA 2284,LGA,RDU
5216,9E 4822,ROC,LGA
5218,9E 4755,JFK,SAV
5219,OO 3827,EWR,DTW
5220,UA 402,EWR,TPA
5223,YX 3478,SDF,EWR
5224,DL 1476,EWR,DTW
5230,UA 2178,ORD,EWR
5232,DL 850,SLC,JFK
5237,AA 1287,LGA,ATL
5246,DL 2563,EWR,ATL
5247,9E 4798,STL,LGA
5257,YX 5926,RIC,LGA
5258,DL 404,LGA,MSP
5260,YX 4282,BNA,LGA
5267,UA 1188,IAD,EWR
5269,YX 5616,CHS,LGA
5272,DL 1577,JFK,JAX
5275,YX 4610,MVY,LGA
5277,C5 4904,EWR,BUF
5279,YX 5768,BOS,JFK
5280,EV 4016,CLE,EWR
5287,G7 4425,IND,EWR
5288,EV 4182,JAX,EWR
5292,B6 394,AUS,JFK
5294,DL 1625,LGA,ATL
5295,UA 738,TPA,EWR
5303,EV 4453,EWR,MKE
5306,UA 1226,PBI,EWR
5309,UA 1223,FLL,EWR
5316,9E 4857,DCA,JFK
5317,B6 2105,EWR,FLL
5319,DL 2063,JFK,TPA
5328,YX 3552,EWR,PBI
5331,UA 1630,EWR,PBI
5332,UA 375,CHS,EWR
5333,B6 443,EWR,PBI
5337,YX 3703,EWR,EYW
5347,UA 2327,EWR,BOS
5350,YX 5792,BOS,JFK
5353,UA 1618,RDU,EWR
5354,YX 3446,EWR,RDU
5355,YX 3661,STL,EWR
5356,YX 3523,EWR,DCA
5362,DL 978,JFK,MSP
5364,YX 3502,EWR,PWM
5367,DL 1410,JFK,RSW
5372,YX 4369,JFK,IND
5375,C5 4936,EWR,DCA
5376,DL 428,SAN,JFK
5390,UA 2360,DEN,EWR
5392,9E 5131,MSP,EWR
5399,DL 2991,FLL,JFK
5402,WN 3281,ATL,LGA
5406,YX 4505,LGA,ORF
5411,YX 3493,EWR,BNA
5412,YX 3511,EWR,ROC
5418,9E 4804,JFK,BUF
5421,G7 4555,GSO,EWR
5425,UA 1479,RSW,EWR
5427,9E 4849,EWR,CVG
5441,9E 4895,MSP,EWR
5444,YX 4454,LGA,BNA
5445,C5 4873,EWR,PVD
5446,YX 5599,LGA,GSO
5447,DL 1014,JFK,TPA
5451,9E 5210,EWR,CVG
5465,9E 4819,LGA,ORF
5466,YV 6135,LGA,IAD
5467,UA 506,LGA,IAH
5468,B6 2111,EWR,RSW
5477,UA 1497,ORD,LGA
5479,G7 4432,BUF,EWR
5486,YX 5641,LGA,BOS
5489,DL 790,DTW,LGA
5495,YX 3573,RIC,EWR
5496,YX 5637,RIC,LGA
5501,DL 1562,ATL,LGA
5502,WN 6769,LGA,MDW
5507,YX 3502,EWR,RIC
5510,YX 5617,LGA,CLE
5514,UA 2177,STL,EWR
5517,C5 5002,CLE,LGA
5518,UA 2416,MCO,LGA
5519,YX 5938,CMH,LGA
5525,YX 4290,LGA,RDU
5530,B6 141,EWR,PHX
5536,OO 3895,MSP,EWR
5554,DL 1452,JFK,LAS
5555,YV 6101,LGA,IAD
5561,9E 4785,LGA,TYS
5562,C5 4971,MSN,EWR
5564,G7 4443,RIC,EWR
5566,9E 4791,LGA,STL
5572,WN 1924,DAL,LGA
5573,G7 4404,GSP,EWR
5574,YX 4421,RDU,LGA
5583,AA 317,EWR,ORD
5588,9E 5270,LGA,PWM
5590,AA 1140,MIA,JFK
5591,YX 5616,LGA,CLE
5592,B6 723,JFK,LAX
5594,YX 3572,ORF,EWR
5599,G7 4415,EWR,STL
5602,DL 425,AUS,JFK
5605,MQ 4035,DAY,LGA
5618,9E 5449,LGA,CLE
5619,DL 312,JFK,LAX
5622,DL 2741,ORD,LGA
5626,OO 4079,MKE,LGA
5630,G7 4584,RIC,EWR
5631,UA 450,EWR,DEN
5633,YX 4403,ORF,LGA
5634,AS 371,EWR,SFO
5638,DL 2794,TPA,JFK
5643,YX 5616,IND,JFK
5646,G7 4411,DTW,EWR
5651,B6 1753,JFK,PBI
5655,WN 1922,MDW,LGA
5657,YX 3498,EWR,PWM
5663,DL 401,JFK,SEA
5665,YX 3542,ORD,LGA
5666,YX 5799,JFK,BOS
5671,G7 4576,EWR,CVG
5674,9E 4986,JFK,BNA
5679,YX 5683,JFK,BOS
5680,DL 1102,EWR,MSP
5683,EV 4079,ORD,LGA
5697,DL 1191,LGA,ORD
5698,B6 2198,MCO,LGA
5705,AA 1942,LGA,CLT
5706,9E 4875,IND,JFK
5708,9E 4755,MSP,EWR
5713,DL 1204,LAX,JFK
5717,DL 1786,EWR,ATL
5719,NK 224,MCO,LGA
5721,B6 2879,BOS,EWR
5724,UA 444,ORD,LGA
5729,EV 4238,ROC,EWR
5731,B6 944,BZN,JFK
5735,DL 693,JFK,FLL
5736,UA 2374,EWR,SFO
5743,YX 3482,EWR,IND
5745,AS 46,SEA,JFK
5747,UA 631,PHX,EWR
5748,DL 3061,LGA,ORD
5755,AA 1057,LGA,DFW
5756,UA 655,BOS,EWR
5759,DL 1055,MCO,JFK
5760,B6 2128,MCO,EWR
5765,WN 2468,LGA,DEN
5775,9E 5039,JFK,SRQ
5778,YX 4435,LGA,CAK
5779,UA 245,EWR,MCO
5781,YV 6072,LGA,IAH
5783,AA 2120,LGA,DCA
5785,WN 2257,HOU,LGA
5791,NK 3288,MCO,EWR
5794,DL 325,MCO,JFK
5796,YX 3409,EWR,CMH
5800,YX 4270,BNA,LGA
5807,YX 3499,CVG,EWR
5809,C5 4892,EWR,RDU
5812,DL 2668,DCA,JFK
5815,MQ 3595,ORD,EWR
5824,AA 1994,DFW,LGA
5827,9E 4851,JFK,SYR
5828,WN 900,HOU,LGA
5829,YX 4580,LGA,SDF
5833,WN 5856,LGA,MDW
5834,AA 2029,EWR,CLT
5835,AA 304,LGA,RDU
5836,YX 5886,LGA,JAX
5839,DL 693,SEA,JFK
5843,DL 1960,DTW,JFK
5845,DL 1778,ATL,LGA
5847,DL 1391,ATL,JFK
5850,DL 1537,LGA,MIA
5852,UA 1628,EWR,DEN
5862,YX 3414,EWR,DTW
5880,YX 5926,LGA,RIC
5883,WN 482,MDW,LGA
5897,DL 1335,MSP,JFK
5905,YX 4551,EWR,ORD
5906,WN 1653,LGA,BNA
5910,G4 2501,EWR,SAV
5916,G7 6207,EWR,RDU
5922,WN 3206,LGA,MDW
5926,YX 5886,JAX,LGA
5931,UA 1121,PBI,LGA
5932,DL 1128,JFK,BOS
5939,UA 1105,EWR,PBI
5942,OO 3828,LGA,CAE
5945,9E 4967,SAV,JFK
5953,UA 1571,SFO,EWR
5963,YX 6037,MCI,LGA
5970,WN 1136,DEN,LGA
5973,9E 4916,LGA,CVG
5976,YX 6110,LGA,RSW
5979,UA 1174,MIA,EWR
5983,C5 4898,EWR,DCA
5984,YX 3589,PWM,EWR
5987,DL 306,STL,LGA
5990,UA 245,EWR,DEN
5992,UA 1152,SFO,EWR
5993,YX 3527,EWR,BUF
5998,9E 4936,EWR,DTW
6002,WN 1878,LGA,BNA
6003,YX 5810,BNA,LGA
6004,UA 2003,RSW,LGA
6007,9E 4820,PIT,LGA
6008,OO 3827,LGA,CAE
6009,B6 1974,TPA,EWR
6029,UA 1458,EWR,PBI
6030,EV 3982,CVG,EWR
6031,G7 4516,EWR,GSO
6033,WN 3210,LGA,MDW
6035,UA 341,EWR,FLL
6041,DL 2160,ATL,LGA
6053,C5 4968,JAX,EWR
6054,UA 284,EWR,MCO
6055,DL 1320,MIA,JFK
6057,DL 388,JFK,DTW
6058,WN 558,LGA,TPA
6060,UA 213,EWR,FLL
6064,UA 2244,EWR,MCO
6073,UA 369,EWR,PBI
6079,DL 1171,DTW,LGA
6085,9E 4889,JFK,BUF
6087,OO 5703,LGA,ORD
6090,UA 570,EWR,RDU
6091,YX 4285,PBI,LGA
6094,UA 555,ORD,EWR
6098,DL 272,ATL,JFK
6099,C5 4955,EWR,GRR
6104,DL 1198,SLC,EWR
6107,G7 4436,EWR,STL
6114,UA 625,EWR,SAN
6116,9E 4755,IAD,JFK
6123,DL 3120,MSP,LGA
6125,DL 1202,DEN,JFK
6126,YX 4602,LGA,EYW
6129,C5 4945,EWR,PVD
6132,9E 4885,SDF,LGA
6134,UA 1083,EWR,ORD
6135,DL 757,TPA,LGA
6141,NK 50,EWR,CLT
6161,NK 3202,FLL,LGA
6171,DL 1063,JFK,SJU
6174,YX 5674,BOS,LGA
6179,UA 335,EWR,FLL
6180,YX 5607,LGA,BOS
6182,DL 446,JFK,PDX
6184,DL 2023,MCO,JFK
6194,YX 4339,BOS,LGA
6196,G4 2500,CVG,EWR
6197,C5 4890,EWR,ROC
6201,YX 3594,EWR,AUS
6209,DL 982,LGA,ORD
6220,UA 332,EWR,ATL
6223,AA 2273,JFK,BOS
6235,DL 788,SLC,JFK
6236,YX 3716,SAV,EWR
6237,DL 1046,ATL,LGA
6240,WN 4810,LGA,MSY
6256,DL 1754,MIA,LGA
6258,UA 261,EWR,MCO
6259,UA 282,EWR,FLL
6267,NK 1010,FLL,EWR
6275,DL 1621,PBI,LGA
6276,MQ 4031,DAY,LGA
6278,YX 3403,EWR,DCA
6280,YX 3635,LGA,ORD
6282,DL 1479,DTW,JFK
6292,9E 5178,SAV,JFK
6294,DL 772,SLC,JFK
6297,YX 3439,DCA,EWR
6301,DL 918,LGA,MCO
6303,YX 5984,LGA,MCI
6305,YX 3415,EWR,CVG
6318,YV 6020,LGA,IAH
6319,C5 4882,EWR,CHS
6320,B6 738,SJU,JFK
6323,YV 6310,LGA,IAH
6326,9E 4769,RDU,LGA
6329,DL 760,MCO,JFK
6335,B6 1074,BNA,JFK
6338,UA 734,MCO,EWR
6339,G7 4558,EWR,ROC
6341,G7 4482,CLT,EWR
6354,UA 248,EWR,IAH
6361,9E 4815,EWR,DTW
6365,YX 5990,PIT,LGA
6371,WN 1545,ATL,LGA
6375,B6 2317,BOS,EWR
6382,DL 809,SLC,JFK
6387,B6 218,JFK,BOS
6397,B6 2327,EWR,MCO
6405,DL 697,ATL,LGA
6407,YX 3546,EWR,ATL
6409,YX 6139,LGA,SDF
6413,AA 2552,CLT,EWR
6414,YX 3592,EWR,ORF
6417,WN 4837,MDW,LGA
6418,EV 4391,EWR,BNA
6420,DL 766,ORD,LGA
6428,YX 3500,JAX,EWR
6437,UA 444,SAN,EWR
6439,YX 5962,LGA,MEM
6441,B6 674,TPA,EWR
6455,WN 437,HOU,LGA
6466,MQ 4227,ORD,LGA
6469,DL 1462,EWR,DTW
6470,9E 4829,JFK,ORF
6471,YX 3637,ORF,EWR
6472,9E 5168,JFK,CVG
6480,DL 931,ATL,LGA
6495,DL 1476,DTW,EWR
6498,WN 909,LGA,ATL
6504,DL 2202,JFK,CLT
6506,UA 2250,LAS,EWR
6508,DL 1335,FLL,JFK
6518,G7 4385,DTW,EWR
6523,YX 4287,BNA,LGA
6528,DL 1577,JAX,JFK
6531,9E 5010,EWR,CVG
6532,YX 5798,JFK,BOS
6538,OO 3611,EWR,DTW
6552,AA 2119,LGA,DCA
6553,C5 4869,EWR,IAD
6558,YX 3412,CLT,EWR
6564,DL 1186,EWR,SLC
6574,WN 403,BNA,LGA
6581,DL 723,SLC,JFK
6584,9E 5386,BTV,JFK
6593,YX 5869,JFK,IND
6597,YX 6090,LGA,BUF
6601,G7 4516,GSP,EWR
6602,YX 5965,BOS,LGA
6606,9E 4637,MSP,EWR
6610,DL 1593,BOS,LGA
6611,YX 3483,EWR,ATL
6612,B6 1426,TPA,JFK
6624,DL 479,EWR,ATL
6625,9E 5009,JFK,ROC
6627,DL 1795,MIA,JFK
6628,DL 913,LGA,DFW
6631,YX 3453,CLT,EWR
6637,DL 2194,MCO,JFK
6639,9E 5179,JFK,IAD
6642,EV 4013,EWR,SYR
6646,WN 2707,ATL,LGA
6649,B6 1524,LAX,JFK
6658,NK 1190,EWR,PBI
6664,YX 5616,LGA,IND
6666,DL 503,ATL,EWR
6669,WN 1161,MCI,LGA
6673,B6 544,PBI,EWR
6678,C5 4978,EWR,PVD
6682,NK 51,CLT,EWR
6689,YX 5868,LGA,BUF
6690,UA 602,IAH,EWR
6699,UA 1768,IAH,EWR
6701,C5 4824,ROC,EWR
6706,WN 287,DAL,LGA
6711,YX 5719,BOS,LGA
6712,UA 743,EWR,FLL
6721,WN 364,DAL,LGA
6724,UA 2235,IAH,LGA
6729,UA 1732,SFO,EWR
6733,DL 1060,ATL,EWR
6744,AA 2336,EWR,ORD
6752,UA 399,RSW,EWR
6754,WN 2130,LGA,BNA
6756,DL 1360,BOS,JFK
6761,G7 4436,EWR,DTW
6763,YX 4997,LGA,DCA
6772,UA 1023,SFO,EWR
6775,UA 1596,PBI,EWR
6778,YV 6328,LGA,IAH
6780,DL 2685,ATL,LGA
6786,9E 4958,LGA,CLT
6789,YX 4716,EWR,ORD
6790,EV 4098,IND,EWR
6804,G7 4431,EWR,DCA
6808,UA 552,ORD,EWR
6810,C5 4990,EWR,GSP
6812,YX 4425,CMH,LGA
6818,AA 1148,JAC,LGA
6822,9E 5446,BNA,JFK
6823,YX 3439,CLE,EWR
6827,EV 4175,LGA,ORD
6834,DL 2544,FLL,LGA
6843,DL 2929,TPA,JFK
6844,AA 159,MIA,JFK
6865,YX 6103,LGA,RSW
6873,YX 5630,LGA,PIT
6879,YX 4393,CMH,LGA
6880,YX 3466,EWR,STL
6886,DL 2745,DFW,LGA
6894,NK 1207,EWR,LAS
6908,DL 2097,FLL,JFK
6921,AS 221,EWR,LAX
6928,C5 4880,CAK,EWR
6933,G7 4488,CMH,EWR
6940,C5 4896,IAD,EWR
6941,9E 4776,JFK,RDU
6942,YX 6089,MKE,LGA
6947,UA 673,SEA,EWR
6948,WN 2122,LGA,ATL
6950,DL 379,JFK,PDX
6962,YX 6067,LGA,MCI
6963,WN 1339,ATL,LGA
6965,AA 1706,JFK,MIA
6977,AA 850,MIA,JFK
6987,YX 3440,IAD,EWR
6994,AA 1247,LGA,ORD
7001,UA 2109,IAD,EWR
7005,YX 3564,EWR,RDU
7021,UA 1417,EWR,CLE
7029,C5 5010,MEM,EWR
7030,AA 1192,RDU,LGA
7033,UA 1591,SEA,EWR
7038,OO 5216,ORD,LGA
7048,B6 2427,EWR,MCO
7051,DL 941,IAH,LGA
7052,OO 3611,MSP,EWR
7054,DL 427,JFK,ATL
7057,YX 3543,EWR,JAX
7061,DL 2065,EWR,ATL
7070,DL 1705,LGA,ATL
7073,WN 3450,LGA,STL
7076,DL 1365,JFK,CLT
7079,OO 5680,ORD,LGA
7086,DL 199,DTW,JFK
7093,YX 6035,LGA,RDU
7099,EV 3972,BNA,EWR
7108,YX 5645,JFK,ORD
7111,UA 410,EWR,LAX
7119,DL 313,TPA,LGA
7120,NK 2323,SJU,EWR
7131,UA 2435,MIA,EWR
7133,9E 4870,STL,LGA
7134,DL 1590,TPA,LGA
7139,OO 3946,LGA,CLT
7147,YX 5650,ORD,LGA
7148,YX 5622,SDF,LGA
7154,9E 4760,ORD,JFK
7155,9E 4848,LGA,PWM
7165,WN 4056,ATL,LGA
7173,YX 6061,LGA,ROC
7179,AA 1193,CLT,LGA
7186,YX 4337,BOS,LGA
7190,YX 3656,BNA,EWR
7200,YX 3627,EWR,IAD
7202,9E 4840,ROC,JFK
7205,YX 5651,LGA,BOS
7207,9E 4928,ORF,LGA
7210,C5 5005,JAX,EWR
7211,DL 1019,MSP,JFK
7213,DL 1655,EWR,ATL
7224,WN 3792,LGA,MDW
7228,DL 2871,JFK,BOS
7229,DL 1731,FLL,JFK
7235,DL 2104,MSP,JFK
7236,DL 1046,JFK,TPA
7241,9E 4805,JFK,ORD
7248,UA 792,BOS,EWR
7250,UA 1784,STT,EWR
7255,YX 3475,DCA,EWR
7257,YX 3461,CMH,EWR
7264,F9 2555,EWR,TPA
7268,9E 4956,JFK,BTV
7274,YX 4848,LGA,MIA
7279,WN 1140,LGA,MDW
7284,YX 3408,EWR,SYR
7290,UA 800,SLC,EWR
7291,C5 4951,SYR,EWR
7292,YX 5640,LGA,CMH
7293,9E 5089,LGA,ORF
7297,9E 5016,EWR,DTW
7306,WN 483,LGA,MDW
7309,G7 4403,IND,EWR
7313,YX 4822,LGA,MIA
7318,B6 939,JFK,SJU
7319,YX 5794,LGA,RIC
7324,YX 3567,ORF,EWR
7329,UA 2209,PBI,EWR
7330,DL 1375,FLL,JFK
7333,WN 1933,ATL,LGA
7334,9E 5241,DTW,JFK
7338,YX 5648,LGA,PIT
7341,9E 4702,JFK,DTW
7352,YX 3574,SAV,EWR
7354,OO 5744,LGA,ORD
7364,YV 6029,LGA,IAH
7374,DL 511,SAN,JFK
7377,DL 894,LGA,MIA
7380,YX 3442,EWR,BNA
7381,B6 104,SJU,JFK
7382,UA 769,EWR,MSY
7383,C5 4364,EWR,IAD
7384,B6 610,DFW,JFK
7385,9E 5194,JFK,DTW
7386,YX 3471,EWR,SAV
7390,UA 1544,EWR,PHX
7396,DL 830,LGA,ATL
7399,UA 1745,EWR,BOS
7400,YX 3443,EWR,BUF
7412,YX 6096,LGA,RIC
7413,UA 1467,RSW,EWR
7418,YX 4794,MIA,EWR
7421,WN 278,MCI,LGA
7428,DL 747,LGA,FLL
7430,9E 4893,JFK,ORF
7433,EV 4133,PWM,EWR
7436,9E 4928,LGA,ORF
7441,DL 273,JFK,ATL
7446,WN 781,DAL,LGA
7447,DL 572,DTW,EWR
7448,DL 2015,MCO,JFK
7450,UA 283,MIA,EWR
7457,YX 5614,SRQ,LGA
7462,EV 4404,CHS,EWR
7479,DL 1382,RDU,JFK
7481,DL 1370,MIA,LGA
7485,AA 612,LAX,JFK
7502,DL 637,JFK,SEA
7503,DL 828,LGA,DFW
7510,UA 285,ORD,EWR
7517,YX 3582,DFW,EWR
7520,YX 3543,EWR,MEM
7522,B6 2963,JFK,SRQ
7527,WN 480,MDW,LGA
7538,DL 651,LAX,JFK
7546,UA 664,MIA,EWR
7551,YX 5801,CLT,LGA
7557,B6 17,BOS,JFK
7558,YX 3651,BOS,EWR
7561,UA 1003,EWR,TPA
7566,B6 2926,TPA,JFK
7568,UA 276,FLL,EWR
7573,UA 342,EWR,FLL
7583,B6 1648,LAS,JFK
7585,UA 2453,SRQ,EWR
7599,G7 4433,EWR,DCA
7603,G7 4408,EWR,CLT
7606,YX 4503,ILM,LGA
7607,AA 304,DFW,LGA
7615,DL 1989,MCO,JFK
7619,WN 3378,LGA,MDW
7632,AA 190,JFK,MIA
7634,YX 4394,LGA,ILM
7636,UA 693,TPA,LGA
7638,WN 266,ATL,LGA
7647,UA 1600,FLL,EWR
7648,9E 4913,JFK,CLE
7658,OO 3723,SYR,LGA
7659,UA 1890,EWR,MCO
7661,YX 5778,LGA,RDU
7666,WN 235,LGA,ATL
7692,WN 1568,LGA,BNA
7700,YX 3611,ROC,EWR
7702,UA 645,EWR,ATL
7703,WN 154,LGA,STL
7706,YX 5753,LGA,PIT
7715,G7 4437,BUF,EWR
7727,DL 1770,PBI,LGA
7733,DL 242,JFK,SLC
7736,DL 693,FLL,JFK
7739,NK 2421,EWR,LAS
7747,UA 792,EWR,AUS
7748,DL 412,JFK,MSP
7749,WN 1730,STL,LGA
7751,AA 345,LGA,CLT
7757,YX 3443,ATL,EWR
7764,YX 5888,LGA,MEM
7768,YX 3496,DFW,EWR
7775,YX 3551,EWR,CLT
7781,9E 4787,LGA,GSP
7794,9E 5218,CVG,EWR
7799,YX 4492,LGA,CMH
7809,DL 3015,LGA,MCO
7821,C5 4878,EWR,JAX
7824,WN 1913,DAL,LGA
7825,UA 1457,EWR,IAH
7836,YX 5947,MKE,LGA
7841,9E 5493,BNA,LGA
7842,WN 3597,LGA,MCI
7855,DL 2684,EWR,ATL
7856,WN 1131,LGA,MDW
7872,B6 664,JAX,EWR
7876,OO 3647,EWR,MSP
7880,9E 4637,EWR,MSP
7885,B6 86,RDU,JFK
7886,C5 4930,EWR,ORF
7888,DL 1084,MIA,JFK
7893,UA 208,AUS,EWR
7897,NK 1098,EWR,MCO
7914,C5 4871,EWR,BUF
7915,YX 3540,EWR,PWM
7930,UA 669,EWR,CLE
7933,EV 4118,SYR,EWR
7941,YX 5813,LGA,ORD
7944,DL 2787,LAX,JFK
7954,EV 3978,EWR,CAK
7955,YX 3681,EWR,CHS
7957,YV 6078,LGA,IAD
7961,YX 5668,DCA,LGA
7969,AS 449,PDX,EWR
7970,DL 2108,LGA,ORD
7972,C5 4949,EWR,ROC
7974,UA 572,EWR,FLL
7976,DL 935,SLC,JFK
7982,C5 4872,IAD,EWR
7990,G7 4538,EWR,GSO
7995,NK 221,LGA,DTW
7998,DL 1102,MSP,EWR
8003,DL 942,JFK,MCO
8004,UA 1451,TPA,EWR
8013,UA 1568,PHX,EWR
8017,B6 25,JFK,TPA
8022,UA 441,MIA,EWR
8028,B6 527,EWR,MCO
8030,DL 1018,MCO,LGA
8032,YX 3497,DCA,EWR
8037,YX 3405,EWR,SAV
8038,YX 5657,DCA,LGA
8040,AA 2439,DFW,JFK
8047,DL 1088,JFK,DEN
8062,DL 812,FLL,JFK
8063,YX 3476,ORF,EWR
8065,C5 4878,EWR,CMH
8068,DL 667,PBI,LGA
8070,YX 3628,MCI,EWR
8072,C5 4953,EWR,SYR
8080,DL 1076,LGA,FLL
8088,B6 1390,SJU,EWR
8091,WN 1156,LGA,BNA
8094,B6 1903,JFK,SJU
8096,B6 853,JFK,PBI
8099,OO 4146,LGA,BNA
8119,9E 4756,LGA,CVG
8120,YX 3625,LGA,ORD
8125,UA 2116,LGA,FLL
8127,YX 5932,LGA,CAE
8131,AA 1396,LGA,CLT
8139,9E 4884,LGA,GRR
8144,UA 742,EWR,MCO
8147,9E 4886,BGR,LGA
8150,UA 453,EWR,DEN
8162,DL 374,LGA,DFW
8164,9E 5390,LGA,CHA
8166,YX 5722,CLT,LGA
8168,B6 118,EWR,BOS
8172,DL 2202,JFK,RSW
8180,9E 4980,ORF,JFK
8181,WN 2766,LGA,BNA
8187,YX 3421,EWR,CLT
8193,B6 2913,JFK,LGB
8198,AA 801,BOS,JFK
8209,B6 1805,EWR,FLL
8213,UA 590,SJU,EWR
8214,DL 1555,ATL,EWR
8219,DL 838,SLC,JFK
8223,WN 6005,LGA,BNA
8227,WN 449,MDW,LGA
8230,EV 4051,EWR,IND
8235,YX 4319,BOS,LGA
8240,UA 1620,RDU,EWR
8251,DL 324,LAX,JFK
8253,B6 1616,SFO,JFK
8255,YX 4822,MIA,LGA
8257,YX 5597,LGA,CMH
8260,YX 5703,LGA,CLT
8273,UA 355,ATL,EWR
8288,UA 2009,EWR,MIA
8289,DL 1408,FLL,LGA
8297,YX 3454,CVG,EWR
8302,DL 1132,DFW,LGA
8308,WN 2874,MDW,LGA
8309,DL 846,LAX,JFK
8314,DL 466,ORD,LGA
8319,UA 246,IAH,EWR
8323,YX 3581,PIT,EWR
8325,WN 971,LGA,DEN
8336,UA 272,EWR,DFW
8344,DL 719,JFK,SLC
8357,DL 397,ATL,JFK
8359,9E 5210,MKE,LGA
8364,WN 2118,LGA,MDW
8367,YX 3657,SAV,EWR
8370,9E 4824,ROC,JFK
8371,DL 702,JFK,PHX
8381,9E 4850,STL,LGA
8389,9E 4933,LGA,MSN
8391,YX 3587,EWR,PWM
8393,UA 2359,RSW,EWR
8400,YX 5984,MCI,LGA
8403,C5 4934,EWR,BNA
8405,DL 2168,ATL,LGA
8406,UA 1549,EWR,FLL
8412,DL 1345,LGA,MSP
8414,UA 1842,ORD,EWR
8416,DL 871,LGA,MSP
8419,UA 251,RIC,EWR
8421,YX 5640,LGA,BOS
8428,OO 3827,DTW,EWR
8434,AA 2218,CLT,JFK
8435,DL 2473,ATL,JFK
8442,C5 4900,PVD,EWR
8443,DL 1018,TPA,JFK
8446,DL 315,DTW,LGA
8450,WN 2085,LGA,STL
8460,DL 635,JFK,STT
8462,YX 3691,PIT,EWR
8466,9E 4833,MKE,LGA
8474,9E 4969,LGA,CLT
8486,UA 434,EWR,BNA
8503,YX 4457,LGA,PHL
8505,DL 858,JFK,SFO
8518,YV 6015,LGA,IAD
8521,C5 4891,EWR,STL
8523,YX 4934,LGA,MIA
8524,9E 5164,LGA,JAX
8525,WN 3337,LGA,MCI
8547,EV 4167,EWR,CHS
8549,YX 3622,SAT,EWR
8554,UA 1704,EWR,TPA
8555,UA 1854,SLC,EWR
8562,DL 2626,LGA,ORD
8567,B6 1030,RSW,JFK
8583,YX 3487,EWR,SRQ
8585,YX 5891,EWR,BOS
8586,9E 5169,JFK,ORD
8587,WN 953,LGA,MDW
8588,9E 4803,LGA,RDU
8592,DL 702,PHX,JFK
8595,MQ 3745,LGA,DAY
8601,B6 1954,PBI,JFK
8606,9E 5465,JFK,BNA
8607,UA 1076,FLL,EWR
8613,9E 4643,EWR,MSP
8621,WN 3422,LGA,DEN
8623,UA 507,SAN,EWR
8638,DL 664,ATL,LGA
8642,9E 5118,LGA,MSN
8643,B6 94,AUS,JFK
8656,WN 4799,LGA,STL
8662,YX 5812,LGA,BNA
8666,NK 56,EWR,ATL
8667,UA 494,EWR,ORD
8673,G7 4505,SYR,EWR
8676,WN 2309,LGA,ATL
8683,DL 1072,LGA,ORD
8686,WN 2737,DEN,LGA
8689,DL 234,LAX,JFK
8692,DL 1111,LGA,DTW
8697,YX 3669,EWR,CLE
8698,WN 2172,MDW,LGA
8711,UA 661,SFO,EWR
8716,YX 3488,EWR,IND
8719,UA 1111,EWR,IAD
8722,UA 215,MIA,EWR
8726,DL 1265,MIA,LGA
8729,UA 564,DEN,EWR
8734,9E 5225,CVG,JFK
8739,EV 4284,CMH,EWR
8742,YX 3510,LGA,IAD
8744,YX 3533,CLT,EWR
8747,DL 869,MCO,JFK
8748,UA 1155,EWR,MIA
8749,UA 791,ORD,EWR
8752,9E 4939,LGA,CVG
8768,B6 1712,RSW,EWR
8778,9E 5377,JFK,DFW
8789,YX 4782,BOS,LGA
8795,G7 4422,EWR,CVG
8796,DL 530,LGA,ATL
8798,YX 6118,MEM,LGA
8804,9E 5273,MSN,LGA
8809,9E 4789,JFK,PWM
8814,G7 4401,EWR,STL
8822,YX 6098,LGA,STL
8827,YX 3596,EWR,MSP
8839,DL 1661,ATL,EWR
8842,YX 3489,EWR,AUS
8847,G4 1905,VPS,EWR
8848,YX 5632,BOS,JFK
8854,9E 4875,JFK,IND
8866,DL 769,ATL,EWR
8870,DL 1381,MIA,JFK
8878,UA 1125,SEA,EWR
8879,G7 4466,DTW,EWR
8883,YX 5606,CMH,LGA
8884,DL 757,LGA,TPA
8889,9E 4939,JFK,IAD
8891,UA 2203,EWR,DEN
8892,UA 229,IAD,EWR
8893,AA 966,MIA,JFK
8896,NK 1062,LGA,FLL
8897,DL 1834,ATL,LGA
8905,YX 5975,LGA,DCA
8906,9E 4796,LGA,RDU
8910,AA 2556,CLT,JFK
8912,OO 5256,ORD,LGA
8919,EV 4097,JAX,EWR
8920,DL 1487,SLC,EWR
8922,DL 945,DTW,LGA
8928,WN 1671,HOU,LGA
8932,DL 779,FLL,JFK
8943,EV 4176,ORD,LGA
8946,NK 52,EWR,CLE
8947,MQ 4177,PIT,LGA
8950,B6 2236,PHX,JFK
8953,YX 5614,JFK,BNA
8966,YX 5633,BOS,JFK
8976,WN 1048,STL,LGA
8985,DL 706,JFK,SLC
8991,WN 2700,BNA,LGA
8993,UA 2279,MCO,EWR
9007,YX 3523,EWR,CLT
9015,DL 2850,LGA,DFW
9016,UA 1682,EWR,SFO
9018,WN 170,ATL,LGA
9025,WN 1181,LGA,ATL
9035,G7 4387,EWR,DTW
9038,YX 3627,RSW,EWR
9041,WN 526,DAL,LGA
9042,YX 5798,PIT,LGA
9043,G7 4426,EWR,BUF
9044,EV 4024,EWR,MEM
9047,9E 4798,LGA,STL
9048,YX 6015,LGA,IND
9050,DL 1750,MIA,JFK
9060,C5 4870,CMH,EWR
9061,YX 3533,JAX,EWR
9079,DL 2206,JFK,AUS
9095,WN 3360,ATL,LGA
9102,YX 5647,BNA,LGA
9120,DL 435,AUS,JFK
9131,DL 1327,MIA,JFK
9136,G7 4398,EWR,IND
9139,YX 3488,BOS,EWR
9141,DL 1823,RSW,LGA
9150,9E 4700,EWR,DTW
9151,YX 3416,CLT,EWR
9154,YV 6128,IAH,LGA
9159,9E 4784,JFK,IAD
9160,UA 366,BOS,EWR
9161,9E 4891,CVG,LGA
9164,YX 3663,EWR,STL
9168,9E 4862,JFK,BOS
9169,UA 1263,MCO,EWR
9170,DL 3117,ORD,LGA
9174,UA 376,DEN,EWR
9183,9E 5170,JFK,SAV
9187,UA 2203,JAX,EWR
9189,UA 223,IAD,EWR
9219,EV 4131,EWR,SAV
9224,B6 1225,JFK,TPA
9232,9E 4774,LGA,MSN
9233,G7 4447,EWR,ORF
9234,NK 1189,BOS,EWR
9237,YX 3493,EWR,ORF
9240,9E 4823,JFK,SYR
9246,YX 4322,LGA,BOS
9258,EV 4410,EWR,BUF
9261,C5 4936,EWR,CLE
9269,DL 1644,JFK,FLL
9276,YX 5658,JFK,DCA
9277,9E 4913,JFK,BOS
9281,YX 4683,LGA,ORD
9282,WN 4070,LGA,MDW
9295,WN 1687,LGA,BNA
9312,OO 3968,CAE,LGA
9313,DL 708,LGA,MIA
9331,UA 1977,IAH,EWR
9332,WN 634,LGA,HOU
9334,9E 5170,SAV,JFK
9341,UA 1031,IAH,EWR
9348,UA 697,BNA,EWR
9349,YX 3590,EWR,SYR
9352,DL 1063,SJU,JFK
9358,C5 4907,EWR,IND
9361,B6 2677,JFK,JAX
9365,YX 3465,EWR,BOS
9367,C5 5015,GSO,EWR
9392,WN 2126,STL,LGA
9396,DL 1042,DEN,JFK
9397,UA 299,ORD,EWR
9401,DL 735,ATL,JFK
9405,YX 3526,EWR,SAT
9416,WN 5662,LGA,MDW
9422,YX 6093,LGA,CLT
9429,DL 687,LGA,DFW
9437,WN 245,BNA,LGA
9444,DL 2156,ATL,LGA
9445,WN 4513,LGA,MDW
9448,YX 3416,EWR,ATL
9456,DL 1655,ATL,EWR
9468,WN 138,BWI,LGA
9469,WN 2817,ATL,LGA
9471,MQ 4035,LGA,DAY
9488,YX 5922,MSY,LGA
9490,DL 1451,JFK,DTW
9501,DL 762,MIA,LGA
9506,YV 6094,LGA,IAH
9514,UA 38,EWR,BNA
9524,UA 305,DEN,LGA
9538,YX 4551,ORD,EWR
9540,YX 3610,ROC,EWR
9550,YX 5901,LGA,MCI
9554,9E 5453,LGA,CVG
9555,YX 5665,BNA,LGA
9557,WN 384,MDW,LGA
9568,YX 4477,LGA,CLE
9569,MQ 4175,LGA,PIT
9570,DL 1746,LGA,TPA
9574,UA 971,EWR,LAS
9575,UA 435,EWR,CLT
9584,EV 3968,CHS,EWR
9588,YX 3526,EWR,ATL
9590,DL 398,DFW,LGA
9605,9E 5216,PIT,LGA
9614,9E 4868,LGA,TYS
9627,YX 3718,PIT,EWR
9630,DL 2131,JFK,ATL
9633,9E 5087,CVG,LGA
9634,UA 228,AUS,EWR
9636,YX 4402,PIT,LGA
9637,YX 5903,BOS,LGA
9649,UA 2498,LAS,EWR
9651,YX 3646,JAX,EWR
9656,YX 3657,EWR,BUF
9661,G7 4437,EWR,CLE
9663,WN 4851,DEN,LGA
9669,B6 1783,JFK,MCO
9671,DL 1608,LGA,ATL
9698,9E 4753,LGA,MSN
9702,EV 4033,SDF,EWR
9705,DL 3061,ATL,EWR
9710,DL 1074,SFO,JFK
9711,UA 332,EWR,BUF
9717,UA 387,ORD,LGA
9718,9E 4897,JFK,ORD
9723,DL 1401,MCO,LGA
9725,WN 2025,LGA,MDW
9731,YV 6282,LGA,IAD
9734,C5 4989,EWR,ALB
9738,G7 4412,EWR,STL
9740,YX 4866,MIA,LGA
9742,YX 5617,LGA,CMH
9749,WN 3384,TPA,LGA
9752,UA 211,CHS,EWR
9754,WN 2354,LGA,ATL
9758,G7 6186,EWR,DTW
9759,9E 4848,PWM,LGA
9764,G7 4420,STL,EWR
9772,DL 1030,LGA,PBI
9776,UA 1166,SRQ,EWR
9781,YX 5800,JFK,BOS
9789,DL 2335,LGA,FLL
9810,9E 5199,JFK,DTW
9819,YX 3560,EWR,IAD
9828,B6 172,FLL,LGA
9837,YX 5992,CLE,LGA
9839,DL 418,JFK,ATL
9847,9E 4900,CLE,LGA
9850,DL 1482,MIA,LGA
9855,YX 5664,LGA,MCI
9856,9E 4833,RIC,LGA
9862,OO 3775,LGA,PIT
9865,YX 6001,JAX,LGA
9868,AA 315,LGA,ORD
9877,UA 339,EWR,DEN
9895,UA 726,EWR,ORD
9898,DL 2688,JFK,PHX
9906,YX 6122,LGA,MEM
9907,AA 461,RDU,LGA
9908,DL 910,DEN,JFK
9910,NK 3219,MCO,EWR
9918,9E 5089,ORF,LGA
9926,OO 3954,LGA,SYR
9931,YX 6025,ROC,LGA
9932,DL 673,LGA,DTW
9941,YX 3626,STL,EWR
9954,UA 1568,MCO,LGA
9956,AA 2494,MIA,JFK
9967,9E 4854,BOS,JFK
9976,UA 2244,SFO,EWR
9983,9E 4996,EWR,MSP
9994,C5 4936,SAV,EWR
10000,DL 1853,JFK,SJU
10013,AA 33,LGA,RDU
10014,DL 443,DTW,LGA
10016,G7 4610,SYR,EWR
10017,9E 4810,DFW,JFK
10019,YX 5614,LGA,MVY
10027,DL 847,DTW,JFK
10028,DL 668,SEA,JFK
10039,B6 408,FLL,JFK
10042,AA 2228,CLT,EWR
10048,G7 4556,GSO,EWR
10051,UA 809,EWR,CLE
10055,9E 4762,LGA,JAX
10066,NK 605,LGA,FLL
10073,DL 2778,DTW,EWR
10080,AA 2490,LGA,MIA
10082,UA 308,PBI,EWR
10088,G4 413,EWR,TYS
10090,DL 697,FLL,LGA
10108,UA 391,LGA,MCO
10109,B6 216,SFO,JFK
10126,AA 1869,LGA,RDU
10139,YX 4320,BOS,LGA
10147,DL 639,SJU,JFK
10150,C5 4988,EWR,ORF
10153,YX 4678,CVG,LGA
10160,DL 2864,ATL,EWR
10167,YX 3493,BNA,EWR
10171,B6 2403,JFK,SJU
10172,UA 1723,IAD,EWR
10175,UA 380,IAH,EWR
10181,DL 982,BOS,LGA
10200,UA 399,AUS,EWR
10205,UA 2248,BOS,EWR
10212,G4 1311,CVG,EWR
10216,DL 1050,LAX,JFK
10218,AA 88,DFW,LGA
10234,UA 233,ORD,LGA
10248,UA 510,LGA,ORD
10249,OO 4084,LGA,MKE
10250,UA 734,EWR,BOS
10251,9E 4804,LGA,ACK
10254,YX 4600,LGA,MIA
10263,WN 456,LGA,MCI
10271,WN 1796,DAL,LGA
10274,EV 4051,EWR,JAX
10282,OO 3949,CHS,LGA
10291,DL 1447,JFK,FLL
10294,YX 4459,LGA,BNA
10309,9E 5113,STL,LGA
10326,9E 5032,JFK,BGR
10351,C5 4982,EWR,GRR
10381,DL 520,SEA,JFK
10384,DL 817,LGA,TPA
10396,YX 3417,EWR,BNA
10398,9E 4895,EWR,RDU
10401,YX 3431,DTW,EWR
10407,WN 1521,LGA,DAL
10413,9E 5203,JFK,ORD
10414,YX 6032,RIC,LGA
10421,9E 4833,LGA,RIC
10424,C5 4367,IAD,EWR
10431,YV 6179,LGA,IAH
10433,YX 4301,BNA,LGA
10440,9E 4929,LGA,CVG
10442,WN 1430,LGA,DAL
10445,9E 5148,BNA,LGA
10447,DL 408,LGA,DTW
10450,DL 376,DFW,LGA
10451,YX 3406,EWR,DFW
10460,DL 1163,LGA,ATL
10467,9E 5453,LGA,SYR
10470,YX 4324,LGA,BOS
10483,EV 4173,ORD,LGA
10486,YX 6103,RSW,LGA
10493,MQ 3495,LGA,SAV
10512,DL 1512,BNA,JFK
10515,AA 1281,EWR,DFW
10516,UA 1138,EWR,FLL
10524,DL 974,ORD,LGA
10526,9E 5409,GRR,LGA
10529,YX 3549,ORF,EWR
10531,AA 1025,MIA,JFK
10540,YX 3457,STL,EWR
10546,UA 1229,RSW,EWR
10552,WN 810,DEN,LGA
10557,WN 595,LGA,ATL
10562,UA 231,DEN,EWR
10570,YX 3530,EWR,JAX
10585,WN 344,DAL,LGA
10587,YX 3419,EWR,PVD
10597,OO 4102,CLE,LGA
10601,DL 8794,JFK,ATL
10616,DL 1427,RDU,JFK
10618,DL 690,LGA,GSP
10620,YX 4709,LGA,CAE
10628,UA 362,EWR,ORD
10634,EV 4008,EWR,BTV
10635,YX 3625,EWR,DTW
10650,DL 1237,LGA,PBI
10659,EV 4365,CLE,EWR
10662,DL 742,LGA,MSP
10665,DL 1010,ATL,EWR
10669,OH 5358,LGA,ORF
10677,C5 4905,CMH,EWR
10678,B6 1986,RDU,JFK
10681,YX 4415,ACK,LGA
10683,YX 3432,SAV,EWR
10684,NK 1196,RSW,EWR
10685,WN 373,LGA,BNA
10688,G7 4469,STL,EWR
10696,9E 5306,CLE,LGA
10698,9E 4795,PWM,LGA
10699,DL 1987,JFK,FLL
10706,YV 6056,IAD,LGA
10712,WN 390,LGA,DEN
10724,YX 4579,LGA,SDF
10725,AA 738,PHX,JFK
10731,YX 4777,LGA,MIA
10732,YV 6153,IAH,LGA
10750,UA 202,EWR,FLL
10751,OO 3860,MSP,EWR
10754,YX 3481,PWM,EWR
10755,B6 2480,EWR,BOS
10758,UA 2446,RSW,EWR
10766,UA 1621,EWR,STL
10777,UA 333,CHS,EWR
10780,YX 4794,EWR,MIA
10781,9E 4664,SAV,JFK
10784,DL 3071,ATL,EWR
10785,DL 1537,FLL,LGA
10788,WN 981,LGA,HOU
10795,B6 1718,MSP,JFK
10801,EV 4900,EWR,CAK
10804,C5 4922,ORF,EWR
10805,YX 6136,IND,LGA
10807,UA 2271,MCO,EWR
10810,C5 4967,EWR,TYS
10813,9E 5270,PWM,LGA
10818,DL 710,LGA,DTW
10839,DL 2967,LGA,BOS
10847,DL 2174,ATL,EWR
10860,AA 2601,LGA,ATL
10862,YX 5633,LGA,RDU
10871,9E 4782,LGA,CVG
10874,YX 3473,CVG,EWR
10879,ZW 4849,IAD,LGA
10885,YX 3435,DCA,EWR
10888,AA 490,JFK,PHX
10892,UA 1077,EWR,DEN
10896,DL 730,JFK,ATL
10903,WN 195,HOU,LGA
10913,YX 5636,JFK,RIC
10914,WN 160,LGA,BWI
10916,YV 6242,IAH,LGA
10922,UA 1978,MCO,EWR
10923,DL 1245,LGA,MIA
10933,DL 1379,FLL,JFK
10936,B6 1171,JFK,FLL
10941,AA 1319,LGA,PIT
10944,YX 4669,LGA,CMH
10949,DL 572,EWR,DTW
10956,YX 5621,LGA,PIT
10960,YV 6155,IAD,LGA
10962,B6 884,MCO,JFK
10973,YX 5614,LGA,SRQ
10977,9E 4863,LEX,LGA
10987,YX 4748,LGA,MIA
10988,9E 5105,JFK,SYR
11000,DL 3182,ATL,LGA
11002,YX 5621,LGA,RDU
11003,G7 4488,EWR,PIT
11004,DL 890,ATL,JFK
11024,B6 2042,SAV,JFK
11027,YX 3447,EWR,PIT
11036,WN 4014,LGA,DAL
11045,AA 409,CLT,JFK
11049,C5 4873,EWR,CAK
11050,EV 4138,RIC,EWR
11061,YX 5635,BOS,LGA
11085,YX 3610,RIC,EWR
11086,OO 3813,LGA,BHM
11092,OO 4142,LGA,GSO
11098,C5 4874,EWR,GSO
11102,YX 3469,EWR,CLT
11104,UA 2459,EWR,BOS
11111,YX 3557,EWR,SAV
11113,WN 156,LGA,ATL
11116,UA 2375,LGA,DEN
11128,OO 3959,EWR,MSP
11135,DL 419,LGA,ORD
11138,AA 952,ATL,LGA
11146,YX 3430,CVG,EWR
11152,UA 1803,EWR,FLL
11157,DL 2195,JFK,FLL
11164,UA 2325,EWR,RDU
11168,9E 4942,LGA,MEM
11170,DL 3022,BOS,JFK
11171,YX 5771,CMH,LGA
11173,YX 4503,LGA,GSO
11180,YX 4714,MIA,EWR
11186,YX 5650,LGA,RDU
11188,WN 979,LGA,MCI
11191,B6 1873,EWR,LAX
11198,G7 6255,DTW,EWR
11212,YX 3558,EWR,ORF
11214,YX 3534,EWR,DFW
11234,DL 1217,DEN,JFK
11247,9E 5415,JFK,BUF
11257,EV 3970,MKE,EWR
11260,YX 4271,RIC,LGA
11264,YX 3608,GRR,EWR
11278,UA 287,ORD,EWR
11280,DL 2018,JFK,RDU
11295,9E 5509,ORD,JFK
11307,9E 4906,LGA,PIT
11318,WN 2741,LGA,BNA
11320,AA 2120,DCA,LGA
11321,DL 1291,JFK,MSP
11332,G7 4452,ORF,EWR
11333,WN 3348,LGA,ATL
11355,DL 422,ATL,JFK
11363,ZW 3817,LGA,IAD
11374,NK 159,FLL,LGA
11375,AA 1252,LGA,CLT
11390,WN 5191,LGA,BNA
11418,YX 3663,EWR,ROC
11420,DL 1504,DTW,JFK
11423,9E 4770,PWM,JFK
11427,9E 4783,RIC,JFK
11437,YX 5643,LGA,CLT
11438,DL 1030,PBI,LGA
11446,YX 3443,CMH,EWR
11453,9E 5362,DSM,LGA
11456,F9 1353,LGA,MIA
11463,YX 4714,EWR,MIA
11467,UA 1287,EWR,BUF
11487,G7 4456,EWR,SYR
11492,UA 1612,DFW,EWR
11499,WN 548,LGA,DAL
11521,YX 4405,LGA,BNA
11522,AA 2860,RDU,LGA
11532,WN 371,LGA,MKE
11535,DL 546,MIA,JFK
11540,YX 5605,GSO,LGA
11543,AA 1059,MIA,EWR
11549,DL 1047,JFK,SLC
11552,DL 2519,LGA,FLL
11559,G7 4425,GRR,EWR
11573,DL 316,ATL,LGA
11578,YX 4556,RDU,LGA
11583,OO 3799,GSO,LGA
11585,WN 1048,LGA,TPA
11588,WN 3346,LGA,DAL
11592,DL 725,JFK,BOS
11600,B6 1506,FLL,EWR
11613,EV 4400,PVD,EWR
11620,9E 5122,LGA,RDU
11627,YX 3492,EWR,MSP
11629,YX 3621,PVD,EWR
11630,NK 1097,MCO,EWR
11635,DL 402,LGA,ORD
11649,DL 1135,ATL,JFK
11657,OO 3816,DTW,EWR
11664,C5 4962,CLE,EWR
11665,C5 4871,IAD,LGA
11682,DL 819,PHX,JFK
11683,WN 193,HOU,LGA
11695,DL 352,LGA,MIA
11706,YX 3412,MCI,EWR
11715,DL 1187,LGA,FLL
11722,UA 444,RSW,EWR
11727,NK 2310,FLL,EWR
11730,NK 1059,FLL,EWR
11735,EV 4238,PWM,EWR
11736,YX 4510,ILM,LGA
11760,UA 2453,RSW,EWR
11762,WN 496,LGA,BNA
11789,G7 4439,EWR,ORF
11790,DL 942,MCO,JFK
11793,DL 550,JFK,LAX
11803,YX 3594,MSP,EWR
11804,C5 4812,PVD,EWR
11817,AA 1705,LGA,ATL
11822,9E 5056,DTW,EWR
11841,9E 4785,TYS,LGA
11846,DL 1592,LGA,ATL
11853,YX 3532,EWR,JAX
11856,UA 768,MTJ,EWR
11861,UA 2352,LAX,EWR
11870,WN 1800,LGA,STL
11871,DL 1065,LGA,ORD
11872,UA 376,MCO,EWR
11881,B6 308,FLL,JFK
11884,WN 5875,STL,LGA
11888,UA 441,LGA,ORD
11890,UA 1836,EWR,MCO
11891,UA 458,EWR,FLL
11895,UA 526,TPA,EWR
11896,MQ 4236,ORD,EWR
11898,YX 6006,MCI,LGA
11917,AA 1597,LGA,CMH
11918,AA 2909,ORD,LGA
11932,DL 1396,LGA,RSW
11942,DL 1104,JFK,ATL
11949,YX 3601,IAD,EWR
11951,B6 274,TPA,EWR
11969,UA 688,IAD,LGA
11975,C5 4887,EWR,PVD
11980,OO 3559,CLE,LGA
11996,YX 5620,LGA,BHM
12000,YX 5660,LGA,GRR
12002,YX 3468,DTW,EWR
12006,UA 2439,SFO,EWR
12010,WN 2256,ATL,LGA
12012,EV 4269,DCA,EWR
12043,UA 2229,FLL,EWR
12044,DL 1311,DTW,LGA
12048,WN 5432,LGA,TPA
12054,WN 3422,STL,LGA
12073,WN 727,LGA,MDW
12077,C5 4979,PQI,EWR
12081,9E 4934,LGA,GSP
12084,G7 4410,IND,EWR
12089,DL 1229,EWR,DTW
12095,UA 574,EWR,STL
12096,YX 5619,LGA,BOS
12098,WN 344,LGA,MDW
12102,UA 521,PHX,EWR
12113,DL 933,JFK,MSP
12115,EV 4357,EWR,MEM
12129,WN 2052,STL,LGA
12130,WN 436,LGA,MDW
12143,YX 5644,BOS,LGA
12158,YX 6123,CMH,JFK
12161,DL 1825,RSW,JFK
12164,9E 5111,DTW,JFK
12168,AA 1348,LGA,CLT
12174,WN 5566,LGA,BNA
12177,G7 4465,STL,EWR
12185,YX 3514,EWR,IAD
12188,YX 3414,SAT,EWR
12192,EV 4062,EWR,SAV
12196,WN 6501,LGA,ATL
12197,DL 1250,MIA,JFK
12208,UA 1828,ORD,EWR
12214,WN 1579,LGA,ATL
12230,YX 5622,LGA,SDF
12231,C5 4993,EWR,BUF
12232,DL 1634,JFK,CLT
12234,DL 2097,JFK,FLL
12239,DL 1036,JFK,SEA
12243,9E 5210,LGA,MKE
12250,9E 5255,JFK,PIT
12251,UA 472,RDU,EWR
12253,G7 4529,RIC,EWR
12276,C5 4890,EWR,ALB
12284,C5 4896,EWR,SAV
12292,YX 5670,LGA,CMH
12293,DL 1684,ORD,LGA
12294,G7 4556,EWR,CVG
12297,YX 3591,AUS,EWR
12307,9E 4774,JFK,IND
12316,DL 3059,LGA,BOS
12323,UA 392,PHX,EWR
12328,YX 5674,BOS,JFK
12361,UA 455,MCO,EWR
12362,9E 4859,IAD,JFK
12364,NK 1036,SJU,EWR
12371,UA 283,EWR,MCO
12383,YX 4280,LGA,PHL
12386,YX 4859,LGA,MIA
12404,WN 2742,TPA,LGA
12415,WN 251,LGA,HOU
12416,DL 1948,JFK,FLL
12417,C5 5015,EWR,SAV
12424,DL 417,LGA,ATL
12425,YX 4744,MIA,LGA
12429,YX 5618,PIT,LGA
12432,YX 3552,EWR,IND
12441,YX 3591,MSP,EWR
12442,UA 361,EWR,IND
12445,YX 4437,CAK,LGA
12448,YX 3421,EWR,PVD
12463,NK 708,FLL,LGA
12468,YV 6053,LGA,IAH
12493,9E 4920,STL,LGA
12499,YV 6044,IAH,LGA
12509,UA 2219,EWR,PBI
12510,WN 927,LGA,MSY
12515,DL 392,LAX,JFK
12518,YX 3415,CHS,EWR
12521,9E 5138,LGA,MSY
12527,YX 5597,JFK,JAX
12528,WN 6017,LGA,ATL
12530,B6 2911,JFK,LAS
12543,G7 4388,EWR,STL
12548,UA 654,EWR,MCO
12574,YX 5635,CLT,LGA
12577,WN 2508,STL,LGA
12586,DL 1306,JFK,SEA
12588,MQ 3363,IND,LGA
12591,DL 1206,JFK,LAX
12604,YX 4441,LGA,CLE
12613,UA 641,LGA,FLL
12629,UA 1739,MCO,EWR
12634,AA 2187,ORD,LGA
12638,9E 4874,LGA,ROC
12645,YX 5720,EYW,LGA
12647,UA 222,EWR,MIA
12651,YX 3413,BNA,EWR
12652,DL 1156,JFK,DTW
12663,YX 5610,LGA,CLE
12669,DL 492,LGA,DTW
12696,UA 1966,PBI,EWR
12703,WN 4128,LGA,MDW
12711,YX 3508,MSY,EWR
12726,YX 3578,RDU,EWR
12739,YX 5717,BOS,JFK
12740,UA 249,BOS,EWR
12744,EV 4234,EWR,DCA
12747,DL 699,LGA,ORD
12761,WN 6109,BNA,LGA
12768,UA 439,IAH,LGA
12771,YX 3509,EWR,CMH
12773,DL 738,EWR,SLC
12785,YX 5636,DCA,LGA
12791,OO 3801,LGA,GRR
12793,AA 250,DFW,LGA
12797,9E 4818,JFK,BTV
12799,9E 4927,JFK,PWM
12818,MQ 4101,ORD,EWR
12831,DL 418,JFK,PDX
12834,YX 3512,DCA,EWR
12844,9E 4975,LGA,STL
12851,9E 5413,BNA,LGA
12853,WN 2193,MDW,LGA
12854,EV 4049,MEM,EWR
12862,YX 3543,EWR,BNA
12864,YX 5640,LGA,ROC
12867,YX 5981,GRR,LGA
12872,UA 2293,SFO,EWR
12881,YX 5670,LGA,DCA
12886,EV 4394,MSN,EWR
12887,AA 264,MIA,LGA
12888,UA 447,MCO,EWR
12889,DL 1207,LGA,MSP
12890,C5 5014,EWR,MSN
12901,YX 3415,EWR,ATL
12907,YX 5611,LGA,IND
12909,DL 1125,JFK,JAC
12923,YX 4454,BNA,LGA
12925,9E 4889,BUF,JFK
12926,C5 4937,EWR,PVD
12932,WN 2154,ATL,LGA
12938,9E 4872,RIC,JFK
12940,YX 5782,CLT,LGA
12952,9E 4796,DTW,EWR
12953,YX 5652,LGA,RIC
12960,B6 383,MCO,JFK
12961,UA 1588,FLL,LGA
12965,WN 410,DAL,LGA
12992,G7 4438,DTW,EWR
12995,EV 4226,LGA,ORD
12997,WN 2049,LGA,STL
13007,YX 3466,DFW,EWR
13013,AA 2692,DFW,LGA
13047,DL 3094,LGA,MSY
13061,YX 4610,LGA,MVY
13064,YX 3530,EWR,PWM
13070,AA 2310,MIA,LGA
13072,UA 348,EWR,CHS
13078,AA 131,MIA,LGA
13086,UA 496,EWR,SEA
13090,9E 4795,JFK,JAX
13095,C5 4917,STL,EWR
13096,WN 964,LGA,TPA
13109,UA 599,EWR,IAH
13111,WN 776,DEN,LGA
13115,DL 684,JFK,SJU
13119,WN 3586,LGA,MCI
13120,YX 4767,MIA,LGA
13121,UA 1027,EWR,CLT
13140,B6 198,FLL,LGA
13147,DL 938,LGA,MCO
13150,AA 834,LGA,CLT
13158,OO 3828,CAE,LGA
13160,OO 3666,LGA,MKE
13170,YX 3705,EWR,CLE
13184,9E 5204,JFK,DTW
13205,DL 2996,LGA,RSW
13208,DL 2598,JFK,FLL
13223,DL 1935,DFW,LGA
13228,UA 331,AUS,EWR
13229,UA 360,EWR,AUS
13232,UA 1153,EWR,LAS
13234,9E 4872,JFK,RIC
13239,C5 4865,CMH,EWR
13256,MQ 3883,LGA,CAE
13262,YX 5649,LGA,MCI
13272,UA 762,FLL,EWR
13278,AA 33,RDU,LGA
13281,WN 2630,LGA,ATL
13283,WN 406,LGA,DEN
13287,OO 3856,LGA,GRR
13288,OO 3602,CHS,LGA
13291,YX 4556,LGA,RDU
13313,G7 4435,EWR,DCA
13320,YX 3503,EWR,SAV
13321,YV 6033,IAH,LGA
13324,9E 5489,JFK,CLE
13327,AA 2663,LGA,RDU
13340,9E 4651,LGA,RIC
13364,UA 1598,JAX,EWR
13365,YX 3620,STL,EWR
13373,ZW 3820,LGA,IAD
13381,WN 1052,DEN,LGA
13389,DL 1994,LGA,MCO
13391,YX 3549,EWR,ORF
13393,B6 589,JFK,SAN
13394,WN 1102,LGA,ATL
13405,YX 5625,LGA,GSO
13415,YX 3682,EWR,GSP
13426,YX 3484,JAX,EWR
13429,UA 364,EWR,ORD
13434,YX 3614,EWR,CLE
13435,YX 3661,EWR,MSY
13445,YX 3508,DFW,EWR
13450,9E 5038,CHS,LGA
13461,DL 2222,JFK,TPA
13463,OO 4084,MKE,LGA
13466,DL 1529,LGA,FLL
13473,UA 273,EWR,MCO
13488,B6 1013,JFK,PSP
13491,UA 354,EWR,MCO
13498,YX 3612,GRR,EWR
13524,NK 3155,EWR,IAH
13530,C5 4876,EWR,CLE
13554,G7 4399,EWR,RIC
13557,YX 4783,BOS,LGA
13560,C5 5024,EWR,RIC
13575,DL 437,DFW,LGA
13576,AA 787,EGE,JFK
13577,YX 3526,PWM,EWR
13580,AA 388,EWR,MIA
13585,9E 4908,STL,LGA
13605,OO 3589,SAV,LGA
13610,C5 4865,EWR,STL
13613,DL 1076,PBI,LGA
13619,YX 5614,EWR,DTW
13636,WN 3262,TPA,LGA
13637,UA 576,LGA,ORD
13646,AA 1851,EWR,MIA
13656,EV 4365,EWR,CHS
13667,UA 1675,IAH,EWR
13672,DL 330,SEA,JFK
13684,B6 2061,LGA,RSW
13686,B6 74,TPA,EWR
13690,YX 3638,RIC,EWR
13692,WN 3336,ATL,LGA
13703,YV 6366,IAH,LGA
13706,DL 1291,MIA,LGA
13722,YX 5637,LGA,ORD
13729,YX 3417,ORD,LGA
13738,WN 751,LGA,DAL
13741,9E 4629,JFK,BOS
13744,DL 2039,BOS,LGA
13759,YV 6043,LGA,IAH
13761,OO 3824,LGA,CLE
13763,WN 2171,LGA,MDW
13776,YX 4666,PHL,LGA
13788,YX 5650,BNA,LGA
13793,UA 399,EWR,SAT
13800,UA 1555,EWR,LAX
13820,DL 1635,EWR,ATL
13823,DL 1348,JFK,MSP
13824,UA 694,CHS,EWR
13836,DL 1994,MCO,LGA
13843,B6 1004,SJU,JFK
13860,AA 810,CLT,JFK
13863,YX 5660,LGA,BNA
13865,C5 4865,CHS,EWR
13867,DL 399,JFK,ATL
13887,DL 409,SEA,JFK
13889,WN 1231,STL,LGA
13898,WN 960,LGA,DAL
13900,YX 3502,EWR,ORF
13908,G7 4428,BUF,EWR
13913,9E 4677,EWR,MSP
13918,9E 4879,STL,LGA
13940,YX 3423,EWR,MIA
13957,AA 2083,RDU,LGA
13966,YX 3420,BUF,EWR
13971,OO 3856,GRR,LGA
13979,UA 1646,PBI,EWR
13980,DL 1151,JFK,DTW
13992,YX 4276,CLT,JFK
14013,NK 3755,FLL,LGA
14030,UA 405,AUS,EWR
14035,B6 947,JFK,BZN
14040,EV 3970,BTV,EWR
14041,EV 4245,ROC,EWR
14051,C5 4868,EWR,JAX
14052,UA 387,HDN,EWR
14054,UA 774,EWR,PBI
14075,UA 543,EWR,LAS
14078,UA 561,MIA,EWR
14081,YX 3452,EWR,DCA
14101,DL 913,EWR,DTW
14105,G7 4450,EWR,RIC
14108,DL 311,JFK,SFO
14110,OO 3632,MSN,LGA
14120,DL 2993,LGA,DFW
14123,YX 3505,DFW,EWR
14131,9E 4804,EWR,DTW
14145,DL 1162,ATL,LGA
14147,YX 6001,LGA,JAX
14153,YX 3443,DCA,EWR
14160,OO 5433,LGA,ORD
14163,YX 5609,LGA,DCA
14170,UA 213,EWR,MCO
14174,C5 5020,GRR,EWR
14177,G7 4411,STL,EWR
14193,9E 4956,DTW,JFK
14199,YX 5648,PIT,LGA
14200,C5 4971,EWR,IAD
14203,9E 4842,LGA,ORF
14212,AA 2382,LGA,DFW
14225,UA 1896,SAN,EWR
14231,9E 5012,LGA,BNA
14242,UA 467,EWR,MIA
14245,UA 1084,SAN,EWR
14261,YX 3413,BOS,EWR
14273,YX 5608,CMH,LGA
14275,DL 629,SFO,JFK
14277,WN 1489,LGA,MDW
14293,C5 4345,EWR,PVD
14306,OO 3988,BHM,LGA
14313,B6 328,MCO,EWR
14324,YX 3460,EWR,CLT
14328,DL 2113,LGA,ATL
14331,YX 6026,GRR,LGA
14334,B6 2973,JFK,CHS
14338,9E 5090,EWR,RDU
14352,YX 3593,DFW,EWR
14353,YX 3460,JAX,EWR
14358,NK 925,LGA,TPA
14374,AA 168,LGA,ORD
14387,9E 5450,LGA,BNA
14388,DL 8811,JFK,ATL
14392,UA 343,CLE,EWR
14413,UA 1296,EWR,FLL
14425,9E 5420,LGA,CHO
14429,YX 3549,EWR,PVD
14430,DL 341,LAS,JFK
14445,YX 3646,ROC,EWR
14449,AA 361,ORD,LGA
14451,DL 1021,LGA,FLL
14456,NK 317,EWR,PBI
14459,YX 5701,JFK,ORD
14461,9E 4953,LGA,RIC
14475,DL 2127,TPA,LGA
14489,YX 5743,LGA,CLT
14511,YX 3612,DTW,EWR
14522,DL 677,JFK,LAS
14527,DL 1405,ORD,LGA
14538,NK 1748,MCO,EWR
14555,YX 3496,EWR,IND
14559,WN 5550,STL,LGA
14572,UA 1995,ORD,LGA
14573,YX 5971,IND,LGA
14585,WN 1708,DEN,LGA
14593,YX 3434,MIA,EWR
14595,9E 5085,RDU,EWR
14607,DL 1113,JFK,DTW
14625,UA 2176,SFO,EWR
14647,YX 3698,EWR,ATL
14660,YX 3697,PVD,EWR
14665,DL 1421,PBI,LGA
14704,9E 5290,LGA,SAV
14707,OH 5301,ORF,LGA
14721,YX 5625,RDU,LGA
14728,OO 3520,LGA,BOS
14732,WN 3787,LGA,BNA
14744,G7 6218,DTW,EWR
14748,YX 3424,EWR,DFW
14750,YX 4714,RDU,LGA
14751,UA 1613,EWR,FLL
14753,B6 1045,EWR,SAN
14762,YX 6067,MCI,LGA
14766,9E 4984,JFK,ROC
14777,UA 1476,EWR,IAH
14782,DL 1238,JFK,FLL
14795,C5 4823,ROC,EWR
14799,UA 204,ATL,EWR
14821,YX 5944,LGA,RIC
14824,YX 3733,ROC,EWR
14826,YX 3420,EWR,BNA
14860,DL 2270,MCO,LGA
14861,WN 286,ATL,LGA
14864,9E 5478,BNA,LGA
14878,AA 2059,LGA,ORD
14912,DL 983,MSP,LGA
14919,NK 1191,PBI,EWR
14934,UA 592,EWR,ATL
14944,WN 495,BNA,LGA
14947,AA 1806,LGA,CMH
14951,G7 4504,CVG,EWR
14963,DL 789,MSP,JFK
14966,YX 6136,LGA,IND
14976,C5 4362,PVD,EWR
14978,UA 424,SEA,EWR
14985,9E 4824,JFK,ROC
14995,WN 882,LGA,DEN
14998,YX 5762,JFK,DCA
15000,C5 5007,BTV,EWR
15001,9E 5078,JFK,DCA
15004,C5 4991,IAD,LGA
15009,9E 5275,ORF,JFK
15066,ZW 3831,LGA,IAD
15069,DL 879,JFK,MIA
15077,9E 5433,LGA,GSO
15085,DL 503,EWR,ATL
15117,DL 3113,MSP,LGA
15123,9E 4792,IND,JFK
15127,AA 458,JFK,CLT
15140,AA 1025,EWR,ORD
15157,YX 6002,LGA,RIC
15192,DL 2154,LGA,MCO
15202,DL 1484,STL,LGA
15203,YX 5743,ORD,JFK
15227,C5 4294,EWR,ROC
15230,DL 783,LGA,RSW
15234,DL 3094,MSY,LGA
15238,UA 1612,RDU,EWR
15248,AA 1757,LGA,CLT
15253,WN 4899,LGA,STL
15256,YX 3576,EWR,ORF
15271,G7 4436,PIT,EWR
15281,AA 771,MIA,JFK
15287,WN 286,LGA,DAL
15302,MQ 3475,LGA,ILM
15311,YX 4277,CMH,JFK
15312,F9 1482,ORD,EWR
15316,C5 5009,EWR,GSP
15317,WN 4614,LGA,STL
15327,UA 330,RDU,EWR
15342,YX 3600,PWM,EWR
15346,YX 3485,PIT,EWR
15347,YX 4508,LGA,ILM
15349,DL 516,STT,JFK
15355,WN 1573,LGA,DEN
15394,DL 329,JFK,SEA
15407,MQ 3580,LGA,CHO
15408,UA 1067,RSW,EWR
15414,9E 4844,JFK,DCA
15435,OH 5290,LGA,ORF
15452,C5 4870,EWR,CHS
15464,AA 2213,LGA,MIA
15475,B6 2009,JFK,FLL
15480,G7 4577,RIC,EWR
15483,DL 1203,JFK,LAX
15496,UA 2226,EWR,PHX
15498,YX 3429,AUS,EWR
15511,WN 126,LGA,MDW
15512,DL 886,BOS,LGA
15517,WN 2562,MCI,LGA
15519,AA 2855,EWR,CLT
15529,DL 343,LGA,ATL
15539,DL 1694,LGA,ORD
15549,DL 760,JFK,MCO
15552,DL 354,LGA,ATL
15555,YX 6026,LGA,GRR
15566,WN 250,ATL,LGA
15571,WN 2186,DEN,LGA
15579,AA 2128,LGA,DCA
15595,WN 836,HOU,LGA
15616,DL 675,JFK,SLC
15619,YX 4593,LGA,RIC
15626,B6 138,BQN,JFK
15643,YX 3740,EWR,CVG
15655,9E 4894,SYR,JFK
15667,DL 2153,ORD,LGA
15670,YX 4337,LGA,BOS
15680,G4 1338,SAV,EWR
15688,C5 4284,EWR,BUF
15693,DL 808,EWR,DTW
15698,WN 4725,LGA,MSY
15701,DL 1754,LGA,MIA
15713,YX 3580,EWR,CHS
15723,DL 2126,MCO,JFK
15734,NK 3181,ATL,EWR
15737,DL 875,DEN,JFK
15743,YV 6153,LGA,IAD
15744,AA 29,LGA,ORD
15747,YX 4285,LGA,PBI
15757,9E 4924,TYS,LGA
15758,YX 5664,MCI,LGA
15770,UA 280,EWR,MIA
15774,G7 6267,EWR,DTW
15781,NK 3188,ORD,LGA
15790,B6 271,LGA,FLL
15818,UA 693,EWR,MCO
15830,G7 4392,CMH,EWR
15837,DL 1047,SFO,JFK
15844,YX 5654,CLT,LGA
15879,9E 4672,DTW,EWR
15895,B6 84,JFK,MCO
15898,YX 5736,DCA,LGA
15902,WN 123,MDW,LGA
15906,UA 425,IAH,EWR
15909,YX 3668,PIT,EWR
15910,DL 434,LGA,ATL
15917,AA 2834,CLT,EWR
15931,G7 4452,EWR,RIC
15936,YX 3496,EWR,RDU
15938,YX 3547,EWR,CLE
15957,UA 512,LGA,ORD
15961,WN 364,MCI,LGA
15965,WN 1741,LGA,MDW
15997,AA 2023,LGA,DFW
16029,DL 540,PHX,JFK
16032,DL 1882,JFK,DEN
16059,UA 530,MIA,EWR
16068,C5 4951,EWR,ROC
16071,9E 5383,CLT,LGA
16073,YX 5601,RDU,JFK
16094,YX 3557,EWR,MCI
16095,9E 5178,JFK,SAV
16101,WN 702,LGA,ATL
16109,YX 6070,MEM,LGA
16110,YX 3641,BUF,EWR
16133,C5 4948,EWR,ROC
16134,DL 1685,SLC,JFK
16141,DL 322,EWR,ATL
16153,WN 5003,LGA,DEN
16165,UA 1862,EWR,ATL
16170,YX 6014,DCA,LGA
16183,DL 2286,EWR,DTW
16188,YX 4503,LGA,ILM
16189,YX 5599,BOS,JFK
16190,YX 3567,ATL,EWR
16194,YX 5770,JFK,DTW
16206,9E 5349,DTW,EWR
16208,DL 448,LGA,ORD
16213,UA 1086,LGA,PBI
16239,YX 3415,DCA,EWR
16252,UA 2143,EWR,SJU
16291,YX 5646,BNA,JFK
16292,UA 995,FLL,EWR
16323,WN 768,BNA,LGA
16325,YX 3563,EWR,BOS
16359,C5 4909,CVG,EWR
16360,G7 4398,CMH,EWR
16364,UA 380,EWR,IAH
16367,EV 4345,EWR,GRR
16371,DL 476,LGA,DTW
16373,UA 2350,CLE,EWR
16378,WN 474,MDW,LGA
16386,9E 4945,CLT,LGA
16388,C5 4937,EWR,ALB
16393,G7 4404,CVG,EWR
16400,YX 5922,CAE,LGA
16402,DL 2210,LGA,MCO
16404,WN 1361,STL,LGA
16409,WN 2956,LGA,DAL
16410,YX 4499,LGA,CMH
16417,9E 4825,JFK,JAX
16426,YX 5879,LGA,MSN
16474,G7 6190,DTW,EWR
16484,9E 5060,CLE,JFK
16489,YX 4429,ACK,LGA
16491,UA 213,CLT,EWR
16493,WN 859,LGA,MDW
16514,DL 1521,CHS,JFK
16519,YX 3550,EWR,BNA
16530,YX 3570,LGA,ORD
16551,AA 1287,ATL,LGA
16555,YX 3596,EYW,EWR
16557,OO 3614,LGA,SYR
16581,DL 1704,ATL,LGA
16584,AA 297,LGA,ATL
16596,9E 5392,GSP,LGA
16602,UA 528,MIA,EWR
16616,C5 4286,ROC,EWR
16621,G7 4440,EWR,STL
16632,YX 6022,LGA,STL
16660,UA 335,EWR,MTJ
16666,G7 4556,EWR,RIC
16672,WN 1,ATL,LGA
16696,WN 3382,LGA,HOU
16714,YX 3470,EWR,SAV
16725,UA 2407,MTJ,EWR
16728,YX 3472,EWR,GRR
16752,9E 4920,MHT,LGA
16765,9E 5038,JFK,IAD
16780,DL 1632,MSP,LGA
16784,OO 4119,BOS,LGA
16790,YX 4363,XNA,LGA
16797,9E 5502,SAV,LGA
16809,DL 479,JFK,LAS
16811,ZW 3894,LGA,IAD
16823,WN 296,LGA,MDW
16844,UA 684,EWR,FLL
16848,UA 526,EWR,BOS
16849,B6 295,JFK,AUS
16880,9E 4756,JFK,CHS
16894,9E 4987,LGA,RDU
16896,YX 6122,EWR,BOS
16908,OO 3716,DTW,EWR
16961,UA 1601,MIA,EWR
16964,9E 5038,EWR,DTW
16969,9E 4868,TYS,LGA
16975,WN 424,DEN,LGA
16981,AA 1884,DFW,LGA
16989,DL 1343,PBI,LGA
16991,B6 1602,FLL,JFK
16994,YX 3629,EWR,RDU
17002,YX 3418,EWR,BNA
17026,YV 6146,IAD,LGA
17039,YX 5967,RDU,LGA
17045,YX 5630,JFK,BNA
17079,9E 4959,LGA,MCI
17082,G7 4408,STL,EWR
17086,YX 3630,PBI,EWR
17118,DL 1264,JFK,FLL
17119,YX 3485,CVG,EWR
17125,YX 3519,EWR,IAD
17139,B6 361,JFK,SMF
17144,C5 4900,EWR,CAK
17203,UA 784,EWR,IND
17212,WN 1136,LGA,HOU
17224,DL 1661,EWR,ATL
17232,WN 1002,DEN,LGA
17242,YX 3567,EWR,PIT
17243,YX 3417,EWR,EYW
17245,YX 3565,LGA,ORD
17250,OO 5238,ORD,LGA
17256,G7 4504,EWR,RIC
17263,EV 4011,EWR,RIC
17269,AA 1445,DFW,LGA
17276,DL 1107,JFK,SFO
17293,9E 4693,JFK,ORD
17300,YX 5675,JFK,BOS
17302,YX 6133,CLT,LGA
17306,C5 4283,EWR,BTV
17308,C5 5010,EWR,MEM
17311,B6 2830,RSW,JFK
17319,OO 3846,CHS,LGA
17340,YX 3423,CVG,EWR
17344,YX 3521,EWR,PBI
17357,G7 4430,EWR,STL
17358,YX 3408,EWR,STL
17386,YX 5630,IND,LGA
17392,EV 3996,EWR,BNA
17403,YX 3510,IAD,EWR
17449,YX 5962,LGA,MKE
17450,YX 6078,JFK,DCA
17455,WN 244,HOU,LGA
17459,G4 2511,EWR,CVG
17478,UA 1814,PHX,EWR
17492,YX 3622,IAD,EWR
17538,YX 5622,LGA,MIA
17548,C5 4917,BGR,EWR
17557,OO 3588,LGA,CHS
17581,DL 2170,LGA,TPA
17590,YX 3543,EWR,RSW
17597,9E 4842,LGA,BNA
17609,UA 776,ORD,EWR
17616,WN 200,STL,LGA
17635,WN 351,DEN,LGA
17646,YX 3540,EWR,ROC
17679,YX 5892,BOS,JFK
17681,B6 1302,EWR,FLL
17694,UA 1284,EWR,FLL
17720,DL 1073,JFK,MSP
17724,WN 2708,LGA,MDW
17738,DL 2019,JFK,SJC
17751,G7 4598,DCA,EWR
17768,UA 260,EWR,SAN
17775,OO 3519,MSP,EWR
17785,OO 3655,EWR,MSP
17808,YX 5590,JFK,BOS
17812,WN 710,LGA,DAL
17829,DL 369,JFK,LAX
17849,C5 5020,BUF,EWR
17852,UA 2375,MCO,LGA
17863,G7 4423,CVG,EWR
17878,UA 1022,EWR,SFO
17911,YX 3656,LGA,IAD
17918,9E 4743,JAX,JFK
17922,9E 5502,LGA,SAV
17928,G7 4459,EWR,DTW
17939,C5 4872,EWR,MEM
17946,EV 4037,ORD,LGA
17970,WN 342,LGA,MCI
17979,NK 926,TPA,LGA
17994,UA 642,LGA,TPA
17996,DL 1356,LGA,DFW
18011,9E 5218,EWR,CVG
18030,G7 4438,RIC,EWR
18037,YX 4580,SDF,LGA
18055,YX 4270,LGA,BNA
18061,9E 5017,LGA,CVG
18078,C5 5005,LGA,IAD
18080,UA 659,RSW,LGA
18090,B6 689,EWR,SJU
18091,UA 2155,LGA,ORD
18100,DL 1663,JFK,TPA
18103,OH 5586,CLT,EWR
18105,C5 4962,JAX,EWR
18106,NK 2701,LGA,FLL
18111,NK 319,BOS,EWR
18112,9E 5053,LGA,CVG
18113,NK 2267,EWR,FLL
18121,WN 3885,LGA,STL
18124,UA 620,EWR,PBI
18126,WN 196,LGA,HOU
18134,UA 210,EWR,RSW
18141,OO 3954,SYR,LGA
18142,B6 29,JFK,RSW
18143,YX 5878,EWR,BOS
18149,UA 487,LAX,EWR
18152,DL 375,LGA,DFW
18166,YV 6107,LGA,IAH
18180,G7 4387,EWR,RIC
18198,YX 4405,LGA,PWM
18200,YX 3610,EWR,PIT
18202,YX 3557,EWR,CVG
18217,B6 73,EWR,TPA
18231,F9 545,MCO,EWR
18232,C5 4289,ROC,EWR
18251,UA 482,EWR,TPA
18253,YV 6288,LGA,IAH
18269,DL 571,JFK,ATL
18278,UA 1139,EWR,PBI
18306,UA 307,EWR,CHS
18308,OO 3784,MCI,LGA
18312,YX 5946,MCI,LGA
18347,YX 3509,EWR,RDU
18352,WN 4882,LGA,MKE
18353,YX 3472,RDU,EWR
18356,F9 1483,EWR,ORD
18373,OO 3589,LGA,SAV
18374,DL 462,LGA,ATL
18393,YX 3414,EWR,ORF
18412,DL 571,SLC,EWR
18416,UA 617,EWR,SRQ
18442,WN 441,LGA,BNA
18446,WN 4944,LGA,STL
18448,DL 2123,LGA,ATL
18475,DL 1435,MSY,JFK
18477,DL 459,JFK,DEN
18488,DL 690,JFK,DEN
18500,ZW 4847,IAD,LGA
18502,DL 715,JFK,LAS
18515,OO 3816,DSM,LGA
18547,UA 2189,EWR,RSW
18565,YX 4288,RIC,LGA
18571,9E 5526,LGA,STL
18584,YX 4278,LGA,BNA
18596,AA 757,CLT,LGA
18609,9E 4905,LGA,ORF
18617,WN 2041,DAL,LGA
18642,G4 796,TYS,EWR
18650,YX 4421,LGA,PIT
18656,WN 6899,MDW,LGA
18663,YV 6079,LGA,IAD
18682,9E 4727,JFK,BOS
18685,UA 1601,EWR,ORD
18697,YX 3541,CHS,EWR
18702,9E 4651,RIC,LGA
18713,AA 2554,CLT,EWR
18723,YX 3401,EWR,PWM
18752,DL 1080,MCO,LGA
18765,UA 662,CHS,EWR
18778,YX 4463,LGA,BNA
18780,9E 5005,JFK,BOS
18810,C5 4923,EWR,CHS
18817,B6 614,PSP,JFK
18831,AA 2515,DFW,JFK
18839,AA 2286,DFW,LGA
18852,9E 5015,RDU,JFK
18857,DL 1872,JFK,FLL
18862,B6 110,ACK,LGA
18864,G7 4538,GSO,EWR
18883,DL 436,EWR,ATL
18896,EV 4125,MKE,EWR
18898,9E 4780,ORF,LGA
18899,YX 3537,BNA,EWR
18916,DL 416,LGA,TPA
18939,DL 397,JFK,ATL
18950,9E 4773,JFK,ORF
18960,UA 1121,EWR,SFO
18973,C5 5007,EWR,IAD
18984,OO 3853,LGA,BHM
18990,C5 4876,EWR,JAX
19063,DL 830,JFK,DEN
19084,YX 3650,EWR,DFW
19091,YX 3607,RDU,EWR
19098,WN 214,BWI,LGA
19101,YX 3519,PVD,EWR
19103,DL 1095,ATL,LGA
19136,YX 3456,EWR,JAX
19145,YX 3449,RSW,EWR
19147,WN 2214,LGA,MDW
19150,9E 5134,DFW,JFK
19152,9E 4974,IND,JFK
19155,AA 1319,PIT,LGA
19179,YX 3423,EWR,RSW
19194,MQ 4177,LGA,PWM
19219,UA 271,EWR,CHS
19244,YX 3434,BUF,EWR
19261,AA 2432,EWR,ORD
19264,DL 695,FLL,LGA
19277,YX 4530,LGA,DTW
19286,YX 3606,RDU,EWR
19292,YX 3638,EWR,IAD
19295,YX 5603,LGA,BOS
19300,EV 4335,EWR,MKE
19305,9E 4986,DTW,EWR
19320,WN 2103,LGA,DEN
19322,UA 476,LAS,EWR
19324,YX 3534,EWR,ORF
19332,YX 6003,LGA,RSW
19346,DL 1788,ATL,JFK
19348,DL 407,ATL,LGA
19365,C5 4966,MSN,EWR
19374,9E 4689,MSP,EWR
19377,UA 285,EWR,PBI
19380,WN 724,ATL,LGA
19381,B6 2975,JFK,MSY
19385,YX 3450,DFW,EWR
19389,WN 1344,MDW,LGA
19394,YX 6003,RSW,LGA
19397,DL 449,JFK,SLC
19398,YX 5662,LGA,CAE
19408,DL 235,JFK,LAX
19427,UA 752,EWR,BZN
19447,UA 755,EWR,MTJ
19469,DL 739,LGA,ATL
19471,YX 5795,BOS,JFK
19489,G7 4481,CVG,EWR
19513,WN 5580,LGA,TPA
19527,DL 312,LAX,JFK
19536,WN 2256,LGA,MDW
19540,YX 3736,MSY,EWR
19541,UA 217,EWR,FLL
19543,C5 4868,JAX,EWR
19553,AS 39,JFK,SEA
19564,OO 5745,ORD,LGA
19567,YX 3523,IAD,EWR
19572,NK 220,DTW,LGA
19576,WN 289,MDW,LGA
19587,YX 3517,EWR,DCA
19607,9E 4651,JFK,RDU
19614,UA 1550,EWR,IAD
19627,C5 4924,DCA,EWR
19654,9E 4941,LGA,CLE
19678,YX 5643,LGA,MKE
19690,YX 4570,ORD,LGA
19711,UA 1510,PWM,EWR
19721,UA 1194,IAH,EWR
19739,YX 3584,SYR,EWR
19754,9E 5489,BNA,LGA
19768,AA 420,MIA,EWR
19785,YX 4970,EWR,MIA
19789,B6 926,TPA,JFK
19797,AA 325,MIA,JFK
19798,9E 5485,BNA,LGA
19816,DL 1416,LGA,MSP
19819,AA 1165,MIA,JFK
19836,WN 2739,LGA,BNA
19857,DL 1742,DTW,EWR
19858,G7 6193,EWR,DTW
19866,WN 233,LGA,TPA
19877,9E 4942,MEM,LGA
19878,UA 746,EWR,IAH
19886,DL 1092,JFK,FLL
19889,9E 5149,JFK,CHS
19924,YX 3642,SYR,EWR
19925,DL 869,JFK,MCO
19926,YX 4666,LGA,PIT
19928,WN 198,HOU,LGA
19931,9E 4948,DTW,JFK
19943,DL 1359,JFK,FLL
19953,9E 5222,JFK,ORD
19968,WN 5037,MDW,LGA
19972,YX 5940,JFK,BUF
19976,C5 5013,ORF,EWR
19981,YX 3481,BNA,EWR
19983,YX 3546,EWR,GRR
19995,YX 3529,EWR,DFW
20002,YX 3474,EWR,RDU
20016,UA 2117,HDN,EWR
20035,G7 6267,DTW,EWR
20062,9E 4816,DTW,JFK
20080,G7 4457,EWR,BUF
20099,C5 4343,EWR,PVD
20107,9E 5518,JFK,PWM
20113,DL 949,ATL,LGA
20114,UA 1033,IAH,LGA
20115,B6 191,JFK,ACK
20131,9E 4893,LGA,PWM
20140,B6 1919,JFK,ATL
20156,YX 4330,LGA,BOS
20165,UA 522,LGA,DEN
20173,G7 4579,ORF,EWR
20174,YX 3545,CLT,EWR
20200,YX 5683,LGA,ORD
20206,DL 1441,ATL,JFK
20208,YX 5622,BOS,JFK
20246,9E 4795,LGA,PWM
20261,YX 3584,EWR,DFW
20290,UA 519,SRQ,EWR
20294,WN 1729,HOU,LGA
20321,DL 1303,JFK,SJU
20333,DL 1065,JFK,MCO
20346,YX 5595,LGA,IND
20349,UA 1236,EWR,MIA
20375,DL 373,JFK,AUS
20400,YX 3498,PIT,EWR
20409,NK 1601,LGA,FLL
20411,DL 537,LGA,IAH
20415,C5 5016,BGR,EWR
20440,UA 1232,EWR,TPA
20443,UA 1283,EWR,DEN
20459,AA 1487,JFK,MIA
20467,DL 1452,LAS,JFK
20480,DL 1022,TPA,JFK
20504,YX 5594,DCA,LGA
20507,G7 4481,IND,EWR
20508,9E 4939,IAD,JFK
20510,UA 711,SFO,EWR
20513,UA 420,EWR,LAS
20515,9E 5205,JFK,JAX
20517,YX 4626,SRQ,LGA
20524,WN 2264,LGA,MSY
20527,OO 3975,OMA,LGA
20533,DL 1193,LAX,JFK
20553,G4 1907,EWR,VPS
20555,DL 2543,ATL,LGA
20565,WN 344,ATL,LGA
20568,WN 5151,LGA,DEN
20569,OO 5542,LGA,ORD
20572,NK 2702,FLL,EWR
20594,DL 1011,DTW,JFK
20597,UA 1742,ORD,EWR
20625,UA 283,EWR,MIA
20627,WN 2673,DAL,LGA
20629,UA 1814,MIA,EWR
20670,C5 5002,LGA,CLE
20696,AA 1832,LGA,PIT
20718,C5 4336,EWR,SYR
20756,YX 5652,RIC,LGA
20759,UA 994,SLC,EWR
20762,YX 3480,EWR,DFW
20767,WN 744,MDW,LGA
20773,9E 5299,BHM,LGA
20778,B6 2006,TPA,EWR
20793,DL 897,LGA,MIA
20830,B6 2164,PBI,EWR
20831,WN 2171,MSY,LGA
20837,WN 2815,DAL,LGA
20838,YX 5670,BHM,LGA
20856,UA 1287,EWR,MSY
20857,EV 4007,EWR,BTV
20859,WN 651,MDW,LGA
20884,YX 3694,EWR,MCI
20886,9E 5136,BOS,JFK
20903,WN 1448,MSY,LGA
20925,YX 3404,MCI,EWR
20954,9E 4758,DTW,EWR
20968,UA 1812,EWR,MCO
20994,YX 6141,LGA,CMH
21012,WN 3372,LGA,TPA
21020,YX 4934,MIA,LGA
21024,C5 4920,BTV,EWR
21049,UA 2309,DEN,EWR
21085,DL 321,JFK,LAX
21094,YX 3519,IAD,EWR
21097,F9 2554,TPA,EWR
21104,9E 4770,EWR,DTW
21118,DL 496,LGA,DTW
21119,UA 558,ATL,EWR
21122,C5 4945,EWR,IAD
21138,UA 225,EWR,SFO
21139,G4 1206,AVL,EWR
21149,OO 3816,LGA,DSM
21167,WN 1230,LGA,STL
21168,YX 3503,EWR,ROC
21172,G7 4503,ROC,EWR
21187,C5 4857,IAD,EWR
21206,DL 435,JFK,AUS
21211,UA 1482,EWR,CLE
21219,G7 4529,CLT,EWR
21220,YX 3663,ATL,EWR
21227,DL 564,LGA,MSP
21272,DL 2563,ATL,EWR
21297,YX 3425,CLT,EWR
21306,DL 1297,ATL,EWR
21321,G7 4544,SYR,EWR
21326,YX 3660,IAD,EWR
21334,UA 347,DEN,EWR
21385,DL 380,LGA,ATL
21396,WN 1132,LGA,DEN
21437,AA 2348,DFW,LGA
21439,9E 4708,JFK,SAV
21454,YX 5940,EYW,LGA
21460,DL 1564,LGA,MIA
21472,WN 2196,LGA,MDW
21477,DL 1991,JFK,DTW
21542,UA 622,RSW,EWR
21546,WN 17,ATL,LGA
21562,YX 5991,ROC,LGA
21569,YX 3448,EWR,PIT
21573,UA 1614,RDU,EWR
21595,9E 5158,LGA,CVG
21612,OO 3772,LGA,SYR
21660,YX 5751,MIA,LGA
21669,UA 574,MCO,EWR
21699,UA 377,EWR,TPA
21741,OO 5668,LGA,IAH
21777,G7 4481,EWR,BUF
21786,DL 667,PDX,JFK
21802,DL 897,DTW,JFK
21808,EV 4162,CMH,EWR
21815,AA 157,DFW,LGA
21823,YV 6014,IAH,LGA
21839,G7 4429,EWR,DTW
21840,9E 4887,CVG,EWR
21842,WN 3448,LGA,BNA
21845,WN 2982,HOU,LGA
21846,EV 4182,ORD,LGA
21860,WN 2578,BNA,LGA
21864,G7 4441,EWR,BUF
21869,YX 5984,MKE,LGA
21872,UA 680,LGA,TPA
21895,YX 5991,MKE,LGA
21931,AA 2127,LGA,DCA
21968,DL 416,LGA,ORD
21975,AA 297,ATL,LGA
22005,UA 2350,BUF,EWR
22008,YV 6370,IAH,LGA
22014,UA 2141,CLE,EWR
22032,G7 4545,SYR,EWR
22035,G7 4462,CLE,EWR
22036,MQ 4130,ORD,EWR
22043,AA 2045,LGA,PIT
22057,C5 4879,CLE,EWR
22082,UA 2187,RSW,EWR
22095,DL 1206,RDU,JFK
22104,YX 5628,BOS,JFK
22112,DL 1020,EWR,ATL
22140,DL 1644,EWR,DTW
22150,B6 2905,JFK,PDX
22188,C5 5006,EWR,TYS
22193,AA 1869,RDU,LGA
22198,9E 5164,JFK,DTW
22208,YX 5765,ORD,LGA
22224,DL 730,JFK,DTW
22229,UA 1714,LGA,IAH
22231,NK 3183,SJU,EWR
22271,WN 4257,MDW,LGA
22284,UA 280,EWR,RSW
22286,YX 6143,EWR,BOS
22289,AA 446,LGA,CLT
22304,WN 2263,STL,LGA
22323,DL 1680,SLC,EWR
22374,YX 3505,EWR,STL
22376,YX 5918,BOS,LGA
22389,WN 3429,ATL,LGA
22394,DL 3128,CLT,LGA
22416,YX 3609,EWR,CVG
22425,MQ 4244,DAY,LGA
22432,NK 3152,IAH,EWR
22452,OO 3801,GRR,LGA
22465,YX 5920,BOS,LGA
22467,YX 4975,LGA,BOS
22501,YX 5614,DTW,EWR
22507,YX 3510,GRR,EWR
22512,WN 3425,LGA,HOU
22531,YX 3559,EWR,MSY
22550,DL 1722,LGA,FLL
22552,UA 2401,EWR,RDU
22571,DL 2929,JFK,TPA
22578,UA 782,RSW,EWR
22600,UA 392,JAC,EWR
22615,YX 3537,EWR,ORF
22617,9E 4905,LGA,CLE
22627,DL 1815,LGA,ORD
22652,EV 4277,ROC,EWR
22661,9E 4840,LGA,RDU
22688,YX 5614,MCI,LGA
22691,OO 3674,SAV,LGA
22692,YX 5724,JFK,JAX
22722,DL 2111,TPA,JFK
22730,UA 1961,EWR,PDX
22736,YX 3617,SAV,EWR
22762,AA 250,PHX,JFK
22765,YX 4317,LGA,BOS
22773,YX 5621,PIT,LGA
22820,YX 3491,EWR,STL
22825,UA 624,SAN,EWR
22849,WN 744,LGA,MSY
22859,DL 426,LAS,JFK
22883,YX 5593,JFK,DCA
22893,YX 5618,LGA,RDU
22901,UA 1878,LGA,IAH
22907,WN 1565,MDW,LGA
22922,YX 3666,EWR,CHS
22924,YX 5638,RDU,LGA
22939,OO 4120,LGA,CLE
22975,YX 5670,LGA,CLT
22994,DL 1065,JFK,LAX
22995,DL 1809,SLC,EWR
23006,YX 3663,RDU,EWR
23028,9E 5211,DTW,EWR
23031,YX 3485,EWR,RDU
23049,C5 5017,ROC,EWR
23075,B6 1544,PBI,EWR
23080,WN 1177,LGA,MKE
23085,9E 4993,JFK,BUF
23116,9E 5056,EWR,DTW
23120,UA 1023,EWR,SAN
23122,WN 406,LGA,BNA
23129,NK 232,EWR,BOS
23161,WN 2102,LGA,MDW
23163,UA 683,ORF,EWR
23189,YX 3546,EWR,PVD
23212,WN 370,LGA,DEN
23230,G7 4439,EWR,DTW
23250,WN 3382,ATL,LGA
23258,UA 365,PBI,EWR
23287,YX 6028,CLT,LGA
23293,WN 582,MDW,LGA
23298,9E 4988,DTW,JFK
23302,OH 5290,ORF,LGA
23309,9E 5342,JFK,DCA
23329,YX 4380,LGA,MSP
23350,AA 2345,LGA,DFW
23386,WN 1231,LGA,ATL
23413,YX 5979,LGA,MCI
23433,UA 1061,RSW,EWR
23447,AA 2122,DCA,LGA
23460,YX 6012,LGA,ROC
23462,AS 35,SEA,EWR
23463,NK 2336,EWR,FLL
23479,OO 3928,CLT,LGA
23494,C5 4966,ROC,EWR
23496,UA 1582,EWR,CLE
23505,YX 3624,IND,EWR
23510,WN 725,LGA,STL
23511,WN 6239,DAL,LGA
23517,YX 5890,MCI,LGA
23540,YX 3462,EWR,MCI
23541,DL 1320,RDU,JFK
23570,DL 1271,MCO,LGA
23589,AA 1806,CMH,LGA
23591,YX 6099,LGA,RIC
23594,YX 5660,BNA,LGA
23610,DL 395,LAX,JFK
23614,B6 683,EWR,SFO
23639,WN 1370,LGA,STL
23642,DL 636,JFK,LAS
23643,DL 1486,PBI,LGA
23649,UA 1207,EWR,ORD
23664,WN 154,ATL,LGA
23667,DL 374,JFK,LAX
23697,UA 2455,EWR,MIA
23720,UA 415,EWR,AUS
23739,C5 5017,IND,EWR
23761,C5 5004,MEM,EWR
23762,DL 507,SLC,EWR
23801,C5 5015,EWR,DCA
23806,EV 3990,PIT,EWR
23815,9E 4798,RIC,LGA
23819,YX 3606,EWR,BUF
23824,DL 1433,JFK,FLL
23829,9E 4947,CLE,JFK
23857,NK 3180,EWR,ATL
23871,C5 4304,EWR,BTV
23882,NK 2433,EWR,MCO
23913,EV 4069,IND,EWR
23915,UA 1039,EWR,DEN
23927,MQ 4068,LGA,DAY
23948,DL 510,ATL,LGA
23969,NK 61,MYR,EWR
24018,YX 5707,ORD,JFK
24022,WN 1385,DAL,LGA
24024,DL 1361,LGA,RSW
24027,YX 5711,BOS,LGA
24032,YX 6044,BOS,JFK
24041,YX 3544,PWM,EWR
24060,WN 4302,TPA,LGA
24075,YX 3449,MIA,EWR
24100,YX 4332,DCA,LGA
24102,YX 5656,JFK,CHS
24109,DL 1484,LGA,STL
24134,WN 2581,ATL,LGA
24151,YX 4415,LGA,ACK
24154,YX 5762,DCA,JFK
24156,UA 766,BOS,EWR
24202,YX 3529,EWR,MSY
24215,WN 3937,MDW,LGA
24219,YX 5682,DTW,JFK
24239,UA 299,IAH,EWR
24241,C5 4879,EWR,IND
24248,WN 3287,BNA,LGA
24254,WN 222,LGA,DAL
24258,WN 6020,LGA,MDW
24270,DL 1309,LGA,DTW
24282,C5 4913,EWR,STL
24288,YX 3622,EWR,DTW
24299,B6 1830,RSW,JFK
24308,YX 3547,PVD,EWR
24312,OO 5253,ORD,LGA
24324,YX 5646,LGA,BNA
24334,YX 3575,ORD,LGA
24369,9E 5070,BGR,LGA
24411,YX 3431,EWR,PBI
24482,YX 3408,BNA,EWR
24501,YX 3515,PWM,EWR
24521,WN 385,DAL,LGA
24581,9E 5240,CHS,JFK
24590,WN 382,LGA,HOU
24594,C5 4922,EWR,IND
24630,EV 4345,EWR,MKE
24669,DL 688,LGA,MIA
24723,DL 1647,DTW,LGA
24797,DL 441,JFK,SAN
24834,DL 2115,CLT,JFK
24855,YX 3426,EWR,DCA
24860,WN 2751,MKE,LGA
24865,C5 4878,ORF,EWR
24897,9E 4845,JFK,IND
24927,WN 914,BNA,LGA
24932,EV 4214,EWR,RDU
24937,WN 5604,LGA,DEN
24967,DL 710,MIA,LGA
24973,YX 3548,EWR,DFW
24983,MQ 4190,LGA,PWM
25011,YX 5636,RIC,JFK
25015,WN 4580,LGA,MDW
25035,YX 3420,EWR,DCA
25047,DL 1458,LGA,BOS
25054,YX 3575,BOS,EWR
25060,YX 3517,DFW,EWR
25061,WN 1367,HOU,LGA
25073,YX 4527,LGA,CHS
25093,WN 4024,BNA,LGA
25098,WN 2456,LGA,MDW
25108,WN 2071,LGA,ATL
25114,DL 694,ATL,LGA
25134,UA 602,LGA,ORD
25139,9E 4652,DTW,JFK
25151,9E 5113,RDU,LGA
25166,YX 5938,LGA,MCI
25178,9E 5334,LGA,GSO
25207,EV 4366,PWM,EWR
25279,UA 1246,LGA,ORD
25282,YX 3711,MSY,EWR
25319,UA 1959,LGA,DEN
25330,AA 2490,MIA,LGA
25331,MQ 3422,ORD,EWR
25364,YX 4294,CVG,LGA
25383,DL 2333,JFK,RSW
25409,DL 341,JFK,MSP
25441,YX 5721,JFK,BOS
25449,UA 673,EWR,RSW
25451,UA 2469,FLL,EWR
25465,DL 817,JFK,TPA
25467,MQ 3948,CAE,LGA
25498,B6 1572,FLL,JFK
25505,9E 4775,BGR,LGA
25538,WN 4302,BNA,LGA
25542,YX 4301,LGA,BNA
25570,C5 4997,EWR,CHS
25588,UA 448,EWR,CHS
25589,B6 254,PBI,JFK
25595,WN 5087,LGA,MDW
25608,UA 612,ORF,EWR
25646,YX 5694,CLT,LGA
25654,UA 681,RSW,EWR
25659,UA 430,BZN,EWR
25708,YX 3676,ORD,LGA
25723,YX 5901,MCI,LGA
25727,B6 1362,SMF,JFK
25739,YX 5657,LGA,GRR
25764,WN 1664,ATL,LGA
25767,OO 3656,EWR,MSP
25768,G7 4422,DTW,EWR
25782,DL 1308,LGA,ATL
25784,EV 4093,EWR,MKE
25798,B6 2597,JFK,DEN
25809,OO 3700,EWR,MSP
25831,YX 5654,CLE,LGA
25846,MQ 3495,SAV,LGA
25858,DL 1860,LGA,MIA
25874,9E 5168,JFK,DTW
25876,DL 1281,LGA,PBI
25879,UA 1887,EWR,PBI
25887,G7 4418,CVG,EWR
25888,YX 3484,EWR,PBI
25929,UA 316,EWR,HDN
25963,DL 553,LGA,ORD
25972,EV 4130,ORD,LGA
25990,DL 1644,DTW,EWR
26014,DL 1034,MSP,JFK
26054,YX 3625,EWR,STL
26084,WN 1465,MSY,LGA
26089,UA 798,PHX,EWR
26090,YX 3538,EWR,IAD
26092,9E 5223,DTW,JFK
26108,YX 3571,EWR,SDF
26109,WN 2869,BNA,LGA
26115,UA 208,EWR,PBI
26136,B6 343,EWR,PBI
26151,DL 551,JFK,DEN
26156,YX 4531,LGA,ILM
26157,YX 6021,RSW,LGA
26200,UA 1568,LGA,DEN
26208,NK 1194,EWR,PBI
26211,MQ 3456,LGA,GSO
26223,C5 4868,EWR,GSP
26239,C5 4859,RIC,EWR
26264,DL 1429,JFK,ATL
26276,YX 3492,EWR,CVG
26281,UA 311,EWR,CVG
26284,DL 3175,ATL,LGA
26296,UA 264,EWR,JAX
26322,UA 1886,EWR,RSW
26323,WN 4345,LGA,STL
26376,9E 4919,LGA,RDU
26393,WN 1368,LGA,DAL
26420,DL 1271,JFK,MCO
26426,UA 226,EWR,MCO
26433,UA 236,FLL,EWR
26442,EV 4363,EWR,ROC
26445,B6 2873,EWR,LAX
26462,YX 3565,CLE,EWR
26473,UA 1172,SFO,EWR
26474,G7 4421,DTW,EWR
26484,AA 2345,LGA,MIA
26492,AS 17,JFK,SEA
26513,DL 489,JFK,AUS
26519,C5 4969,EWR,ROC
26523,WN 381,LGA,BNA
26590,WN 56,DAL,LGA
26618,WN 534,LGA,MDW
26634,9E 4755,SAV,JFK
26646,UA 308,LAX,EWR
26687,UA 1010,EWR,RSW
26693,UA 1055,ORD,LGA
26705,G7 6247,RDU,EWR
26709,YX 4749,EWR,MIA
26717,YX 3414,DCA,EWR
26731,OO 5212,ORD,LGA
26738,YX 4987,MIA,LGA
26768,UA 719,DEN,LGA
26787,AA 450,LGA,JAC
26801,YX 4455,BNA,LGA
26826,YX 6027,PIT,LGA
26871,AA 1449,LGA,MTJ
26909,C5 4343,SYR,EWR
26920,NK 1061,FLL,LGA
26946,9E 5180,JFK,DTW
26948,YX 3626,EWR,RSW
26966,WN 382,STL,LGA
26967,YX 4399,DAB,LGA
26973,DL 1715,JFK,LAX
26976,UA 278,CLT,EWR
26992,YX 5802,BOS,JFK
27006,DL 1337,ATL,JFK
27016,C5 4892,EWR,SYR
27017,YX 5619,JFK,RIC
27034,DL 2481,CLT,LGA
27057,DL 2217,IAH,JFK
27065,UA 2189,EWR,JAX
27072,G7 4432,EWR,DTW
27092,OO 3777,SYR,LGA
27106,DL 3122,ORD,LGA
27111,UA 398,EWR,FLL
27114,NK 233,BOS,EWR
27133,G7 4538,RIC,EWR
27134,YX 3499,CMH,EWR
27142,UA 516,MCO,EWR
27143,AA 487,LGA,RDU
27187,YX 3448,EWR,SAV
27205,WN 2259,DAL,LGA
27207,YX 5634,JFK,ORD
27208,EV 4014,GSO,EWR
27212,YX 3507,EWR,DFW
27248,YX 3445,SRQ,EWR
27260,9E 4640,JAX,JFK
27261,DL 1204,LGA,FLL
27266,DL 991,DTW,EWR
27274,YX 3403,CLE,EWR
27279,YX 3614,EWR,RIC
27291,YX 3489,EWR,IAD
27341,OO 3704,DTW,EWR
27344,UA 2172,FLL,EWR
27351,9E 4996,ROC,JFK
27383,OO 3611,LGA,SAV
27385,DL 1631,LGA,TPA
27395,EV 4160,EWR,TYS
27424,YX 3565,RSW,EWR
27428,YX 3477,EWR,BNA
27478,OO 4054,LGA,CLE
27484,UA 537,EWR,LAX
27511,DL 308,JFK,SFO
27513,WN 1031,LGA,MCI
27515,YX 5655,JFK,BOS
27528,WN 1322,TPA,LGA
27585,EV 3991,EWR,MKE
27588,G7 4457,DTW,EWR
27606,YX 3449,EWR,ATL
27613,DL 2412,IAH,JFK
27628,YX 5643,MKE,LGA
27642,WN 840,MSY,LGA
27658,C5 4909,EWR,IND
27719,9E 5478,LGA,BNA
27724,UA 2471,TPA,EWR
27769,WN 2684,LGA,ATL
27790,WN 1132,MDW,LGA
27796,DL 8789,ATL,EWR
27828,DL 322,RSW,JFK
27883,G7 4499,EWR,DTW
27895,DL 1631,FLL,JFK
27908,DL 2571,PBI,JFK
27939,YX 3605,BUF,EWR
27953,WN 2538,TPA,LGA
27957,9E 4799,PIT,LGA
27964,YX 6083,MKE,LGA
27970,UA 539,LGA,DEN
27976,9E 5138,MSY,LGA
27980,UA 1999,EWR,TPA
28012,UA 642,EWR,SAN
28031,UA 1600,PBI,EWR
28074,OO 5577,LGA,ORD
28085,WN 2592,LGA,MKE
28101,YX 6032,LGA,RIC
28102,MQ 3981,MYR,LGA
28118,YV 6049,LGA,IAH
28140,DL 860,LGA,BOS
28144,B6 2083,JFK,MCO
28150,9E 5425,BNA,LGA
28166,OO 4049,LGA,GSP
28174,B6 1073,JFK,BNA
28233,DL 406,SFO,JFK
28246,DL 306,LGA,DFW
28259,YX 3418,EWR,BOS
28282,9E 5211,CVG,LGA
28328,B6 1473,EWR,LAX
28370,YX 5651,LGA,GRR
28372,AA 2472,DFW,JFK
28396,B6 73,EWR,LAX
28398,YX 6104,CMH,JFK
28399,B6 1717,JFK,MSP
28402,UA 210,ATL,EWR
28441,UA 2323,PHX,EWR
28442,DL 924,SAN,JFK
28456,C5 4967,MKE,EWR
28463,DL 341,JFK,LAS
28475,YX 4333,BOS,LGA
28499,C5 5006,EWR,GSO
28515,DL 1384,ATL,LGA
28566,YX 4508,LGA,GSO
28608,WN 280,DAL,LGA
28611,YX 6043,LGA,CLE
28626,WN 3281,LGA,HOU
28627,UA 600,SAN,EWR
28675,YX 5915,SDF,LGA
28703,YX 3616,ORF,EWR
28723,YX 4568,LGA,SDF
28745,9E 4672,BOS,JFK
28779,DL 300,JFK,SFO
28806,YX 5754,JFK,BUF
28816,UA 1236,EWR,BZN
28818,UA 1292,LGA,ORD
28825,YX 3499,EWR,BNA
28835,UA 2213,PBI,EWR
28851,DL 424,ORD,LGA
28889,UA 581,IND,EWR
28894,YX 5764,LGA,BNA
28916,B6 2678,JAX,JFK
28919,WN 171,LGA,ATL
28942,DL 1535,ATL,EWR
28951,WN 754,LGA,BNA
28959,AS 499,EWR,SJC
28970,EV 4481,EWR,BUF
29008,DL 476,TPA,LGA
29010,9E 4761,EWR,DTW
29035,B6 2135,JFK,PHX
29056,C5 4960,IAD,EWR
29064,DL 1260,MIA,LGA
29080,YX 5670,DCA,JFK
29092,YX 4548,PIT,LGA
29094,WN 1974,DEN,LGA
29098,YX 3690,EWR,SDF
29119,DL 1063,JFK,ATL
29127,DL 1241,LGA,IAH
29132,9E 4801,LGA,CVG
29174,WN 4755,STL,LGA
29177,B6 1040,JFK,STT
29203,YX 4610,DCA,LGA
29235,YX 4833,MIA,LGA
29247,B6 2472,FLL,LGA
29251,UA 381,FLL,EWR
29253,UA 323,IAD,EWR
29279,G7 4491,EWR,ROC
29293,AA 433,DFW,JFK
29317,YX 3715,ORF,EWR
29344,MQ 4047,ORD,EWR
29370,WN 2237,MCI,LGA
29377,WN 2529,LGA,MDW
29404,YX 3479,PVD,EWR
29444,YX 5789,LGA,ORD
29468,YX 3445,LGA,ORD
29487,G7 4545,EWR,CVG
29507,WN 389,LGA,DAL
29557,C5 4957,PVD,EWR
29594,B6 139,JFK,BQN
29605,YX 6080,GSP,LGA
29626,DL 1521,MIA,JFK
29627,C5 4907,SAV,EWR
29630,WN 250,DEN,LGA
29667,MQ 4236,EWR,ORD
29686,YX 3643,SYR,EWR
29702,UA 703,LGA,ORD
29718,9E 5212,LGA,GSP
29731,WN 5068,MDW,LGA
29766,WN 3222,BNA,LGA
29796,B6 1884,MCO,JFK
29833,C5 4921,DCA,EWR
29867,YX 3489,RDU,EWR
29873,B6 347,EWR,SRQ
29887,MQ 3586,BGR,LGA
29907,YX 4600,MIA,LGA
29909,G7 4484,ORF,EWR
29914,WN 425,MKE,LGA
29963,WN 800,LGA,DAL
29975,YX 4780,DCA,LGA
30028,DL 1104,EWR,ATL
30030,C5 4961,EWR,GSO
30067,UA 663,EWR,DEN
30080,AA 2625,DFW,LGA
30108,DL 1126,MCO,LGA
30109,AA 84,LGA,DFW
30110,YX 3708,EWR,JAX
30140,OH 5200,PIT,LGA
30186,B6 2050,PSP,JFK
30192,WN 2105,DAL,LGA
30206,NK 1205,BOS,EWR
30223,B6 2010,LGA,ACK
30232,UA 418,EWR,BNA
30251,C5 4941,EWR,PVD
30258,9E 4879,CHO,LGA
30282,EV 3933,RIC,EWR
30310,EV 4435,BUF,EWR
30344,UA 1208,IAH,EWR
30372,YX 5642,LGA,CLE
30379,UA 1705,EWR,BNA
30395,UA 2454,ORD,LGA
30396,DL 1534,JFK,MIA
30409,WN 3140,DAL,LGA
30438,UA 920,EWR,LAX
30440,YX 6135,PIT,LGA
30486,G7 4583,EWR,GSP
30496,WN 2783,HOU,LGA
30610,DL 1044,JFK,TPA
30624,WN 1011,LGA,ATL
30625,DL 447,LGA,DTW
30652,C5 4931,CVG,EWR
30664,DL 773,MCO,LGA
30676,YX 3639,EYW,EWR
30754,YX 3481,EWR,BNA
30786,YX 4527,CHS,LGA
30828,YX 3509,SAT,EWR
30869,YX 6022,STL,LGA
30878,AA 1700,MIA,JFK
30890,UA 224,DEN,EWR
30892,YX 3406,BNA,EWR
30941,UA 565,RSW,EWR
30956,DL 1646,EWR,DTW
30962,WN 4562,LGA,STL
30969,YX 5935,LGA,MEM
30990,UA 376,EWR,MIA
30997,YX 5985,LGA,GSP
31002,AA 746,CLT,EWR
31033,YX 3498,ATL,EWR
31034,WN 7,LGA,ATL
31095,YX 5791,LGA,CLT
31100,DL 1442,PBI,LGA
31148,DL 1590,TPA,JFK
31169,DL 1322,JFK,BOS
31173,B6 484,MCO,JFK
31190,WN 425,LGA,ATL
31198,YX 5649,RIC,JFK
31248,WN 2627,DAL,LGA
31260,9E 5433,GSO,LGA
31293,C5 4879,BUF,EWR
31315,UA 281,EWR,LAX
31319,DL 1758,SLC,JFK
31344,9E 4716,DTW,EWR
31395,ZW 3843,LGA,IAD
31397,YX 4271,RDU,LGA
31437,YX 3623,EWR,ORF
31443,OO 4007,CLT,LGA
31476,NK 3281,LGA,MYR
31482,C5 5008,RIC,EWR
31524,DL 1495,JFK,SAV
31529,OO 3998,CLE,LGA
31549,9E 4805,LGA,STL
31573,WN 2108,ATL,LGA
31575,C5 4880,EWR,JAX
31592,UA 337,EWR,DEN
31599,YV 6136,IAH,LGA
31634,AA 1724,JFK,CLT
31644,WN 3326,DAL,LGA
31645,YX 4508,GSO,LGA
31655,UA 537,EWR,TPA
31665,G7 4409,RIC,EWR
31688,UA 431,LGA,DEN
31728,9E 4854,JFK,SAV
31757,UA 738,MSY,EWR
31759,UA 1932,ORD,LGA
31783,OO 5735,LGA,ORD
31806,UA 798,EWR,MIA
31840,B6 2917,JFK,SJU
31860,YX 3741,EWR,BNA
31894,YX 3548,EWR,JAX
31898,C5 4879,MSN,EWR
31913,YX 3556,ATL,EWR
31928,YX 3497,CLT,EWR
31935,DL 1803,ORD,LGA
31938,F9 2595,LGA,MCO
32032,YX 3626,EWR,BUF
32064,DL 1235,ATL,LGA
32071,9E 5376,BOS,JFK
32104,YX 6086,ROC,LGA
32108,B6 538,BQN,JFK
32121,G4 1343,EWR,SAV
32123,YX 6021,LGA,RSW
32131,F9 1257,EWR,MCO
32134,DL 1430,LGA,MIA
32166,YX 5602,LGA,CLT
32193,YX 3632,IAD,EWR
32197,NK 2311,EWR,FLL
32202,AA 1705,ATL,LGA
32212,OO 3656,MSP,EWR
32235,OO 4089,BNA,LGA
32249,DL 996,ORD,LGA
32255,UA 2434,EWR,LAX
32267,DL 1470,LGA,MIA
32284,DL 1359,FLL,JFK
32285,YV 6213,IAH,LGA
32288,UA 383,FLL,EWR
32304,EV 4415,LGA,ORD
32308,YX 5763,JFK,CHS
32326,YX 5940,LGA,EYW
32331,WN 2630,DEN,LGA
32338,9E 4782,DTW,EWR
32359,WN 2702,MDW,LGA
32391,OO 4079,LGA,MKE
32435,WN 7,STL,LGA
32475,YX 6131,JAX,LGA
32476,DL 463,JFK,PBI
32477,UA 230,CLE,EWR
32514,YX 5628,ROC,LGA
32519,YX 5616,LGA,CHS
32557,C5 4999,MEM,EWR
32562,UA 2217,LAX,EWR
32623,YX 6087,JFK,DFW
32630,B6 2027,MCO,EWR
32657,9E 5286,RDU,LGA
32662,C5 4952,DCA,EWR
32683,YX 3621,EWR,CVG
32701,YX 5654,IND,LGA
32719,YX 5951,JFK,BOS
32787,YX 5669,ORD,LGA
32792,YX 6007,LGA,CMH
32794,C5 4921,EWR,PQI
32848,EV 4469,ORD,LGA
32868,EV 4108,EWR,BUF
32895,C5 4897,EWR,JAX
32953,YX 3646,MSY,EWR
32959,C5 4888,JAX,EWR
32981,C5 4906,EWR,IAD
33000,UA 674,EWR,RSW
33009,AA 1367,CLT,LGA
33027,9E 4774,MSN,LGA
33035,B6 1227,EWR,MCO
33039,UA 1147,LGA,IAH
33046,UA 289,EWR,ORD
33054,G7 4391,CVG,EWR
33083,YX 5596,IND,LGA
33095,9E 4922,CLT,LGA
33228,UA 1197,EWR,IAD
33231,OO 3884,GSO,LGA
33246,9E 5131,EWR,MSP
33247,DL 1844,LGA,DFW
33286,WN 2007,LGA,ATL
33356,UA 506,PBI,EWR
33417,YX 5613,LGA,BHM
33482,9E 4770,DTW,EWR
33500,9E 5201,JFK,DTW
33506,9E 4672,EWR,DTW
33515,YX 3403,LGA,ORD
33548,UA 532,MTJ,EWR
33561,MQ 4190,PWM,LGA
33565,DL 1853,SJU,JFK
33574,UA 1245,EWR,FLL
33584,G7 4425,STL,EWR
33669,YX 3691,RAP,EWR
33672,9E 4818,JFK,RDU
33712,DL 1018,SLC,JFK
33874,YX 5597,DFW,LGA
33908,DL 507,LGA,MSP
33921,9E 4996,EWR,DTW
33922,YX 4530,DTW,LGA
33929,C5 5019,EWR,ROC
33944,EV 4085,ORD,LGA
33951,UA 2453,IAD,EWR
33979,WN 1533,LGA,MCI
33982,DL 8771,JFK,ATL
34004,DL 1670,JFK,DTW
34011,DL 546,EWR,ATL
34036,WN 5732,LGA,ATL
34075,EV 4413,EWR,CMH
34079,DL 879,JFK,FLL
34082,YX 3659,MCI,EWR
34086,UA 422,RSW,EWR
34089,F9 548,EWR,MCO
34092,YX 5646,LGA,BUF
34094,YX 6089,LGA,MKE
34102,AA 323,LGA,DFW
34104,OO 5795,ORD,LGA
34135,WN 1106,BNA,LGA
34140,YX 5662,CAE,LGA
34144,YX 5885,RIC,LGA
34156,YX 5635,LGA,GSO
34165,YX 3746,EWR,MHT
34166,DL 8784,ATL,JFK
34217,DL 1010,EWR,ATL
34221,B6 463,JFK,SRQ
34259,DL 1517,JFK,RDU
34318,YX 5632,LGA,RIC
34329,UA 205,EWR,DEN
34341,YX 5610,ORD,JFK
34343,B6 901,JFK,MCO
34381,G7 4398,BUF,EWR
34383,DL 924,JFK,SAN
34394,9E 5190,EWR,CVG
34414,YX 6135,LGA,BUF
34419,YX 5868,BUF,LGA
34449,EV 4056,STL,EWR
34475,UA 321,TPA,EWR
34485,YX 5634,LGA,BUF
34539,9E 5190,CVG,EWR
34542,YX 3621,IND,EWR
34555,WN 5096,LGA,BNA
34562,9E 4891,OMA,LGA
34574,UA 570,DEN,EWR
34586,MQ 4189,LGA,PIT
34656,YX 3751,MHT,EWR
34677,YX 4586,ATL,LGA
34706,WN 32,ATL,LGA
34740,C5 4981,EWR,ORF
34751,MQ 3892,ORD,LGA
34786,C5 4969,EWR,CMH
34795,WN 389,DAL,LGA
34807,OO 4049,GSP,LGA
34830,WN 244,BNA,LGA
34831,G7 4468,EWR,CLE
34861,YX 3665,BNA,EWR
34881,YX 3578,BNA,EWR
34887,YX 3658,EWR,IAD
34892,YX 5992,LGA,CLE
34896,WN 1087,TPA,LGA
34908,EV 4383,LGA,ORD
34915,EV 4100,LGA,ORD
34978,UA 233,EWR,TPA
34987,AA 386,LGA,RDU
35006,DL 384,JFK,LAX
35042,YX 4455,LGA,BNA
35078,B6 1849,JFK,PSP
35123,WN 2008,LGA,STL
35129,MQ 3477,CHO,LGA
35146,DL 2127,TPA,JFK
35164,YX 5981,LGA,BOS
35192,B6 1889,JFK,MCO
35195,WN 1664,LGA,MDW
35204,DL 1624,TPA,JFK
35215,UA 1100,EWR,PHX
35221,YX 3618,EWR,SAV
35260,G7 4555,EWR,CLT
35290,G7 4444,EWR,IND
35322,WN 3290,DAL,LGA
35396,G4 1224,EWR,AVL
35400,B6 1611,EWR,RSW
35445,YX 3530,EWR,ORF
35471,YX 5797,JAX,JFK
35478,DL 2258,LGA,DFW
35510,YX 3532,EWR,PBI
35519,B6 239,JFK,BQN
35539,DL 486,JFK,PHX
35579,WN 5558,MKE,LGA
35580,OO 3711,LGA,CLT
35624,UA 537,PHX,EWR
35628,B6 683,JFK,MCO
35631,F9 2282,LAS,EWR
35650,YX 3419,BOS,EWR
35661,G7 4446,EWR,ORF
35664,DL 1130,ATL,JFK
35671,WN 4239,LGA,DAL
35699,WN 2447,LGA,MDW
35723,9E 4798,LGA,TYS
35778,YX 5614,MVY,LGA
35798,UA 1296,EWR,PHX
35806,DL 3085,MSY,LGA
35847,YX 4412,ILM,LGA
35849,OO 3855,LGA,MCI
35853,9E 4998,LGA,CHO
35854,DL 1525,RSW,LGA
35869,YX 4475,LGA,CHS
35882,WN 4894,LGA,STL
35890,AA 52,DFW,LGA
35894,9E 5121,BOS,JFK
35918,G7 4404,BUF,EWR
35935,MQ 4104,EWR,ORD
35937,UA 2458,FLL,EWR
35939,YX 3633,PIT,EWR
35946,DL 1549,SRQ,LGA
35983,YX 5739,MIA,LGA
36020,YX 3458,EWR,PIT
36034,WN 5714,MDW,LGA
36092,WN 4250,LGA,BNA
36099,DL 8784,ATL,LGA
36100,WN 3820,MKE,LGA
36104,YX 4525,BNA,LGA
36177,C5 4817,PWM,EWR
36178,YX 5673,JFK,DTW
36199,YX 6069,BOS,EWR
36203,UA 843,CLE,EWR
36232,WN 1130,MDW,LGA
36253,9E 5113,EWR,DTW
36258,YX 6128,JFK,CMH
36261,9E 5012,RIC,JFK
36302,YX 3459,RSW,EWR
36324,WN 582,LGA,ATL
36345,DL 1373,TPA,JFK
36356,B6 2964,SRQ,JFK
36376,9E 4773,RDU,LGA
36410,YX 5638,LGA,CAE
36441,YX 5917,SYR,LGA
36446,YX 5957,LGA,PIT
36514,YX 3561,AUS,EWR
36529,AA 388,MIA,EWR
36567,AA 2062,PBI,LGA
36590,UA 355,CLT,EWR
36626,OO 3520,LGA,MKE
36634,NK 3243,EWR,MYR
36642,EV 4357,ORF,EWR
36660,YV 6318,IAH,LGA
36673,UA 759,EWR,SLC
36696,UA 2274,EWR,ATL
36708,G4 1359,CVG,EWR
36749,C5 4318,PVD,EWR
36766,9E 4898,LGA,BUF
36772,UA 379,EWR,RDU
36787,WN 537,MDW,LGA
36789,UA 1113,PHX,EWR
36825,WN 2862,DAL,LGA
36854,AA 845,JFK,MIA
36885,YX 3442,EWR,DTW
36892,YX 5881,JFK,CLE
36893,YX 3459,EWR,ROC
36960,WN 815,LGA,BNA
37003,UA 1190,EWR,FLL
37019,B6 513,JFK,LGB
37042,B6 2974,CHS,JFK
37070,B6 348,SRQ,EWR
37075,DL 1558,JFK,MCO
37108,9E 4997,CHS,JFK
37129,C5 4981,EWR,RIC
37136,WN 5502,LGA,BNA
37144,EV 3967,LGA,ORD
37149,9E 4915,CLT,LGA
37157,UA 1440,EWR,CLE
37170,EV 4149,STL,EWR
37189,YX 4569,LGA,ORD
37218,9E 4856,JFK,DTW
37243,DL 2829,EWR,DTW
37321,DL 1477,JFK,DTW
37351,DL 1745,DTW,JFK
37372,DL 950,LGA,DTW
37374,WN 2817,LGA,MCI
37409,WN 2766,MDW,LGA
37410,B6 895,JFK,AUS
37414,G7 4456,CLT,EWR
37420,EV 3981,EWR,BNA
37450,UA 1088,EWR,PBI
37460,WN 135,LGA,ATL
37465,UA 289,IAD,EWR
37466,UA 788,IND,EWR
37476,NK 3220,EWR,MCO
37542,G4 2502,SAV,EWR
37596,UA 1608,EWR,IAH
37604,DL 1247,JFK,ATL
37623,DL 1151,JFK,MCO
37665,YX 3682,RSW,EWR
37682,DL 1502,JFK,LAS
37698,9E 4878,JFK,BOS
37712,DL 1269,LGA,MCO
37713,DL 122,LGA,MSP
37744,UA 1721,EWR,AUS
37765,DL 983,LGA,IAH
37784,9E 5320,LGA,SAV
37794,YX 5641,SRQ,LGA
37829,AA 336,JFK,MIA
37902,YX 3506,EWR,PWM
37968,DL 2737,JFK,LAS
37986,UA 2459,EWR,RSW
38004,F9 674,EWR,MIA
38046,9E 5021,ROC,JFK
38051,OH 5126,LGA,CLE
38116,YX 6022,PIT,LGA
38130,9E 4981,IAD,JFK
38152,AA 1101,JFK,MIA
38163,YX 3487,SRQ,EWR
38247,G7 4403,EWR,BUF
38285,AA 1713,LGA,CLT
38304,OO 3757,SAV,LGA
38319,YX 6047,LGA,SDF
38334,AA 2852,JFK,ORD
38338,B6 2914,PSP,JFK
38349,YX 4484,DTW,LGA
38365,WN 446,LGA,DEN
38443,UA 708,EWR,PHX
38480,YX 3444,CLT,EWR
38523,G7 4514,EWR,GSO
38584,WN 2468,HOU,LGA
38619,B6 2105,JFK,ORD
38634,YX 5931,LGA,BOS
38635,G7 4568,DCA,EWR
38641,UA 698,TPA,EWR
38664,UA 370,LGA,IAH
38673,UA 427,LGA,MCO
38684,G7 4597,EWR,DCA
38702,YV 6151,IAH,LGA
38709,DL 3133,JFK,SEA
38729,UA 2444,EWR,MCO
38735,EV 4043,LGA,ORD
38870,YX 5941,CMH,LGA
38914,YX 5617,LGA,CLT
38932,UA 1706,MCO,EWR
38956,ZW 3770,IAD,LGA
38992,9E 4994,JFK,SAV
39003,AA 450,JAC,LGA
39027,YX 5984,LGA,MKE
39062,UA 506,FLL,EWR
39064,EV 3976,IND,EWR
39075,B6 2976,MSY,JFK
39102,YX 6044,LGA,RIC
39139,WN 3433,MDW,LGA
39140,EV 4363,ORF,EWR
39181,YX 5623,JFK,RDU
39192,UA 1505,EWR,RDU
39212,9E 4659,JFK,CHS
39265,UA 2446,EWR,ORD
39331,NK 3278,MCO,LGA
39353,B6 1243,EWR,PBI
39401,DL 1073,SEA,JFK
39402,B6 1003,JFK,SJU
39433,WN 2315,LGA,DEN
39458,UA 1774,ORD,EWR
39490,DL 1291,LGA,MIA
39519,UA 279,EWR,FLL
39528,DL 2668,JFK,DCA
39549,UA 1459,IAH,LGA
39599,B6 1829,JFK,RSW
39608,9E 5239,DTW,JFK
39618,G4 464,TYS,EWR
39620,UA 1611,SNA,EWR
39654,C5 4845,IND,EWR
39672,NK 2307,LGA,FLL
39685,9E 4780,LGA,ORF
39745,DL 8783,BOS,LGA
39756,YX 5928,LGA,IND
39770,DL 676,ORD,JFK
39771,9E 5071,EWR,RDU
39777,YX 3625,EWR,BUF
39841,WN 1964,DAL,LGA
39850,DL 953,MSP,LGA
39853,YX 5640,ROC,LGA
39910,YX 3413,AUS,EWR
39928,DL 1254,RDU,JFK
39976,YX 3553,IAD,EWR
40004,DL 1298,ATL,EWR
40054,C5 5022,MSN,EWR
40073,WN 3629,ATL,LGA
40098,UA 1880,RDU,EWR
40152,UA 549,LGA,FLL
40174,WN 2840,DAL,LGA
40180,YX 5655,LGA,CLE
40205,DL 454,JFK,ORD
40234,DL 1026,EWR,ATL
40321,9E 4799,LGA,PIT
40335,DL 967,LGA,FLL
40363,9E 4788,JFK,BOS
40373,EV 3956,STL,EWR
40374,YX 5737,LGA,MVY
40429,WN 1532,DEN,LGA
40439,B6 1517,LGA,TPA
40455,YX 3625,BUF,EWR
40462,UA 1882,LAS,EWR
40483,DL 1535,JFK,CHS
40550,WN 4616,DEN,LGA
40585,G7 4402,BUF,EWR
40657,OO 3839,LGA,SAV
40730,G4 2517,EWR,SAV
40736,DL 879,FLL,JFK
40737,YX 3482,EWR,ATL
40769,DL 2379,BOS,JFK
40785,YX 5915,LGA,SDF
40807,9E 5159,RIC,JFK
40815,MQ 3475,ILM,LGA
40888,9E 5402,LGA,CHO
40942,YX 3719,IND,EWR
40985,DL 1042,RSW,LGA
40996,YX 3612,EWR,MCI
41018,DL 717,JFK,MSY
41034,DL 2278,LGA,CVG
41110,YX 3552,EWR,PWM
41171,9E 4968,JFK,ROC
41189,UA 1745,IAH,LGA
41203,DL 401,JFK,SFO
41290,UA 1167,EWR,RIC
41319,UA 2110,LGA,ORD
41353,WN 3470,LGA,MDW
41413,DL 341,MSP,JFK
41417,NK 2703,EWR,FLL
41418,YX 3571,MSY,EWR
41420,WN 4951,LGA,TPA
41435,DL 983,IAH,LGA
41510,OO 3517,EWR,MSP
41542,YX 5998,LGA,JAX
41650,YX 5763,CHS,JFK
41680,EV 4001,JAX,EWR
41740,G4 1305,EWR,CVG
41780,9E 5210,CVG,EWR
41790,AA 131,RDU,LGA
41833,G4 1323,CVG,EWR
41839,C5 4894,CLE,LGA
41868,YX 3555,EWR,JAX
41900,C5 4984,ORF,EWR
41960,UA 659,IAH,EWR
41968,MQ 4042,ORD,EWR
42022,C5 4978,EWR,ALB
42035,C5 4888,IND,EWR
42083,YX 4783,LGA,BOS
42200,9E 4988,LGA,BNA
42241,UA 475,EWR,IAD
42242,C5 4880,ALB,EWR
42247,B6 2914,LGB,JFK
42265,MQ 4249,SAV,LGA
42285,B6 303,JFK,SJU
42371,AA 1281,DFW,EWR
42497,EV 3990,EWR,ROC
42537,F9 1985,EWR,LAS
42545,WN 4443,TPA,LGA
42574,G4 466,EWR,TYS
42578,YX 3494,EWR,CLT
42588,EV 4015,ORF,EWR
42598,WN 2364,MDW,LGA
42611,DL 2891,ATL,LGA
42667,9E 4931,CVG,EWR
42780,WN 3380,LGA,HOU
42788,AA 2284,MIA,LGA
42814,UA 568,EGE,EWR
42834,PT 4756,JFK,PHL
42911,NK 3182,EWR,SJU
42912,9E 5337,LGA,MSN
42928,AA 2116,LGA,DCA
42947,B6 2125,JFK,TPA
43015,WN 264,MDW,LGA
43044,YX 3615,IAD,EWR
43066,DL 1504,SAV,JFK
43077,WN 1053,BNA,LGA
43087,DL 913,MCO,LGA
43089,DL 2154,TPA,JFK
43155,YX 3681,ATL,EWR
43176,YX 5737,MVY,LGA
43204,DL 1511,LGA,ATL
43206,YX 6054,LGA,CLT
43233,YX 3449,EWR,PWM
43247,WN 3869,LGA,BNA
43248,YX 6093,LGA,PIT
43389,DL 514,JFK,DCA
43481,UA 211,EWR,IAH
43522,MQ 3422,EWR,ORD
43531,DL 925,LGA,BOS
43535,9E 4898,BUF,LGA
43539,YX 5670,ORD,LGA
43544,OO 5602,ORD,LGA
43661,G7 4413,STL,EWR
43690,G7 4544,EWR,RIC
43742,C5 4888,EWR,CHS
43755,OO 4061,SYR,LGA
43848,DL 978,MSP,LGA
43871,DL 3096,BOS,LGA
43881,YX 5991,LGA,MKE
43920,WN 1098,TPA,LGA
43921,YX 3737,EWR,ATL
43933,YX 4492,CMH,LGA
43951,WN 6022,MCI,LGA
43958,UA 1693,EWR,MIA
43970,OO 3641,EWR,MSP
43993,UA 1442,ORD,LGA
44038,C5 4902,EWR,RIC
44070,MQ 4101,EWR,ORD
44094,YX 3535,LGA,IAD
44151,9E 4846,LGA,JAX
44166,WN 2025,BNA,LGA
44173,DL 1116,ATL,JFK
44186,WN 947,DEN,LGA
44227,YX 3758,BNA,EWR
44282,C5 4874,JAX,EWR
44295,YX 3605,DFW,EWR
44297,UA 215,EWR,RDU
44308,YX 3404,JAX,EWR
44315,9E 5349,CHS,LGA
44330,C5 4974,MSN,EWR
44346,YX 5951,CLT,LGA
44354,G4 2519,EWR,SAV
44402,9E 4864,LGA,CHO
44408,YX 3435,EWR,RIC
44418,DL 195,JFK,DTW
44458,WN 1048,MDW,LGA
44469,NK 60,MYR,EWR
44478,EV 4410,EWR,SAV
44494,WN 2583,LGA,HOU
44550,9E 5017,JFK,BWI
44625,YX 5670,LGA,CLE
44645,G4 423,TYS,EWR
44649,B6 564,SRQ,JFK
44663,AA 672,CMH,LGA
44678,WN 1011,DAL,LGA
44688,WN 4335,LGA,DAL
44726,C5 4899,RIC,EWR
44752,DL 699,CLT,LGA
44774,DL 1703,LGA,TPA
44837,9E 5128,JFK,BOS
44860,YX 4486,LGA,CHS
44897,C5 4879,PVD,EWR
44917,9E 4908,LGA,STL
44974,YX 5952,LGA,MCI
45009,C5 4869,EWR,BNA
45010,YX 3695,EWR,CMH
45081,YX 3594,CLE,EWR
45110,UA 654,DTW,EWR
45135,UA 1039,EWR,ATL
45155,YX 3498,LGA,ORD
45169,UA 734,ORD,LGA
45184,YX 6029,CLT,LGA
45197,YX 3608,IAD,EWR
45267,WN 660,LGA,BNA
45392,YX 5725,JFK,ORD
45429,DL 1340,JFK,DTW
45531,YX 3471,PBI,EWR
45607,9E 5039,SRQ,JFK
45613,YX 3586,RDU,EWR
45638,9E 4798,JFK,BOS
45671,NK 2306,FLL,LGA
45733,G4 1393,CVG,EWR
45739,YX 5788,LGA,ORD
45740,DL 523,MCO,JFK
45807,B6 528,MCO,EWR
45814,UA 1114,MCO,EWR
45822,UA 700,TPA,EWR
45824,DL 951,TPA,JFK
45832,YX 3423,EWR,SRQ
45833,G4 1213,AVL,EWR
45887,UA 573,AUS,EWR
45896,DL 1769,LGA,FLL
45959,WN 2107,LGA,TPA
45980,UA 601,PBI,EWR
46088,YX 4463,BNA,LGA
46129,YX 3704,EWR,SRQ
46138,C5 4975,ROC,EWR
46187,9E 4660,SYR,JFK
46214,YX 3526,MEM,EWR
46216,UA 2158,EWR,LAX
46225,9E 4761,LGA,CLE
46250,DL 8786,MSP,LGA
46271,WN 3749,LGA,BNA
46279,G7 4476,EWR,ORF
46360,9E 5070,LGA,BGR
46376,YV 6084,IAH,LGA
46415,YX 4602,EYW,LGA
46470,UA 276,EWR,CLE
46508,WN 3337,MSY,LGA
46511,UA 1568,SFO,EWR
46530,UA 708,EWR,CHS
46586,WN 1336,LGA,ATL
46611,AA 2275,CLT,JFK
46638,F9 1989,EWR,MIA
46665,WN 5037,LGA,ATL
46718,9E 5267,DTW,EWR
46725,WN 2052,LGA,STL
46735,YX 3445,PBI,EWR
46751,WN 2840,LGA,ATL
46817,DL 1595,BOS,JFK
46880,YX 5653,SDF,LGA
46902,EV 3982,EWR,GSP
46953,UA 307,EWR,MIA
46969,DL 951,JFK,TPA
47014,YX 5629,JFK,IND
47034,YX 6131,SYR,LGA
47037,C5 4291,EWR,SYR
47061,9E 5066,JFK,ORF
47063,YX 3451,DFW,EWR
47100,YX 6023,LGA,PIT
47198,EV 4421,CLT,EWR
47199,YX 3566,EWR,GSP
47215,DL 1128,JFK,ATL
47238,YX 5653,LGA,SDF
47245,B6 921,EWR,AUS
47261,YX 3660,EWR,PIT
47262,9E 4756,CHS,JFK
47283,YX 3648,EWR,STL
47309,C5 4993,RIC,EWR
47330,9E 4879,LGA,GRR
47440,DL 310,JFK,MCO
47470,UA 1533,LGA,ORD
47478,AA 415,DFW,LGA
47521,YX 3658,EWR,BNA
47603,DL 1825,JFK,RSW
47610,WN 2044,LGA,BNA
47674,WN 3387,MDW,LGA
47677,9E 5142,IAD,JFK
47729,WN 927,BNA,LGA
47793,B6 1906,FLL,EWR
47829,YX 3467,IAD,LGA
47880,G7 4394,EWR,CMH
47893,OO 3922,LGA,GSO
47927,YX 6045,LGA,RDU
48043,AA 864,JAC,LGA
48129,MQ 3949,LGA,PIT
48210,9E 4819,DTW,EWR
48423,YX 5793,LGA,PIT
48513,AA 1450,LGA,RDU
48514,DL 832,DFW,LGA
48569,EV 4063,EWR,ROC
48610,C5 4316,BTV,EWR
48622,UA 241,EWR,PBI
48657,DL 962,LGA,BNA
48722,YX 4422,PBI,LGA
48753,NK 152,LGA,FLL
48763,9E 5211,EWR,DTW
48774,NK 3279,LGA,MCO
48776,AA 2092,LGA,EGE
48777,9E 4969,JFK,CLE
48808,YX 3504,SAV,EWR
48944,UA 321,FLL,EWR
48947,UA 1662,MIA,EWR
48987,C5 4898,EWR,SAV
48998,C5 4890,EWR,RIC
49048,YX 5622,LGA,GRR
49060,WN 4604,ATL,LGA
49067,UA 602,EWR,BOS
49090,UA 572,EWR,RDU
49150,WN 4815,LGA,DAL
49154,EV 4489,EWR,JAX
49176,YX 3448,EWR,RDU
49216,YX 3493,EWR,SYR
49219,OO 3589,MKE,LGA
49255,DL 1104,JFK,DFW
49264,EV 4193,STL,EWR
49307,C5 4868,EWR,BNA
49316,DL 1463,MCO,LGA
49334,AA 1058,EWR,MIA
49403,DL 1813,LGA,DFW
49438,B6 2211,JFK,FLL
49460,YX 6015,IND,LGA
49556,DL 1125,JAC,JFK
49617,C5 5000,ROC,EWR
49648,YX 5656,CHS,JFK
49662,C5 4884,BTV,EWR
49664,OO 4069,BHM,LGA
49760,WN 5068,LGA,DAL
49802,UA 1906,EWR,EGE
49829,EV 3912,MEM,EWR
49876,YX 5633,LGA,CMH
49919,YX 6043,CLE,LGA
49953,YX 5876,EWR,BOS
49962,9E 5368,CVG,EWR
50078,WN 3375,LGA,DAL
50168,YX 3430,PBI,EWR
50196,DL 545,JFK,FLL
50209,WN 2775,DAL,LGA
50246,EV 4150,EWR,IND
50257,YX 3620,EWR,DCA
50275,DL 995,DTW,LGA
50285,WN 4944,LGA,TPA
50287,EV 4216,EWR,MKE
50380,9E 4830,JFK,CHS
50403,9E 5231,GSO,LGA
50411,WN 3219,LGA,STL
50453,WN 1973,LGA,BNA
50540,YX 5928,JFK,BOS
50549,UA 1199,LGA,RSW
50674,DL 1107,LGA,BOS
50682,YX 3451,EWR,DFW
50714,YX 3410,BNA,EWR
50731,YX 3563,MIA,EWR
50747,YX 3704,DCA,EWR
50793,G7 4479,CLE,EWR
50804,9E 4895,DTW,EWR
50806,DL 1435,FLL,JFK
50831,9E 5299,LGA,BHM
50977,YX 3490,EYW,EWR
51052,DL 8788,LGA,DTW
51110,OO 3669,CLT,LGA
51132,YX 3461,EWR,DCA
51143,B6 430,RSW,JFK
51244,YX 5649,GSP,LGA
51260,9E 4808,RDU,JFK
51272,9E 5453,CLE,JFK
51341,YX 4655,LGA,CMH
51416,YX 3647,EWR,CLT
51430,YX 3668,BOS,EWR
51475,YX 3658,EWR,CVG
51616,9E 4819,EWR,DTW
51631,YX 5612,BOS,LGA
51648,B6 2604,SJU,JFK
51720,B6 590,SAN,JFK
51755,YX 5996,LGA,PIT
51759,AA 580,EWR,MIA
51781,YV 6127,IAH,LGA
51814,DL 221,JFK,MSP
51815,G7 4463,EWR,DTW
51831,YX 5645,MKE,LGA
51858,UA 1418,LGA,ORD
51866,9E 5485,LGA,BNA
51923,YX 3502,BUF,EWR
51973,YX 5943,LGA,PIT
52025,C5 4997,MSN,EWR
52026,UA 2483,EWR,PHX
52027,AA 2918,MIA,JFK
52077,WN 2187,DEN,LGA
52141,9E 5020,BNA,JFK
52213,DL 2981,LGA,ORD
52214,UA 216,HDN,EWR
52239,UA 1046,FLL,EWR
52240,B6 2389,EWR,SJU
52297,AA 1146,EWR,MIA
52310,YX 5803,BOS,LGA
52406,B6 690,SJU,EWR
52453,UA 509,LGA,ORD
52502,WN 5051,MKE,LGA
52565,DL 1119,JFK,ATL
52569,WN 498,TPA,LGA
52574,DL 544,DEN,JFK
52611,EV 4034,LGA,IAH
52616,DL 2286,JFK,PHX
52653,UA 391,LGA,ORD
52663,UA 371,BNA,EWR
52722,OO 3926,CLE,LGA
52753,YX 3532,EWR,ORF
52773,C5 4953,PIT,EWR
52790,UA 722,EWR,ORD
52819,OH 5358,ORF,LGA
52895,PT 4756,PHL,JFK
52900,G7 4415,EWR,IND
52903,YX 3544,BUF,EWR
52913,YX 5622,BOS,LGA
52928,C5 4992,CMH,EWR
52936,G4 1980,EWR,VPS
52938,EV 4147,EWR,IND
52958,C5 4906,EWR,DCA
52959,OH 5586,EWR,CLT
52972,YX 3569,MSY,EWR
52981,DL 1085,RDU,JFK
53070,OO 5263,LGA,ORD
53107,DL 1048,FLL,JFK
53140,B6 48,LAS,JFK
53164,YX 5618,LGA,PIT
53166,B6 1005,EWR,FLL
53172,C5 5014,EWR,MEM
53173,B6 2318,EWR,BOS
53176,9E 4813,MKE,LGA
53194,NK 3253,RSW,EWR
53228,UA 572,BOS,EWR
53302,AA 1909,RSW,LGA
53340,AA 2901,ATL,LGA
53376,DL 1074,JFK,DEN
53378,C5 4891,EWR,SAV
53395,WN 2579,LGA,ATL
53426,DL 1095,DTW,JFK
53446,YX 4531,PIT,LGA
53465,9E 4873,BNA,JFK
53533,UA 756,EWR,CLE
53592,UA 443,EWR,PDX
53609,AA 2553,MIA,EWR
53684,YX 4283,LGA,ILM
53712,OO 4119,BNA,LGA
53767,UA 671,EWR,LAS
53813,WN 2309,STL,LGA
53834,YX 5639,RSW,LGA
53865,9E 4997,JFK,CHS
53880,AA 2453,LGA,CLT
53934,UA 2495,EWR,PDX
53973,YX 5642,GRR,LGA
54022,DL 1802,JFK,SEA
54026,YX 3506,EWR,DFW
54037,DL 2362,CVG,LGA
54073,DL 398,MHT,LGA
54106,DL 8796,ATL,JFK
54130,9E 5362,EWR,DTW
54289,UA 208,EWR,AUS
54294,9E 4945,DFW,JFK
54317,DL 2338,JFK,PHX
54459,YX 3630,EWR,DFW
54466,DL 446,LAX,JFK
54474,9E 5349,EWR,DTW
54510,WN 3124,LGA,HOU
54550,DL 1985,LGA,ORD
54570,AA 2553,EWR,MIA
54594,UA 1637,SRQ,EWR
54597,WN 4834,STL,LGA
54606,G7 4578,EWR,GSP
54615,UA 318,EWR,BNA
54644,YX 3644,CHS,EWR
54687,AA 600,LGA,MIA
54690,C5 5017,SAV,EWR
54740,OO 5417,ORD,LGA
54757,9E 4900,LGA,CLE
54786,YX 5623,SAV,LGA
54932,UA 369,EWR,BNA
54942,DL 355,ATL,JFK
54945,WN 1730,LGA,MDW
55041,9E 5503,LGA,GSO
55060,YX 3610,SAV,EWR
55074,YX 5978,LGA,CMH
55129,C5 4913,SYR,EWR
55192,DL 773,LGA,MCO
55196,NK 2335,FLL,EWR
55211,G4 2507,SAV,EWR
55223,YX 5751,ORD,LGA
55225,WN 5204,STL,LGA
55288,UA 1662,EWR,TPA
55352,EV 4015,EWR,ORF
55363,9E 5368,EWR,CVG
55372,G7 4510,EWR,GSO
55595,YX 3436,EWR,STL
55624,AA 1101,EWR,MIA
55701,ZW 3769,IAD,LGA
55708,YX 5877,LGA,PIT
55761,WN 852,DAL,LGA
55766,YX 6078,LGA,RSW
55802,AA 1824,LGA,RSW
55847,DL 1782,FLL,JFK
55848,OO 3520,MKE,LGA
55879,B6 2285,JFK,RDU
55914,UA 496,DTW,EWR
55924,9E 5415,BUF,JFK
55928,G7 4422,GSP,EWR
55936,YX 4429,LGA,ACK
56119,WN 5148,ATL,LGA
56148,YX 5614,LGA,PIT
56182,WN 2388,MDW,LGA
56260,UA 1291,MIA,EWR
56278,UA 2164,EWR,FLL
56279,YX 3595,EWR,MKE
56316,DL 841,MIA,LGA
56421,UA 1467,EWR,RSW
56445,9E 5040,LGA,BHM
56452,YX 5604,JFK,BOS
56536,UA 1294,IAD,EWR
56647,MQ 3990,DAY,LGA
56690,YX 5688,LGA,FLL
56694,AA 2809,JFK,CLT
56743,C5 4950,EWR,CHS
56796,YX 3747,EWR,ATL
56843,C5 4997,CHS,EWR
56868,AA 2514,LAS,JFK
56906,G4 1918,EWR,VPS
56940,9E 4831,GRR,LGA
57010,DL 1666,DTW,EWR
57015,NK 3250,EWR,TPA
57024,YX 3590,CHS,EWR
57115,YX 4289,PHL,LGA
57160,WN 5704,MDW,LGA
57201,UA 1482,EWR,ATL
57208,OO 3839,EWR,DTW
57224,NK 3153,EWR,FLL
57274,UA 233,EWR,AUS
57371,G7 4398,GSO,EWR
57410,UA 1543,MSY,EWR
57423,YX 5665,CLE,LGA
57450,UA 224,EWR,IAH
57571,UA 390,EWR,SRQ
57706,YX 3425,CMH,EWR
57741,YV 6307,LGA,IAD
57754,9E 4954,JFK,ORD
57786,G7 4440,EWR,RIC
57814,YX 3642,SDF,EWR
57948,AA 2514,JFK,LAS
57969,WN 4912,ATL,LGA
58015,YX 4527,DTW,LGA
58227,DL 1396,RSW,LGA
58232,9E 4928,LGA,MIA
58271,DL 1116,JFK,ATL
58297,DL 421,JFK,LAS
58332,DL 494,JFK,SLC
58413,YX 5888,MEM,LGA
58421,WN 2538,LGA,DAL
58469,YX 3672,EWR,BNA
58478,G4 1954,EWR,VPS
58493,YX 5645,LGA,MKE
58628,WN 19,MCI,LGA
58632,UA 1836,ORD,EWR
58652,YV 6332,LGA,IAH
58730,G7 6204,EWR,DTW
58856,MQ 3906,ORD,LGA
58888,NK 2700,FLL,LGA
58908,YX 5922,LGA,PIT
58914,DL 1010,EWR,MSP
59009,YX 3621,EWR,IAD
59037,YX 5960,LGA,BOS
59062,YX 4498,TPA,LGA
59084,YX 3585,EWR,PBI
59086,WN 2880,DEN,LGA
59091,YX 6090,BUF,LGA
59181,9E 4789,JAX,LGA
59230,B6 2584,MCO,JFK
59244,B6 1103,JFK,SJU
59265,WN 2387,DAL,LGA
59370,9E 5052,RDU,EWR
59457,YX 6007,DCA,JFK
59528,OO 5755,ORD,LGA
59613,C5 4964,EWR,IAD
59695,DL 544,EWR,SLC
59728,EV 4366,MKE,EWR
59729,WN 5635,LGA,MSY
59734,WN 5576,LGA,MDW
59769,AA 15,LGA,ORD
59795,G4 1310,CVG,EWR
59826,UA 1577,LGA,ORD
59851,EV 4448,SDF,EWR
59894,YX 5648,MEM,LGA
59961,G4 1907,VPS,EWR
60082,WN 3880,LGA,MDW
60089,DL 1808,IAH,LGA
60117,G7 6183,EWR,DTW
60140,G7 4411,PIT,EWR
60363,YX 5671,DTW,JFK
60366,9E 5240,JAX,LGA
60393,YX 5641,LGA,SRQ
60434,DL 1567,STT,JFK
60530,YX 5593,CMH,LGA
60569,YX 3497,EWR,ROC
60589,YX 3545,EWR,EYW
60594,YX 3610,GRR,EWR
60706,DL 996,LGA,FLL
60738,EV 3930,EWR,BNA
60790,UA 1701,MCO,EWR
60834,DL 418,PDX,JFK
60887,WN 4018,DAL,LGA
60892,WN 2932,BNA,LGA
60926,UA 1480,LAX,EWR
60928,YX 4586,LGA,ATL
60945,DL 1678,JFK,SLC
60985,WN 6190,DAL,LGA
60991,9E 4837,JFK,PWM
60995,UA 1550,EWR,IAH
61050,WN 2913,ATL,LGA
61138,YX 3617,EWR,CMH
61362,YX 3429,EWR,CMH
61373,YX 3528,BUF,EWR
61398,EV 4170,RIC,EWR
61409,C5 4960,EWR,ORF
61471,9E 4894,JFK,SYR
61489,YX 3621,EWR,DCA
61687,YX 3465,AUS,EWR
61798,WN 480,LGA,STL
61806,YX 6063,JFK,RIC
61857,YX 5726,LGA,EYW
61891,WN 2602,LGA,MDW
61923,WN 900,LGA,BNA
61930,YX 3631,IAD,EWR
61978,MQ 3399,ORF,LGA
61995,YX 5774,ORD,LGA
61996,9E 5359,EWR,RDU
62025,DL 2492,MIA,LGA
62147,YX 4281,JFK,PIT
62221,EV 4056,EWR,JAX
62230,YX 3433,EWR,RSW
62244,UA 1705,EWR,MCO
62285,YX 5625,LGA,SAV
62286,DL 485,MIA,LGA
62334,UA 1917,PBI,EWR
62360,YX 6142,LGA,MCI
62370,YX 4859,MIA,LGA
62429,9E 4638,MSP,EWR
62502,C5 4898,CHS,EWR
62544,WN 3932,BNA,LGA
62547,9E 4802,LGA,ROC
62558,YV 6055,LGA,IAH
62640,B6 2371,BOS,JFK
62678,WN 5172,ATL,LGA
62721,C5 5008,ROC,EWR
62735,YX 5628,CLE,LGA
62747,DL 1860,LGA,MSY
62767,DL 3127,LGA,CLT
62793,DL 913,LGA,MCO
62816,G7 4553,EWR,CLE
62838,WN 642,BNA,LGA
62845,WN 3440,HOU,LGA
62849,OO 5958,IAD,LGA
62929,WN 2857,HOU,LGA
63055,YX 5670,BNA,LGA
63129,DL 1730,JFK,DCA
63140,AA 388,LGA,RDU
63170,G4 1902,EWR,VPS
63207,UA 692,AUS,EWR
63374,YX 5619,RIC,JFK
63406,OO 4034,EWR,DTW
63463,9E 5312,JFK,BOS
63483,DL 931,MIA,LGA
63502,OO 3777,LGA,SYR
63567,YX 3509,BNA,EWR
63668,9E 4881,LGA,CLE
63671,9E 5240,GSO,LGA
63697,WN 185,BNA,LGA
63733,OO 3650,EWR,DTW
63774,DL 2955,SJC,JFK
63833,C5 4881,EWR,PQI
63837,WN 3775,LGA,MDW
63883,OO 3838,LGA,BNA
63890,DL 2342,JFK,IAH
63984,AA 235,JFK,MIA
64024,UA 2453,EWR,DFW
64110,OO 3718,DTW,EWR
64194,YX 5679,JFK,DCA
64304,B6 1982,SFO,EWR
64310,MQ 4080,LGA,CLE
64313,YX 5615,DCA,LGA
64327,AA 2324,JFK,CLT
64357,DL 2200,EWR,SLC
64443,G7 4500,RIC,EWR
64458,9E 4983,LGA,DSM
64578,OO 5365,ORD,LGA
64846,OO 3784,LGA,MCI
64880,DL 798,LGA,DTW
64990,AA 758,BOS,JFK
65303,DL 842,JFK,MIA
65351,DL 2010,JFK,TPA
65364,YV 6006,LGA,IAH
65392,YX 6087,DFW,JFK
65558,YX 3683,EWR,SDF
65653,OO 3775,PIT,LGA
65680,AA 773,JFK,PHX
65742,YX 3456,EWR,MEM
65787,YX 5620,ORF,LGA
65800,YX 3481,CMH,EWR
65828,AA 806,JFK,EGE
65835,YX 3691,EWR,IAD
65848,DL 431,JFK,DTW
65850,NK 1060,EWR,FLL
65977,UA 2015,EWR,SEA
65984,YX 5667,CLE,LGA
65994,YX 3437,SAV,EWR
66164,UA 1706,BNA,EWR
66294,G4 2521,EWR,SAV
66455,WN 4851,LGA,ATL
66575,UA 1162,EWR,LAS
66591,YX 3480,EWR,BOS
66692,9E 5404,JFK,CHS
66716,G7 4551,CLT,EWR
66729,YX 3589,SAV,EWR
66758,UA 2482,EWR,SLC
66776,WN 3309,MDW,LGA
66846,YX 4974,LGA,MIA
66930,WN 4903,LGA,MKE
66939,WN 1449,BNA,LGA
66971,WN 1677,LGA,ATL
67010,G4 1308,EWR,CVG
67025,WN 3808,DAL,LGA
67026,9E 4830,LGA,SDF
67064,YX 3466,EWR,SAV
67289,DL 874,JFK,ATL
67327,UA 2036,EWR,SLC
67376,AA 2916,JFK,MIA
67390,C5 5019,CMH,EWR
67518,YX 3652,EWR,RDU
67571,YX 3449,EYW,EWR
67726,YX 4459,BNA,LGA
67729,UA 248,EWR,IAD
67739,AA 349,JFK,DFW
67843,MQ 4047,EWR,ORD
67984,AA 2377,CLT,LGA
68009,B6 2906,ORD,JFK
68023,DL 1703,LGA,BOS
68066,C5 4975,ALB,EWR
68091,DL 1521,JFK,RDU
68114,B6 2906,PDX,JFK
68147,YX 3504,ORF,EWR
68382,WN 4018,LGA,MDW
68499,DL 775,MSY,JFK
68557,DL 1860,MSY,LGA
68611,B6 2027,EWR,MCO
68628,C5 4934,CAK,EWR
68678,AA 1097,DFW,LGA
68843,UA 684,EWR,LAS
68863,9E 5331,LGA,BUF
68915,YX 5987,CLE,LGA
68925,C5 4913,EWR,CMH
68934,YX 5620,LGA,ORF
68978,UA 715,EWR,SRQ
69009,EV 5238,ORD,LGA
69036,WN 3614,LGA,DAL
69123,DL 1043,LGA,DTW
69125,YX 3577,ORD,LGA
69133,C5 4990,EWR,BGR
69149,YX 3609,EWR,IND
69170,DL 433,SJU,JFK
69214,C5 4890,EWR,IAD
69245,B6 2683,JFK,MCO
69611,9E 5479,SAV,LGA
69645,G7 4478,EWR,BUF
69725,WN 5961,LGA,TPA
69738,G7 4589,EWR,DCA
69870,YX 4578,CLT,LGA
69984,YX 5749,LGA,MIA
70026,UA 1745,MIA,EWR
70071,WN 2387,LGA,MDW
70208,OO 3530,MSP,EWR
70218,9E 4905,CLE,LGA
70221,9E 4948,EWR,DTW
70255,UA 265,ORD,LGA
70312,9E 5006,JAX,JFK
70355,G7 4562,EWR,BUF
70418,WN 5580,STL,LGA
70537,YV 6160,IAH,LGA
70630,DL 8784,MCO,JFK
70748,EV 3917,BTV,EWR
70894,DL 1351,LGA,BOS
70997,WN 3078,ATL,LGA
71114,9E 5013,JFK,SYR
71143,DL 541,LGA,DFW
71193,C5 4925,BGR,EWR
71250,YX 4498,LGA,TPA
71281,YX 5626,LGA,RDU
71297,YX 3568,EWR,IAD
71306,DL 2348,JFK,IAH
71364,NK 1600,FLL,LGA
71385,DL 1192,RDU,JFK
71409,C5 5007,EWR,MEM
71530,DL 1814,EWR,ATL
71731,UA 2037,SAN,EWR
71756,YX 3587,EWR,RSW
71785,WN 1972,ATL,LGA
71863,DL 1095,LGA,ATL
71966,UA 547,ORD,EWR
71967,YX 5625,CLT,LGA
72168,UA 654,EWR,BNA
72218,9E 5084,JFK,IND
72294,YX 3535,MCI,EWR
72330,UA 700,EWR,ORF
72425,G7 6185,EWR,DTW
72492,YX 6024,LGA,GRR
72503,YX 4429,LGA,RIC
72595,G7 4490,CLE,EWR
72679,YX 3417,CLT,EWR
72764,YX 4707,PIT,LGA
72770,UA 307,EWR,BOS
72817,WN 379,ATL,LGA
72915,OO 3504,SAV,LGA
72938,YX 3453,CLE,EWR
72999,WN 1898,LGA,TPA
73089,WN 5073,LGA,MSY
73152,DL 1654,LGA,TPA
73190,G4 407,TYS,EWR
73345,YX 3440,EWR,RSW
73356,WN 254,LGA,MDW
73388,DL 1471,LGA,MCO
73408,EV 4238,PVD,EWR
73425,YX 3552,EWR,MSY
73661,G7 4543,EWR,GSO
73788,AA 575,ORD,LGA
73816,YX 3468,DCA,EWR
73834,UA 308,EWR,RDU
73976,UA 771,EWR,MCO
74019,9E 4999,CVG,LGA
74057,WN 5696,ATL,LGA
74081,UA 2473,LGA,ORD
74126,YX 3654,BNA,EWR
74147,YX 5935,MEM,LGA
74190,YX 6047,LGA,CLT
74232,AA 2625,FLL,LGA
74313,WN 2818,MCI,LGA
74377,G7 4486,CLT,EWR
74455,YX 3414,BGR,EWR
74505,UA 1571,LGA,IAH
74590,UA 1214,EWR,MCO
74658,AA 718,LGA,MIA
74685,C5 4902,EWR,CHS
74687,DL 1063,LAS,JFK
74701,OH 5068,LGA,ORF
74757,F9 675,MIA,EWR
74790,OO 3619,LGA,OMA
74801,UA 1096,EWR,SFO
74890,DL 8818,ATL,JFK
74919,WN 6045,LGA,ATL
74933,YX 3512,EWR,RIC
74934,YX 3660,EWR,RIC
75066,UA 1654,EWR,RSW
75170,WN 2187,LGA,ATL
75192,C5 4881,EWR,SYR
75196,AA 718,MIA,LGA
75204,C5 4891,EWR,ORF
75298,EV 4486,EWR,SYR
75448,AA 1413,LGA,TPA
75546,G7 4583,CVG,EWR
75582,WN 5093,LGA,DAL
75587,MQ 4249,LGA,SAV
75664,YX 4527,LGA,DTW
75759,YX 5612,ORF,LGA
75799,OO 4043,GSO,LGA
75800,YX 4486,CHS,LGA
75816,AA 2616,LGA,RDU
75864,YX 5593,LGA,RSW
76063,DL 1069,JFK,IAH
76069,YX 3510,MSY,EWR
76070,YX 3641,CHS,EWR
76161,OO 3722,LGA,MKE
76205,DL 2902,JFK,RDU
76335,YX 3655,PIT,EWR
76344,UA 1803,EWR,SFO
76347,9E 4945,CVG,EWR
76498,YX 5591,JFK,BOS
76605,G7 4491,RIC,EWR
76647,9E 4942,CVG,LGA
76678,DL 949,LGA,IAH
76761,WN 2933,LGA,BNA
76887,C5 4931,EWR,GRR
76999,YX 5653,DCA,JFK
77025,9E 5205,CHA,LGA
77128,YX 4998,LGA,DCA
77206,WN 4725,BNA,LGA
77280,YX 3414,CHS,EWR
77311,G7 4396,EWR,RIC
77342,DL 8787,SEA,JFK
77356,B6 307,JFK,FLL
77458,9E 4847,DSM,LGA
77459,UA 2478,TPA,EWR
77527,YX 5670,LGA,BNA
77734,YX 6053,LGA,CLT
77855,UA 1495,PBI,EWR
77862,C5 4879,PWM,EWR
77896,C5 4915,EWR,IAD
77899,YX 3454,DTW,EWR
77901,9E 4805,STL,LGA
77956,YX 4749,MIA,EWR
78044,DL 371,LGA,ATL
78112,YX 6110,JFK,BOS
78122,YX 5646,LGA,CLT
78143,UA 222,MSY,EWR
78164,DL 377,SAV,JFK
78172,DL 538,JFK,ATL
78208,YX 5638,LGA,SAV
78219,YX 3711,EWR,DTW
78365,AA 487,JFK,MIA
78373,WN 2096,LGA,BNA
78397,DL 1765,LGA,DEN
78410,C5 4984,IAD,EWR
78466,UA 1705,EWR,IAH
78537,B6 2106,FLL,EWR
78621,B6 2019,STT,JFK
78766,C5 4966,EWR,ROC
78783,C5 5006,EWR,SDF
78813,B6 316,TPA,LGA
78831,AA 2119,BOS,LGA
78848,OO 3737,PIT,LGA
78856,NK 3204,DFW,LGA
78897,OO 3642,LGA,BNA
79035,9E 4837,JFK,RIC
79156,YX 3487,EWR,BOS
79168,UA 1550,EWR,SAN
79255,NK 3189,LGA,ORD
79281,UA 636,EWR,CLE
79377,DL 798,GSP,LGA
79401,DL 851,JFK,PBI
79427,9E 4671,LGA,SDF
79430,YX 5978,LGA,RDU
79440,OO 4089,LGA,BNA
79581,YX 3637,EWR,CVG
79582,AA 616,JFK,DFW
79642,WN 3082,MSY,LGA
79648,WN 3270,LGA,STL
79712,OO 3630,LGA,MSN
79768,YX 3568,CLT,EWR
79823,C5 4869,ROC,EWR
79903,AA 1274,DFW,EWR
79925,YX 3578,EWR,STL
79939,WN 4941,LGA,ATL
80085,YX 3543,EWR,GRR
80158,UA 699,EWR,MIA
80251,YX 3481,BTV,EWR
80304,9E 4924,ORF,LGA
80343,WN 3271,BNA,LGA
80357,B6 56,LAS,EWR
80448,DL 892,LGA,IAH
80461,DL 1298,EWR,ATL
80525,DL 2088,BOS,LGA
80588,DL 2903,LGA,ATL
80685,WN 2869,LGA,MDW
80719,YX 3675,JAX,EWR
80753,YX 3550,EWR,JAX
80761,OO 3777,SAV,LGA
80844,G4 468,EWR,TYS
80869,WN 2829,HOU,LGA
80976,C5 5004,SYR,EWR
81066,WN 3434,LGA,BNA
81177,YX 3665,SYR,EWR
81257,WN 1011,LGA,DAL
81289,9E 4761,CLE,LGA
81378,NK 1749,EWR,MCO
81449,WN 3001,ATL,LGA
81481,DL 8790,ATL,JFK
81618,G7 4526,BUF,EWR
81660,C5 4999,EWR,BUF
81932,YX 3682,EWR,BNA
81942,YX 5613,LGA,MKE
81986,DL 1809,LGA,BOS
82024,YX 3534,JAX,EWR
82049,UA 1708,EWR,IAD
82067,YX 3478,AUS,EWR
82203,DL 1544,JFK,DEN
82222,UA 978,MCO,EWR
82232,YX 3609,MSP,EWR
82309,YX 5649,JFK,BUF
82322,UA 1743,TPA,EWR
82330,DL 2599,JFK,MSY
82444,UA 524,HDN,EWR
82529,YX 5927,BUF,LGA
82628,G7 4559,EWR,RIC
82758,NK 1963,IAH,EWR
82853,WN 3340,MDW,LGA
82910,AA 374,AUS,JFK
82950,9E 5306,DTW,EWR
82996,WN 5088,STL,LGA
83078,YX 5590,JFK,RDU
83104,UA 655,EWR,BOS
83133,C5 4916,EWR,CLE
83168,B6 638,SJU,JFK
83473,YX 3468,EWR,MCI
83521,UA 576,ORD,LGA
83545,C5 4855,EWR,RIC
83597,9E 5051,LGA,GSO
83758,DL 2208,FLL,LGA
83770,9E 4885,LGA,GRR
83819,YX 6015,RDU,LGA
83891,DL 1266,JFK,FLL
83912,DL 1280,JFK,MCO
83949,C5 4900,EWR,CMH
83969,DL 1346,DFW,JFK
83985,YX 5884,LGA,DCA
84051,AS 37,EWR,SEA
84113,OO 4040,LGA,CHS
84129,9E 4904,LGA,JAX
84188,YX 3416,ALB,EWR
84212,9E 4949,JFK,ORF
84271,OO 3820,MSP,EWR
84279,WN 1085,LGA,MDW
84288,YX 5810,LGA,ORD
84316,YX 5624,GRR,LGA
84367,UA 1444,TPA,EWR
84516,DL 8810,ATL,EWR
84526,ZW 3881,IAD,LGA
84584,YX 5636,CLT,LGA
84649,YX 4565,RSW,LGA
84667,UA 1171,EWR,SFO
84817,WN 5324,TPA,LGA
84965,EV 4104,EWR,PVD
84979,DL 1814,ATL,EWR
85038,G4 1916,VPS,EWR
85047,WN 4604,LGA,MDW
85165,YV 6153,LGA,IAH
85167,9E 5423,LGA,CLT
85179,C5 4900,EWR,GRR
85193,YX 5625,GSO,LGA
85277,UA 1287,IAH,EWR
85299,AA 1792,EWR,ORD
85306,UA 1460,EWR,PHX
85324,YX 3606,SDF,EWR
85357,WN 2115,LGA,DAL
85431,OO 4119,LGA,BNA
85606,UA 1255,EWR,IAD
85608,9E 5118,MSN,LGA
85699,B6 1044,BZN,JFK
85732,G7 4429,DTW,EWR
85778,AA 471,LGA,MIA
86109,YX 4460,LGA,TVC
86132,UA 1532,EWR,DTW
86169,OO 5602,LGA,IAD
86188,YX 3652,TPA,EWR
86235,OO 3772,LGA,MCI
86293,YX 4983,MIA,EWR
86441,UA 1577,LGA,RSW
86464,UA 1287,SYR,EWR
86508,WN 5664,MDW,LGA
86629,DL 2362,JFK,DTW
86692,DL 2295,LGA,MCO
86703,YX 5645,LGA,ROC
86777,YX 5938,LGA,BNA
86945,UA 1268,ORF,EWR
87069,WN 2819,LGA,DAL
87097,UA 427,LGA,IAD
87118,YX 5925,LGA,BOS
87131,UA 1950,DFW,EWR
87216,EV 4034,EWR,BUF
87267,EV 4198,EWR,STL
87308,YX 5880,LGA,CAE
87350,F9 1365,MIA,LGA
87489,AA 2663,JFK,MIA
87497,YV 6157,LGA,IAD
87622,C5 4946,IAD,EWR
87662,YX 4283,JFK,CLT
87692,9E 3824,LGA,CLE
87755,9E 5129,CLE,LGA
87918,WN 4201,DAL,LGA
87959,YX 3748,RSW,EWR
88117,9E 5031,LGA,PIT
88141,UA 1449,MCO,EWR
88171,YX 5646,LGA,CLE
88230,WN 2982,LGA,MKE
88332,C5 5017,IAD,EWR
88333,OH 5126,CLE,LGA
88373,B6 411,EWR,RSW
88611,DL 355,JFK,ATL
88623,G4 1914,EWR,VPS
88630,DL 8815,ATL,LGA
88650,G4 1207,EWR,AVL
88670,WN 3,MSY,LGA
88730,9E 5216,JFK,ROC
88737,YX 3422,BUF,EWR
88753,UA 394,EWR,TPA
88790,OO 3767,LGA,CLE
88921,YX 3419,ATL,EWR
88923,UA 1402,EWR,MIA
88998,AA 336,RDU,LGA
89039,EV 4112,ROC,EWR
89168,YX 4531,ILM,LGA
89434,9E 5224,JFK,SAV
89468,B6 673,EWR,TPA
89498,DL 2299,MCO,LGA
89518,YX 3522,EWR,PWM
89528,UA 652,EWR,MCO
89553,YX 5880,CAE,LGA
89624,YX 6085,BUF,LGA
89880,OO 5253,LGA,ORD
89886,WN 1785,LGA,BNA
90148,AA 521,ORD,LGA
90182,DL 2268,LGA,BOS
90307,YX 4422,LGA,PBI
90336,OO 3904,LGA,SAV
90424,YX 3455,EWR,BOS
90476,AA 1995,MTJ,LGA
90494,YX 3547,EWR,STL
90530,G7 4449,BUF,EWR
90601,9E 5155,EWR,DTW
90609,9E 4830,CHS,JFK
90702,UA 214,EWR,ORF
90719,9E 5069,GSO,LGA
90777,9E 5245,LGA,RDU
90816,OO 5777,LGA,ORD
90826,UA 1162,EWR,TPA
90844,UA 336,TPA,EWR
90859,WN 4255,MDW,LGA
90893,C5 4901,EWR,GRR
90961,9E 5012,JFK,RIC
91011,UA 1721,EWR,BOS
91162,WN 4703,STL,LGA
91300,YX 3508,EWR,BOS
91321,G7 4528,DCA,EWR
91401,EV 4281,EWR,CLE
91560,YX 3671,SAV,EWR
91630,YX 4626,LGA,SRQ
91632,OO 3708,MKE,LGA
91634,UA 379,IAH,EWR
91645,DL 2951,LGA,MHT
91695,YX 3495,EWR,DTW
91766,YX 3498,SRQ,EWR
91796,UA 1962,EWR,FLL
91819,B6 962,SMF,JFK
91846,9E 4815,ORF,LGA
91962,UA 1627,DEN,EWR
92048,YX 6131,LGA,SYR
92070,NK 3252,EWR,RSW
92132,YX 3504,GSP,EWR
92178,B6 684,MCO,JFK
92352,DL 1011,JFK,TPA
92451,DL 2507,JFK,TPA
92493,DL 1904,CVG,LGA
92607,DL 1484,MSY,LGA
92659,UA 751,JAX,EWR
92737,WN 4716,MDW,LGA
92817,YX 3621,LGA,ORD
92991,YX 5677,LGA,CLT
93042,YX 5657,STL,LGA
93142,WN 2665,DEN,LGA
93199,C5 4307,EWR,ORF
93237,DL 1799,LGA,IAH
93255,DL 463,PBI,JFK
93289,DL 966,EWR,ATL
93311,YX 3554,DCA,EWR
93422,DL 512,IAH,LGA
93482,G7 6191,RDU,EWR
93563,UA 1168,TPA,EWR
93588,DL 2229,JFK,TPA
93655,C5 4921,EWR,PIT
93755,B6 2992,ACK,JFK
93758,B6 941,EWR,PHX
93917,9E 5185,LGA,CMH
94028,WN 4245,STL,LGA
94053,YX 4312,CAE,LGA
94064,WN 4839,LGA,MDW
94137,C5 4942,RDU,EWR
94367,YX 4603,LGA,CMH
94605,C5 5017,EWR,SAV
94614,9E 4754,LGA,MEM
94697,YX 3750,EWR,MSP
94958,UA 1760,EWR,FLL
94963,DL 1183,JFK,AUS
94993,AA 580,MIA,EWR
95017,UA 1445,IAD,EWR
95085,UA 263,MCO,EWR
95145,DL 1238,LGA,DEN
95166,YX 3629,EWR,IAD
95217,YX 3645,EWR,IND
95243,AA 2601,ATL,LGA
95284,DL 1703,LGA,ATL
95299,EV 4913,ORF,EWR
95300,YX 6076,LGA,CLE
95329,YX 6073,LGA,RIC
95372,EV 4004,IAH,LGA
95565,C5 4893,EWR,ORF
95644,UA 2477,EWR,PBI
95650,DL 1639,LAS,JFK
95685,YX 6085,SDF,LGA
95714,AA 1560,LGA,DFW
95755,WN 635,LGA,BNA
95869,OO 3632,LGA,MSN
95879,UA 2011,RSW,EWR
95907,YX 3641,EWR,SAV
96004,OO 3697,MSN,LGA
96061,WN 5714,LGA,HOU
96076,G7 4431,EWR,DTW
96234,UA 1803,EWR,PBI
96244,YX 4459,LGA,RDU
96285,UA 2137,LGA,ORD
96333,WN 4893,DAL,LGA
96349,WN 6577,LGA,DAL
96362,YX 3402,BUF,EWR
96389,EV 4306,BUF,EWR
96414,G7 4472,EWR,BUF
96418,9E 4830,JFK,MSP
96510,EV 3998,EWR,RDU
96520,YX 5613,BHM,LGA
96729,YX 3631,EWR,ORF
96737,YX 5612,LGA,ORF
96782,DL 1106,LAS,JFK
96837,DL 2754,LAS,JFK
96910,YX 3730,DSM,EWR
97052,9E 5181,DSM,LGA
97069,9E 5290,TYS,LGA
97162,EV 4261,GRR,EWR
97245,C5 4856,EWR,IAD
97255,9E 5358,LEX,LGA
97261,9E 5493,LGA,BNA
97440,UA 545,MCO,EWR
97527,OO 3525,GRR,LGA
97557,UA 230,BNA,EWR
97620,WN 3436,LGA,ATL
97778,WN 4680,BNA,LGA
97983,UA 1401,IAH,EWR
98081,UA 1449,PHX,EWR
98094,DL 2021,JFK,TPA
98100,OO 3904,SAV,LGA
98112,DL 1042,LGA,RSW
98177,9E 4850,LGA,STL
98459,YX 4700,RIC,LGA
98492,UA 1075,EWR,TPA
98630,9E 5108,RDU,JFK
98763,B6 982,FLL,JFK
98787,EV 4183,EWR,BTV
98829,YX 6003,BOS,LGA
98843,WN 4697,MKE,LGA
98866,DL 2137,RSW,LGA
98984,DL 2005,DEN,JFK
99022,YX 5651,RDU,LGA
99056,C5 4971,LGA,IAD
99116,UA 724,SFO,EWR
99128,WN 4455,ATL,LGA
99188,G4 2515,SAV,EWR
99242,9E 5182,ORD,JFK
99268,F9 2771,EWR,MYR
99296,UA 435,MIA,EWR
99508,UA 1709,IAD,EWR
99554,9E 4994,EWR,RDU
99606,YX 5769,LGA,ORD
99617,YX 4399,LGA,RIC
99759,YX 3586,EWR,DCA
100002,B6 1819,SJU,JFK
100011,WN 4513,BNA,LGA
100056,YX 3487,BUF,EWR
100191,9E 4759,LGA,SAV
100248,AA 163,JFK,CLT
100252,9E 4699,JFK,MSP
100305,YX 3521,IAD,EWR
100328,YX 5621,BNA,LGA
100477,C5 4989,EWR,STL
100663,WN 6058,LGA,ATL
100676,G7 4502,EWR,DCA
100833,AA 598,DCA,JFK
100886,YX 5646,BUF,LGA
100891,AA 376,ATL,LGA
100902,DL 223,JFK,BOS
100994,OO 3632,MKE,LGA
101258,YX 6057,JFK,BOS
101471,G7 4599,RIC,EWR
101512,OO 3809,CAE,LGA
101590,WN 2387,HOU,LGA
101754,YX 5614,BHM,LGA
101805,WN 2831,LGA,DAL
101893,YX 5879,EWR,BOS
101934,9E 4632,JFK,ORD
102038,DL 8790,MSP,JFK
102049,WN 3575,BNA,LGA
102065,WN 2956,ATL,LGA
102067,9E 5155,JFK,IAD
102223,DL 1971,DFW,JFK
102245,F9 1757,MIA,LGA
102326,B6 1984,FLL,JFK
102513,OO 3592,GSO,LGA
102647,G4 408,TYS,EWR
102796,UA 1073,EWR,ORD
102828,YX 4362,PHL,LGA
102850,DL 1444,MSP,LGA
102974,WN 5437,LGA,TPA
102976,UA 674,PBI,EWR
103054,C5 4879,EWR,PIT
103099,YX 3723,ORD,LGA
103123,DL 2164,ORD,LGA
103302,C5 4928,EWR,DCA
103303,YX 4412,LGA,ILM
103385,AA 2487,MIA,LGA
103477,WN 6020,DEN,LGA
103532,C5 4985,CLE,EWR
103657,OO 3764,DTW,EWR
103835,WN 5173,LGA,MSY
103946,UA 1409,EWR,SRQ
103994,YX 3459,EWR,RIC
104020,DL 772,ATL,JFK
104045,9E 5194,GSP,LGA
104338,WN 2271,MDW,LGA
104512,C5 4968,LGA,IAD
104537,AA 1413,TPA,LGA
104605,AA 363,ATL,LGA
104647,DL 1237,JFK,CLT
104666,B6 101,JFK,FLL
104726,DL 1053,PBI,LGA
104869,YX 3409,CLT,EWR
105079,DL 333,JFK,LAS
105134,WN 1,LGA,DEN
105137,UA 2016,ORD,LGA
105353,DL 1539,JFK,DCA
105443,9E 4950,LGA,CHO
105772,9E 5026,DTW,EWR
106132,WN 4511,LGA,DEN
106184,WN 652,LGA,MDW
106310,G7 4393,EWR,GSP
106340,9E 4882,DTW,JFK
106513,WN 3490,LGA,DAL
106522,C5 4872,CHS,EWR
106551,UA 265,EWR,IAH
106663,C5 4892,EWR,CLE
106695,UA 786,EWR,LAX
106717,C5 4885,EWR,BTV
106773,DL 876,DTW,JFK
106942,YX 4531,LGA,PIT
107220,DL 737,LGA,BOS
107308,YX 4381,LGA,RIC
107523,9E 5447,BOS,JFK
107603,9E 5027,CLT,LGA
107697,WN 3079,LGA,MSY
107734,YX 3515,BUF,EWR
107976,UA 242,IAD,EWR
108039,OO 3737,LGA,PIT
108135,MQ 3456,GSO,LGA
108155,DL 8787,SJU,JFK
108202,YX 5620,CLT,LGA
108261,9E 4966,JFK,DFW
108263,DL 2972,MIA,LGA
108269,9E 5369,JFK,ORF
108312,YX 3536,IAD,LGA
108408,YX 6137,BUF,LGA
108482,YX 3719,MCI,EWR
108502,EV 4394,ALB,EWR
108826,WN 4964,LGA,DEN
108855,YX 3672,PBI,EWR
108919,9E 5049,MIA,LGA
108955,UA 355,EWR,SAT
109010,YX 5643,LGA,CLE
109053,YX 3575,EWR,TPA
109161,UA 1666,RSW,EWR
109262,YX 5625,SAV,LGA
109403,9E 5042,CHS,LGA
109499,WN 3391,HOU,LGA
109514,YX 3614,MSY,EWR
109582,YX 5649,LGA,GSP
109673,F9 473,LGA,MCO
109699,DL 1117,PHX,JFK
109778,UA 1008,EWR,LAS
110014,G7 4538,DTW,EWR
110051,UA 561,ORD,EWR
110166,WN 3068,LGA,ATL
110214,B6 2041,JFK,SAV
110317,OO 5580,LGA,ORD
110347,DL 1291,LGA,BOS
110592,9E 4780,CLE,JFK
110884,UA 1517,FLL,EWR
111003,YX 5822,JFK,BOS
111416,G7 6208,EWR,DTW
111471,YX 5660,BHM,LGA
111678,DL 2871,JFK,RDU
111698,EV 4449,RDU,EWR
111804,EV 4082,DTW,EWR
111811,YX 3642,EWR,DFW
111824,EV 4326,BNA,EWR
111861,YX 5614,BNA,JFK
111935,UA 1485,EWR,MSY
112096,YX 3672,EWR,MIA
112128,UA 754,JAX,EWR
112180,YX 5613,LGA,BNA
112202,G7 4617,EWR,DCA
112325,EV 4060,LGA,ORD
112427,9E 6186,EWR,DTW
112539,YX 4368,CMH,LGA
112587,MQ 3366,LGA,IND
112641,G7 6225,EWR,DTW
112765,DL 1676,JFK,FLL
112979,F9 673,MIA,EWR
113185,DL 1267,DTW,LGA
113250,UA 1588,LGA,ORD
113413,YX 3458,BNA,EWR
113450,DL 1025,LGA,DFW
113537,YX 4399,LGA,DAB
113766,EV 3938,CLT,EWR
114017,DL 2741,LGA,ORD
114036,YX 6025,LGA,MEM
114041,UA 697,EWR,MCO
114053,9E 4809,LGA,MKE
114122,YX 5881,LGA,SYR
114183,YX 6047,SDF,LGA
114214,YX 5596,LGA,DFW
114226,9E 4935,JFK,BTV
114230,C5 4938,RIC,EWR
114304,WN 21,DEN,LGA
114326,YX 3643,IAD,LGA
114405,DL 878,ATL,LGA
114477,B6 1254,PBI,JFK
114510,DL 2865,LGA,BOS
114590,UA 251,EWR,RIC
114663,YX 5653,GSO,LGA
114716,MQ 4173,LGA,SAV
114756,G7 4577,EWR,CVG
114775,WN 3026,LGA,BNA
114880,YX 5644,LGA,GRR
114890,F9 1509,EWR,SJU
115059,DL 733,BOS,LGA
115081,OO 3841,LGA,MKE
115314,9E 5474,LGA,BHM
115373,9E 4776,JFK,BWI
115574,B6 1912,RSW,EWR
115606,YX 4685,LGA,CLT
115660,YX 4685,CLT,LGA
115731,YX 4414,PIT,LGA
116114,WN 3615,BNA,LGA
116136,UA 651,EWR,SAN
116196,G7 4445,EWR,BUF
116357,9E 5155,DTW,EWR
116420,YX 5600,SDF,LGA
116457,UA 441,LAS,EWR
116473,YX 5628,BUF,LGA
116814,UA 1079,EWR,ORD
116954,WN 3795,LGA,BNA
116993,EV 4096,ROC,EWR
117015,C5 4951,LGA,CLE
117056,B6 1328,MCO,EWR
117079,DL 8785,JFK,ATL
117085,UA 326,EWR,PBI
117118,OO 3685,BHM,LGA
117176,C5 4927,PIT,EWR
117427,WN 4239,ATL,LGA
117781,YX 3523,CHS,EWR
117904,YX 3417,EWR,MKE
117938,YX 4525,MIA,EWR
118001,DL 1315,JFK,MCO
118132,9E 4906,DFW,JFK
118309,YX 5612,EWR,RDU
118443,YX 5961,LGA,MEM
118546,WN 3119,LGA,DEN
118934,UA 581,LGA,ORD
118983,YX 4860,MIA,LGA
119161,AA 1477,JFK,ORD
119695,UA 2142,ORD,EWR
119730,UA 1194,EWR,CLT
119762,YX 4405,PWM,LGA
119818,YX 5635,GSO,LGA
119819,UA 1960,MSY,EWR
120016,YX 5633,MEM,LGA
120098,YX 6102,MCI,LGA
120186,UA 343,EWR,DEN
120323,UA 1102,SRQ,EWR
120359,B6 1536,MCO,JFK
120681,YX 4342,LGA,ORF
120745,DL 1239,FLL,LGA
120773,WN 2271,LGA,ATL
120910,YX 6026,CAE,LGA
120916,G4 789,EWR,TYS
120929,UA 1169,SJU,EWR
120943,DL 1074,RSW,JFK
120964,DL 1196,DTW,EWR
120985,UA 802,MCO,EWR
121001,C5 4879,CHS,EWR
121194,YX 4283,ILM,LGA
121647,YX 5625,LGA,RDU
121686,UA 1700,EWR,ORD
121702,AA 2180,DFW,JFK
121722,DL 2426,LAS,JFK
121778,YX 6036,SDF,LGA
121794,B6 2223,JFK,LAX
121800,B6 2925,JFK,TPA
121862,WN 3464,LGA,ATL
121901,YX 3652,EWR,ORF
122163,9E 4892,JFK,BTV
122178,WN 6577,ATL,LGA
122203,UA 1080,EWR,PHX
122230,UA 378,IAH,EWR
122410,G7 4392,EWR,CMH
122506,WN 2111,LGA,STL
122561,C5 4879,GSO,EWR
122616,9E 5220,BGR,LGA
123113,DL 2207,LGA,CVG
123141,YX 5622,GRR,LGA
123262,C5 5027,ROC,EWR
123285,YX 3473,EWR,AUS
123333,G7 4550,EWR,RIC
123366,YX 5649,CAE,LGA
123412,YX 3570,ORD,LGA
123424,DL 1108,LAX,JFK
123462,9E 5195,LGA,CLT
123556,AA 1821,RDU,LGA
123559,YX 4460,TVC,LGA
123569,AA 590,LGA,JAC
123605,WN 1183,MDW,LGA
123623,EV 4228,RDU,EWR
123813,C5 4979,EWR,IAD
123866,AA 2447,LAS,JFK
124034,YX 3541,EWR,CLE
124155,9E 4810,DTW,EWR
124470,UA 450,MIA,EWR
124535,F9 962,RSW,EWR
124935,YX 3658,DTW,EWR
124954,YX 5994,LGA,JAX
124960,OO 3665,LGA,MKE
125068,DL 8799,JFK,LAX
125269,UA 1675,TPA,EWR
125340,UA 2038,EWR,DEN
125536,WN 4796,BNA,LGA
125551,UA 1169,EWR,SEA
125866,UA 458,IAD,LGA
125945,YX 3605,MKE,EWR
125998,UA 1231,AUS,EWR
126458,C5 4883,CHS,EWR
126466,UA 1740,BOS,EWR
126591,ZW 3913,IAD,LGA
126668,B6 1612,RSW,EWR
126700,YX 5878,BOS,LGA
126861,9E 3799,LGA,GSO
127136,YX 5621,LGA,CAE
127228,WN 4299,LGA,BNA
127425,F9 963,EWR,RSW
127492,YX 3410,EWR,CHS
127519,WN 6015,DAL,LGA
127864,EV 4004,EWR,JAX
128058,WN 1095,STL,LGA
128140,G7 4580,CVG,EWR
128226,OO 3800,LGA,CAE
128313,9E 4902,LGA,SYR
128395,UA 1637,IAH,LGA
128400,UA 1718,EWR,DFW
128534,G4 2512,SAV,EWR
128668,9E 4908,BUF,JFK
128882,UA 233,DEN,EWR
128913,NK 2321,LGA,TPA
128928,G7 4540,EWR,CLE
129019,B6 412,RSW,EWR
129118,UA 1232,PHX,EWR
129123,DL 713,LGA,ATL
129191,C5 4893,SDF,EWR
129199,EV 4088,EWR,DCA
129440,9E 4922,SYR,LGA
129719,UA 1449,CMH,EWR
129892,UA 426,MIA,EWR
129971,YX 5917,LGA,BOS
130120,G7 4570,DCA,EWR
130125,9E 4979,LGA,MSN
130173,DL 372,ATL,JFK
130195,WN 6513,LGA,HOU
130211,UA 513,EWR,PHX
130248,YX 5640,LGA,GSO
130357,AA 1824,RSW,LGA
130379,YX 4280,LGA,BNA
130496,DL 1780,LGA,DFW
130686,C5 4885,EWR,MSN
130931,AA 1337,LGA,DFW
130955,YX 4475,LGA,RIC
130957,UA 1216,MSY,EWR
131101,C5 4899,PWM,EWR
131197,C5 4941,JAX,EWR
131514,OO 5477,ORD,LGA
131593,AA 1419,RSW,LGA
131691,YV 6014,IAD,LGA
131735,UA 524,EWR,MCO
131852,9E 5453,RDU,EWR
131973,OO 3971,GSO,LGA
132115,YX 3711,ORF,EWR
132302,YX 4424,LGA,RIC
132376,WN 1067,LGA,MDW
132444,UA 2310,RDU,EWR
132526,9E 4931,CVG,LGA
132660,YX 3627,PIT,EWR
132679,EV 4017,MEM,EWR
132686,G7 4536,CLE,EWR
132773,UA 1024,SJU,EWR
132814,EV 4093,TYS,EWR
133142,AA 222,JFK,CLT
133341,UA 240,CHS,EWR
133360,C5 5019,PVD,EWR
133414,9E 4847,RIC,JFK
133421,WN 2961,MDW,LGA
133470,DL 2190,LGA,RDU
133571,EV 4892,EWR,BGR
133658,YX 5922,PIT,LGA
133692,UA 1720,EWR,LAS
133701,YX 3491,EWR,JAX
133752,YX 6091,JAX,JFK
133878,DL 1457,RSW,LGA
134016,UA 453,EWR,IAH
134262,UA 1880,PBI,EWR
134558,MQ 3705,PWM,LGA
134636,9E 4976,MSN,LGA
134716,NK 1951,LAS,EWR
134738,9E 5532,LGA,MIA
134933,YX 5618,GRR,LGA
135385,UA 1526,PBI,EWR
135401,YX 4443,LGA,MIA
135432,DL 8799,ATL,JFK
135539,9E 4949,LGA,CHO
135951,9E 5484,JFK,DCA
136078,UA 208,EWR,RDU
136413,OO 3089,EWR,ORD
136555,YX 5987,LGA,CLE
136761,9E 5006,BOS,JFK
136880,UA 1293,PBI,EWR
136888,UA 1255,EWR,SAN
136977,C5 4868,EWR,CHS
137183,9E 5016,MCI,LGA
137265,DL 932,LGA,ORD
137351,YX 6056,ROC,LGA
137443,DL 2892,JFK,MSY
137549,WN 5151,TPA,LGA
137637,G4 2509,EWR,SAV
137929,B6 274,LAX,EWR
137948,WN 2094,LGA,ATL
137956,MQ 4173,SAV,LGA
138161,UA 254,EWR,RSW
138210,UA 1241,EWR,MIA
138453,C5 4998,EWR,GSP
138464,YX 3408,IND,EWR
138583,EV 4225,PIT,EWR
138600,UA 551,CVG,EWR
138606,WN 5496,LGA,MDW
138655,WN 1521,ATL,LGA
138847,DL 446,SLC,JFK
139222,B6 57,EWR,LAS
139333,WN 5387,LGA,DEN
139572,UA 1784,BZN,EWR
139752,UA 799,AUS,EWR
139774,YX 6142,MCI,LGA
139852,EV 4204,EWR,CVG
140117,WN 933,DEN,LGA
140221,AA 1148,LGA,JAC
140266,YX 4525,LGA,BNA
140350,DL 1706,BOS,LGA
140385,MQ 4080,CLE,LGA
140519,WN 4567,LGA,DAL
140632,B6 517,BOS,JFK
140845,YX 5613,BNA,LGA
140970,9E 4895,GRR,LGA
141325,DL 1525,LGA,RSW
141474,C5 4986,LGA,CLE
141682,9E 4920,BHM,LGA
141827,NK 3289,EWR,MCO
141910,YX 5637,LGA,CLT
142075,C5 4894,CMH,EWR
142102,YX 3744,EWR,DSM
142165,UA 614,MIA,EWR
142328,DL 445,JFK,SLC
142504,DL 1461,JFK,MCO
142552,DL 1730,DCA,JFK
142565,YX 4527,PIT,LGA
142612,OO 4119,LGA,GRR
142786,WN 3157,LGA,DEN
143356,DL 1747,BOS,JFK
143542,DL 780,MIA,LGA
143731,YX 3704,EWR,SDF
143781,YX 3708,EWR,ATL
143808,YX 4280,CVG,JFK
144107,OO 5845,ORD,LGA
144362,YX 3502,ROC,EWR
144366,YX 5909,MEM,LGA
144419,9E 4942,ROC,LGA
144470,DL 2459,JFK,DTW
144546,DL 1998,JFK,SAV
144742,YX 3603,EWR,CHS
144800,YX 6059,BUF,LGA
144933,C5 4934,BNA,EWR
145034,YX 3491,EWR,CHS
145090,YX 5613,CLE,LGA
145297,DL 665,LGA,BOS
145414,WN 30,LGA,BNA
145464,UA 222,EWR,DEN
145581,YX 3614,RDU,EWR
145608,C5 4876,DCA,EWR
145964,YX 3434,EWR,BNA
146050,B6 2426,TPA,JFK
146098,UA 1883,LGA,IAH
146225,9E 4835,JFK,PWM
146315,YX 3754,ATL,EWR
146399,DL 1404,ORD,LGA
146486,EV 4042,LGA,ORD
146497,OO 3623,LGA,MKE
146681,UA 1993,SFO,EWR
146721,DL 8810,EWR,ATL
146736,G7 4612,DCA,EWR
146810,OO 3971,LGA,GSO
147147,OO 3696,SAV,LGA
147171,WN 3016,MDW,LGA
147178,YX 5638,MKE,LGA
147204,UA 660,EWR,BOS
147325,UA 455,MIA,EWR
147437,9E 5102,LGA,TYS
147617,UA 1911,EWR,RDU
147725,MQ 3586,LGA,BGR
147876,YX 3412,BOS,EWR
147999,NK 3251,TPA,EWR
148128,UA 1006,EWR,TPA
148278,9E 5474,BHM,LGA
148467,G7 4581,EWR,DCA
148809,OO 3670,DTW,EWR
149076,OO 3801,LGA,MCI
149217,WN 5327,LGA,ATL
149224,YX 3591,BUF,EWR
149312,YX 3476,AUS,EWR
149370,DL 2348,LGA,MIA
149480,WN 6225,DEN,LGA
149532,UA 2423,SFO,EWR
149566,UA 1184,RSW,EWR
149803,YX 5915,ROC,LGA
149811,DL 1639,LGA,DFW
149900,UA 230,EWR,MIA
149942,ZW 3812,LGA,IAD
150101,C5 5009,MEM,EWR
150115,UA 231,PBI,EWR
150278,YX 4700,LGA,PHL
150432,YX 4565,LGA,RSW
150457,EV 3967,EWR,BTV
150490,YX 5656,DCA,LGA
150508,DL 1810,LGA,IAH
150511,DL 2475,RDU,JFK
150621,AA 1909,LGA,RSW
150681,9E 4937,JFK,DTW
150722,YX 6010,DCA,LGA
150808,EV 3929,BNA,EWR
151161,EV 4096,CAK,EWR
151226,DL 8783,ATL,JFK
151613,MQ 4234,LGA,ORD
151722,DL 1234,DTW,JFK
151964,YX 3654,PWM,EWR
152171,UA 302,LGA,IAH
152345,DL 2037,MCO,LGA
152419,C5 4894,IND,EWR
152428,UA 241,EWR,ATL
152445,9E 4888,JFK,DTW
152470,UA 1460,EWR,MCO
152828,F9 1630,MCO,EWR
152854,MQ 4228,LGA,CLE
152915,YX 3693,EWR,DCA
152998,UA 1720,EWR,PBI
153189,YX 3409,BUF,EWR
153231,C5 4906,EWR,ORF
153413,AA 481,CLT,JFK
153471,9E 5467,MCI,LGA
153628,9E 5012,LGA,CLT
153820,AA 1194,JFK,MIA
154023,YX 3688,RDU,EWR
154172,B6 2348,LAS,JFK
154232,WN 6049,LGA,MDW
154358,UA 1514,DEN,EWR
154428,YX 3651,CVG,EWR
154681,YX 6101,IAD,LGA
154882,9E 4989,STL,LGA
154908,AA 1224,LGA,CLT
155180,YX 3493,JAX,EWR
155284,G7 6262,DTW,EWR
155327,G7 4397,EWR,GRR
155394,9E 4995,DTW,EWR
155433,AA 2462,LGA,MIA
155536,F9 659,LGA,MIA
155542,YX 6104,RIC,LGA
155584,YX 3475,MCI,EWR
155736,DL 732,LAS,JFK
155784,C5 5000,EWR,ORF
156051,C5 4894,EWR,CLE
156078,YX 3640,BNA,EWR
156168,YX 3418,BOS,EWR
156180,WN 6905,LGA,MDW
156181,NK 1201,EWR,MYR
156196,DL 829,DTW,JFK
156433,C5 4996,SAV,EWR
157237,YX 3660,EWR,BOS
157280,DL 573,LGA,TPA
157325,9E 5056,MIA,LGA
157365,DL 1789,LGA,MIA
157424,WN 3116,ATL,LGA
157433,AA 2249,EWR,ORD
157663,WN 4903,MSY,LGA
157804,AS 260,LAS,JFK
157805,B6 1047,JFK,BZN
158134,DL 1025,ATL,JFK
158348,WN 1796,LGA,STL
158384,WN 5086,MDW,LGA
158480,UA 2278,EWR,LAS
158503,UA 536,EWR,DFW
158505,AA 1222,DFW,JFK
158517,DL 8792,JFK,MSP
158701,9E 5464,EWR,DTW
158780,WN 2209,LGA,HOU
158817,UA 1031,EWR,CHS
158968,AA 1101,MIA,EWR
159034,YX 5660,LGA,BHM
159109,C5 4924,BUF,EWR
159429,WN 4621,LGA,MDW
159446,B6 1985,JFK,RDU
159638,UA 333,EWR,TPA
159674,YV 6019,IAH,LGA
159737,UA 2469,EWR,CLE
159853,YX 4660,SRQ,LGA
159985,AA 251,LAX,JFK
159993,YX 5868,PIT,LGA
160075,B6 18,EWR,BOS
160351,YX 5634,SDF,LGA
160372,YX 3448,EWR,MIA
160452,F9 676,EWR,MIA
160503,G7 4549,DCA,EWR
160609,C5 4993,LGA,IAD
160935,YV 6056,LGA,IAD
161663,YX 3470,EWR,PWM
161867,G7 4557,EWR,DCA
161945,YX 3672,MIA,EWR
162413,YX 6082,LGA,PIT
162594,UA 755,EWR,JAX
162700,UA 325,EWR,JAX
162743,UA 1703,EWR,MCO
162775,EV 3968,ROC,EWR
163178,DL 1053,LAS,JFK
163252,9E 4809,CLT,LGA
163332,YX 3460,DTW,EWR
163373,EV 4313,ORD,LGA
163576,G7 4590,GSP,EWR
163595,AA 1105,LGA,FLL
163853,YX 3667,LGA,IAD
163937,UA 1735,ORD,LGA
163938,B6 1244,PBI,EWR
164330,YX 5650,CLT,LGA
164434,UA 923,EWR,TPA
164652,AA 2616,RDU,LGA
164751,YX 3710,JAX,EWR
164767,C5 4971,ORF,EWR
164847,UA 1151,DEN,EWR
164916,YX 5620,LGA,IND
164958,B6 2913,JFK,PSP
164980,DL 1299,CVG,LGA
164983,UA 673,RDU,EWR
165020,DL 1054,EWR,DTW
165233,WN 3869,HOU,LGA
165265,G7 4395,EWR,GSO
165302,EV 4443,EWR,BNA
165518,YX 5969,LGA,ROC
165649,YX 5651,CAE,LGA
165846,YX 3409,AUS,EWR
165927,YX 5651,MCI,LGA
165991,YX 5637,LGA,RIC
166370,DL 711,BOS,LGA
166424,G4 1917,EWR,VPS
166448,DL 1157,LGA,BOS
166500,WN 2254,DAL,LGA
166804,EV 4946,CVG,EWR
166828,EV 4243,LGA,ORD
166976,YX 3501,DCA,EWR
167109,9E 5290,LGA,GSO
167226,MQ 4228,CLE,LGA
167256,WN 6767,MDW,LGA
167617,AA 1561,ORD,LGA
167726,YX 5888,LGA,ROC
167893,YX 3717,EWR,MCI
167978,YX 3426,EWR,MEM
168028,AA 661,MIA,LGA
168108,DL 8805,LGA,ATL
168121,UA 1675,EWR,TPA
168880,YX 4275,JFK,CLT
168927,WN 1847,ATL,LGA
169345,YX 6030,LGA,PIT
169348,YX 5648,ORD,LGA
170039,YX 5638,LGA,MKE
170285,YX 5621,CLE,LGA
170378,OO 3988,LGA,GSO
170422,YX 5618,GSO,LGA
170497,NK 1983,EWR,IAH
170804,YX 3652,IND,EWR
171142,YX 5895,LGA,IND
171313,OO 3554,LGA,GSO
171330,EV 4042,ORD,LGA
171452,UA 2226,LAS,EWR
171496,WN 2877,LGA,DAL
171588,NK 3203,LGA,DFW
171647,UA 1022,EWR,PBI
171805,WN 3662,DAL,LGA
171917,YX 5912,RDU,LGA
172019,UA 1671,EWR,IAH
172258,YX 3401,EWR,OMA
172307,C5 4992,IND,EWR
172430,AA 264,CLT,JFK
172550,9E 5247,MEM,LGA
173062,9E 4956,JFK,RIC
173075,WN 34,LGA,MDW
173134,YX 3433,BOS,EWR
173204,YX 3635,EWR,TPA
173515,UA 459,EWR,MSY
173658,YX 4484,LGA,DTW
173769,WN 5599,LGA,DEN
173812,DL 1058,ATL,JFK
173819,EV 4020,EWR,BGR
173883,9E 5447,LGA,BNA
173926,WN 1953,MDW,LGA
173990,WN 3405,MDW,LGA
174055,UA 441,EWR,FLL
174093,B6 2948,LAS,JFK
174112,9E 4869,STL,LGA
174932,YX 3601,PBI,EWR
174963,UA 2147,EWR,MIA
174977,YX 3536,EWR,BOS
175093,EV 3964,EWR,BNA
175108,YX 5749,MIA,LGA
175133,WN 4815,DEN,LGA
175179,UA 476,IAD,EWR
175253,YX 5615,MCI,LGA
175481,C5 4884,CMH,EWR
175762,UA 1021,SRQ,EWR
176099,WN 818,HOU,LGA
176261,AA 688,DFW,LGA
176356,YX 3466,EWR,SYR
176376,EV 3969,EWR,GSP
176395,YX 3451,AUS,EWR
176604,OO 5773,LGA,ORD
176843,G7 4383,EWR,CLT
177026,YX 3576,CMH,EWR
177035,YX 3586,EWR,RDU
177101,9E 5281,LGA,BUF
177130,AA 1043,LGA,MIA
177141,UA 413,BOS,EWR
177207,UA 416,SAT,EWR
177214,YX 5625,BHM,LGA
177521,YX 5616,CLT,LGA
177641,YX 5656,LGA,GSO
177728,B6 30,RSW,JFK
177850,G7 4458,EWR,DCA
177983,UA 239,PHX,EWR
178003,AA 2946,JFK,LAS
178191,B6 1604,SJU,JFK
178403,UA 318,LAX,EWR
178449,B6 268,PBI,JFK
178501,UA 759,LGA,ORD
178788,B6 987,FLL,JFK
178971,DL 930,LAS,JFK
179044,AA 1419,LGA,RSW
179363,DL 1810,IAH,LGA
179462,UA 822,EWR,LAS
179517,G4 1923,EWR,VPS
180092,DL 8802,JFK,ATL
180121,G4 1915,VPS,EWR
180141,WN 5913,ATL,LGA
180278,B6 706,FLL,LGA
180421,YX 6083,LGA,STL
180735,UA 725,RSW,EWR
180794,YV 6073,LGA,IAD
181150,B6 206,FLL,EWR
181180,YX 5656,LGA,GRR
181194,WN 5429,BNA,LGA
181236,UA 1294,EWR,SAN
181268,9E 5170,JFK,SYR
181278,WN 4835,LGA,DAL
181306,WN 2399,MCI,LGA
181314,EV 4364,EWR,DCA
181371,AA 1746,RDU,LGA
181447,YX 3579,RDU,EWR
181534,YX 3466,BUF,EWR
181661,YX 5620,LGA,PIT
181715,UA 1460,EWR,DCA
181832,F9 1764,LGA,MIA
182306,YX 5624,BOS,JFK
182593,UA 1056,EWR,SFO
182737,AA 40,JFK,MIA
182780,AA 259,ORD,LGA
183053,YX 3559,EWR,CMH
183092,DL 821,JFK,ATL
183095,YX 3689,EWR,MSP
183215,YX 3531,EWR,ATL
183230,G7 4541,EWR,SYR
183680,AA 2664,DFW,JFK
183718,YX 3563,PWM,EWR
183759,C5 5016,IND,EWR
183804,DL 8790,JFK,ATL
183877,UA 1125,EWR,CLT
183924,YX 3679,EWR,CMH
184345,EV 4428,EWR,BGR
184357,YX 5614,PIT,LGA
184618,WN 4158,MDW,LGA
184691,YX 3629,EWR,MSY
184761,G4 2524,EWR,SAV
185025,9E 5247,LGA,MEM
185047,DL 925,LAS,JFK
185265,WN 2005,STL,LGA
185424,YX 3610,EWR,BGR
185426,G4 2505,EWR,SAV
185690,YV 6025,LGA,IAD
185706,EV 4303,SYR,EWR
185835,YX 3457,EWR,CMH
185935,C5 4955,MSN,EWR
186140,DL 1008,BOS,LGA
186163,DL 454,DFW,LGA
186181,EV 3972,EWR,CLE
186393,UA 1627,BUF,EWR
186404,WN 4555,MDW,LGA
186853,WN 41,LGA,DEN
187054,DL 306,LGA,STL
187107,AA 185,JFK,SFO
187112,DL 445,LGA,MIA
187476,DL 1271,LGA,DEN
187555,DL 1901,BOS,LGA
187613,UA 1572,EWR,PBI
187748,YX 3696,EWR,SDF
187906,EV 4354,STL,EWR
188218,9E 5306,LGA,CLE
188290,C5 5011,PQI,EWR
188435,C5 4973,MEM,EWR
188442,9E 4776,PIT,LGA
188491,9E 5292,JFK,IND
188518,AA 2142,BOS,LGA
188608,UA 623,EWR,HDN
188708,C5 4887,EWR,MKE
188951,9E 4860,LGA,CVG
189240,OO 4107,LGA,BNA
189337,OO 5290,LGA,ORD
189521,G4 1928,VPS,EWR
189647,WN 6022,LGA,HOU
189708,DL 2343,LGA,CLT
189830,DL 8777,JFK,LAX
189897,9E 4818,LGA,GRR
190016,DL 1311,LGA,DTW
190078,UA 698,EWR,ATL
190313,YX 5615,LGA,RDU
190370,9E 5051,BHM,LGA
190486,C5 5007,IAD,EWR
190696,WN 1826,MDW,LGA
190883,G7 4546,DCA,EWR
191086,WN 1924,LGA,ATL
191264,WN 6015,LGA,MDW
191289,9E 4865,STL,LGA
191299,G7 4596,DCA,EWR
191338,DL 879,LGA,CLT
191347,UA 433,SAT,EWR
191435,WN 2704,HOU,LGA
191460,EV 3977,EWR,PWM
191573,YX 3654,EWR,RDU
191714,AA 1004,LGA,MCO
191833,EV 4348,EWR,CAK
191901,UA 1030,EWR,AUS
191946,YX 3667,EWR,AUS
191980,UA 755,RIC,EWR
192037,YX 3420,ATL,EWR
192045,UA 1064,EWR,MSY
192197,DL 8804,ATL,JFK
192370,UA 2427,LGA,ORD
192399,AA 2316,JFK,CLT
192480,OO 3988,GSO,LGA
192668,YX 3611,SDF,EWR
192782,YX 5959,LGA,RIC
192914,9E 4920,RDU,LGA
193197,9E 4804,SDF,LGA
193228,UA 2117,EWR,BNA
193387,WN 3435,LGA,MDW
193475,YX 4486,BGR,LGA
193487,WN 5404,MDW,LGA
193559,9E 4938,JFK,ORD
193660,YV 6307,IAD,LGA
193754,YX 5960,LGA,STL
193883,DL 505,LGA,MIA
193914,EV 4326,EWR,MKE
193951,WN 2399,LGA,HOU
194140,9E 5177,JFK,ORF
194311,EV 4427,LGA,IAH
194522,F9 1680,MIA,EWR
194526,YX 4424,LGA,BNA
194647,YX 5615,IND,JFK
194654,YX 5923,LGA,MCI
194799,YX 3566,EWR,CHS
194863,UA 602,ORD,LGA
194912,YX 3502,EWR,MSY
194954,YX 3453,PWM,EWR
195089,DL 982,ORD,LGA
195268,UA 2072,EWR,MCO
195453,UA 782,DFW,EWR
195557,YX 3600,EWR,ATL
195564,YX 3461,EWR,OMA
195643,DL 1073,JFK,RDU
195710,9E 4826,RIC,LGA
196115,DL 1627,JFK,SAN
196176,YX 5619,LGA,CLT
196665,G7 4448,GSP,EWR
196939,B6 848,JFK,HDN
197023,UA 1140,IAD,EWR
197171,F9 658,MIA,LGA
197216,DL 1583,JFK,FLL
197363,YX 5656,LGA,ROC
197380,9E 5245,LGA,PWM
197576,UA 337,EWR,PBI
197697,DL 1438,LGA,TPA
197813,9E 5035,CAE,LGA
197941,YX 5616,JFK,IND
198345,C5 5005,EWR,PWM
198625,OO 3887,MKE,LGA
199089,C5 5001,MEM,EWR
199178,DL 1085,MCO,JFK
199562,YX 4525,EWR,MIA
199679,WN 2804,LGA,HOU
199852,9E 4631,ORD,JFK
199985,YX 5937,JFK,JAX
200100,AA 1409,CLT,JFK
200212,DL 475,CHS,LGA
200345,UA 413,MCO,EWR
200358,YX 5640,LGA,CAE
200431,AA 1194,JFK,DFW
200932,DL 1556,DFW,LGA
200962,F9 1508,SJU,EWR
201010,9E 4930,SAV,LGA
201012,DL 1690,JFK,CLT
201145,YX 3434,EWR,RSW
201177,WN 2860,LGA,DEN
201251,YX 3597,EWR,CLT
201298,AA 1434,JFK,CLT
201305,C5 4908,ORF,EWR
201589,C5 4873,EWR,CMH
201683,9E 5457,RDU,LGA
201743,DL 1964,LGA,BOS
202014,9E 5207,DTW,JFK
202061,YX 3598,STL,EWR
202143,9E 5185,CMH,LGA
202360,9E 3799,GSO,LGA
202375,YX 5666,LGA,MCI
202639,YX 6120,LGA,GSP
202732,YX 5873,JFK,BOS
202789,OO 5804,LGA,ORD
202811,9E 4931,GRR,LGA
203191,UA 1419,JAX,EWR
203806,AA 2809,DFW,LGA
203923,YX 6101,LGA,IAD
203954,F9 2770,MYR,EWR
204000,UA 1803,EWR,RDU
204113,EV 4285,CLT,EWR
204422,EV 4049,LGA,ORD
204769,DL 1666,EWR,DTW
204796,9E 5227,BWI,JFK
205182,C5 4900,CLE,LGA
205707,F9 1638,MIA,EWR
205717,9E 4991,EWR,DTW
205887,UA 302,EWR,HDN
205972,DL 1539,DCA,JFK
206610,AA 251,ORD,LGA
206801,9E 5293,RIC,JFK
207335,UA 547,EWR,FLL
207453,WN 5913,LGA,MDW
207490,YX 3693,EWR,CHS
207522,YX 3449,CVG,EWR
207577,UA 302,EWR,SFO
207828,UA 1503,EWR,PWM
207991,DL 3043,JFK,LAS
208465,YX 3494,EWR,RIC
208587,YX 5647,LGA,CHS
208702,AA 1297,CLT,EWR
208915,AA 337,LGA,ATL
208919,9E 5104,LGA,BHM
209019,DL 8805,JFK,ATL
209201,UA 1449,RSW,EWR
209274,OO 3736,LGA,CLE
209366,C5 4887,DCA,EWR
209419,UA 1238,EWR,ATL
209441,DL 303,LGA,DEN
209644,UA 248,BNA,EWR
209844,NK 1961,MCO,EWR
210214,DL 1960,LGA,GSP
210544,YX 5897,LGA,BUF
210762,C5 4875,EWR,IAD
210934,DL 1255,DTW,EWR
211037,UA 1809,EWR,LAS
211059,9E 4838,JFK,PWM
211284,UA 39,EWR,PBI
211737,YX 6067,LGA,IND
211905,EV 4196,BGR,EWR
211923,YX 5617,CLT,LGA
211969,9E 4838,LGA,CLE
212463,YX 3406,EWR,MSP
212605,OO 3603,BOS,LGA
212745,9E 5540,LGA,IND
212848,UA 1251,RSW,EWR
213012,UA 1943,ORD,LGA
213189,AA 25,EGE,LGA
213198,9E 4810,EWR,DTW
213280,UA 2428,IAH,EWR
213309,OO 6207,EWR,RDU
213343,9E 4866,LGA,GSO
213564,WN 3812,LGA,DAL
213904,UA 1720,EWR,AUS
213921,YX 5979,LGA,IND
214545,YX 3413,EWR,CMH
214557,C5 4931,EWR,IND
214597,YX 5917,OMA,LGA
215058,C5 4887,CLE,EWR
215175,AA 2060,LGA,PBI
215273,UA 602,FLL,EWR
215346,UA 1511,EWR,DFW
215727,DL 2145,EWR,MSP
215758,C5 5030,PVD,EWR
216226,UA 2466,ORD,LGA
216634,B6 847,HDN,JFK
216942,G7 4380,CLT,EWR
216991,OO 3919,DSM,LGA
217014,OO 3698,EWR,DTW
217090,DL 8799,JFK,ATL
217121,YX 3408,ORF,EWR
217525,C5 4894,SYR,EWR
217818,DL 1031,MIA,JFK
217897,C5 4871,EWR,CVG
218504,WN 1919,ATL,LGA
218819,WN 788,LGA,DEN
219340,EV 3995,EWR,CLT
219478,EV 4486,EWR,GSO
219514,EV 4020,EWR,PVD
219561,B6 1725,BOS,JFK
219747,YX 4548,LGA,PIT
219877,9E 3824,CLE,LGA
219959,WN 5576,DAL,LGA
220022,9E 4882,DSM,LGA
220454,YX 3596,JAX,EWR
220461,DL 1488,CLT,JFK
220507,WN 4567,ATL,LGA
220540,DL 8817,JFK,ATL
220581,YX 5641,RIC,LGA
220710,F9 2594,MCO,LGA
221003,YX 3691,EWR,DTW
221358,OO 4172,LGA,MKE
221453,YX 5879,BOS,EWR
221501,UA 410,EWR,PBI
221652,DL 1231,LGA,CVG
221895,YX 3519,RIC,EWR
222015,WN 2297,ATL,LGA
222180,9E 5012,CVG,LGA
222262,UA 323,ORF,EWR
222311,DL 477,SLC,JFK
222521,UA 337,BOS,EWR
222572,B6 2824,LAX,JFK
222790,UA 1720,PBI,EWR
223518,WN 5707,MDW,LGA
223588,YX 6110,LGA,CLT
223603,YX 3693,EWR,TYS
223735,9E 5159,LGA,SYR
223784,DL 709,BOS,LGA
223810,UA 759,RIC,EWR
223865,YX 3491,EWR,CMH
223969,G4 2506,SAV,EWR
223970,MQ 3705,LGA,PWM
224234,UA 815,IAD,EWR
224599,YX 3564,ORF,EWR
224762,YX 5663,LGA,CLE
224913,9E 5443,GSO,LGA
224917,UA 1103,EWR,ORD
225025,UA 1073,ORD,EWR
225265,G7 4526,EWR,CLT
225586,WN 4838,LGA,MDW
225725,G7 4473,CVG,EWR
225936,UA 689,TPA,EWR
226017,UA 1595,SFO,EWR
226158,YX 5648,LGA,MEM
226172,G7 6268,MSP,EWR
226689,DL 2418,DTW,EWR
226937,OO 4014,CLT,LGA
227020,OO 5233,IAH,LGA
227697,WN 2133,DAL,LGA
227758,G7 4421,EWR,GSP
227909,AA 1004,MCO,LGA
228137,DL 1412,JFK,RIC
228266,9E 4800,LGA,TYS
228338,DL 2789,LGA,FLL
228516,YX 5667,RDU,LGA
228607,9E 4796,MEM,LGA
228742,DL 1052,MSP,EWR
228848,9E 5540,IND,LGA
228905,YX 5959,BOS,JFK
228933,YX 5911,STL,LGA
228951,UA 1986,PHX,EWR
229071,DL 1180,LGA,STL
229813,DL 1112,DTW,JFK
229834,G7 6189,RDU,EWR
230082,9E 5102,JAX,LGA
230272,B6 1034,MCO,JFK
230377,YX 5640,SYR,LGA
230407,NK 1998,FLL,EWR
230780,YX 3616,EWR,AUS
230978,UA 1255,ORD,EWR
231149,C5 4936,EWR,ORF
231387,NK 1200,MYR,EWR
231423,YX 3486,BTV,EWR
231879,C5 4883,EWR,RDU
231898,YX 5639,LGA,MCI
232489,YX 5639,CLE,LGA
232710,F9 7182,LAS,EWR
232900,YX 5898,LGA,CLE
233021,EV 4092,IAH,LGA
233118,9E 4880,LGA,CVG
233287,YX 5926,CLT,LGA
233301,EV 3958,EWR,MKE
233321,OO 4081,STL,LGA
233487,9E 4822,MSN,LGA
233615,OO 3596,GSO,LGA
233650,OO 5733,LGA,IAD
233770,9E 5064,RDU,EWR
233814,9E 4812,RDU,JFK
234041,WN 854,LGA,MDW
234158,YX 5974,JFK,PIT
234250,WN 4190,LGA,DEN
234296,AA 2294,LGA,ORD
234384,YV 6220,LGA,IAH
234389,YX 3709,EWR,SDF
234513,DL 2090,LGA,CLT
235176,UA 1251,EWR,RSW
235200,MQ 3308,CVG,JFK
235366,NK 750,MYR,EWR
235558,EV 4182,EWR,BTV
235591,WN 1336,DEN,LGA
236017,YX 5656,GSO,LGA
236046,YX 3540,EWR,JAX
236305,YX 5627,LGA,BOS
236494,AS 882,EWR,SEA
236496,DL 8783,JFK,ATL
236635,C5 4876,IAD,EWR
236821,UA 276,BOS,EWR
237105,YX 5644,LGA,MEM
237250,9E 5080,BWI,JFK
237504,9E 4827,JFK,BUF
237524,EV 4019,CVG,EWR
237551,C5 4912,GSO,EWR
237859,EV 5346,LGA,ORD
238147,9E 4875,ORF,LGA
238324,OO 3517,CAE,LGA
238369,DL 1157,ATL,JFK
238439,9E 5006,JFK,JAX
238840,AA 374,JFK,AUS
238999,YX 5653,RDU,EWR
239126,B6 2605,EWR,FLL
239147,MQ 3362,CMH,JFK
239188,DL 777,MIA,LGA
239280,C5 4831,EWR,IND
239301,G4 1925,EWR,VPS
239485,DL 1738,MCO,JFK
239588,UA 593,TPA,EWR
240059,YX 5670,DCA,LGA
240171,UA 1610,LAS,EWR
240625,DL 1107,GSP,LGA
240778,UA 1044,EWR,LAS
240951,UA 1186,EWR,IAD
241118,DL 2340,JFK,CLT
241237,OO 4172,LGA,SYR
242020,DL 1636,FLL,JFK
242501,C5 4941,EWR,JAX
242767,YX 3600,EWR,RIC
243703,G7 4407,EWR,GSP
244312,9E 4860,LGA,MIA
244405,9E 4763,LGA,ORF
244854,G4 1216,EWR,AVL
245439,EV 4144,DCA,EWR
245913,YX 4578,LGA,CLT
246063,9E 4794,JFK,PWM
246100,UA 2045,SFO,EWR
246274,YX 3637,PIT,EWR
246478,YX 3463,EWR,BGR
246748,DL 1206,JFK,MCO
246782,DL 2401,MSP,EWR
246914,YX 5991,LGA,ROC
247184,DL 2117,JFK,AUS
247239,WN 402,MDW,LGA
247421,9E 4966,DFW,JFK
247431,9E 4865,CHO,LGA
247527,YX 5600,LGA,SDF
248114,EV 4386,EWR,MEM
248261,G4 2525,EWR,SAV
248580,OO 3613,LGA,CHS
248848,YX 6037,ORD,LGA
249035,YX 5620,LGA,RDU
249070,C5 4994,RIC,EWR
249161,9E 4911,LGA,DSM
249241,OO 3801,MCI,LGA
249305,DL 1285,LGA,ATL
249398,YX 3529,EWR,ALB
250022,UA 1587,BNA,EWR
250230,UA 726,EWR,FLL
250342,EV 4435,MKE,EWR
251146,WN 5194,LGA,STL
251565,YX 5623,RDU,LGA
251688,EV 4051,STL,EWR
251853,G7 6200,RDU,EWR
252090,EV 4240,ORD,LGA
252350,WN 5604,ATL,LGA
252399,DL 1528,MSP,EWR
253310,DL 8786,JFK,ATL
254058,EV 4235,ROC,EWR
254317,UA 1822,ORD,LGA
254331,DL 8803,JFK,ATL
254389,B6 817,BOS,JFK
254425,F9 472,MCO,LGA
254502,G7 4421,EWR,CMH
254730,C5 4961,EWR,RDU
254769,DL 1681,DTW,LGA
254925,YX 5646,LGA,GSO
255118,DL 2037,LGA,MCO
255129,DL 1321,DTW,JFK
255166,9E 5479,LGA,CLT
255403,G7 4560,PIT,EWR
255469,9E 4742,JFK,RDU
255612,YX 3474,DTW,EWR
255659,YX 5649,LGA,PIT
255748,YX 3624,EWR,STL
256003,UA 1162,EWR,PBI
256021,EV 4001,GSP,EWR
256088,MQ 3981,LGA,MYR
256200,UA 436,ATL,EWR
256363,9E 4920,GSO,LGA
256421,DL 1349,JFK,DTW
256580,YX 4698,LGA,PHL
256848,DL 1793,CVG,LGA
256990,YX 5628,LGA,SDF
257516,UA 1573,MCO,EWR
257815,DL 1407,DFW,JFK
257883,YX 3403,IAD,EWR
257970,EV 4020,LGA,ORD
257996,UA 1216,EWR,PBI
258004,OO 5952,LGA,ORD
258102,UA 329,EWR,MCO
258398,YX 5655,CLE,LGA
258502,WN 4697,LGA,ATL
258594,9E 5049,JFK,PWM
258668,AA 328,CLT,LGA
258722,UA 1967,LGA,ORD
259229,G7 4454,EWR,SYR
259676,9E 5081,JFK,ORD
260015,YX 3630,MSY,EWR
260538,WN 3431,LGA,BNA
260954,9E 4972,LGA,ORF
261058,9E 4937,JFK,JAX
261147,YV 6073,IAD,LGA
261161,YX 5666,LGA,FLL
261534,F9 1654,LAS,EWR
261608,UA 1072,EWR,LAS
261621,WN 5002,LGA,DEN
261974,UA 662,EWR,DFW
262296,DL 1842,JFK,AUS
262384,UA 1707,EWR,MCO
262925,NK 2002,MYR,EWR
263092,UA 658,EWR,FLL
263180,PT 4746,PHL,JFK
263400,YX 3691,RIC,EWR
263503,G4 1266,EWR,AVL
263733,NK 2320,TPA,LGA
263838,9E 4795,LGA,ORF
264094,YX 5654,LGA,PIT
264456,AA 2305,ORD,JFK
264698,9E 5301,CLT,LGA
265133,UA 415,EWR,MSY
265724,WN 5944,MDW,LGA
265801,9E 4772,MSP,JFK
266067,YX 3579,PWM,EWR
266527,YX 5643,RDU,LGA
266724,9E 3954,SYR,LGA
266730,B6 483,JFK,MCO
266909,UA 1482,EWR,MSY
267161,YX 3587,TPA,EWR
267998,EV 3957,EWR,STL
268153,OO 5735,ORD,LGA
268218,YX 3420,EWR,EYW
268223,YX 3550,RIC,EWR
268318,UA 1582,EWR,SAT
268440,UA 298,EWR,PBI
268449,MQ 3420,LGA,ORD
268530,UA 768,EWR,RSW
268862,UA 391,EWR,ORF
269410,DL 485,LGA,MIA
270133,YX 3592,MSP,EWR
270400,WN 5318,DAL,LGA
270417,OO 6218,DTW,EWR
270750,WN 5002,TPA,LGA
271315,YX 5900,JFK,CLT
271554,B6 1327,EWR,MCO
271821,YX 5640,LGA,SYR
272099,YX 3681,ORF,EWR
272219,DL 1752,RDU,JFK
272306,WN 66,LGA,HOU
272776,C5 4878,CAK,EWR
273141,9E 5042,LGA,CHS
273380,WN 6261,LGA,DAL
273490,EV 4226,EWR,IND
273529,YX 5656,ROC,LGA
274123,YX 3674,BOS,EWR
274164,WN 1568,ATL,LGA
274199,YX 5917,LGA,OMA
274228,AA 492,LAX,JFK
274663,AS 251,JFK,LAS
274754,YX 5954,LGA,PIT
274766,UA 1412,EWR,FLL
274771,C5 5022,RDU,EWR
275044,AA 1552,BOS,JFK
275356,C5 4979,JAX,EWR
275437,DL 404,JFK,SFO
276274,YX 4475,CHS,LGA
277282,YX 3755,EWR,OMA
277394,YX 3539,OMA,EWR
277767,C5 4884,SDF,EWR
277905,UA 438,EWR,BOS
277935,DL 1076,FLL,LGA
278409,UA 1801,MCO,EWR
279089,DL 2426,JFK,LAS
279113,C5 4966,JAX,EWR
279292,EV 5009,EWR,CVG
279311,UA 216,CLT,EWR
279488,DL 1178,RIC,JFK
279497,WN 5017,BNA,LGA
279504,DL 2504,RDU,JFK
279673,EV 3979,RDU,EWR
279841,EV 4158,EWR,PIT
280074,NK 1169,FLL,EWR
280697,YX 5628,LGA,ROC
280896,OO 3841,MKE,LGA
281166,OO 3837,SAV,LGA
281202,9E 3954,LGA,SYR
281403,UA 1926,EWR,RDU
281512,YX 3437,BNA,EWR
281747,B6 2548,LAS,JFK
281909,DL 8798,MSP,JFK
282376,YX 3465,EWR,RIC
282516,DL 3018,LGA,CHS
282595,UA 731,CHS,EWR
282601,DL 1026,JFK,RDU
283018,YX 5667,LGA,CLE
283692,9E 4771,LGA,ORF
283942,UA 1518,MCO,EWR
283971,YX 5613,LGA,CLE
284140,DL 8805,SLC,JFK
284492,YX 3625,MSN,EWR
284750,WN 6775,LGA,MDW
284905,DL 371,ATL,LGA
284982,WN 1568,LGA,MDW
285030,UA 1873,EWR,RSW
285322,DL 2283,CVG,LGA
285395,DL 1566,ATL,EWR
285450,YX 3483,DFW,EWR
285793,DL 2443,TPA,JFK
285840,UA 1732,EWR,TPA
285967,YX 5629,LGA,CLE
286015,UA 283,EWR,BOS
286649,EV 4184,EWR,MKE
287685,YX 5620,PIT,LGA
287753,YV 6182,IAH,LGA
287882,YX 5938,LGA,BOS
288131,B6 2842,BOS,JFK
288324,9E 4850,CVG,LGA
288391,EV 4949,BGR,EWR
288432,YX 5626,CAE,LGA
288447,C5 4342,BNA,EWR
288526,UA 1008,LAS,EWR
288931,G7 4585,EWR,DCA
288936,G7 4407,EWR,PIT
289657,YX 5650,RDU,LGA
289957,DL 2592,LGA,MSY
290223,YX 5967,LGA,CMH
290281,YX 3676,IAD,EWR
290316,WN 3627,TPA,LGA
290450,UA 1720,EWR,ORD
290646,EV 4269,PWM,EWR
290982,DL 1496,TPA,JFK
291291,DL 516,MSP,LGA
292148,YX 5620,CHS,LGA
292768,G4 1936,EWR,VPS
292981,YX 3512,ATL,EWR
293459,9E 4658,BUF,JFK
293911,AA 2501,EWR,CLT
294028,YX 6089,BUF,LGA
294155,C5 4891,EWR,BNA
294484,C5 4950,ALB,EWR
294565,G4 1304,CVG,EWR
294645,DL 709,JFK,ATL
295092,YX 5657,LGA,STL
295460,YX 5739,LGA,MIA
295530,EV 4357,MKE,EWR
296014,9E 4928,ORF,JFK
296023,OO 3736,CLE,LGA
296073,AA 581,CLT,LGA
296255,EV 4176,LGA,IAH
296834,YX 5654,RDU,LGA
297002,9E 5332,DTW,JFK
297005,EV 3905,BTV,EWR
297302,UA 1720,DEN,EWR
297983,9E 4831,LGA,GRR
298542,YX 3663,EWR,CLT
299209,UA 2016,ORD,EWR
299823,UA 365,SFO,EWR
300168,G7 4516,DCA,EWR
300425,EV 4057,RDU,EWR
300535,OO 4070,LGA,CAE
300876,YX 3566,EWR,MHT
301188,G7 4593,EWR,DCA
301421,C5 4948,EWR,MEM
301422,G7 6262,EWR,RDU
301634,DL 2414,CLT,LGA
302464,9E 5051,RSW,LGA
302516,C5 4955,BNA,EWR
302637,C5 4830,EWR,BNA
302978,YX 3616,IAD,EWR
303044,DL 2741,JFK,RSW
303332,DL 1377,DTW,JFK
303414,YX 3566,EWR,MCI
303492,YX 3508,DCA,EWR
303633,EV 4198,GSO,EWR
303809,YX 5808,BOS,LGA
303824,EV 4128,EWR,DTW
304064,C5 4287,IAD,EWR
304233,YX 5654,PIT,LGA
304240,OO 3799,CLE,LGA
304461,C5 4883,DTW,EWR
304616,PT 4746,JFK,PHL
304652,C5 4913,BGR,EWR
304831,UA 507,EWR,IAH
305183,DL 1024,ATL,EWR
305527,YX 5614,LGA,CLT
305724,YX 3641,AUS,EWR
305776,YX 3714,JAX,EWR
305868,DL 1044,BOS,LGA
306007,UA 533,CHS,EWR
306053,C5 4902,MKE,EWR
306421,UA 2393,IAH,LGA
306433,UA 327,EWR,AUS
306734,UA 1757,EWR,TPA
306801,YX 3678,MIA,EWR
306970,9E 5036,MSN,LGA
308195,YX 3533,EWR,BTV
308323,OO 3553,GSO,LGA
308397,G7 6198,EWR,DTW
308764,C5 5017,PWM,EWR
308786,YX 3438,EWR,IND
309030,DL 2202,BOS,LGA
309081,YX 5648,LGA,GRR
309693,9E 5317,LGA,LEX
310298,F9 1631,EWR,MCO
310387,YX 5630,RDU,LGA
310549,UA 688,LGA,IAD
310727,YX 3440,EWR,CHS
311198,DL 1216,JFK,DTW
311691,OO 4040,EWR,MSP
311883,AA 2661,MIA,JFK
311900,G7 4571,ROC,EWR
312045,B6 11,JFK,LAS
312125,C5 4869,BNA,EWR
312224,EV 5007,CAK,EWR
312257,YX 3686,SDF,EWR
312503,YX 5900,CLT,LGA
312689,OO 3761,LGA,BOS
312878,YX 6002,LGA,CHS
312905,DL 2537,JFK,LAS
313006,AA 1480,ORD,JFK
313192,UA 1534,MIA,EWR
313536,YX 5773,FLL,LGA
313885,G4 443,TYS,EWR
313935,OO 3700,DTW,EWR
313948,YX 3477,EWR,MEM
313980,AA 2893,MCO,LGA
314023,AA 2240,EWR,CLT
314337,WN 5035,DAL,LGA
314365,EV 4961,EWR,ORF
314499,MQ 3417,ORD,LGA
314659,EV 4033,GSP,EWR
314993,C5 4895,ORF,EWR
316198,YX 3692,RSW,EWR
316216,EV 4936,DTW,EWR
316298,UA 233,EWR,IAH
316551,DL 554,CLT,JFK
316697,DL 1178,MCI,LGA
317110,YX 5638,BOS,JFK
317277,YX 3611,OMA,EWR
318298,YV 6066,LGA,IAD
318334,YX 3625,EWR,PIT
318563,EV 4237,IAH,LGA
318802,UA 1522,MSY,EWR
318961,YX 3637,IAD,EWR
320117,YX 3417,DTW,EWR
320208,DL 8787,JFK,SJU
320284,YX 5621,LGA,BNA
320863,YX 3556,MKE,LGA
320947,UA 1737,AUS,EWR
321144,DL 440,JFK,TPA
321288,DL 372,JFK,ATL
321619,YX 3409,EWR,DCA
321838,B6 82,JFK,MCO
322041,WN 3932,LGA,MSY
322553,WN 2209,TPA,LGA
323089,G4 1215,AVL,EWR
323096,UA 793,EWR,DEN
324160,C5 5006,CVG,EWR
324290,UA 1025,IAH,EWR
324354,YX 5616,MCI,LGA
324529,C5 4868,RIC,EWR
324531,9E 4805,LGA,BHM
325317,9E 5293,JFK,RIC
325623,G7 4500,EWR,BTV
325799,YX 3527,ORD,LGA
326159,B6 1702,FLL,JFK
326381,UA 780,EWR,SNA
326729,UA 1190,EWR,TPA
326938,EV 4038,STL,EWR
327127,B6 1988,JFK,BOS
327357,UA 39,PHX,EWR
327457,YX 6086,JFK,BOS
327597,OO 3830,MCI,LGA
327939,YX 3446,EWR,ROC
328202,DL 8804,LGA,ATL
328273,YX 5639,LGA,CLE
328458,OO 3685,LGA,BNA
328771,C5 4950,CVG,EWR
328852,EV 4105,PVD,EWR
328886,C5 4920,EWR,CVG
328970,UA 981,MIA,EWR
329035,YV 6014,LGA,IAD
329325,DL 1455,SLC,JFK
329601,DL 2651,JFK,TPA
330169,YV 6006,IAH,LGA
330216,UA 748,EWR,FLL
330390,9E 4798,LGA,RIC
330536,9E 4908,JAX,LGA
330627,YX 3699,DSM,EWR
330947,AA 1847,LGA,ORD
331102,UA 1700,EWR,DEN
331318,YX 3730,EWR,SDF
331463,B6 2511,JFK,LAS
331688,YX 3434,DTW,EWR
332057,EV 4987,EWR,DTW
332206,AA 803,ORD,LGA
332436,UA 2340,EWR,TPA
332487,DL 2799,RDU,LGA
332646,EV 4251,EWR,CAK
332881,C5 5005,RDU,EWR
333645,UA 1539,EWR,MCO
333674,YX 5675,MIA,LGA
333688,DL 2125,JFK,RDU
333852,YX 5600,LGA,RDU
333877,DL 1701,JFK,TPA
333943,DL 544,JFK,MCO
334138,UA 500,EWR,SAN
334201,DL 1131,DTW,EWR
334602,DL 1113,JFK,BOS
334652,C5 4991,SAV,EWR
334862,B6 1116,JFK,SYR
334899,EV 4988,PWM,EWR
335220,9E 5120,LGA,RDU
335408,9E 5122,RDU,LGA
335447,YX 3624,EWR,DCA
335621,C5 4867,EWR,CMH
335930,C5 4869,RDU,EWR
336225,UA 1426,ORD,EWR
336261,9E 4792,BOS,JFK
336857,YX 6114,LGA,ROC
336872,ZW 4817,LGA,IAD
337169,OO 4069,MKE,LGA
337520,UA 745,RDU,EWR
337847,OO 3575,OMA,LGA
337944,UA 742,EWR,RDU
338013,F9 1256,MCO,EWR
338113,EV 4153,ORD,LGA
338486,C5 4914,IAD,EWR
338564,UA 2054,EWR,MSY
338729,AA 2292,BOS,JFK
338787,YX 4660,LGA,SRQ
338931,YX 3580,EWR,STL
339066,UA 357,FLL,EWR
339164,G7 4413,GSO,EWR
339282,9E 4845,LGA,ORF
339374,DL 8794,ATL,JFK
339472,AS 526,SEA,JFK
339556,UA 1542,ORD,EWR
339898,EV 3981,GSP,EWR
340120,EV 4285,EWR,DTW
340331,G7 4427,BTV,EWR
340563,9E 4934,LGA,BUF
341093,C5 4303,EWR,ALB
341237,YV 6345,IAH,LGA
341289,UA 246,BNA,EWR
341798,DL 732,JFK,LAS
342083,C5 4885,EWR,BGR
342315,WN 4893,LGA,ATL
342446,NK 2201,EWR,LAS
342752,AA 1486,MIA,JFK
343041,YX 6073,JFK,RIC
343185,UA 229,EWR,IAD
343255,9E 5114,LGA,RSW
343311,UA 1721,AUS,EWR
343710,9E 4874,LGA,GSO
343830,YX 5615,JFK,IND
343917,9E 4904,RIC,JFK
344190,C5 4935,MSN,EWR
344371,YX 6002,CHS,LGA
344427,DL 2200,JFK,LAS
344457,UA 1550,SAN,EWR
344862,DL 8784,MSP,LGA
345071,UA 1571,EWR,SFO
345747,WN 4815,LGA,HOU
346099,9E 5124,LGA,MEM
346118,UA 1237,LAS,EWR
346529,9E 4977,LGA,MSN
346585,WN 6799,DAL,LGA
346595,UA 1522,EWR,MIA
347095,DL 411,LGA,BOS
347100,DL 1486,LGA,BOS
347122,C5 4922,IAD,EWR
347457,YV 3812,LGA,IAD
347603,G4 407,EWR,TYS
348139,OO 3781,LGA,MKE
348633,G7 4565,RIC,EWR
348879,9E 4839,MKE,LGA
349608,C5 4290,EWR,RIC
349745,YX 5629,IND,JFK
349800,B6 2306,FLL,EWR
349962,YX 5616,LGA,MCI
350082,UA 1440,EWR,BUF
350109,AA 2292,JFK,BOS
350394,DL 1919,LGA,TPA
350469,DL 8785,JFK,MSP
350900,UA 529,ROC,EWR
351471,B6 290,MCO,JFK
351897,OO 3525,LGA,GRR
351903,DL 1206,BOS,JFK
352308,UA 1591,EWR,ATL
352424,YX 6117,RIC,LGA
352532,UA 410,PBI,EWR
352550,UA 1107,ATL,EWR
352674,UA 746,BNA,EWR
353054,EV 4036,ORD,LGA
353246,YX 4636,PIT,LGA
353795,9E 4948,LGA,MSN
354601,UA 1836,EWR,MIA
355076,UA 1801,EWR,MCO
355980,EV 4096,BGR,EWR
356004,YX 4632,LGA,PHL
356379,UA 575,DEN,LGA
356495,DL 2224,JFK,ATL
356577,9E 5489,RDU,EWR
356609,EV 4094,EWR,PVD
356854,UA 289,AUS,EWR
357174,UA 692,EWR,AUS
357565,C5 4895,EWR,IAD
357900,DL 1801,SEA,JFK
358048,AS 884,SEA,EWR
358238,9E 4977,DSM,LGA
358258,YV 6218,LGA,MKE
358275,YX 3651,EWR,IND
358810,YX 5989,RDU,LGA
358996,DL 1146,RSW,LGA
359082,9E 5166,PIT,LGA
359217,WN 4070,BNA,LGA
359233,B6 273,EWR,LAX
359472,G7 4406,EWR,SYR
359600,B6 2117,BOS,JFK
359967,DL 414,LGA,ORD
359992,G4 449,EWR,TYS
360024,UA 248,ORD,LGA
360055,YX 3542,EWR,IAD
360429,DL 8809,JFK,LAS
360708,YX 3635,EWR,RDU
361435,9E 5001,DTW,EWR
361599,EV 4453,EWR,ALB
362087,YX 3754,MHT,EWR
0,UA 2280,TPA,EWR
1,WN 1139,ATL,LGA
2,DL 2398,LGA,MCO
4,9E 5499,MSP,JFK
5,DL 1276,MIA,LGA
6,DL 478,LGA,ATL
8,9E 4785,DTW,JFK
9,G7 4587,RIC,EWR
10,9E 5151,SYR,JFK
11,G7 4494,EWR,STL
12,YX 4529,ORD,EWR
14,YX 5726,EYW,LGA
15,UA 335,ATL,EWR
16,YX 5605,CLT,LGA
17,YX 5602,LGA,ORD
18,AA 1079,STL,LGA
19,B6 844,CHS,LGA
20,UA 686,LAS,EWR
21,B6 1061,LGA,PBI
25,UA 1776,LGA,ORD
26,9E 4917,LGA,GSO
27,UA 2135,EWR,MCO
28,YX 5777,PIT,LGA
29,DL 564,LGA,ORD
30,YV 6199,IAD,LGA
31,9E 5197,CHS,JFK
33,B6 1448,JFK,BOS
34,UA 1939,LAX,EWR
35,AA 317,DCA,LGA
38,UA 381,EWR,BNA
39,DL 2322,SLC,EWR
40,9E 5130,MKE,LGA
41,G7 4412,DCA,EWR
42,YX 5757,SDF,LGA
43,DL 526,ATL,LGA
44,B6 2294,MIA,EWR
46,B6 2310,LGA,ACK
47,DL 512,ORD,LGA
49,UA 460,LAX,EWR
50,G7 4459,IAD,LGA
51,DL 382,LGA,ORD
52,UA 308,IAH,EWR
53,AA 824,DFW,LGA
58,9E 5444,JFK,BOS
60,YX 4887,PIT,LGA
61,DL 2872,PBI,JFK
62,UA 599,EWR,ORD
63,YX 3531,EWR,PIT
65,YX 3589,MYR,EWR
67,DL 2186,JFK,LAX
68,YX 4877,LGA,GSO
70,YX 5777,LGA,PIT
71,YX 5637,LGA,MCI
72,DL 1291,JFK,MCO
73,DL 1246,MCO,LGA
74,UA 1530,STT,EWR
77,DL 468,SLC,JFK
78,AA 2813,JFK,AUS
79,WN 941,LGA,ATL
81,DL 667,JFK,SLC
83,YX 5808,CLT,LGA
84,NK 852,DTW,LGA
85,DL 1722,SFO,JFK
86,WN 711,ATL,LGA
87,UA 601,EWR,JAX
88,G7 4382,EWR,DCA
89,G7 4416,EWR,BTV
90,AA 327,CLT,JFK
91,B6 725,JFK,SAT
92,9E 4736,IND,JFK
93,UA 591,SEA,EWR
94,YX 5656,LGA,BOS
95,9E 4747,CVG,JFK
96,YX 5733,LGA,CMH
99,AA 1766,DFW,LGA
101,WN 4184,LGA,MDW
102,AA 618,DFW,EWR
105,UA 1107,EWR,DEN
106,DL 433,LGA,ATL
107,UA 574,SNA,EWR
114,AA 2819,JFK,ORD
115,UA 1536,ATL,EWR
116,YX 5626,CLT,LGA
118,G7 4590,ROC,EWR
119,DL 1798,MIA,LGA
121,YX 4512,LGA,DCA
124,9E 5055,SAV,JFK
126,9E 4897,LGA,ORF
129,B6 494,MCO,EWR
130,DL 399,SLC,JFK
131,9E 5441,JFK,MSP
133,C5 4281,BTV,EWR
135,YX 3554,AUS,EWR
136,WN 11,HOU,LGA
137,DL 346,JFK,AUS
138,AA 813,FLL,JFK
139,YX 4711,LGA,TVC
140,UA 1209,JAX,EWR
144,DL 507,LGA,ATL
145,DL 1031,PHX,JFK
147,YX 4654,SDF,LGA
148,B6 407,PWM,JFK
149,YX 3413,ROC,EWR
150,AA 2242,MIA,JFK
152,9E 4993,JFK,ACK
156,UA 2418,EWR,IAD
159,C5 4997,MYR,EWR
160,B6 2693,JFK,MIA
161,DL 897,JFK,BZN
162,B6 2695,EWR,MIA
164,DL 2480,DTW,LGA
168,9E 5109,ROC,JFK
169,DL 2161,ATL,JFK
170,B6 1826,SAT,JFK
171,DL 557,ATL,LGA
172,B6 1603,JFK,SJU
173,9E 5174,LGA,MKE
176,G7 4432,EWR,DCA
177,YX 5774,LGA,CLT
178,YX 3634,JAX,EWR
179,YX 5604,DTW,EWR
181,G7 4583,PVD,EWR
182,YX 4758,DTW,LGA
186,YV 6049,IAH,LGA
189,DL 531,DFW,LGA
191,9E 4770,SAV,LGA
194,UA 320,DEN,EWR
198,UA 2211,MCI,EWR
199,9E 5440,IAD,JFK
200,YX 5600,JFK,SYR
202,9E 4731,STL,LGA
204,UA 600,EWR,LAS
205,UA 398,IAH,LGA
207,UA 1215,EWR,SFO
208,YX 5790,BUF,LGA
209,9E 5164,LGA,GSO
210,YX 5618,JFK,IAD
211,DL 1018,DTW,LGA
212,9E 5018,CLE,JFK
215,B6 694,AUS,JFK
216,UA 2660,CLE,EWR
220,G4 423,EWR,AVL
221,UA 229,DEN,EWR
222,YX 4641,JFK,DCA
224,YX 3431,BUF,EWR
225,YX 4534,JFK,RIC
226,UA 317,EWR,MCO
228,9E 4969,RDU,JFK
229,DL 374,LGA,IAH
230,AS 28,PDX,EWR
232,AA 1373,EWR,CLT
233,WN 1497,MCI,LGA
235,UA 583,MCO,EWR
236,YX 5762,JFK,BOS
237,YX 3574,MSN,EWR
239,WN 1287,BNA,LGA
240,YX 3508,EWR,SYR
241,YX 5662,LGA,RIC
242,UA 322,EWR,SAN
243,YX 4633,LGA,DAY
247,B6 2193,JFK,MIA
248,UA 1529,EWR,STT
250,AA 571,LGA,DFW
254,G7 4406,EWR,DCA
256,DL 2248,MIA,JFK
258,YX 4822,BOS,LGA
259,9E 4690,ORD,JFK
260,YX 5623,LGA,CMH
263,WN 5179,ATL,LGA
265,B6 1606,PDX,JFK
266,9E 5036,JFK,SYR
269,YX 4981,LGA,PIT
271,UA 607,EWR,MIA
273,AA 541,DFW,LGA
274,UA 1486,EWR,DEN
275,9E 5422,JFK,BOS
277,YX 4587,LGA,XNA
278,YX 5823,STL,LGA
279,DL 1279,JFK,SLC
280,UA 378,EWR,PBI
281,B6 1261,JFK,LAS
283,UA 1863,EWR,FLL
287,9E 5044,EWR,CVG
288,9E 5451,IAD,JFK
290,YX 3580,CHS,EWR
292,YX 4682,DCA,JFK
295,G7 4539,CMH,EWR
296,B6 2205,JFK,PDX
297,AA 2038,CLT,JFK
298,B6 2495,EWR,MIA
299,UA 2287,TPA,EWR
300,9E 4764,RDU,LGA
301,YX 4626,ORF,LGA
303,G7 4175,EWR,STL
304,YX 4759,LGA,RIC
306,9E 5450,LGA,RIC
311,DL 1172,DFW,JFK
312,YX 3717,SRQ,EWR
315,DL 388,SAN,JFK
316,DL 2219,JFK,MIA
318,DL 2858,JFK,BOS
320,WN 2973,LGA,HOU
321,UA 369,IAD,EWR
323,DL 1326,FLL,LGA
328,G7 4434,EWR,DCA
330,YX 4861,STL,LGA
331,UA 401,EWR,FLL
332,YX 5644,ORD,LGA
333,B6 1993,JFK,MIA
336,DL 1139,JFK,MIA
338,AA 688,MIA,JFK
339,UA 2093,SFO,EWR
340,AA 482,DFW,EWR
341,9E 5484,JFK,BNA
342,C5 4825,ROC,EWR
343,DL 1025,DTW,LGA
344,YX 4863,BNA,LGA
345,B6 1278,JAX,JFK
353,G7 4440,PIT,EWR
354,UA 1840,ORD,EWR
355,9E 5175,LGA,CVG
356,UA 2324,SFO,EWR
358,DL 560,ATL,LGA
360,DL 474,EWR,SLC
362,YX 4935,RDU,LGA
363,DL 358,SAN,JFK
364,DL 825,LGA,MSP
365,9E 4771,MKE,LGA
368,YX 3412,EWR,DFW
369,YX 5727,EYW,LGA
371,9E 5323,JFK,ORD
373,UA 1981,MCO,EWR
375,UA 1988,EWR,ATL
376,YX 5772,BOS,JFK
377,G7 4390,ROC,EWR
378,YX 5725,MSY,JFK
380,DL 2043,ATL,LGA
381,UA 514,LAX,JFK
382,YX 4556,LGA,CMH
383,9E 5056,IND,JFK
384,9E 4874,JFK,ACK
385,UA 2264,RDU,EWR
386,NK 466,BNA,LGA
387,UA 1634,LGA,IAH
389,DL 2094,DTW,EWR
390,9E 4831,LGA,RIC
392,YX 4522,JFK,BWI
393,DL 452,JFK,SEA
395,DL 2416,FLL,JFK
396,B6 919,JFK,ATL
397,9E 4635,JFK,MSP
398,DL 2525,IAH,LGA
399,9E 4784,RDU,JFK
401,UA 1144,MCO,EWR
403,YX 4815,DCA,LGA
404,UA 310,EWR,SFO
405,YX 5753,PIT,JFK
406,UA 1236,EWR,PHX
408,B6 2584,BQN,EWR
410,YX 3571,MKE,EWR
411,B6 2473,JFK,CHS
413,YX 4645,EYW,LGA
415,DL 2313,LGA,DFW
419,DL 2238,LGA,ATL
420,B6 2184,MCO,JFK
422,NK 1250,EWR,MCO
423,DL 2209,ATL,JFK
424,9E 4666,LGA,MKE
427,9E 4762,RDU,LGA
429,WN 6759,STL,LGA
430,AA 619,LGA,DFW
431,UA 1554,DEN,LGA
432,AA 1466,JFK,MIA
433,DL 1406,JFK,TPA
434,B6 718,MSP,JFK
436,YX 5653,LGA,BOS
438,9E 4687,LGA,CVG
439,YX 4712,JFK,RIC
440,YX 5756,JFK,DFW
442,YX 5711,SDF,LGA
446,AA 1139,JFK,CLT
447,UA 1428,EWR,SEA
449,UA 1209,EWR,SFO
450,NK 98,EWR,ATL
452,9E 4637,MSP,JFK
454,DL 484,SEA,JFK
456,DL 2243,JFK,MIA
457,UA 1635,EWR,LAS
458,B6 2292,MIA,JFK
459,UA 473,LGA,DEN
460,YX 3643,ATL,EWR
461,UA 1207,LAX,EWR
462,YX 4533,JFK,RDU
464,9E 5183,JFK,SAV
466,DL 1613,ATL,EWR
468,9E 5470,JFK,CLT
471,YX 5617,JAX,JFK
476,YX 4656,BNA,LGA
477,UA 1762,MCO,EWR
478,9E 4835,CHS,JFK
481,DL 984,SLC,EWR
482,YX 3576,EWR,SAV
484,AS 221,JFK,SEA
486,DL 860,ATL,JFK
487,AA 1297,DCA,LGA
488,YX 5802,IND,LGA
489,YX 3606,EYW,EWR
491,UA 2471,SAN,EWR
495,UA 1555,LGA,IAH
496,UA 580,MCO,EWR
497,9E 4988,GSP,LGA
499,AA 846,DCA,LGA
501,9E 4850,GSO,LGA
505,DL 1405,MCO,LGA
507,YX 3427,CHS,EWR
509,9E 4683,DTW,JFK
512,9E 5248,DTW,EWR
513,YX 5765,LGA,JAX
514,YX 4861,LGA,STL
515,B6 2295,EWR,MIA
516,DL 1461,FLL,JFK
519,DL 2549,MCO,JFK
520,YX 5597,LGA,CLT
522,YX 3609,GSO,EWR
523,AA 656,LGA,DCA
524,DL 1207,AUS,JFK
526,G7 4445,EWR,PWM
527,YX 5013,RIC,LGA
529,DL 348,SEA,JFK
530,OO 3735,MSP,EWR
532,DL 2132,MCO,JFK
533,YX 5645,LGA,HHH
534,UA 1933,ORD,LGA
535,UA 2667,EWR,SEA
536,9E 5365,CLE,JFK
538,YX 3515,SAV,EWR
540,UA 1251,EWR,ORD
543,DL 1034,DFW,JFK
544,9E 4668,BTV,JFK
546,YX 5766,LGA,CMH
550,AA 606,EWR,PHX
551,9E 5472,LGA,RDU
553,C5 4851,IAD,EWR
559,YX 3695,BNA,EWR
560,YX 5837,DCA,LGA
561,UA 302,EWR,SRQ
564,9E 5321,JFK,BGR
565,B6 92,ACK,JFK
568,YV 6153,IAD,LGA
571,9E 5075,PWM,JFK
572,DL 560,LGA,DFW
573,C5 4965,EWR,TVC
575,YX 5683,LGA,AVL
576,YX 5799,LGA,MVY
577,WN 5543,LGA,DAL
578,YX 3673,EWR,SAV
581,YX 3459,LGA,ORD
582,WN 4322,LGA,DAL
583,UA 1018,EWR,CLE
585,9E 4987,EWR,CVG
586,AA 1377,DFW,EWR
587,YX 4813,LGA,BOS
589,9E 4939,JFK,PIT
590,YX 3605,EWR,CHS
592,NK 1370,LGA,MYR
594,9E 4886,LGA,CHS
595,AA 606,PHX,EWR
597,G7 4448,EWR,SYR
598,DL 2175,RSW,LGA
599,G7 4577,EWR,RIC
600,9E 5091,PWM,LGA
601,UA 387,PBI,EWR
602,9E 5062,JFK,BTV
604,G7 4585,BUF,EWR
605,G7 4456,EWR,PIT
608,YX 5668,DCA,JFK
609,DL 2767,ATL,LGA
610,DL 2713,RDU,LGA
612,9E 5233,JFK,BUF
615,YX 5829,LGA,ORF
616,DL 2988,ATL,EWR
621,B6 1882,IAH,JFK
625,YX 5772,LGA,PIT
626,UA 231,BOS,EWR
627,9E 4676,JFK,DTW
632,YX 5614,JFK,DCA
633,YX 5013,DTW,LGA
634,YX 3681,SAV,EWR
635,UA 296,EWR,IAD
636,AA 2119,DCA,LGA
637,9E 4882,RDU,JFK
638,B6 798,MCO,LGA
639,YX 4542,LGA,PNS
640,YX 4746,CLE,LGA
645,AA 2338,CLT,JFK
646,UA 1010,EWR,SJU
648,YX 5013,LGA,RIC
650,UA 1461,EWR,SEA
651,UA 1279,IAD,LGA
652,B6 152,LGA,DEN
654,YX 3436,EWR,MIA
656,DL 2521,LAX,JFK
659,AA 2222,JFK,BOS
660,YX 5821,LGA,DCA
661,DL 483,JFK,FLL
663,DL 2826,EWR,ATL
665,DL 2063,TPA,JFK
667,YX 5811,MCI,LGA
669,DL 1308,JFK,SEA
672,DL 1525,JFK,RSW
673,9E 4780,MKE,LGA
674,YX 4863,LGA,BNA
676,G7 4171,EWR,DCA
677,OO 3616,MSP,EWR
679,9E 4784,LGA,GSP
680,DL 1525,LGA,BOS
681,9E 5099,JFK,ROC
682,AA 2032,CLT,JFK
684,UA 1125,ORD,LGA
692,YX 3478,EWR,SRQ
694,B6 2893,JFK,MIA
695,YX 3449,EWR,RDU
696,B6 2155,JFK,EYW
697,B6 2506,ATL,EWR
698,YX 3501,LGA,ORD
699,DL 1630,RDU,LGA
702,WN 431,LGA,HOU
703,DL 461,ATL,JFK
705,UA 1117,LGA,DEN
706,DL 524,FLL,LGA
707,DL 542,ORD,LGA
710,G7 4393,EWR,STL
712,9E 5030,CVG,LGA
713,9E 5078,JFK,RDU
715,9E 5241,JFK,CHS
716,UA 1172,DEN,EWR
717,YX 3645,SYR,EWR
719,UA 1571,EWR,LAX
723,YX 5758,BOS,JFK
726,DL 1247,JFK,RSW
727,C5 4894,EWR,BGR
728,YX 3414,EWR,IND
730,9E 4912,JFK,ORD
731,UA 2355,EWR,MCO
732,AA 626,ORD,EWR
734,B6 2257,LGA,DEN
735,UA 520,SFO,JFK
737,UA 523,JFK,SFO
739,UA 347,LAX,EWR
741,B6 2605,EWR,ATL
742,WN 284,LGA,TPA
744,YX 3537,MSN,EWR
745,9E 5173,MKE,LGA
746,G7 4604,EWR,CVG
749,YX 4594,MCI,LGA
750,YX 5659,LGA,IND
752,UA 400,CLE,EWR
753,DL 454,LGA,MIA
754,AA 967,MIA,LGA
755,UA 2378,LAS,EWR
756,G7 4423,EWR,PVD
757,DL 1295,IAH,LGA
758,DL 1396,LGA,MCO
759,UA 2044,EWR,ATL
761,YX 5745,LGA,CLE
762,9E 4865,ROC,JFK
765,YX 3480,EYW,EWR
766,YX 4578,GSO,LGA
769,YX 3640,EWR,BUF
773,ZW 3743,IAD,LGA
775,DL 1301,JFK,MIA
778,9E 4921,LGA,PIT
779,UA 2323,SEA,EWR
782,YX 4723,LGA,BOS
783,YX 5608,JFK,ORD
785,UA 282,EWR,IAH
786,AA 1216,EWR,CLT
787,YX 5752,CLT,LGA
790,YX 5625,ORD,LGA
793,YX 5720,LGA,MCI
794,UA 1022,DEN,LGA
795,UA 1127,EWR,SAN
796,YX 4631,IND,JFK
797,YX 5822,DTW,EWR
798,UA 788,EWR,SFO
800,9E 4709,JFK,BNA
801,DL 556,ORD,LGA
803,YX 5696,PIT,LGA
805,DL 2244,MSP,EWR
807,YX 3705,EWR,RDU
808,YX 5781,JFK,RDU
809,YX 5627,CLT,LGA
810,YX 5686,LGA,HHH
811,UA 2114,RDU,EWR
812,DL 2095,MSP,LGA
817,YX 5611,ORD,LGA
822,B6 1538,JFK,MVY
823,YX 3505,EWR,MSP
824,NK 3120,EWR,MIA
825,9E 5014,PIT,JFK
826,YX 5796,SDF,LGA
830,B6 249,LGA,JAX
831,9E 5077,LGA,CVG
833,9E 5376,LGA,GRR
834,UA 1755,EWR,IAH
835,WN 2229,HOU,LGA
837,9E 5399,ORF,LGA
839,WN 3895,DEN,LGA
840,AA 2914,DCA,LGA
841,YX 4998,SDF,LGA
842,DL 1400,DTW,LGA
847,YX 5632,IND,LGA
849,UA 2426,SAT,EWR
850,DL 2469,JFK,TPA
851,UA 2494,IAH,EWR
852,AA 320,LGA,CLT
854,YX 5820,LGA,MCI
856,9E 4852,CVG,LGA
857,YX 5660,CLT,JFK
859,AA 2538,MCO,LGA
861,NK 99,ATL,EWR
863,DL 377,LGA,ORD
865,9E 5042,PIT,LGA
866,WN 391,LGA,STL
867,YX 3556,EWR,MKE
868,9E 4738,BNA,LGA
869,YX 3417,BOS,EWR
870,DL 556,LGA,ORD
872,9E 4699,BNA,LGA
874,UA 698,LAS,EWR
875,YX 5754,BUF,JFK
876,G7 4427,EWR,DCA
879,UA 563,EWR,SNA
880,9E 4975,JFK,ROC
882,9E 4689,LGA,SAV
883,YX 4870,IND,LGA
885,DL 2345,JFK,DTW
887,YX 4525,JFK,IND
892,UA 673,EWR,PHX
893,UA 1603,MCO,EWR
894,UA 419,MSY,EWR
895,DL 958,EWR,SLC
898,UA 1029,SJU,EWR
899,9E 5380,PIT,LGA
901,AA 328,MIA,JFK
902,YX 3616,EYW,EWR
903,G7 4415,EWR,BUF
904,B6 2092,MIA,JFK
908,DL 377,SFO,JFK
910,B6 776,JFK,ORH
911,9E 4880,MYR,LGA
912,DL 555,MCO,LGA
913,DL 1548,LGA,DTW
914,UA 773,SMF,EWR
917,DL 2354,JFK,MCO
918,DL 2868,MIA,LGA
920,YX 5622,CMH,LGA
921,AA 2389,EWR,CLT
922,YX 3647,RAP,EWR
923,G7 4494,EWR,ACK
925,UA 245,BNA,EWR
927,YX 3422,DFW,EWR
929,AA 454,LGA,DCA
931,DL 1603,SEA,JFK
935,AA 414,JFK,CLT
937,UA 646,EWR,MIA
938,DL 432,LGA,DFW
939,DL 974,LGA,DEN
940,DL 1559,MCO,JFK
941,YX 5668,JFK,DCA
943,UA 1883,EWR,ATL
949,UA 2164,ORD,EWR
952,YX 5824,JFK,PIT
953,G7 4395,ACK,EWR
954,DL 1627,JFK,FLL
955,DL 1131,LAX,JFK
956,G7 4477,PIT,EWR
958,DL 2307,MIA,LGA
959,DL 1366,MCO,JFK
961,DL 907,DEN,LGA
963,9E 5296,CLT,JFK
965,UA 545,IAH,LGA
966,DL 1322,LGA,DFW
967,9E 5390,LGA,CHS
968,UA 2101,EWR,LAX
969,G7 4573,EWR,PWM
970,UA 412,SAN,EWR
972,9E 5095,JFK,PWM
973,UA 569,ORF,EWR
974,9E 5446,JFK,BGR
980,B6 2154,EYW,JFK
981,UA 2477,EWR,SMF
983,AA 2091,MIA,LGA
985,AA 495,JFK,CLT
988,YX 3603,MCI,EWR
990,9E 5047,BUF,JFK
992,DL 1068,LGA,ATL
993,YX 5603,JFK,BOS
994,YX 5599,DCA,LGA
995,YX 5678,ORD,JFK
996,YX 4543,JFK,CLE
997,G7 4486,MHT,EWR
998,YX 5791,LGA,BOS
999,YX 5004,DTW,LGA
1000,G7 4398,CVG,EWR
1001,UA 657,LAX,EWR
1002,YX 4684,JFK,ORF
1003,DL 2776,JFK,MIA
1007,YV 6095,LGA,IAH
1008,YX 5785,PIT,LGA
1009,YX 4979,ORD,LGA
1010,UA 645,LAX,EWR
1011,YX 3554,IAD,EWR
1012,YX 3621,MSY,EWR
1013,UA 2132,FLL,EWR
1017,9E 4736,LGA,RDU
1019,YX 5758,JFK,RDU
1021,YX 5826,DCA,JFK
1022,DL 2454,LGA,MCO
1023,YX 4530,ORF,LGA
1025,YX 3619,SAV,EWR
1026,9E 4634,JFK,MSP
1029,AA 1273,ORD,EWR
1030,NK 1695,MCO,EWR
1037,AA 558,EWR,DFW
1038,WN 593,LGA,STL
1039,UA 1878,LGA,ORD
1042,AA 700,EWR,DFW
1045,G7 4536,ROC,EWR
1046,UA 1611,LAS,EWR
1047,DL 1623,ATL,EWR
1052,G7 4511,EWR,ORF
1056,YX 4567,SAV,LGA
1058,9E 5524,CLT,JFK
1059,UA 329,EWR,MIA
1060,DL 2335,LAX,JFK
1061,DL 2010,PBI,LGA
1065,YX 4852,LGA,RIC
1067,DL 743,ATL,EWR
1068,YX 3404,PIT,EWR
1069,DL 2206,LGA,IAH
1072,C5 4841,IAD,EWR
1078,WN 2776,ATL,LGA
1080,YX 4733,PIT,LGA
1081,DL 314,JFK,SFO
1082,AA 488,JFK,CLT
1083,YX 5659,IND,LGA
1087,UA 682,EWR,DEN
1091,G7 4513,BTV,EWR
1094,DL 1226,LGA,PBI
1095,9E 5518,ROC,LGA
1097,DL 2999,LGA,RSW
1098,B6 2309,LGA,ACK
1099,YX 5673,LGA,BNA
1101,AA 2168,EWR,PHX
1105,DL 2432,ORD,LGA
1108,YX 5654,BOS,LGA
1109,C5 4821,PQI,EWR
1110,YX 4523,LGA,MSP
1111,YX 3529,EWR,CMH
1112,YX 4887,LGA,ATL
1113,DL 2334,DFW,LGA
1115,UA 639,EWR,BNA
1116,9E 4766,LGA,MEM
1118,YX 5610,LGA,ORD
1120,UA 2630,MCO,EWR
1122,NK 467,LGA,BNA
1123,YX 3478,DFW,EWR
1125,YX 3570,SRQ,EWR
1126,DL 2394,FLL,LGA
1130,YX 5767,JFK,RDU
1133,ZW 3851,LGA,IAD
1134,AA 34,LAX,JFK
1136,DL 2890,PBI,LGA
1137,B6 1378,EWR,MVY
1138,DL 1051,LGA,DTW
1139,DL 1035,BOS,JFK
1142,9E 4701,JFK,CLE
1147,YX 5599,BNA,LGA
1148,UA 1135,EWR,ORD
1150,YX 5018,LGA,IAH
1151,9E 4897,ORF,LGA
1152,WN 5185,LGA,MCO
1153,YX 3439,EWR,EYW
1154,9E 5124,JFK,MSP
1159,YX 5731,JFK,DCA
1160,DL 363,ORD,LGA
1163,9E 4742,RDU,LGA
1164,OO 3539,MSP,EWR
1165,B6 598,MCO,LGA
1166,G4 2686,VPS,EWR
1167,UA 624,PHX,EWR
1168,G7 4584,EWR,GSO
1171,YX 4913,JFK,ORF
1175,UA 1030,ORD,EWR
1176,YX 3436,MYR,EWR
1178,YX 3429,EWR,ATL
1180,YX 4521,CMH,LGA
1182,9E 4952,BUF,JFK
1185,9E 4850,LGA,GSO
1186,YX 5687,SDF,LGA
1187,UA 1799,MIA,EWR
1188,YX 5804,BOS,LGA
1191,OO 5585,LGA,ORD
1194,DL 442,SFO,JFK
1196,YX 4559,LGA,CMH
1199,AA 571,MIA,JFK
1200,G7 4456,EWR,ROC
1201,UA 778,MIA,EWR
1205,AA 2906,MIA,JFK
1206,DL 2876,EWR,ATL
1209,UA 2155,RDU,EWR
1210,YX 4931,LGA,DCA
1211,UA 2003,EWR,BNA
1214,DL 1606,JFK,PHX
1215,UA 2053,EWR,MCO
1217,YX 4544,DCA,JFK
1218,G7 4607,EWR,RIC
1219,UA 1097,EWR,MIA
1220,9E 4709,JFK,BUF
1222,YX 4521,BWI,JFK
1223,G7 4386,EWR,PIT
1225,DL 2059,EWR,DTW
1229,YX 5786,ROC,LGA
1230,DL 2269,EWR,ATL
1232,YX 4717,LGA,ILM
1233,YX 5592,LGA,MCI
1234,B6 1881,JFK,IAH
1235,YX 5793,DCA,JFK
1236,YX 4943,RDU,LGA
1239,YX 3645,IND,EWR
1240,YX 5591,LGA,MCI
1241,B6 2353,JFK,PBI
1242,B6 617,JFK,MSP
1248,AA 1370,EWR,MIA
1254,DL 343,JFK,SFO
1257,YX 4583,MCI,LGA
1258,YX 5617,JFK,JAX
1259,DL 1269,JFK,MIA
1261,OO 3537,EWR,MSP
1263,YX 3507,EWR,BUF
1264,B6 2079,BOS,EWR
1266,9E 4725,RIC,LGA
1268,DL 1525,RSW,JFK
1271,YX 3414,CLT,EWR
1272,B6 2748,SAV,LGA
1273,YX 3471,EWR,GSP
1274,DL 506,LGA,ATL
1277,UA 1556,EWR,SJU
1278,UA 391,EWR,PDX
1281,DL 1018,EWR,DTW
1282,B6 2583,EWR,BQN
1284,DL 1549,PBI,LGA
1285,OO 3537,MSP,EWR
1286,UA 683,RSW,LGA
1289,YX 4513,LGA,CLE
1290,AA 2496,JFK,DFW
1293,9E 5161,JFK,SYR
1295,UA 1504,RDU,EWR
1296,UA 1401,EWR,SRQ
1299,UA 1765,MCO,EWR
1300,YX 3672,EWR,CVG
1304,UA 261,BNA,EWR
1305,G7 4407,DCA,EWR
1306,9E 4993,ACK,JFK
1309,YX 4517,BNA,JFK
1310,UA 1108,EWR,LAS
1313,DL 703,JFK,LAX
1316,YX 4824,PIT,LGA
1319,YX 3485,EWR,ATL
1322,UA 390,EWR,BNA
1323,DL 2931,LGA,IAH
1324,UA 2611,SAN,EWR
1327,DL 958,JFK,MIA
1328,YX 5740,JFK,JAX
1330,UA 676,EWR,AUS
1333,AA 1405,AUS,JFK
1334,UA 1730,MCO,EWR
1337,NK 278,MCO,EWR
1338,UA 517,JFK,LAX
1340,YX 5780,LGA,CMH
1342,9E 5183,SAV,JFK
1346,G7 4184,EWR,GSP
1347,C5 4293,BGR,EWR
1350,AA 2126,DCA,LGA
1352,AS 469,EWR,SFO
1353,AA 1367,JFK,JAC
1357,B6 2692,MIA,JFK
1362,G7 4439,EWR,CLT
1365,UA 453,EWR,MCO
1366,NK 1692,FLL,LGA
1369,UA 653,EWR,FLL
1370,DL 1660,MCO,JFK
1373,DL 1104,JFK,LAS
1377,YX 3442,LGA,ORD
1378,DL 354,JFK,SLC
1380,DL 1023,FLL,JFK
1381,YX 3439,JAX,EWR
1383,DL 1055,LGA,MSP
1384,UA 1191,PHX,EWR
1388,9E 4658,BTV,JFK
1389,YX 5701,LGA,ORD
1393,G7 4596,GRR,EWR
1394,YX 4559,CMH,LGA
1395,YX 5726,LGA,BOS
1396,9E 4674,RDU,LGA
1398,YX 4656,LGA,BNA
1399,DL 359,JFK,SLC
1401,UA 799,ORD,EWR
1402,AA 977,JFK,FLL
1403,YX 5019,LGA,OKC
1405,UA 735,EWR,CLE
1406,AA 2933,MIA,EWR
1408,YX 5826,JFK,MSY
1411,UA 792,IAD,EWR
1413,YX 5856,LGA,CMH
1417,NK 1678,EWR,FLL
1418,YX 4545,LGA,RDU
1419,AA 688,JFK,MIA
1420,DL 1534,LGA,RSW
1421,AA 1373,CLT,EWR
1422,NK 856,LGA,FLL
1423,9E 4976,LGA,GSO
1424,G7 4460,EWR,DCA
1425,DL 2584,ORD,LGA
1427,YX 4689,LGA,SDF
1428,YX 4946,LGA,ORD
1429,9E 4862,LGA,CVG
1430,UA 1718,JAX,EWR
1432,9E 5482,MSN,LGA
1433,AA 1467,DCA,JFK
1439,DL 549,ATL,LGA
1441,G7 4495,DTW,EWR
1442,AA 2139,JFK,MIA
1443,9E 5485,LGA,GSP
1444,DL 440,LAX,JFK
1445,YX 5789,LGA,DCA
1446,YX 5714,BOS,LGA
1448,YX 5750,LGA,BOS
1450,YX 4909,BNA,LGA
1454,AA 1693,JFK,MIA
1455,NK 241,EWR,FLL
1456,B6 910,ACK,LGA
1459,UA 2185,SMF,EWR
1460,UA 609,EWR,RSW
1462,YX 4807,MEM,LGA
1463,YX 5628,JFK,ORD
1466,AA 934,EWR,MIA
1473,9E 4779,GRR,LGA
1477,YX 3432,EWR,CLE
1478,YX 5634,LGA,JAX
1479,G4 2417,GRR,EWR
1487,YX 5850,RIC,LGA
1493,YX 3404,CHS,EWR
1496,YX 4684,CMH,LGA
1500,DL 2873,LGA,MCO
1503,YX 4802,LGA,RDU
1513,G7 4495,EWR,IND
1515,B6 153,DEN,LGA
1520,B6 2157,LGA,DEN
1521,9E 4691,SAV,JFK
1522,YX 3429,MCI,EWR
1523,YX 4811,EYW,LGA
1525,9E 5490,LGA,BUF
1526,DL 1036,JFK,DFW
1527,YX 5803,LGA,BOS
1530,DL 1467,LGA,PBI
1538,YX 5833,HHH,LGA
1539,YX 4539,PWM,LGA
1543,9E 5383,ORF,LGA
1547,YX 5833,LGA,SRQ
1549,DL 1749,TPA,LGA
1552,DL 892,SAN,JFK
1553,UA 549,EWR,LAX
1555,YX 4587,JFK,CLE
1558,DL 2238,JFK,MIA
1563,G7 4438,IND,EWR
1564,AA 1233,JFK,STT
1565,UA 785,JAX,EWR
1567,B6 294,MIA,EWR
1569,YX 3498,EWR,CHS
1570,AA 2356,JFK,MIA
1572,NK 1676,DTW,LGA
1573,G7 4447,DTW,EWR
1574,YX 5665,LGA,IND
1575,UA 462,EWR,JAX
1576,DL 2506,EWR,MSP
1577,UA 709,EWR,FLL
1578,AA 708,LGA,CLT
1579,DL 2611,ORD,LGA
1580,YX 3647,EWR,MKE
1581,YX 5641,JFK,BOS
1585,9E 4855,JFK,BNA
1588,DL 856,JFK,ATL
1590,9E 5199,BWI,JFK
1591,G7 4428,DCA,EWR
1592,B6 2855,CHS,LGA
1594,B6 895,EWR,MCO
1595,WN 3989,ATL,LGA
1599,G7 4382,CLT,EWR
1600,YX 5707,MCI,LGA
1604,9E 4668,JFK,BTV
1606,G7 4450,EWR,PVD
1609,WN 2981,BNA,LGA
1611,YX 3475,DTW,EWR
1612,AA 479,LGA,DCA
1616,G7 4520,PIT,EWR
1621,UA 2663,EWR,BNA
1622,B6 2392,MIA,JFK
1623,YX 4718,IND,LGA
1624,AA 524,MIA,JFK
1628,WN 999,LGA,DEN
1631,DL 384,JFK,SLC
1633,YX 4706,MYR,LGA
1634,B6 47,LGA,TPA
1635,YX 3592,ORF,EWR
1638,UA 623,EWR,RDU
1639,YX 5660,LGA,CHS
1640,9E 4988,STL,LGA
1641,DL 2100,LGA,MIA
1642,YX 5621,LGA,ORD
1645,DL 421,DFW,LGA
1646,AS 547,JFK,PDX
1648,UA 450,CLE,EWR
1649,YX 4889,LGA,BNA
1656,G7 4466,EWR,DTW
1662,B6 572,FLL,LGA
1663,YX 5663,IAD,JFK
1664,AA 437,MIA,EWR
1665,WN 998,BWI,LGA
1667,AA 1875,FLL,JFK
1668,B6 1032,LGA,BOS
1669,UA 2304,SFO,EWR
1670,WN 4114,ATL,LGA
1671,G7 4425,EWR,DCA
1673,9E 4858,JFK,DTW
1675,YX 5697,BOS,JFK
1676,AA 1643,DFW,LGA
1677,AA 1466,MIA,JFK
1678,YX 3493,EWR,CLT
1680,UA 1827,MCO,EWR
1683,9E 4826,STL,LGA
1684,AA 578,LGA,MIA
1687,WN 3244,LGA,DEN
1688,B6 2566,LGA,MVY
1691,YX 5729,MSY,LGA
1693,9E 4973,LGA,MYR
1694,B6 2492,MIA,JFK
1696,UA 1197,EWR,TPA
1699,YX 4807,LGA,MEM
1700,UA 1207,EWR,JAX
1702,G7 4384,DCA,EWR
1703,B6 1118,JFK,BOS
1706,YX 5598,EWR,DTW
1707,AA 396,BOS,JFK
1709,9E 4943,CLE,LGA
1711,NK 695,EWR,LAS
1714,YX 4530,LGA,ORF
1719,9E 4945,GSP,LGA
1720,YX 3508,EWR,GSP
1723,YX 5605,JFK,ORD
1727,YX 5733,BOS,JFK
1730,AA 1880,ORD,EWR
1731,UA 521,JFK,SFO
1732,G7 4442,EWR,GSO
1735,G7 4429,EWR,GSO
1736,YX 3461,LGA,ORD
1737,B6 116,MCO,EWR
1738,UA 2016,EWR,SAN
1739,YX 3609,ORF,EWR
1742,9E 5359,CHO,LGA
1743,YX 3569,SRQ,EWR
1745,YX 3564,SDF,EWR
1749,DL 1415,AUS,JFK
1751,YX 4889,BNA,LGA
1756,DL 448,LAS,JFK
1758,DL 1748,FLL,LGA
1760,9E 4994,SYR,LGA
1762,G7 4390,EWR,CLT
1763,UA 1182,EWR,MSY
1765,AS 97,SEA,JFK
1769,WN 779,LGA,BNA
1770,DL 404,LGA,ORD
1772,9E 5487,LGA,MSN
1773,UA 1435,MIA,EWR
1776,YX 4545,JFK,BWI
1778,YX 3489,DTW,EWR
1780,WN 1913,LGA,BNA
1783,AA 2889,LGA,CLT
1784,B6 715,JFK,SFO
1785,G7 4515,EWR,DTW
1786,B6 2331,LGA,SRQ
1789,YX 4523,MSP,LGA
1790,UA 2483,SFO,EWR
1791,YV 6038,LGA,IAH
1794,G7 4422,EWR,ROC
1796,DL 1034,MIA,JFK
1798,YX 5833,LGA,EYW
1800,UA 1927,FLL,EWR
1801,9E 5267,LGA,RDU
1804,9E 5177,LGA,BNA
1805,YX 5650,JFK,IND
1807,YX 4603,RIC,LGA
1809,YX 5756,CHS,JFK
1812,YX 5600,MCI,LGA
1813,DL 2858,LGA,MIA
1815,9E 4876,BUF,LGA
1818,WN 3725,LGA,MDW
1819,9E 4981,LGA,BNA
1820,9E 4738,CLT,LGA
1825,YX 5644,BGR,JFK
1828,9E 5350,LGA,SYR
1834,YX 3418,EWR,RDU
1835,YX 5820,DTW,EWR
1836,WN 1402,DEN,LGA
1839,DL 2540,DTW,LGA
1840,9E 4675,JFK,ORD
1841,AA 564,DFW,LGA
1844,B6 2293,JFK,MIA
1848,G7 4510,EWR,IND
1849,UA 1603,RSW,EWR
1850,9E 5322,DTW,JFK
1852,UA 398,EWR,DEN
1853,DL 1440,LGA,PBI
1854,9E 4948,LGA,TVC
1857,DL 1093,JFK,LAS
1859,9E 4795,CHS,LGA
1862,UA 785,EWR,CLE
1870,AA 785,LGA,ORD
1871,9E 4811,LGA,RDU
1872,G7 4451,EWR,DTW
1873,9E 5415,PWM,LGA
1875,AA 657,CLT,JFK
1876,G7 4183,CMH,EWR
1877,UA 2333,EWR,SFO
1878,UA 285,EWR,SFO
1879,G7 4559,EWR,DCA
1880,YX 4892,JFK,CLE
1881,YX 5593,OMA,LGA
1888,YX 5742,BGR,JFK
1890,9E 4801,LGA,STL
1891,UA 1229,PBI,EWR
1892,AA 1532,EWR,ORD
1896,DL 1629,DEN,LGA
1898,DL 1082,LGA,DTW
1903,AA 1389,MIA,LGA
1904,YX 5772,DCA,JFK
1905,YX 4893,LGA,ATL
1906,YX 3564,MKE,EWR
1909,WN 2717,STL,LGA
1910,UA 792,RSW,EWR
1916,B6 1774,LAX,EWR
1919,UA 2127,EWR,PBI
1924,UA 2056,SRQ,EWR
1927,UA 2271,EWR,BNA
1929,UA 701,RDU,EWR
1930,YX 3533,EWR,GSP
1932,B6 1521,LGA,FLL
1936,9E 5134,MYR,LGA
1937,UA 1825,EWR,CLE
1938,AA 1473,DFW,LGA
1941,9E 4646,BUF,JFK
1943,9E 4817,LGA,RDU
1946,YX 5648,LGA,IND
1949,F9 2135,EWR,DFW
1951,UA 659,EWR,SFO
1954,UA 1416,EWR,ORD
1955,AA 465,AUS,JFK
1961,YX 4995,LGA,DTW
1962,UA 1200,EWR,PBI
1963,YX 4980,LGA,ORD
1964,DL 2207,LGA,DFW
1969,YX 5761,RDU,JFK
1970,G7 4393,BTV,EWR
1972,G4 2159,EWR,SAV
1973,B6 1728,RDU,EWR
1978,YX 3505,EWR,EYW
1979,B6 2670,CHS,LGA
1980,YX 3485,EWR,CLT
1983,DL 1166,AUS,JFK
1984,YX 3698,EWR,CHS
1987,OO 4704,LGA,IAH
1989,YX 5591,MCI,LGA
1991,YX 4723,BOS,LGA
1992,WN 284,BNA,LGA
1996,YX 4541,LGA,RDU
1997,DL 409,LAS,JFK
1998,AA 2118,LGA,BOS
2000,9E 5039,MSP,EWR
2001,YX 4571,CLE,LGA
2002,C5 4983,MYR,EWR
2005,YX 5637,MSY,JFK
2008,DL 2773,EWR,ATL
2009,WN 4444,TPA,LGA
2014,9E 5206,DTW,JFK
2015,YX 3401,BNA,EWR
2016,9E 5138,CVG,LGA
2017,DL 2571,LGA,ORD
2019,UA 799,PBI,EWR
2020,B6 662,LAS,JFK
2021,AA 359,ORD,LGA
2022,DL 2422,JFK,MCO
2023,UA 1849,SFO,EWR
2025,DL 669,SJU,JFK
2028,UA 2140,LAX,EWR
2029,DL 487,JFK,SFO
2032,DL 543,JFK,LAX
2034,9E 5073,DTW,JFK
2036,YX 4747,IND,LGA
2037,9E 5412,JFK,BNA
2038,B6 459,JFK,BUR
2039,DL 1528,LGA,DEN
2041,DL 505,ATL,LGA
2043,DL 1517,JFK,FLL
2044,UA 1027,EWR,IAH
2046,NK 1311,FLL,EWR
2047,UA 430,FLL,EWR
2048,9E 4856,RDU,LGA
2050,DL 416,ATL,JFK
2051,UA 2473,MIA,EWR
2052,UA 1882,MCO,EWR
2053,YX 5657,CLT,JFK
2059,AA 558,DFW,EWR
2062,UA 536,PBI,EWR
2064,UA 1964,SAT,EWR
2068,UA 1621,RSW,EWR
2070,B6 332,LGA,BOS
2074,WN 3713,BNA,LGA
2079,UA 287,EWR,TPA
2080,AS 392,SAN,JFK
2081,YX 4531,JFK,RDU
2082,YX 5598,CMH,LGA
2083,DL 2480,PBI,LGA
2085,UA 1939,EWR,PBI
2088,9E 4961,JFK,ROC
2089,AA 1356,LGA,MIA
2092,UA 1599,LGA,ORD
2093,B6 1474,TPA,EWR
2094,UA 1167,EWR,TPA
2096,B6 2592,MIA,JFK
2098,9E 4818,ORF,LGA
2100,G7 4415,BUF,EWR
2102,YX 3597,ORF,EWR
2104,9E 5153,JFK,SAV
2105,WN 934,STL,LGA
2106,DL 675,JFK,BOS
2107,B6 2594,MIA,EWR
2108,YX 3662,PWM,EWR
2111,G7 4608,EWR,SYR
2118,DL 2072,TPA,LGA
2119,G7 4541,ACK,EWR
2120,B6 1489,EWR,SJU
2122,DL 795,JFK,PHX
2125,YX 3460,EWR,ATL
2127,UA 2230,LAX,EWR
2131,UA 2628,LGA,DEN
2132,DL 540,TPA,LGA
2134,WN 2034,MDW,LGA
2135,UA 1134,PHX,EWR
2138,DL 1579,MCO,JFK
2141,9E 4996,LGA,RDU
2145,YX 3625,EWR,CMH
2146,UA 2449,IAH,LGA
2147,YX 3522,BUF,EWR
2151,YX 4763,RIC,LGA
2152,DL 1292,LGA,TPA
2153,DL 1340,MCO,LGA
2158,G7 4442,DCA,EWR
2160,DL 1378,LGA,BOS
2162,DL 2178,LGA,FLL
2165,YX 4515,IND,LGA
2167,UA 1773,MIA,EWR
2169,9E 4938,LGA,RIC
2170,UA 314,PBI,EWR
2171,OO 5255,LGA,ORD
2176,UA 1827,EWR,PDX
2180,UA 472,EWR,RDU
2184,YX 5007,PIT,JFK
2185,UA 1768,MIA,EWR
2187,DL 886,JFK,SLC
2188,YX 3496,EWR,DTW
2193,9E 5417,DSM,LGA
2195,YX 4536,RIC,JFK
2196,UA 367,PBI,EWR
2198,YX 5621,BOS,JFK
2199,DL 1083,AUS,JFK
2202,9E 4867,JFK,RDU
2205,AA 1270,JFK,DCA
2207,YX 5812,JAX,JFK
2209,UA 541,EWR,ORD
2210,YX 3457,EWR,GRR
2213,OO 3823,EWR,MSP
2215,YX 4509,LGA,EYW
2216,YX 3567,EWR,ORF
2219,YX 5645,HHH,LGA
2220,UA 1641,EWR,SEA
2223,WN 646,MCI,LGA
2224,NK 1513,EWR,FLL
2226,9E 5451,JFK,IAD
2227,UA 1254,EWR,ORD
2228,UA 276,EWR,PBI
2230,AA 2384,MIA,JFK
2234,YX 4678,PWM,LGA
2237,B6 2606,ATL,EWR
2247,9E 4788,LGA,BUF
2250,WN 416,DAL,LGA
2252,DL 2072,LGA,TPA
2256,9E 5354,IND,JFK
2257,MQ 4138,EWR,ORD
2258,DL 2265,JFK,RSW
2261,YX 4886,JFK,PIT
2262,B6 135,JFK,ABQ
2264,DL 2579,LGA,ORD
2268,AA 947,LGA,DCA
2270,9E 5024,EWR,DTW
2271,ZW 3785,IAD,LGA
2274,AA 1291,DCA,LGA
2278,YX 3412,BUF,EWR
2279,B6 1963,HYA,JFK
2281,UA 2055,PBI,EWR
2289,DL 1179,LGA,MIA
2291,UA 412,EWR,MCO
2292,DL 2462,DTW,JFK
2294,OO 5369,ORD,LGA
2298,YX 5727,LGA,EYW
2300,UA 356,CLE,EWR
2303,MQ 4138,ORD,EWR
2305,NK 852,FLL,LGA
2306,DL 2237,ATL,JFK
2307,UA 2012,FLL,EWR
2309,9E 5057,JFK,BUF
2311,DL 1601,SRQ,LGA
2315,YX 4623,PIT,LGA
2320,G7 4408,EWR,PWM
2325,YX 5593,LGA,OMA
2328,9E 5074,JFK,DTW
2329,YX 5769,JFK,PWM
2330,G7 4564,EWR,DTW
2333,UA 1169,BOS,EWR
2334,AA 1378,ORD,JFK
2335,B6 1706,FLL,EWR
2336,YX 3682,ROC,EWR
2337,YX 5645,JFK,CLT
2339,UA 2394,MSP,EWR
2340,9E 5065,ROC,JFK
2341,YX 4552,LGA,RDU
2346,G7 4524,EWR,SYR
2350,NK 2157,FLL,LGA
2352,DL 2957,MSY,JFK
2355,G7 4393,EWR,PIT
2356,YX 5013,AVL,LGA
2362,UA 43,OGG,EWR
2367,B6 2287,ACK,EWR
2371,YX 4653,ORF,JFK
2372,9E 5392,MSN,LGA
2376,G7 4388,ACK,EWR
2377,B6 890,SJU,EWR
2380,AA 2271,MIA,LGA
2381,YX 5013,LGA,AVL
2382,YX 4816,STL,LGA
2383,C5 4811,EWR,IAD
2385,YX 5807,LGA,CLE
2390,UA 522,SFO,JFK
2395,AA 564,LGA,DFW
2406,UA 556,EWR,FLL
2407,G7 4469,GSO,EWR
2409,DL 459,LGA,PBI
2410,G7 4170,PWM,EWR
2415,YX 3681,ROC,EWR
2417,YX 4870,LGA,BOS
2422,9E 5197,JFK,CHS
2427,UA 516,LAX,JFK
2429,DL 1159,FLL,LGA
2430,DL 1159,LGA,FLL
2431,G7 4542,EWR,ROC
2432,UA 2265,EWR,MIA
2439,UA 602,EWR,IAH
2444,DL 1074,JFK,MSP
2446,DL 963,JFK,DCA
2447,9E 5357,RIC,LGA
2448,UA 280,EWR,PBI
2449,UA 636,AUS,EWR
2450,9E 4746,LGA,CVG
2452,UA 504,EWR,SFO
2453,G7 4464,SYR,EWR
2454,9E 5529,ROC,LGA
2458,YX 3448,ORF,EWR
2460,AA 2132,EWR,ORD
2466,DL 684,AUS,JFK
2470,YX 4913,LGA,DCA
2471,DL 1101,LGA,MCO
2472,YX 4660,LGA,RAP
2475,UA 2459,SLC,EWR
2476,9E 4922,LGA,CLE
2479,UA 2637,MIA,EWR
2480,YX 3682,SRQ,EWR
2482,YV 6171,IAH,LGA
2484,9E 5503,LGA,BUF
2485,YX 4652,DCA,JFK
2488,DL 470,ATL,LGA
2489,G7 4570,EWR,ACK
2494,C5 4264,AVL,EWR
2497,B6 2219,EWR,STT
2499,YX 3500,ATL,EWR
2500,YX 4939,JFK,PHL
2502,9E 4686,STL,LGA
2504,DL 471,LAS,JFK
2507,DL 830,DFW,LGA
2509,DL 1592,MCO,JFK
2511,YX 4861,ORD,LGA
2512,UA 2162,MCO,EWR
2514,YX 5595,LGA,STL
2516,9E 5066,ORF,LGA
2517,YX 4672,PHL,JFK
2518,YX 5800,MVY,JFK
2521,YX 3591,EWR,DFW
2524,NK 857,FLL,LGA
2529,UA 1575,MCO,LGA
2531,DL 663,JFK,ATL
2533,YX 4777,DCA,LGA
2534,AA 1054,JFK,BOS
2535,B6 2291,JFK,ACK
2541,UA 272,EWR,MCO
2542,YX 5808,LGA,CLT
2544,DL 2641,EWR,DTW
2545,YX 4604,CVG,LGA
2546,YX 5734,BOS,LGA
2547,DL 468,JFK,FLL
2548,G7 4534,EWR,PVD
2550,YX 5774,BNA,LGA
2551,9E 5414,RDU,LGA
2553,AA 1092,JFK,AUS
2554,G7 4441,PIT,EWR
2561,DL 2100,MIA,LGA
2564,AA 2380,ORD,LGA
2565,DL 2744,LGA,BNA
2566,WN 2071,BNA,LGA
2573,9E 4674,LGA,RDU
2574,AA 2387,EWR,DFW
2576,AA 1901,JFK,MIA
2577,G7 4559,EWR,DTW
2580,UA 645,TPA,EWR
2583,UA 1218,ORD,LGA
2584,YX 4990,LGA,BOS
2585,UA 705,SFO,EWR
2586,B6 2164,SRQ,JFK
2589,DL 2963,TPA,LGA
2592,YX 4520,JFK,BNA
2593,YX 5722,SYR,LGA
2595,NK 1357,EWR,BOS
2596,AA 1032,JFK,MIA
2598,UA 1578,EWR,IAH
2600,YX 5718,PIT,JFK
2602,G7 4414,EWR,PIT
2604,AA 1224,ORD,EWR
2608,DL 539,RSW,JFK
2610,UA 2080,ORD,LGA
2614,G7 4416,EWR,CLT
2615,YX 5776,LGA,CMH
2624,YX 3517,EWR,ORF
2625,YX 3525,EWR,CVG
2626,YX 5652,LGA,DCA
2627,9E 4807,LGA,MYR
2633,YX 3416,ATL,EWR
2637,YX 4931,RDU,LGA
2641,9E 5001,RDU,LGA
2646,UA 2488,DEN,EWR
2652,DL 2870,LGA,FLL
2659,DL 1170,DEN,JFK
2660,DL 524,SLC,JFK
2662,9E 4770,JFK,RDU
2667,DL 1614,MSP,EWR
2674,AA 1638,LGA,ORD
2682,YX 3695,EWR,PWM
2686,AA 871,MIA,JFK
2688,DL 460,JFK,SEA
2689,DL 1675,JFK,LAS
2690,UA 2009,RSW,EWR
2691,YX 4895,BNA,LGA
2692,G7 4388,EWR,DCA
2694,YX 5770,LGA,RDU
2696,UA 1185,EWR,SAN
2700,UA 1117,DEN,EWR
2704,B6 1092,MIA,JFK
2713,G7 4522,EWR,CMH
2716,YX 5610,IND,LGA
2717,9E 4990,LGA,RIC
2718,AA 316,ORD,LGA
2723,B6 458,BUR,JFK
2727,YX 5670,LGA,BOS
2729,YX 5767,JFK,DFW
2735,DL 445,JFK,LAS
2739,DL 859,JFK,ATL
2741,YX 5794,CHS,JFK
2745,9E 5327,ORD,JFK
2747,YX 5767,DFW,JFK
2751,YX 4567,CVG,LGA
2752,ZW 3964,IAD,LGA
2753,YX 5725,JFK,MSY
2755,UA 1416,BNA,EWR
2756,YX 5839,LGA,CHS
2758,UA 708,MIA,EWR
2761,DL 985,DCA,JFK
2762,NK 1215,FLL,EWR
2763,B6 308,JFK,PWM
2764,B6 1860,RSW,LGA
2765,9E 5168,LGA,ROC
2766,B6 2505,EWR,ATL
2768,WN 5964,LGA,STL
2772,YX 3667,SAV,EWR
2776,YX 4768,CLE,LGA
2778,UA 443,EWR,DFW
2779,DL 350,JFK,SAN
2781,G4 2205,EWR,SAV
2783,9E 5288,LGA,GRR
2786,9E 4831,LGA,RDU
2787,YX 5694,LGA,CMH
2788,YX 3602,ORF,EWR
2791,G7 4428,EWR,BUF
2793,YV 6071,IAH,LGA
2795,UA 431,LAS,EWR
2796,AA 1647,EWR,MIA
2797,YX 5859,BNA,LGA
2800,AA 2398,CLT,EWR
2803,WN 4117,LGA,DAL
2806,DL 356,LGA,ORD
2807,YV 6076,LGA,IAH
2808,9E 4801,MKE,LGA
2809,UA 705,LAX,EWR
2812,B6 202,MIA,JFK
2814,YX 5662,RIC,LGA
2816,UA 1168,EWR,MIA
2823,AA 2262,RDU,LGA
2825,YX 3579,MSN,EWR
2827,YX 5599,LGA,BNA
2828,AA 1435,LGA,DFW
2829,G7 4165,EWR,BUF
2831,UA 1100,EWR,MIA
2833,B6 2332,SRQ,LGA
2834,AA 1003,LGA,ATL
2835,YX 5674,LGA,IND
2839,9E 5445,TYS,LGA
2840,WN 3746,ATL,LGA
2843,9E 4855,ILM,LGA
2847,WN 3229,LGA,MDW
2850,DL 829,JFK,PHX
2853,UA 2468,TPA,EWR
2855,DL 1473,JFK,MCO
2859,YX 3614,MKE,EWR
2860,UA 2438,EWR,RSW
2865,B6 2593,JFK,MIA
2868,YX 3479,EWR,RIC
2870,YX 3508,GRR,EWR
2871,UA 1037,EWR,JAX
2872,UA 414,EWR,SFO
2873,YV 6154,LGA,IAD
2877,UA 1168,EWR,LAS
2884,DL 1295,LGA,IAH
2891,UA 1760,TPA,EWR
2892,YX 4944,LGA,DTW
2895,DL 1188,LGA,DTW
2896,UA 287,EWR,BNA
2906,AA 1031,LGA,CLT
2908,UA 747,EWR,BOS
2909,UA 540,BOS,EWR
2913,YX 4638,JFK,IND
2916,9E 4947,LGA,PWM
2918,DL 1594,EWR,MSP
2921,WN 183,LGA,BNA
2922,G4 454,EWR,TYS
2923,C5 4825,SYR,EWR
2927,AA 2387,DFW,EWR
2928,UA 1232,EWR,ORD
2929,YX 3498,EWR,DTW
2931,YX 4553,CHO,LGA
2939,AA 1394,BOS,JFK
2940,WN 430,BNA,LGA
2941,9E 5369,CLE,LGA
2944,9E 5321,BGR,JFK
2947,AA 975,JFK,BOS
2949,UA 1602,PBI,EWR
2952,YX 5760,CMH,LGA
2955,YX 3539,EWR,AUS
2956,AS 393,JFK,SAN
2957,DL 952,DFW,JFK
2959,UA 1274,EWR,SEA
2965,YX 4617,EWR,MIA
2967,UA 611,EWR,MCO
2969,YX 5852,MSY,JFK
2974,NK 804,LGA,FLL
2978,9E 4748,BNA,JFK
2979,YX 5763,JFK,DCA
2981,AA 1638,ORD,LGA
2983,DL 1728,RSW,JFK
2986,B6 1019,JFK,DTW
2992,G7 4409,EWR,CLE
2994,YX 3431,EWR,CVG
2996,G7 4181,PWM,EWR
3003,DL 1426,JFK,MCO
3006,YX 3564,PVD,EWR
3008,YX 4585,CVG,LGA
3011,UA 1023,EWR,FLL
3013,NK 602,LGA,FLL
3018,G7 4586,STL,EWR
3020,YX 5827,LGA,RIC
3024,OO 5248,LGA,ORD
3026,YX 4872,JFK,CVG
3027,YX 4936,LGA,BOS
3028,UA 1792,EWR,MCO
3031,DL 1581,FLL,LGA
3035,UA 794,EWR,LAS
3039,YX 5812,EWR,DTW
3045,YX 4542,PNS,LGA
3046,UA 2656,TPA,EWR
3047,YX 4866,RIC,LGA
3048,YX 5686,MCI,LGA
3054,AA 476,STT,JFK
3056,AA 2944,LGA,RDU
3057,WN 1880,DEN,LGA
3058,AA 742,LGA,ORD
3059,UA 740,PHX,EWR
3064,9E 5060,BTV,JFK
3065,B6 1490,SJU,EWR
3068,YX 4531,LGA,OMA
3074,AA 1377,EWR,DFW
3075,UA 2075,EWR,LAS
3077,AA 2933,EWR,MIA
3078,NK 1512,FLL,EWR
3079,9E 5490,CLT,JFK
3081,YX 4501,ORD,EWR
3084,G7 4421,CLT,EWR
3085,G7 4511,CLT,EWR
3086,9E 5288,BUF,JFK
3087,G7 4574,PIT,EWR
3088,UA 2624,LGA,DEN
3090,DL 1443,LGA,MSP
3091,DL 554,LAX,JFK
3093,9E 4759,LGA,RDU
3095,DL 1233,JFK,DFW
3101,DL 2637,IAH,LGA
3103,DL 2079,DTW,LGA
3104,AA 1150,STL,LGA
3105,YX 4846,LGA,CMH
3106,DL 2778,DEN,LGA
3107,YX 4651,LGA,ORD
3108,YX 4901,BNA,LGA
3109,UA 1177,EWR,DEN
3111,G7 4423,EWR,CVG
3113,DL 1542,JFK,MSY
3115,C5 4998,MYR,EWR
3116,YX 3630,EWR,MKE
3117,WN 2825,DEN,LGA
3119,YX 4996,LGA,PIT
3120,9E 5370,EWR,DTW
3121,UA 272,EWR,FLL
3122,9E 5423,ATL,LGA
3126,G7 4411,EWR,CMH
3127,AA 1643,LGA,DFW
3128,9E 5173,JFK,CLT
3141,YX 5687,RIC,LGA
3142,DL 2966,MSY,JFK
3144,UA 1167,EWR,FLL
3145,DL 2323,EWR,SLC
3146,UA 682,MCO,EWR
3147,YX 4556,CMH,LGA
3148,G7 4541,EWR,DTW
3150,C5 4844,EWR,MYR
3151,9E 5342,JFK,SAV
3155,AS 375,EWR,LAX
3156,YX 5770,LGA,BNA
3165,AA 2414,EWR,CLT
3169,YX 4859,BOS,LGA
3173,UA 468,EWR,MIA
3175,WN 4378,LGA,DEN
3178,YX 3708,IAD,EWR
3182,AA 2353,DFW,JFK
3185,YX 3431,IAD,LGA
3186,9E 5512,ORH,LGA
3187,YX 4706,LGA,MYR
3188,G7 4405,ROC,EWR
3190,DL 569,ATL,LGA
3192,G7 4454,EWR,BUF
3193,YX 3520,EWR,ORF
3194,UA 1141,EWR,SFO
3196,G7 4455,EWR,STL
3198,G7 4600,RDU,EWR
3199,9E 4636,JFK,RDU
3201,YX 5680,LGA,CLT
3202,AA 2916,LGA,DFW
3211,AA 774,LGA,ORD
3213,YX 3635,MSP,EWR
3215,UA 604,IAH,EWR
3217,WN 2866,MDW,LGA
3218,G4 1919,EWR,VPS
3219,AS 29,EWR,SEA
3221,YX 5655,STL,LGA
3227,AS 715,EWR,SEA
3231,9E 4787,RDU,JFK
3232,DL 351,JFK,LAX
3235,YX 3482,EWR,PVD
3236,UA 1766,SAV,EWR
3245,DL 795,PHX,JFK
3247,AA 2030,LGA,RDU
3251,DL 2527,ORD,LGA
3252,AA 786,CLT,JFK
3258,9E 4694,BUF,LGA
3262,9E 5275,RDU,LGA
3263,G7 4439,EWR,CMH
3265,YX 3653,PWM,EWR
3266,YX 5856,RDU,JFK
3268,AA 2214,JFK,SAT
3274,DL 858,ATL,JFK
3277,B6 385,JFK,RDU
3280,OO 5265,ORD,LGA
3281,YX 4618,HHH,LGA
3288,YX 3474,EWR,CLT
3289,UA 776,EWR,RDU
3291,YX 5768,RDU,LGA
3292,YX 4951,LGA,STL
3293,UA 544,EWR,SNA
3294,G7 4408,EWR,IND
3298,B6 1530,RSW,JFK
3299,YX 4825,PIT,LGA
3301,UA 1215,EWR,SRQ
3302,9E 5020,LGA,CLE
3303,UA 2443,RSW,EWR
3308,9E 5080,CHS,JFK
3309,9E 4721,JFK,BNA
3312,9E 4691,JFK,CHS
3313,YX 4947,CMH,LGA
3318,B6 1861,LGA,RSW
3323,DL 2432,JFK,SFO
3324,WN 2681,TPA,LGA
3328,WN 5828,MDW,LGA
3329,G7 4404,EWR,CLE
3331,9E 4965,GRR,LGA
3339,DL 559,DFW,LGA
3341,YX 4524,IND,JFK
3342,YX 4791,CMH,LGA
3348,DL 2730,DFW,LGA
3350,YX 4760,LGA,DCA
3353,G7 4402,EWR,CVG
3358,UA 2605,LGA,ORD
3359,WN 4194,MDW,LGA
3360,UA 278,EWR,MIA
3361,DL 2238,MIA,JFK
3362,UA 323,FLL,EWR
3363,YV 6066,LGA,IAH
3365,AA 2836,JFK,LAS
3371,9E 4889,PIT,LGA
3372,9E 5109,MSP,JFK
3379,YX 4787,RIC,LGA
3380,WN 4593,LGA,MDW
3382,G7 4532,GSO,EWR
3383,UA 401,EWR,MIA
3394,YX 4592,LGA,MCI
3395,UA 1620,EWR,PBI
3396,YX 3484,EWR,MEM
3397,UA 2153,DEN,EWR
3399,YX 3623,PIT,EWR
3400,G7 4409,EWR,MHT
3404,YV 6075,IAH,LGA
3405,G7 4394,EWR,CLT
3411,G7 4477,EWR,CMH
3412,DL 2711,LGA,RDU
3416,UA 2651,EWR,MCO
3417,DL 1613,LGA,MSP
3418,OO 3737,EWR,MSP
3421,UA 2322,EWR,BZN
3423,YX 3596,EWR,SAV
3428,YX 5751,LGA,MSY
3436,UA 568,PBI,EWR
3438,UA 292,BNA,EWR
3443,9E 5096,JFK,PWM
3445,C5 4379,EWR,ORF
3449,AA 9,JFK,LAX
3450,WN 535,ATL,LGA
3451,WN 106,LGA,BNA
3452,G7 4536,EWR,CLT
3454,YV 6177,LGA,IAH
3456,DL 566,LGA,ATL
3458,DL 1341,PBI,LGA
3459,YX 3480,EWR,MKE
3464,G7 4585,PWM,EWR
3466,DL 1038,DTW,LGA
3478,DL 350,SAN,JFK
3480,9E 4752,ORD,JFK
3481,YX 5800,JFK,MVY
3482,YX 5628,BUF,JFK
3485,YX 4564,LGA,CMH
3488,B6 686,RDU,JFK
3494,9E 5465,RDU,EWR
3495,B6 307,PWM,JFK
3497,AA 834,ORD,LGA
3503,YX 5611,LGA,DCA
3514,YX 5799,LGA,DCA
3517,YX 3507,PIT,EWR
3522,UA 310,CHS,EWR
3524,9E 4891,BUF,JFK
3525,UA 1522,DEN,EWR
3526,YX 5722,DCA,LGA
3528,AA 2367,LGA,MIA
3529,DL 542,ATL,LGA
3531,9E 5363,LGA,RIC
3536,UA 1227,EWR,BNA
3539,9E 5374,CVG,LGA
3541,YX 5755,LGA,PWM
3543,9E 4827,ROC,LGA
3548,YX 5797,BOS,LGA
3549,DL 1270,LGA,TPA
3551,UA 1450,SAN,EWR
3555,G7 4396,EWR,PIT
3557,YX 4911,DTW,LGA
3562,G7 4426,EWR,ACK
3563,UA 2052,EWR,DEN
3564,YX 5694,CMH,LGA
3567,YX 5695,LGA,PIT
3569,UA 418,EWR,CLE
3570,DL 2244,MCO,LGA
3571,UA 2458,LAX,EWR
3572,ZW 3886,IAD,LGA
3575,YX 5594,JFK,CHS
3576,DL 1592,JFK,MCO
3577,B6 1876,MSY,JFK
3578,G7 4194,EWR,SDF
3581,WN 856,MDW,LGA
3582,WN 2054,MSY,LGA
3587,B6 1277,JFK,JAX
3591,9E 5043,JFK,CLE
3592,AA 2513,LGA,DFW
3595,UA 2632,EWR,SFO
3598,UA 1143,EWR,ORD
3602,YX 4542,JFK,BWI
3604,DL 499,ATL,LGA
3605,9E 4634,CLT,LGA
3607,DL 371,LAS,JFK
3608,YX 4920,DCA,JFK
3612,G7 4611,EWR,CVG
3615,YX 4786,LGA,MCI
3619,YX 4727,BNA,LGA
3623,DL 851,DTW,LGA
3624,G7 4471,EWR,DCA
3627,YX 3618,MKE,EWR
3629,YX 3537,EWR,IND
3630,DL 1651,JFK,PBI
3632,YX 5834,CMH,JFK
3633,DL 378,LGA,DFW
3636,AA 2398,EWR,CLT
3646,YX 4814,LGA,BNA
3647,OO 5656,LGA,ORD
3649,OO 5534,LGA,ORD
3655,DL 2484,AUS,JFK
3657,DL 652,LGA,DFW
3658,9E 5151,JFK,SYR
3666,G7 4503,MHT,EWR
3668,WN 776,LGA,SRQ
3671,DL 2125,EWR,ATL
3673,YX 4570,LGA,CVG
3674,YX 4505,JFK,BWI
3675,YX 4769,CMH,JFK
3678,YX 3456,EWR,BTV
3679,AA 1826,LGA,RDU
3681,UA 482,BOS,EWR
3682,UA 426,EWR,DFW
3685,YX 5619,BUF,JFK
3686,YX 5722,LGA,RDU
3688,YX 5761,LGA,SDF
3689,YX 5621,STL,LGA
3691,DL 1463,SLC,JFK
3692,UA 1178,BOS,EWR
3695,UA 1250,SFO,EWR
3697,YX 3465,GSO,EWR
3701,YX 5803,DCA,LGA
3703,YX 4886,LGA,MEM
3705,B6 1120,DTW,JFK
3715,G7 4422,EWR,MYR
3717,YX 3463,EWR,DCA
3721,AA 1385,LGA,DCA
3725,YX 5606,JFK,JAX
3728,YX 3509,BTV,EWR
3729,B6 186,JFK,ROC
3731,YX 3462,CHS,EWR
3732,AA 1870,LGA,ORD
3741,AA 802,EWR,DFW
3744,UA 621,EWR,ORD
3745,YX 4633,DAY,LGA
3756,UA 1819,EWR,MCO
3757,UA 1033,EWR,JAX
3758,DL 1529,EWR,DTW
3760,9E 4826,LGA,RDU
3761,YX 3544,EWR,PWM
3762,AA 383,JFK,MIA
3763,UA 744,AUS,EWR
3764,AA 1208,MIA,JFK
3766,UA 1641,EWR,MCO
3767,YX 5693,BOS,LGA
3768,AA 1370,MIA,EWR
3773,UA 2228,EWR,BOS
3774,OO 3838,EWR,MSP
3775,YX 4951,CLT,LGA
3782,9E 4827,ROC,JFK
3783,YX 4501,EWR,ORD
3785,G4 2207,SAV,EWR
3788,YX 5698,RSW,LGA
3789,DL 984,EWR,SLC
3790,YX 5600,DCA,LGA
3792,AA 2773,LGA,ORD
3794,YX 4648,LGA,ATL
3800,UA 686,EWR,MCO
3801,YX 4711,TVC,LGA
3802,UA 2266,RSW,EWR
3805,YX 4995,DTW,LGA
3806,UA 2302,EWR,MCO
3813,9E 4662,JFK,IND
3818,9E 4877,ORD,JFK
3819,UA 1958,LAS,EWR
3820,G7 4464,EWR,ROC
3823,AA 1696,CLT,LGA
3824,9E 4909,CLE,LGA
3826,YX 5609,JFK,CHS
3830,UA 1990,LAX,EWR
3831,G7 4173,RIC,EWR
3832,YX 3542,ORF,EWR
3843,YX 5646,PNS,LGA
3844,DL 562,LAX,JFK
3845,DL 511,ORD,LGA
3848,9E 5011,MVY,JFK
3853,UA 762,EWR,RDU
3856,YX 3467,LGA,ORD
3857,WN 364,LGA,MDW
3858,UA 1574,ORD,EWR
3861,9E 5536,LGA,ROC
3864,9E 4718,RDU,LGA
3867,9E 5438,LGA,BGR
3873,YX 3686,EWR,BNA
3875,9E 4647,JFK,ORD
3876,UA 2455,AUS,EWR
3890,YX 5648,ORD,JFK
3891,YX 5809,JFK,ORD
3894,UA 569,EWR,BQN
3896,YX 5796,LGA,ROC
3900,AA 1176,JFK,DCA
3904,UA 1626,EWR,RSW
3905,DL 1322,JFK,FLL
3906,DL 1095,SFO,JFK
3908,UA 582,EWR,ORD
3909,UA 673,EWR,SAT
3911,UA 593,ATL,EWR
3914,UA 2638,MIA,EWR
3915,G7 4398,PWM,EWR
3921,AA 2151,DCA,LGA
3924,C5 4921,IAD,EWR
3926,DL 308,LGA,ATL
3928,YX 4619,LGA,CMH
3929,G7 4482,PVD,EWR
3930,YX 5615,JFK,BOS
3931,DL 1660,JFK,MCO
3932,YX 5616,JFK,DCA
3938,YX 4830,LGA,RDU
3939,9E 5187,EWR,DTW
3940,YX 3627,EWR,CLT
3946,9E 5183,LGA,CLE
3947,YX 5768,LGA,IND
3948,C5 4848,EWR,MYR
3949,YX 5663,BOS,LGA
3953,UA 1058,EWR,MIA
3954,AA 1228,JFK,MIA
3955,9E 5481,LGA,MSN
3957,UA 2681,ORD,EWR
3959,WN 3769,DAL,LGA
3962,B6 1622,AUS,JFK
3963,G7 4496,IND,EWR
3964,OO 5225,IAH,LGA
3967,G7 4446,PWM,EWR
3971,UA 2639,MIA,EWR
3973,9E 4643,BTV,LGA
3974,G7 4405,CLE,EWR
3981,YX 3703,EWR,ATL
3987,DL 553,LAX,JFK
3994,UA 1067,EWR,PBI
3995,UA 2147,MIA,EWR
3998,AA 2392,MIA,LGA
4002,9E 5216,EWR,DTW
4003,YX 3594,MYR,EWR
4004,YX 4725,LGA,RIC
4005,9E 4697,STL,LGA
4006,9E 4761,JFK,CHS
4012,9E 5187,DTW,EWR
4024,AA 978,MIA,JFK
4025,YX 4591,LGA,PIT
4033,B6 2565,MVY,LGA
4037,YX 4990,BOS,LGA
4039,YX 5669,LGA,DCA
4040,UA 1414,ANC,EWR
4043,9E 4653,LGA,STL
4047,NK 1033,LGA,MCO
4048,9E 4724,LGA,PWM
4049,DL 1080,DTW,LGA
4050,YX 5764,DFW,JFK
4054,WN 4624,LGA,DAL
4061,YX 4543,LGA,PIT
4064,OO 5237,LGA,ORD
4069,AA 2647,FLL,JFK
4070,YX 4799,CMH,LGA
4072,YX 5710,ORD,JFK
4074,YX 5827,SDF,LGA
4076,YX 3511,MSP,EWR
4079,YX 4798,LGA,STL
4086,YX 4747,LGA,IND
4093,DL 561,DFW,LGA
4096,UA 746,EWR,LAS
4101,B6 1875,JFK,MSY
4104,YX 4579,LGA,ILM
4105,UA 1991,TPA,EWR
4107,YX 3436,CLT,EWR
4115,DL 2180,LGA,FLL
4116,AA 1174,JFK,MIA
4119,YX 3423,EWR,CHS
4127,UA 793,EWR,MIA
4128,UA 676,EWR,DEN
4134,UA 285,EWR,FLL
4137,UA 2615,PBI,EWR
4138,9E 4715,LGA,PWM
4140,ZW 3798,IAD,LGA
4143,WN 24,LGA,MDW
4145,C5 4921,EWR,ROC
4146,DL 8799,MSP,JFK
4155,DL 1605,JFK,TPA
4157,9E 5183,BUF,JFK
4158,B6 1132,LGA,BOS
4161,DL 492,LGA,ATL
4165,UA 1242,LGA,IAD
4169,YX 3518,EWR,MYR
4175,UA 697,EWR,BOS
4176,OO 5594,ORD,LGA
4177,9E 4780,LGA,MKE
4182,UA 500,LAX,EWR
4183,B6 64,SEA,JFK
4184,OO 3115,ORD,EWR
4188,AA 1766,ORD,JFK
4193,YX 4658,LGA,BNA
4194,G7 4169,EWR,DCA
4198,DL 368,JFK,AUS
4200,YX 3614,EWR,MKE
4203,AS 14,JFK,SEA
4205,AA 2270,EWR,ORD
4214,OO 4446,EWR,DTW
4217,AA 2694,MIA,EWR
4227,9E 5532,LGA,CVG
4232,OO 3616,EWR,MSP
4234,YX 4789,XNA,LGA
4236,YX 5697,LGA,ORD
4241,9E 5217,RIC,LGA
4242,AA 1823,JFK,PHX
4243,YX 3513,GSP,EWR
4244,YX 5822,EWR,DTW
4245,AA 2133,BOS,LGA
4246,DL 1130,JFK,AUS
4248,YX 5781,JFK,PIT
4252,UA 2615,EWR,DEN
4255,G7 4439,EWR,GSO
4259,WN 2477,MCO,LGA
4260,YX 4692,JFK,DCA
4265,NK 1401,EWR,FLL
4267,9E 5119,EWR,MSP
4268,DL 725,EWR,ATL
4274,YX 5817,JFK,RDU
4276,DL 700,SEA,JFK
4280,YX 3465,EWR,BNA
4283,AA 1880,EWR,ORD
4285,UA 493,EWR,IAH
4286,YX 3460,EWR,BOS
4287,G7 4467,EWR,MHT
4295,YX 4707,LGA,RDU
4296,UA 2032,BOS,EWR
4299,UA 650,EWR,FLL
4300,G7 4444,IND,EWR
4302,9E 5064,BGR,JFK
4303,AA 2922,LGA,ORD
4304,YX 4540,LGA,IND
4307,WN 2383,ATL,LGA
4308,G7 4505,ROC,EWR
4309,YX 5624,RDU,JFK
4310,UA 1207,EWR,RDU
4312,UA 1991,LAX,EWR
4313,9E 5246,LGA,STL
4315,YX 5805,BOS,LGA
4322,DL 353,JFK,LAX
4328,UA 482,IAD,EWR
4330,9E 5203,MSP,JFK
4331,YV 6100,LGA,IAH
4334,YX 3488,EWR,PWM
4337,UA 2483,EWR,DTW
4343,YX 4609,ATL,LGA
4348,DL 526,ATL,JFK
4350,YX 3574,MKE,EWR
4351,YX 5736,BOS,JFK
4352,WN 1108,LGA,DAL
4361,AA 2310,LGA,MIA
4363,B6 1902,BQN,JFK
4365,AA 2111,LGA,BNA
4367,UA 291,EWR,IAD
4373,DL 736,ATL,EWR
4374,YX 4575,LGA,CLE
4379,G7 4468,MHT,EWR
4383,YX 4666,JFK,CLE
4386,YX 5003,LGA,CMH
4396,WN 5495,LGA,DEN
4398,UA 440,MCO,EWR
4400,UA 2038,PBI,EWR
4409,YX 4690,JFK,PIT
4414,YX 4785,LGA,CLE
4416,YX 5788,BOS,LGA
4419,YX 4969,LGA,STL
4420,UA 307,EWR,CLE
4425,AA 360,LGA,ORD
4429,UA 1499,EWR,LAX
4430,YX 3660,PVD,EWR
4431,YX 5783,MSN,LGA
4433,AA 541,LGA,DFW
4435,DL 2366,ATL,EWR
4436,WN 4459,LGA,ATL
4438,UA 2464,LGA,DEN
4440,G7 4520,EWR,BTV
4442,YX 5636,CLE,LGA
4446,YX 4664,ORD,LGA
4449,G7 4593,EWR,STL
4453,YX 4663,LGA,ORD
4454,YX 3409,EWR,ATL
4458,9E 5020,CLE,LGA
4459,9E 5434,CAE,LGA
4461,9E 4632,LGA,RDU
4463,WN 3325,LGA,MDW
4465,9E 5091,LGA,PWM
4466,AA 351,LGA,DCA
4467,9E 4857,DTW,EWR
4470,G7 4511,STL,EWR
4472,DL 1314,SRQ,LGA
4474,YX 4670,LGA,ORD
4475,YX 5751,LGA,CLT
4479,G7 4488,LGA,IAD
4480,YX 4733,LGA,PIT
4481,UA 2138,RDU,EWR
4483,UA 568,EWR,RSW
4484,YX 5825,LGA,PIT
4486,YX 3584,EWR,IND
4487,YX 3699,IAD,LGA
4488,YX 3401,AUS,EWR
4490,G7 4485,PWM,EWR
4493,G7 4436,CVG,EWR
4496,UA 1279,SFO,EWR
4500,YX 4670,RDU,JFK
4502,UA 299,EWR,MCO
4505,UA 1263,EWR,LAS
4507,WN 2050,LGA,BNA
4508,YX 4855,ILM,LGA
4510,YX 4803,LGA,CVG
4511,YX 4936,LGA,BNA
4513,UA 1931,LGA,FLL
4515,YX 4578,ORD,LGA
4516,B6 531,EWR,SEA
4522,9E 4920,RDU,JFK
4523,G7 4430,EWR,DTW
4527,YX 5829,JFK,PIT
4528,AA 1210,EWR,ORD
4533,UA 392,PBI,EWR
4534,B6 843,LGA,CHS
4535,DL 1395,SRQ,LGA
4538,YX 5834,LGA,CMH
4542,G7 4414,EWR,RIC
4547,UA 1863,EWR,DFW
4550,NK 1487,LGA,FLL
4552,AA 224,LGA,DFW
4555,9E 5475,CHS,LGA
4557,AA 1458,MIA,LGA
4560,UA 1529,PBI,EWR
4562,9E 4980,MSP,JFK
4569,DL 1261,EWR,DTW
4574,UA 2311,PBI,EWR
4579,DL 2454,MCO,LGA
4583,WN 4888,LGA,MCO
4585,DL 2615,EWR,DTW
4586,G7 4495,PIT,EWR
4587,9E 5118,GSO,LGA
4589,YX 5738,DCA,LGA
4592,UA 1604,EWR,SAN
4593,YX 5658,LGA,HHH
4595,DL 569,MCO,JFK
4600,9E 5506,JFK,CLT
4606,9E 4767,BGR,LGA
4607,9E 4933,LGA,BUF
4615,YX 3519,EWR,MSY
4619,UA 1134,SEA,EWR
4620,DL 2982,ATL,EWR
4622,UA 1149,SFO,EWR
4624,YX 5845,IND,LGA
4625,9E 4797,TVC,LGA
4626,C5 4845,EWR,AVL
4627,AA 652,LGA,DFW
4630,DL 1316,JFK,LAS
4631,YX 3507,EWR,TPA
4633,YX 4901,LGA,BNA
4636,YX 4797,IND,LGA
4637,UA 1082,RSW,EWR
4638,AA 2296,JFK,FLL
4646,DL 442,JFK,SFO
4649,9E 4989,LGA,RIC
4658,9E 4809,SYR,JFK
4659,DL 655,JFK,AUS
4661,YX 4777,RDU,LGA
4668,YX 4668,PHL,JFK
4669,DL 2699,EWR,MSP
4671,9E 4628,XNA,LGA
4672,WN 2252,LGA,BNA
4673,YX 3543,EWR,XNA
4674,YV 6269,IAH,LGA
4676,AA 429,JFK,SNA
4679,YX 5768,IND,LGA
4684,9E 4693,RDU,JFK
4687,WN 1264,DEN,LGA
4688,UA 1269,TPA,EWR
4689,UA 2631,LGA,IAH
4695,OO 5224,LGA,ORD
4696,G7 4508,STL,EWR
4701,UA 2674,EWR,LAX
4707,DL 2978,BOS,JFK
4708,9E 4997,JFK,CLE
4710,YX 5807,BOS,LGA
4715,YV 6242,IAD,LGA
4718,UA 1714,TPA,EWR
4720,UA 438,ATL,EWR
4721,G7 4556,GSP,EWR
4727,WN 1890,LGA,BNA
4730,YX 5815,DCA,JFK
4733,9E 4766,LGA,STL
4734,YX 5755,SRQ,LGA
4737,G7 4591,EWR,DCA
4744,AA 818,MIA,JFK
4745,YX 3513,EWR,CMH
4750,WN 3793,BWI,LGA
4752,WN 1166,LGA,ATL
4754,DL 559,TPA,JFK
4757,WN 4401,LGA,HOU
4758,G7 4600,EWR,RIC
4760,DL 1511,JFK,SLC
4761,YX 5803,LGA,IND
4769,YX 4662,LGA,ORD
4775,YX 3687,MYR,EWR
4777,UA 2072,FLL,EWR
4779,UA 355,MIA,EWR
4786,YX 5614,ORD,JFK
4792,UA 2264,EWR,IAH
4795,YX 5720,MCI,LGA
4796,YX 5784,PIT,LGA
4799,G7 4399,EWR,CVG
4800,AA 1174,EWR,MIA
4804,YX 4788,LGA,MSP
4809,G7 4385,CLE,EWR
4811,DL 517,ATL,JFK
4812,DL 659,JFK,AUS
4814,UA 2052,SNA,EWR
4816,DL 2564,ATL,EWR
4817,YX 5776,DCA,JFK
4821,G7 4452,EWR,PIT
4827,B6 602,FLL,JFK
4833,DL 2151,ATL,EWR
4834,UA 1280,EWR,PDX
4837,YV 6248,LGA,IAD
4839,YX 3701,EWR,MSP
4843,AS 406,LAX,JFK
4849,AA 947,DCA,LGA
4854,AA 410,EWR,MIA
4860,UA 1892,EWR,SFO
4862,9E 5377,LGA,CLE
4863,WN 2220,ATL,LGA
4867,YX 4513,CLE,LGA
4871,G7 4588,RIC,EWR
4872,UA 271,AUS,EWR
4875,UA 1422,MCO,EWR
4876,9E 5153,SAV,JFK
4879,B6 503,JFK,SJU
4885,AA 2916,DFW,LGA
4893,G7 4438,DCA,EWR
4895,WN 1224,LGA,MDW
4897,DL 1310,DTW,EWR
4898,YX 3652,RDU,EWR
4899,UA 248,AUS,EWR
4901,YX 5747,JFK,JAX
4902,YX 3479,LGA,ORD
4903,WN 1775,MDW,LGA
4915,OO 4031,EWR,DTW
4917,YX 3710,EWR,JAX
4919,YX 3471,CHS,EWR
4931,B6 1819,JFK,ATL
4932,AA 402,JFK,MIA
4936,AA 318,DCA,LGA
4939,UA 1253,SFO,EWR
4944,DL 2551,PHX,JFK
4951,UA 1769,MSY,EWR
4953,UA 1166,ORD,EWR
4957,B6 2742,BOI,JFK
4960,UA 363,ORD,LGA
4963,UA 2119,EWR,LAX
4965,B6 1994,MIA,EWR
4968,9E 4901,RDU,LGA
4969,AA 1555,LGA,CLT
4970,9E 4957,LGA,STL
4973,AA 547,LGA,DFW
4976,AA 1063,LGA,DCA
4978,9E 5394,BNA,LGA
4985,YX 4887,ATL,LGA
4986,YX 5644,JFK,BGR
4987,YX 4781,DCA,JFK
4988,9E 5060,LGA,ORF
4992,WN 1037,LGA,ATL
4993,9E 4641,BGR,LGA
5003,YX 5812,DTW,EWR
5005,AA 2427,MIA,JFK
5007,UA 675,DFW,EWR
5008,UA 2345,SEA,EWR
5010,9E 5442,JFK,ORD
5012,WN 2531,SRQ,LGA
5013,UA 1191,LAX,EWR
5018,B6 2669,LGA,CHS
5023,G7 4537,BTV,EWR
5026,AA 1717,STT,JFK
5028,YX 5853,MSY,LGA
5030,UA 356,EWR,DEN
5032,AA 1548,JFK,FLL
5039,DL 699,JFK,SAN
5044,9E 4883,STL,LGA
5046,9E 4852,LGA,RDU
5054,OO 3509,MSP,EWR
5056,AA 1184,MIA,JFK
5060,9E 4902,RDU,LGA
5062,9E 5013,BNA,JFK
5063,B6 2273,EWR,TPA
5066,DL 2994,JFK,PBI
5067,YX 4505,BWI,JFK
5070,B6 341,JFK,SAV
5071,B6 1271,ORH,JFK
5083,UA 1460,ORD,EWR
5084,B6 2718,JFK,BOS
5088,9E 4951,CLT,JFK
5089,DL 1057,DEN,LGA
5104,DL 473,LGA,TPA
5108,YX 3706,EWR,SDF
5109,AA 824,CLT,EWR
5113,UA 2144,PHX,EWR
5115,WN 2045,MDW,LGA
5119,AA 311,JFK,CLT
5122,UA 2613,EWR,MCO
5127,NK 1324,EWR,MCO
5130,DL 1655,PDX,JFK
5131,AA 426,LGA,ORD
5133,UA 723,LGA,IAH
5134,UA 2069,PBI,EWR
5139,WN 1368,LGA,HOU
5148,YX 3427,JAX,EWR
5163,B6 2894,MIA,EWR
5165,DL 2826,ATL,EWR
5167,G7 4430,DCA,EWR
5168,DL 1322,LAS,JFK
5175,UA 684,EWR,MCO
5179,DL 1486,JFK,BOS
5181,YX 4666,IND,LGA
5185,AA 2783,LGA,ORD
5186,9E 5065,RIC,LGA
5187,UA 1007,PBI,EWR
5188,YX 4651,ORD,LGA
5191,UA 592,EWR,DFW
5194,C5 4900,EWR,BUF
5195,WN 1530,LGA,MCO
5197,B6 2339,LGA,JAX
5204,UA 2010,DEN,LGA
5205,YX 4760,LGA,STL
5207,WN 484,LGA,DEN
5212,B6 1001,JFK,MCO
5216,DL 2817,TPA,LGA
5220,B6 2810,TPA,LGA
5221,UA 2672,EWR,MIA
5223,DL 374,SEA,JFK
5224,G7 4182,IND,EWR
5226,YX 3457,PWM,EWR
5228,YX 3666,SAV,EWR
5233,WN 4609,LGA,MDW
5234,WN 1617,LGA,DAL
5235,C5 4315,EWR,AVL
5242,YX 5840,LGA,IND
5246,G7 4385,CLT,EWR
5249,UA 434,FLL,EWR
5253,OO 5550,LGA,ORD
5254,YX 5619,LGA,ORD
5255,YX 3704,EWR,CMH
5258,WN 903,DEN,LGA
5259,YX 5593,JFK,MSY
5260,UA 2652,EWR,LAX
5262,UA 780,LGA,FLL
5265,AA 1860,MIA,JFK
5267,UA 395,EWR,ORD
5268,YX 5693,LGA,DCA
5269,9E 4831,RIC,LGA
5271,NK 1486,FLL,LGA
5276,WN 3808,LGA,DAL
5277,UA 382,EWR,IAH
5278,9E 4950,LGA,CLE
5281,UA 1953,EWR,BOS
5282,YX 5838,JFK,JAX
5284,9E 5455,ROC,LGA
5287,C5 4816,PWM,EWR
5288,YX 4516,BNA,JFK
5291,YX 3514,EWR,MSP
5296,ZW 3900,LGA,IAD
5297,9E 5306,BHM,LGA
5303,9E 4956,RIC,LGA
5304,9E 4886,CHS,LGA
5310,YX 5657,AVL,LGA
5311,C5 4824,EWR,MYR
5314,G7 4483,EWR,PWM
5324,YX 4835,CLE,LGA
5328,NK 903,IAH,EWR
5329,YX 3449,DTW,EWR
5330,AA 1769,ORD,LGA
5331,UA 1890,EWR,PHX
5341,YX 3437,CLT,EWR
5343,YX 4988,LGA,ROA
5344,UA 1670,AUS,EWR
5346,WN 5863,LGA,DAL
5350,UA 1108,EWR,SFO
5355,G7 4449,RIC,EWR
5359,G7 4481,EWR,ACK
5360,WN 3956,DEN,LGA
5362,YX 5838,JAX,JFK
5364,YV 6149,IAH,LGA
5366,WN 937,MSY,LGA
5367,YX 3416,EWR,CHS
5368,YX 4911,LGA,DTW
5370,B6 126,TPA,JFK
5371,YX 5616,JFK,RDU
5374,WN 1084,LGA,STL
5376,YX 5806,DCA,LGA
5383,UA 238,BOS,EWR
5385,YX 3489,EWR,PVD
5388,9E 5052,CHO,LGA
5392,YX 3454,CHS,EWR
5393,YX 5832,MVY,JFK
5398,9E 5005,RDU,LGA
5400,YX 4574,LGA,GSO
5401,9E 4660,JFK,RDU
5403,YX 5647,RDU,JFK
5419,9E 4726,ROC,JFK
5426,9E 5313,MKE,LGA
5427,UA 299,EWR,IAH
5430,B6 2029,JFK,RSW
5433,UA 1183,FLL,EWR
5435,AA 2917,PHX,EWR
5436,YX 4839,XNA,LGA
5437,AA 2130,BOS,LGA
5441,B6 1119,JFK,ATL
5448,UA 251,EWR,PBI
5450,UA 1590,EWR,IAH
5452,YX 3535,XNA,EWR
5456,YX 3556,PIT,EWR
5467,YX 4717,ILM,LGA
5471,G7 4398,EWR,PIT
5473,AA 1647,LGA,ORD
5480,G7 4176,EWR,ROC
5482,DL 2129,MIA,JFK
5483,9E 5335,ORF,LGA
5488,DL 2137,MSP,EWR
5491,YX 5611,LGA,ORD
5492,DL 2689,LGA,IAH
5496,DL 954,LGA,DEN
5500,UA 2266,EWR,MCO
5504,9E 5392,JFK,BUF
5506,UA 635,EWR,MSY
5508,DL 1391,DTW,EWR
5511,9E 5513,RIC,LGA
5513,9E 4858,DTW,EWR
5517,DL 2409,LGA,PBI
5518,UA 2672,ORD,LGA
5519,G7 4501,GRR,EWR
5521,DL 900,MSP,LGA
5522,G7 4429,PQI,EWR
5523,B6 1605,EWR,FLL
5530,YX 3567,SAV,EWR
5535,UA 348,EWR,MCO
5538,YX 5641,BOS,LGA
5539,UA 297,EWR,LAS
5540,9E 5290,LGA,CHO
5547,9E 5014,LGA,BHM
5549,UA 2425,EWR,MCO
5550,9E 4983,BUF,JFK
5554,9E 4646,LGA,STL
5555,YX 5735,LGA,SRQ
5557,UA 1778,EWR,MIA
5561,DL 514,DFW,LGA
5562,UA 348,MCO,EWR
5569,YX 4699,LGA,CMH
5573,9E 5432,DTW,EWR
5575,DL 322,LGA,ATL
5578,DL 2838,RSW,LGA
5579,YX 3495,EWR,PVD
5580,DL 2957,JFK,MSY
5582,DL 687,LGA,MSP
5585,DL 863,JFK,ATL
5586,YX 3702,PIT,EWR
5587,YX 5672,LGA,BNA
5589,YX 5630,LGA,DCA
5591,UA 2223,IAD,EWR
5592,YX 3544,EWR,RDU
5593,DL 338,JFK,SAN
5596,UA 1924,EWR,TPA
5600,UA 2059,EWR,DFW
5602,WN 1669,TPA,LGA
5608,WN 19,LGA,ATL
5611,AA 21,JFK,LAX
5617,YV 6073,LGA,IAH
5625,YX 5782,LGA,DCA
5627,DL 1557,EWR,ATL
5628,YX 4945,CLE,LGA
5630,YX 5625,STL,LGA
5631,YX 5703,LGA,BUF
5634,B6 2864,SRQ,JFK
5635,YX 3459,EWR,CLE
5642,YX 3470,EWR,BUF
5648,NK 3119,MIA,EWR
5670,UA 1696,EWR,SAV
5671,9E 5033,LGA,ORF
5672,YX 5592,MCI,LGA
5675,YX 3617,EWR,SDF
5676,DL 2853,LGA,MCO
5684,YX 3417,EWR,SAV
5697,DL 2300,MCO,JFK
5700,WN 1339,HOU,LGA
5709,AA 707,ORD,LGA
5710,YX 4725,LGA,ORF
5711,9E 4856,LGA,RDU
5714,9E 4973,CVG,LGA
5715,B6 2030,RSW,JFK
5718,C5 4288,SYR,EWR
5720,G7 4441,GSO,EWR
5721,YV 6061,IAH,LGA
5725,UA 310,MCO,EWR
5736,UA 1841,EWR,SFO
5737,WN 4816,HOU,LGA
5747,B6 2156,DEN,LGA
5750,WN 3075,LGA,ATL
5752,DL 2441,ATL,EWR
5755,UA 426,EWR,PHX
5756,9E 4795,LGA,RIC
5758,G7 4186,DCA,EWR
5762,G7 4505,PIT,EWR
5764,NK 1639,TPA,LGA
5773,DL 651,JFK,SFO
5774,AA 1826,RDU,LGA
5777,G7 4547,CVG,EWR
5782,UA 279,EWR,SAN
5786,AA 2132,LGA,DCA
5792,G7 4619,EWR,PVD
5799,G7 4491,MYR,EWR
5801,UA 1807,ORD,LGA
5803,YX 4642,ATL,LGA
5804,AA 2088,RDU,LGA
5805,DL 2131,MCO,LGA
5806,UA 744,EWR,RSW
5810,WN 1575,ATL,LGA
5811,YV 6068,LGA,IAD
5816,YX 3473,EWR,GSO
5823,G7 4528,ROC,EWR
5826,UA 495,BOS,EWR
5829,WN 3229,MSY,LGA
5832,UA 664,ORD,EWR
5834,9E 5510,LGA,CVG
5835,WN 586,MDW,LGA
5847,WN 4357,ATL,LGA
5849,UA 1868,EWR,MIA
5853,WN 4934,MDW,LGA
5854,UA 776,CLE,EWR
5860,UA 1789,BOS,EWR
5867,9E 5164,GSO,LGA
5870,G7 4570,ROC,EWR
5871,YX 4666,ATL,LGA
5873,9E 4803,LGA,SYR
5875,DL 1402,JFK,SEA
5876,YX 4649,ORF,JFK
5877,9E 5296,JFK,CLT
5879,B6 931,BOS,LGA
5880,YX 4654,LGA,SDF
5881,DL 397,AUS,JFK
5891,DL 315,JFK,SLC
5893,YX 3445,IND,EWR
5898,WN 993,BNA,LGA
5899,YX 3594,CVG,EWR
5901,G7 4570,EWR,IND
5904,9E 5193,LGA,PWM
5909,YX 4673,SDF,LGA
5913,UA 224,ORD,EWR
5916,UA 1185,EWR,RSW
5919,DL 2379,SLC,JFK
5921,YX 3523,ORF,EWR
5926,YX 4704,RDU,JFK
5929,YX 4996,ORF,JFK
5935,9E 4758,JFK,DTW
5939,DL 2342,LGA,MIA
5947,9E 4640,LGA,MEM
5952,G7 4180,GSO,EWR
5958,NK 3170,LGA,MIA
5960,G7 4530,EWR,BUF
5967,9E 4851,BGR,JFK
5968,AA 1363,LGA,ORD
5972,UA 678,MCO,EWR
5974,YX 5742,JFK,BGR
5975,YX 5778,DCA,LGA
5977,YX 3675,ROC,EWR
5988,AS 427,JFK,SEA
5989,YX 4767,JFK,CMH
5990,AA 642,ORD,EWR
5992,UA 1760,EWR,PDX
5994,AA 359,LGA,ORD
6009,YX 4539,LGA,PWM
6013,G7 4522,CMH,EWR
6017,YX 3482,EWR,RAP
6020,YX 3547,EWR,PWM
6022,WN 1279,LGA,ATL
6033,9E 4993,BUF,LGA
6034,WN 244,DAL,LGA
6038,WN 4544,LGA,ATL
6040,YX 4767,LGA,ORD
6046,UA 679,IAH,EWR
6048,YX 4687,BWI,JFK
6051,YX 4603,LGA,PIT
6062,YX 3547,ORD,LGA
6064,UA 436,EWR,BNA
6068,YX 5727,CLT,LGA
6069,WN 1415,ATL,LGA
6070,UA 1891,EWR,DFW
6071,G7 4420,DTW,EWR
6079,9E 5402,LGA,PIT
6080,UA 438,TPA,EWR
6081,UA 515,JFK,LAX
6083,AA 1096,MIA,JFK
6084,YX 3467,EWR,BOS
6093,UA 1422,LGA,IAD
6095,UA 750,TPA,EWR
6096,YX 5697,STL,LGA
6102,YX 5694,CHS,JFK
6104,YX 5631,JFK,BNA
6105,YX 5746,CHS,LGA
6110,DL 1316,PBI,LGA
6115,G7 4565,EWR,CMH
6121,B6 372,FLL,LGA
6123,DL 2870,FLL,LGA
6124,YX 3507,GRR,EWR
6125,YX 3505,ATL,EWR
6127,DL 499,LGA,ORD
6131,DL 1337,JFK,TPA
6134,UA 1186,SAN,EWR
6135,G7 4541,CLT,EWR
6137,9E 5195,CLT,LGA
6139,WN 2474,ATL,LGA
6141,YX 3483,EWR,CLT
6144,YX 3713,IND,EWR
6146,9E 5204,STL,LGA
6150,DL 497,MIA,LGA
6169,AA 458,MIA,LGA
6181,DL 1341,LGA,PBI
6186,DL 1722,JFK,SFO
6188,9E 5134,LGA,MYR
6189,UA 1064,EWR,SAN
6191,UA 457,EWR,SLC
6193,B6 585,JFK,RDU
6194,YX 4509,EYW,LGA
6197,YX 4839,LGA,XNA
6199,AA 1467,JFK,DCA
6205,YX 3612,EWR,IND
6210,YX 3444,EWR,EYW
6218,G7 4599,EWR,BTV
6219,YX 5660,JFK,DCA
6223,UA 1891,EWR,LAX
6224,WN 2224,LGA,MDW
6225,YX 4581,MEM,LGA
6231,WN 6357,LGA,MDW
6238,YX 4799,LGA,XNA
6248,G4 1206,EWR,AVL
6254,YX 3458,EWR,CMH
6255,C5 4828,IAD,EWR
6263,NK 1482,EWR,LAS
6265,9E 4668,LGA,BNA
6268,UA 2614,LAX,EWR
6275,YV 6106,IAD,LGA
6279,UA 342,LGA,DEN
6280,YX 3696,DCA,EWR
6288,9E 4865,JFK,ROC
6294,9E 5449,JFK,BWI
6296,B6 2595,EWR,MIA
6299,9E 4800,LGA,CHS
6302,WN 6004,LGA,TPA
6304,YV 6111,IAH,LGA
6310,YX 4670,JFK,PHL
6314,YX 5665,LGA,CHS
6322,DL 500,ATL,LGA
6335,AA 2500,MIA,JFK
6339,YX 4766,LGA,CVG
6352,NK 1253,LAS,EWR
6354,9E 5029,LGA,ORF
6356,UA 685,LGA,IAH
6362,DL 958,DTW,LGA
6363,G7 4526,EWR,ROC
6366,YX 3628,RDU,EWR
6372,AA 1376,JAC,JFK
6374,AA 386,JFK,MIA
6380,AA 813,LGA,ORD
6381,YX 5735,SRQ,LGA
6384,UA 2327,IAH,EWR
6385,UA 621,EWR,LAX
6386,WN 2409,LGA,DAL
6387,AA 2850,LGA,FCA
6391,YX 3530,PWM,EWR
6395,9E 4771,LGA,MKE
6396,B6 1515,JFK,SFO
6407,YX 3615,ORD,LGA
6409,DL 493,SEA,JFK
6411,YX 5743,LGA,SDF
6420,9E 5181,PWM,LGA
6421,UA 2225,EWR,ATL
6422,WN 1422,LGA,DAL
6431,YX 3443,MYR,EWR
6434,AA 489,MIA,LGA
6436,DL 2412,SRQ,LGA
6437,UA 1076,EWR,LAX
6441,UA 1422,SLC,EWR
6445,G7 4427,EWR,CLT
6447,C5 4881,EWR,SAV
6452,AA 2129,LGA,BOS
6458,UA 749,EWR,SEA
6459,UA 1299,EWR,MTJ
6463,9E 4829,JFK,RDU
6464,UA 468,MCO,EWR
6465,WN 560,ATL,LGA
6468,UA 238,AUS,EWR
6472,UA 412,EWR,IAH
6473,YX 4673,CLE,JFK
6475,YX 3441,CLT,EWR
6478,UA 1738,EWR,SFO
6482,YX 4574,BOS,LGA
6483,DL 501,MIA,LGA
6485,YX 3564,PWM,EWR
6486,DL 2231,PBI,LGA
6493,YX 5623,CMH,LGA
6494,DL 735,LAX,JFK
6500,DL 888,DTW,LGA
6501,G7 4592,EWR,RIC
6507,YX 4526,JFK,ORF
6508,DL 563,JFK,LAX
6513,UA 472,MIA,EWR
6521,DL 1405,TPA,LGA
6522,AA 1959,LGA,MIA
6526,AS 714,SEA,EWR
6542,DL 2572,LGA,ORD
6544,YX 4568,LGA,CVG
6545,WN 590,LGA,MDW
6550,9E 4678,ROC,JFK
6553,G7 4455,MYR,EWR
6556,B6 2206,PDX,JFK
6557,UA 1714,FLL,EWR
6559,G7 4419,EWR,CMH
6564,UA 296,EWR,SFO
6565,UA 1284,RDU,EWR
6568,YX 3447,BTV,EWR
6571,WN 3572,MDW,LGA
6577,DL 1405,LGA,TPA
6582,UA 1450,EWR,DEN
6584,ZW 3805,LGA,IAD
6592,AA 1959,MIA,LGA
6595,WN 3458,ATL,LGA
6596,YX 4624,PIT,LGA
6597,G7 4503,CVG,EWR
6618,9E 4674,JFK,SAV
6622,YX 5832,MSY,JFK
6629,DL 2873,MCO,LGA
6633,YX 3628,ORF,EWR
6635,9E 5096,SAV,JFK
6641,YX 5792,CMH,JFK
6645,UA 1517,EWR,MIA
6653,AA 1039,LGA,ATL
6655,9E 5527,LGA,ROC
6668,B6 2429,EWR,RDU
6669,YX 5679,LGA,CLT
6672,YX 3475,EWR,PWM
6674,UA 1608,RSW,EWR
6677,UA 1506,EWR,SFO
6678,YX 5607,JFK,ORD
6683,9E 5389,BUF,LGA
6684,YX 5628,JFK,MSY
6690,9E 4640,LGA,BNA
6693,UA 2664,BUF,EWR
6700,DL 806,JFK,SJU
6701,UA 2035,AUS,EWR
6702,AA 1967,PHX,EWR
6707,WN 4277,MDW,LGA
6708,DL 487,SFO,JFK
6710,9E 4874,ACK,JFK
6717,AA 841,JFK,FLL
6720,UA 1508,EWR,TPA
6721,YX 5765,JAX,LGA
6722,UA 2036,SJU,EWR
6724,OO 4747,IAH,LGA
6732,G7 4578,EWR,ROC
6734,YX 3560,DCA,EWR
6740,AA 1282,EWR,PHX
6741,YX 4576,PHL,JFK
6742,DL 2904,LGA,MIA
6743,UA 1226,EWR,PBI
6745,YX 4501,MIA,LGA
6750,YX 4832,LGA,CLE
6753,UA 1237,LGA,IAH
6754,9E 4730,ROC,LGA
6755,AA 2710,DCA,JFK
6757,YX 4746,LGA,CLE
6765,DL 970,JFK,DEN
6776,WN 401,LGA,MDW
6778,9E 5093,CVG,LGA
6780,UA 2219,SJU,EWR
6782,YX 3443,EWR,MSY
6785,DL 1272,JFK,FLL
6786,AA 1325,BOS,JFK
6789,9E 5434,PIT,LGA
6793,YX 3480,EWR,IND
6797,B6 809,JFK,DFW
6799,YX 5620,MSN,LGA
6801,DL 2999,RSW,LGA
6803,9E 5221,RDU,LGA
6809,YX 3586,EWR,GSO
6810,YX 3550,MEM,EWR
6816,WN 3895,LGA,BWI
6819,YX 4586,LGA,CVG
6822,YX 5608,JFK,CHS
6823,WN 1098,LGA,DEN
6827,YX 4513,LGA,MSP
6830,UA 1940,EWR,MIA
6834,NK 853,LGA,DTW
6835,DL 419,IAH,LGA
6841,UA 425,SFO,EWR
6843,YX 3403,BGR,EWR
6856,YX 3607,EWR,STL
6858,9E 4866,LGA,STL
6869,UA 2110,EWR,CMH
6870,YX 3715,EWR,PIT
6871,NK 123,LGA,SJU
6880,9E 4761,PWM,LGA
6882,YX 5755,CMH,LGA
6888,B6 342,SAV,JFK
6889,G7 4398,PVD,EWR
6890,DL 1598,RSW,JFK
6892,YX 5700,JFK,BOS
6893,DL 2991,JFK,FLL
6897,9E 5009,LGA,ORF
6900,UA 1900,SFO,EWR
6901,UA 1144,EWR,SEA
6907,9E 5359,LGA,SYR
6911,YX 5780,CMH,LGA
6914,YX 4665,LGA,IND
6915,9E 5446,JFK,SYR
6916,YX 5816,CHS,JFK
6925,G7 4605,EWR,STL
6928,YX 3462,EWR,RAP
6929,9E 5356,BTV,LGA
6931,WN 3973,LGA,ATL
6932,UA 1860,EWR,IAH
6936,UA 236,ATL,EWR
6937,9E 5077,CVG,LGA
6942,YX 3684,IAD,EWR
6949,DL 1722,MIA,LGA
6951,9E 5095,PWM,JFK
6963,YX 4891,LGA,IND
6964,YX 5849,DCA,LGA
6972,9E 5187,CLT,JFK
6975,G7 4401,EWR,PVD
6977,DL 481,LGA,TPA
6978,9E 4795,JFK,BUF
6986,UA 2024,TPA,EWR
6987,DL 2232,LGA,ATL
7004,DL 529,LGA,ATL
7005,WN 3799,MDW,LGA
7007,YX 3431,CLE,EWR
7008,DL 1427,JFK,PDX
7009,DL 1684,DTW,EWR
7010,UA 1496,PDX,EWR
7011,DL 1087,JFK,LAX
7012,B6 2274,TPA,EWR
7018,UA 421,EWR,PHX
7022,YX 4788,LGA,BNA
7029,OO 5225,LGA,IAH
7030,YX 3619,EWR,IND
7031,YX 3449,STL,EWR
7039,9E 4837,PIT,JFK
7046,YX 5617,LGA,ORD
7049,F9 2134,DFW,EWR
7053,DL 2496,LGA,FLL
7055,AA 318,MIA,EWR
7057,AA 346,JFK,CLT
7063,AA 1508,DFW,LGA
7065,DL 462,LAS,JFK
7074,YX 4586,ORF,LGA
7075,G4 1367,EWR,CVG
7078,DL 512,LGA,ORD
7081,NK 1677,LGA,DTW
7082,YX 5783,LGA,PIT
7083,9E 5339,ORD,JFK
7090,B6 618,MSP,JFK
7092,YX 5684,LGA,DCA
7096,YX 4945,LGA,CLE
7098,B6 843,EWR,PBI
7099,9E 5021,CVG,EWR
7101,AA 1184,JFK,MIA
7105,YX 5638,LGA,MCI
7106,YX 4609,LGA,ATL
7110,9E 4981,JFK,SYR
7112,DL 1650,DFW,JFK
7131,9E 5486,RDU,LGA
7141,UA 1711,EWR,AUS
7148,YX 4714,STL,LGA
7150,YX 5777,JAX,JFK
7153,G7 4617,SYR,EWR
7160,YX 4768,LGA,CLE
7162,9E 5375,JFK,RDU
7168,DL 2550,ORD,LGA
7169,DL 2557,FLL,LGA
7171,DL 490,LGA,PBI
7178,9E 5442,IND,JFK
7180,YX 3494,PVD,EWR
7188,YX 4792,LGA,CLT
7189,YX 5009,LGA,SAV
7190,UA 1968,SLC,EWR
7191,DL 433,LGA,MSP
7194,UA 2112,JAX,EWR
7195,G7 4397,BGR,EWR
7199,9E 5342,SAV,JFK
7200,DL 494,ATL,LGA
7202,9E 5049,RDU,JFK
7205,DL 2074,LGA,MIA
7210,AA 2407,BNA,LGA
7216,9E 4988,LGA,STL
7223,DL 1685,JFK,ATL
7246,WN 873,LGA,DEN
7248,9E 4929,EWR,DTW
7249,9E 5512,LGA,ORH
7262,DL 1201,JFK,DFW
7266,9E 5151,SYR,LGA
7275,UA 1935,EWR,FLL
7279,G4 1908,EWR,VPS
7283,AS 353,JFK,SFO
7289,WN 2552,BNA,LGA
7291,UA 789,TPA,EWR
7293,YX 3644,CMH,EWR
7299,G7 4593,ROC,EWR
7307,YX 5847,JFK,BOS
7309,DL 1642,JAX,JFK
7314,UA 677,EWR,FLL
7315,UA 436,EWR,MCO
7326,UA 380,EWR,SLC
7331,G7 4437,EWR,GRR
7333,UA 1572,DEN,EWR
7340,AA 408,ORD,LGA
7360,YX 5791,DCA,LGA
7361,UA 1600,EWR,DEN
7366,AA 2292,AUS,JFK
7372,YX 5631,JFK,BUF
7377,9E 4981,SYR,JFK
7386,YX 4535,OKC,LGA
7388,UA 2057,JAC,EWR
7394,YX 4654,LGA,ATL
7400,B6 171,LGA,FLL
7402,UA 1524,IAH,EWR
7404,UA 276,SRQ,EWR
7411,DL 349,LGA,ATL
7413,G7 4404,ALB,EWR
7415,AS 393,JFK,SEA
7418,B6 2747,LGA,SAV
7424,YX 5804,CMH,LGA
7427,DL 2966,JFK,MSY
7434,YX 5594,LGA,CLT
7436,NK 1356,BOS,EWR
7443,UA 271,DEN,LGA
7444,OO 4450,DTW,EWR
7460,YX 3700,GSP,EWR
7468,9E 5525,CVG,EWR
7470,AA 462,DFW,EWR
7475,9E 5122,PIT,LGA
7483,DL 669,JFK,SJU
7488,YX 5747,JAX,JFK
7491,G7 4546,CMH,EWR
7494,UA 438,LGA,DEN
7499,UA 1649,TPA,EWR
7503,YX 5630,ORD,LGA
7505,DL 1104,LGA,IAH
7516,WN 1094,LGA,BNA
7522,G7 4595,EWR,BUF
7524,B6 2428,RDU,EWR
7527,9E 4885,STL,LGA
7531,UA 1479,EWR,RSW
7536,9E 4881,LGA,SYR
7544,WN 5040,LGA,DEN
7545,YX 5712,LGA,CLT
7553,UA 1410,MIA,EWR
7556,UA 1905,SLC,EWR
7559,YX 3465,EWR,DCA
7562,YX 4580,LGA,IND
7566,YX 5823,CLT,JFK
7570,DL 1379,LGA,ORD
7574,AA 570,CLT,LGA
7576,AA 1592,MIA,JFK
7577,WN 629,ATL,LGA
7583,YX 4963,ORD,LGA
7584,9E 4974,CLE,LGA
7596,YX 4801,LGA,RDU
7609,YX 3592,DCA,EWR
7610,YX 3657,CVG,EWR
7617,YX 3512,MSP,EWR
7618,YX 5634,JAX,LGA
7625,YX 3464,CMH,EWR
7628,WN 277,LGA,STL
7635,ZW 3839,IAD,LGA
7645,G7 4393,CMH,EWR
7647,WN 1390,LGA,ATL
7652,DL 1170,JFK,DEN
7654,DL 556,LAS,JFK
7657,DL 1503,MCO,LGA
7661,AA 1664,MIA,LGA
7662,UA 1966,MSY,EWR
7663,AA 1463,LGA,CLT
7675,YX 4793,LGA,IND
7678,DL 1387,JFK,ATL
7680,UA 533,TPA,EWR
7686,DL 2519,MCO,JFK
7687,9E 5523,CMH,JFK
7689,YX 5836,LGA,BOS
7696,DL 1227,IAH,LGA
7698,YX 5735,LGA,DCA
7710,YX 5828,LGA,PNS
7712,YX 5648,PWM,LGA
7715,YX 5843,LGA,CHS
7719,9E 5494,JFK,RIC
7727,G7 4518,PIT,EWR
7729,YX 4724,ATL,LGA
7733,YX 4938,LGA,DTW
7734,UA 418,TPA,EWR
7738,YX 3587,MEM,EWR
7745,YX 3635,EWR,GSP
7747,YX 4671,JFK,RIC
7752,AA 1640,DFW,JFK
7755,9E 5062,SYR,JFK
7757,YX 5857,PIT,LGA
7759,WN 62,LGA,SRQ
7772,UA 583,RSW,EWR
7773,AA 978,JFK,MIA
7775,B6 2288,EWR,ACK
7776,WN 3167,MDW,LGA
7777,9E 4691,LGA,PWM
7781,UA 1001,IAH,EWR
7782,UA 476,MCO,EWR
7786,YX 3473,EWR,ATL
7789,YX 5732,LGA,IND
7790,9E 5107,JFK,RIC
7793,YX 4518,JFK,BNA
7799,UA 392,RSW,EWR
7801,WN 3034,STL,LGA
7802,UA 2251,SLC,EWR
7805,YX 5688,CHS,JFK
7806,9E 5393,LGA,CLE
7807,YX 4903,PIT,JFK
7814,G7 4392,EWR,DTW
7816,UA 1011,IAH,LGA
7818,AS 1472,JFK,SEA
7822,AA 1587,PHX,JFK
7824,YV 6233,IAH,LGA
7829,UA 2072,CHS,EWR
7831,DL 1491,LGA,DTW
7832,9E 4690,ROC,LGA
7834,AA 2434,JFK,PHX
7835,G7 4458,DCA,EWR
7837,OO 3636,EWR,MSP
7844,9E 4685,JFK,RDU
7846,C5 4877,EWR,BUF
7847,AA 976,SNA,JFK
7850,UA 2185,EWR,CLE
7859,DL 2871,MIA,JFK
7861,DL 1549,LGA,PBI
7869,UA 265,EWR,MIA
7875,B6 1031,BOS,LGA
7876,AA 1200,MIA,JFK
7884,G7 4602,EWR,STL
7885,AA 676,JFK,SNA
7888,G7 4526,PVD,EWR
7893,DL 1095,JFK,SFO
7895,YX 5858,CLT,JFK
7901,DL 406,AUS,JFK
7903,YX 4678,JFK,CLE
7907,AA 2172,DCA,LGA
7914,G7 4405,EWR,CMH
7915,WN 4107,DEN,LGA
7919,DL 1716,SEA,JFK
7928,DL 2978,LGA,BNA
7929,YX 5725,RIC,JFK
7938,YX 3547,GSP,EWR
7941,YX 4555,LGA,ORF
7947,YX 4588,AVL,LGA
7954,YX 3717,EWR,BNA
7956,WN 491,STL,LGA
7957,YX 3483,EWR,DCA
7959,9E 5113,JFK,RDU
7961,AA 493,JFK,CLT
7963,YX 5632,LGA,IND
7964,YX 4862,JFK,PIT
7968,UA 2164,EWR,RSW
7988,YX 3436,EWR,DFW
7989,DL 1409,AUS,JFK
7991,UA 1113,EWR,IAH
7993,9E 4781,LGA,ORF
7996,YX 5613,JFK,ORD
8003,YX 3549,CHS,EWR
8006,9E 4653,IND,JFK
8023,WN 939,LGA,ATL
8030,YX 4951,ORD,LGA
8032,YX 4662,ORD,LGA
8034,YX 3413,EWR,DTW
8036,YX 5679,CLT,LGA
8039,AA 2661,LGA,ORD
8045,DL 765,LGA,DTW
8050,G4 416,TYS,EWR
8053,9E 4685,JFK,CVG
8054,DL 2506,MSP,EWR
8056,UA 2017,TPA,EWR
8057,AA 2731,JFK,CLT
8065,YX 5606,LGA,STL
8075,B6 1854,PBI,JFK
8081,9E 5355,LGA,RDU
8086,9E 5500,ORD,JFK
8088,9E 4809,EWR,DTW
8090,UA 1265,MCO,EWR
8095,DL 1519,LGA,MCO
8098,OO 3866,EWR,DTW
8099,AA 2179,EWR,ORD
8100,YX 4817,IND,LGA
8113,G7 4194,EWR,BTV
8114,YX 3513,EWR,ORF
8119,9E 5259,LGA,MEM
8127,9E 5436,JFK,ORD
8132,C5 4974,EWR,MYR
8133,YX 4813,BOS,LGA
8142,9E 5328,LGA,BGR
8143,YX 5730,LGA,BOS
8148,G7 4535,DTW,EWR
8150,NK 1399,EWR,MCO
8154,DL 1405,LGA,MCO
8156,OO 3727,EWR,MSP
8157,YX 4987,RDU,LGA
8158,UA 1906,EWR,BOS
8160,UA 1920,PHX,EWR
8162,UA 702,LGA,ORD
8166,YX 4793,BOS,LGA
8171,YX 4687,JFK,BWI
8177,DL 1851,SJU,JFK
8189,G7 4576,ACK,EWR
8190,9E 5090,JFK,IND
8195,UA 2603,SFO,EWR
8200,UA 1618,EWR,DTW
8203,AS 374,SFO,EWR
8205,UA 1104,EWR,DFW
8207,YX 3477,EWR,SRQ
8208,9E 4778,JFK,IAD
8210,DL 1146,MCO,JFK
8214,DL 461,DFW,LGA
8217,DL 1393,DTW,LGA
8223,YX 5782,LGA,ROC
8227,YX 5823,BNA,LGA
8232,YX 5775,SDF,LGA
8246,DL 1048,ATL,LGA
8255,9E 5207,JFK,ORF
8256,YX 4558,RDU,JFK
8257,YX 5718,BOS,LGA
8258,UA 308,BZN,EWR
8260,DL 802,LGA,MSP
8262,9E 4776,MYR,LGA
8263,AA 1998,JAC,JFK
8267,UA 230,DEN,EWR
8268,G7 4515,BUF,EWR
8269,UA 2035,EWR,FLL
8276,UA 723,EWR,MSP
8279,WN 32,DEN,LGA
8281,UA 1167,FLL,EWR
8282,DL 1282,MIA,LGA
8286,AA 594,JFK,SNA
8293,YV 6105,LGA,IAH
8294,UA 753,EWR,RSW
8298,DL 488,LGA,TPA
8300,G7 4570,SYR,EWR
8306,WN 615,LGA,BNA
8312,DL 430,JFK,LAS
8314,YX 5608,CHS,JFK
8320,B6 1216,TPA,LGA
8324,WN 940,LGA,MSY
8326,YX 4848,CVG,JFK
8328,YX 4832,CLE,LGA
8333,WN 6296,LGA,STL
8344,NK 576,LGA,FLL
8348,UA 1199,RSW,EWR
8350,DL 409,ORD,LGA
8353,G7 4382,BGR,EWR
8354,G7 4599,CMH,EWR
8356,YX 5748,DCA,LGA
8357,OO 5538,LGA,ORD
8358,YX 5003,CMH,LGA
8367,DL 2398,MCO,LGA
8371,UA 297,EWR,SFO
8372,UA 298,AUS,EWR
8374,YX 3577,EWR,CMH
8379,AA 2190,LGA,DFW
8387,G7 4398,CLT,EWR
8391,9E 5271,LGA,MKE
8393,UA 2629,LGA,IAH
8394,9E 5424,CLE,JFK
8395,DL 667,DFW,LGA
8399,UA 1663,EWR,BOS
8400,UA 1827,EWR,SLC
8407,OO 5278,ORD,LGA
8419,UA 1257,EWR,RDU
8420,YX 4628,JFK,RDU
8424,AA 1655,LGA,MIA
8426,YX 3483,EWR,SYR
8431,UA 701,LGA,DEN
8432,9E 4642,LGA,BNA
8433,9E 5234,LGA,STL
8434,YX 3565,EWR,BNA
8437,YX 3446,EWR,ATL
8438,G7 4610,ROC,EWR
8445,9E 4675,BOS,JFK
8446,G7 4538,PWM,EWR
8454,YX 3431,EWR,MSY
8459,WN 985,LGA,BNA
8473,DL 564,MCO,JFK
8479,YX 3593,SAV,EWR
8481,AA 1414,MIA,LGA
8482,9E 5358,MKE,LGA
8486,YX 5850,EWR,DTW
8502,B6 2179,BOS,EWR
8503,YX 4681,JFK,BWI
8505,YX 5607,ORD,JFK
8510,YX 5660,SYR,JFK
8512,YX 4602,JFK,DCA
8513,YX 5628,LGA,ORD
8515,YX 5817,LGA,CLT
8522,YX 5778,LGA,CHS
8524,YX 5784,JFK,MSY
8527,DL 901,MSP,LGA
8535,YX 4530,JFK,PIT
8542,G7 4544,ORF,EWR
8545,9E 4736,CHS,JFK
8546,AA 1104,LGA,STL
8548,YX 5748,JFK,RDU
8550,UA 2476,TPA,EWR
8564,WN 6003,TPA,LGA
8571,9E 5201,PIT,LGA
8581,G7 4560,ACK,EWR
8582,9E 4871,LGA,ORF
8586,DL 2954,ATL,EWR
8588,DL 650,ATL,JFK
8591,9E 5446,CLE,LGA
8593,YX 4545,RDU,LGA
8597,YX 4601,LGA,PIT
8599,UA 795,EWR,TPA
8616,WN 1281,BNA,LGA
8624,YV 6105,IAH,LGA
8628,G7 4601,PVD,EWR
8632,YX 3702,EWR,SDF
8634,G7 4458,EWR,PIT
8646,YX 4618,LGA,HHH
8667,G7 4587,EWR,DTW
8670,YV 6241,IAD,LGA
8676,DL 561,MSP,JFK
8686,B6 46,LGA,TPA
8689,DL 1181,TPA,JFK
8693,YX 3697,MSP,EWR
8694,WN 3926,MDW,LGA
8699,B6 2174,CHS,JFK
8709,B6 356,LAS,EWR
8716,YX 3509,EWR,SAV
8718,YX 4855,LGA,ILM
8721,9E 5435,LGA,RDU
8723,UA 2640,EWR,RDU
8724,UA 2231,RSW,EWR
8732,WN 5562,TPA,LGA
8739,YV 6241,LGA,IAD
8750,UA 1634,LAS,EWR
8751,YX 5800,SYR,JFK
8752,B6 1964,JFK,HYA
8761,G7 4398,EWR,CLT
8765,UA 2105,EWR,RSW
8771,UA 1176,EWR,IAH
8773,B6 2431,BOS,LGA
8778,G7 4425,CVG,EWR
8779,AA 595,JFK,MIA
8790,YX 3450,EWR,BNA
8791,9E 5110,LGA,TYS
8797,DL 440,JFK,RSW
8799,UA 1064,EWR,PBI
8807,DL 657,JFK,SAN
8808,UA 1411,SFO,EWR
8810,B6 1006,PDX,JFK
8811,AA 2492,MIA,JFK
8815,YX 3425,BNA,EWR
8818,YX 5751,MSY,LGA
8829,YX 3456,LGA,IAD
8836,9E 4723,PIT,LGA
8839,9E 4974,LGA,CLE
8840,YX 5845,BNA,LGA
8845,YX 4920,JFK,DCA
8853,9E 5217,LGA,RIC
8860,G7 4439,PWM,EWR
8861,YX 5616,ORD,JFK
8875,9E 5396,BGR,JFK
8876,DL 2699,MSP,EWR
8879,YX 3531,LGA,IAD
8883,9E 5359,LGA,CHO
8889,UA 793,EWR,FLL
8894,9E 4960,BHM,LGA
8895,YX 3543,EWR,ORF
8896,YX 4568,RDU,LGA
8899,UA 317,EWR,FLL
8900,UA 504,EWR,SMF
8913,YX 3521,EWR,PWM
8923,DL 2271,MIA,LGA
8929,B6 2173,EWR,TPA
8935,DL 1160,DFW,LGA
8940,WN 26,LGA,DEN
8942,9E 4790,LGA,SAV
8947,YX 5657,JFK,CLT
8954,AA 2030,RDU,LGA
8955,DL 1380,BOS,LGA
8957,YX 3606,SAV,EWR
8961,G7 4609,IND,EWR
8963,YX 4618,LGA,MCI
8966,YX 4835,LGA,IND
8969,G7 4579,EWR,STL
8973,9E 5202,IAD,JFK
8976,YX 4989,ATL,LGA
8978,YX 5748,JAX,LGA
8980,B6 1605,JFK,PDX
8991,UA 1193,ORD,EWR
8993,YX 4714,LGA,PIT
9004,C5 4303,EWR,MYR
9008,DL 2173,IAH,LGA
9015,YX 4660,ORD,LGA
9016,9E 4726,JFK,ROC
9019,DL 1524,DTW,LGA
9020,YX 5799,LGA,BOS
9021,YX 3469,JAX,EWR
9025,WN 44,DAL,LGA
9027,YX 3653,CHS,EWR
9028,WN 683,DAL,LGA
9030,YX 3559,BNA,EWR
9031,AA 2213,MIA,LGA
9032,YX 5592,LGA,MSY
9033,B6 339,LGA,JAX
9035,DL 1159,JFK,LAS
9038,YX 5686,LGA,MCI
9048,AA 318,LGA,DCA
9058,UA 388,BUF,EWR
9061,YX 5011,JFK,PIT
9063,UA 374,EWR,PBI
9066,YX 3682,EWR,SRQ
9070,C5 4287,EWR,BTV
9072,YX 4892,DTW,LGA
9074,9E 5299,LGA,RIC
9075,DL 2201,EWR,ATL
9081,DL 2738,IAH,LGA
9083,UA 1875,SFO,EWR
9084,YX 5803,DCA,JFK
9085,YX 5828,LGA,DCA
9089,UA 2105,CHS,EWR
9091,G7 4431,IND,EWR
9094,9E 4976,LGA,ORF
9098,WN 3130,ATL,LGA
9100,UA 714,EWR,SNA
9113,YX 4554,LGA,CHO
9121,WN 110,HOU,LGA
9123,YX 4652,PIT,LGA
9125,YX 5833,EYW,LGA
9130,UA 467,EWR,MCO
9135,G7 4404,SYR,EWR
9144,AA 317,LGA,DCA
9154,WN 3866,LGA,ATL
9159,UA 1518,EWR,JAC
9164,YX 5597,CLT,LGA
9169,9E 5355,BNA,LGA
9173,YX 3695,EWR,RIC
9176,9E 5088,LGA,PWM
9178,YX 5661,BOS,JFK
9185,AA 725,ORD,LGA
9186,WN 1519,LGA,HOU
9207,DL 2975,ATL,EWR
9212,G7 4444,SYR,EWR
9228,DL 446,ATL,LGA
9230,WN 3741,LGA,ATL
9231,WN 2767,LGA,DEN
9232,UA 2372,TPA,EWR
9233,YX 3468,SDF,EWR
9242,AA 1886,LGA,CLT
9244,G7 4491,PVD,EWR
9246,9E 4811,RDU,LGA
9250,YX 4712,RIC,JFK
9253,9E 5313,PIT,LGA
9255,UA 1292,EWR,SNA
9258,G7 4172,STL,EWR
9259,YX 5604,EWR,DTW
9265,9E 4677,MCI,LGA
9270,G7 4388,GRR,EWR
9274,B6 2493,JFK,MIA
9285,AA 794,DCA,LGA
9286,G7 4597,EWR,PVD
9297,UA 1116,EWR,FLL
9311,9E 4992,PIT,JFK
9312,AA 654,JFK,JAC
9315,G7 4437,DTW,EWR
9322,UA 2036,JAX,EWR
9325,YX 3507,EWR,AUS
9328,9E 5041,JFK,IND
9335,9E 5017,ORF,LGA
9346,YX 4608,PIT,LGA
9347,AA 768,JFK,MIA
9351,9E 4969,IND,JFK
9354,9E 4803,JFK,MVY
9361,AA 842,MIA,JFK
9371,AA 589,MIA,JFK
9372,UA 1651,SFO,EWR
9384,WN 562,LGA,MCO
9387,YX 3683,DTW,EWR
9391,DL 1635,TPA,LGA
9397,AA 1479,JFK,MIA
9399,9E 5313,LGA,RDU
9402,YX 5692,LGA,CMH
9403,DL 2065,IAH,LGA
9406,9E 4752,MKE,LGA
9409,AA 2024,LGA,BNA
9413,YX 4509,LGA,RDU
9415,WN 556,LGA,MDW
9416,UA 541,EWR,DFW
9429,WN 6761,LGA,STL
9430,WN 3419,LGA,MDW
9434,YX 3715,EWR,PVD
9437,G7 4411,DCA,EWR
9439,DL 2707,ATL,EWR
9445,G7 4446,EWR,MYR
9446,UA 2410,EWR,RDU
9448,YX 5626,LGA,CLT
9450,DL 2615,DTW,EWR
9455,UA 792,LGA,IAD
9456,9E 4725,LGA,RIC
9457,NK 190,MYR,EWR
9464,YX 4562,CMH,LGA
9465,G7 4595,STL,EWR
9469,9E 4947,ROC,JFK
9473,WN 3725,DAL,LGA
9480,UA 749,EWR,CLE
9482,DL 2116,TPA,LGA
9483,OO 3550,MSP,EWR
9484,UA 1818,MSP,EWR
9493,AA 1769,LGA,ORD
9518,NK 122,SJU,LGA
9520,9E 5029,ORF,LGA
9522,AA 824,LGA,DFW
9531,YX 3479,JAX,EWR
9540,YX 3472,EWR,PWM
9546,YX 5851,LGA,CMH
9553,YX 4893,ATL,LGA
9556,UA 1795,RSW,EWR
9557,UA 1155,EWR,PHX
9563,YV 6070,IAH,LGA
9566,YX 5619,JFK,BUF
9570,YX 4792,LGA,ATL
9579,YX 5770,BNA,LGA
9580,9E 5167,SAV,JFK
9588,DL 551,ORD,LGA
9590,UA 1250,EWR,RSW
9592,9E 4883,CHS,JFK
9607,UA 1790,MSN,EWR
9610,YV 6162,IAH,LGA
9613,G7 4176,BTV,EWR
9615,YX 5593,MSY,JFK
9624,UA 235,EWR,BOS
9629,DL 2131,PHX,JFK
9631,YX 5711,LGA,MCI
9637,WN 1971,LGA,MDW
9638,YX 5610,MSY,LGA
9652,UA 743,IAD,LGA
9669,DL 893,LGA,DTW
9676,YX 3449,EWR,AUS
9677,UA 714,EWR,BNA
9678,UA 415,HDN,EWR
9680,YX 5749,RDU,LGA
9684,WN 15,LGA,DAL
9685,YX 5776,CHS,JFK
9699,9E 4731,BHM,LGA
9702,G7 4437,EWR,PWM
9720,B6 26,FLL,EWR
9724,AA 370,JFK,MIA
9725,UA 584,EWR,PBI
9727,YX 3633,RDU,EWR
9730,YX 4560,LGA,ORF
9733,YX 5798,LGA,BOS
9739,YX 3451,EWR,BNA
9745,AS 1392,SEA,JFK
9764,YX 5663,CHS,LGA
9779,UA 584,EWR,MIA
9790,YX 4936,BOS,LGA
9795,G7 4416,CLE,EWR
9804,YX 4703,ATL,LGA
9805,YX 3463,ATL,EWR
9820,OO 3859,MSP,EWR
9822,YX 5749,CLE,LGA
9832,G7 4440,HHH,EWR
9843,UA 1549,PHX,EWR
9854,AA 2012,MTJ,LGA
9866,G7 4612,SYR,EWR
9872,DL 558,LGA,DFW
9874,YX 3493,PIT,EWR
9877,YX 3403,BUF,EWR
9886,UA 1671,EWR,PDX
9890,YX 3448,DCA,EWR
9893,9E 4768,EWR,DTW
9894,YX 3697,EWR,DCA
9897,UA 747,LGA,DEN
9901,YX 5592,MSY,LGA
9902,UA 1851,ORD,LGA
9907,B6 508,LGA,ACK
9915,YX 3498,DCA,EWR
9916,YX 4796,BOS,LGA
9917,G7 4434,DTW,EWR
9918,9E 5154,GSO,LGA
9919,WN 5110,LGA,TPA
9920,DL 2601,DTW,JFK
9922,YX 3409,BGR,EWR
9927,WN 1440,TPA,LGA
9929,C5 4968,BUF,EWR
9938,WN 2471,BNA,LGA
9946,WN 245,LGA,MCO
9951,AA 2389,CLT,EWR
9952,WN 2307,LGA,ATL
9956,9E 4981,BNA,LGA
9963,YX 5607,LGA,ORD
9972,NK 193,EWR,MYR
9974,YX 5675,BOS,LGA
9979,YX 3497,ORF,EWR
9985,YX 4904,BNA,LGA
9987,YX 5663,JFK,IAD
9990,UA 2251,EWR,TPA
9991,WN 1867,LGA,BNA
9994,DL 1470,MCO,LGA
9995,B6 1539,MVY,JFK
10000,YX 5662,CHS,LGA
10008,9E 4672,JFK,BNA
10017,WN 961,DAL,LGA
10027,9E 5440,LGA,PWM
10028,YX 5849,JFK,ORD
10031,YX 4599,PIT,LGA
10040,DL 1272,FLL,JFK
10043,9E 5025,BHM,LGA
10047,YX 5692,CHS,LGA
10048,G7 4463,EWR,ACK
10049,UA 10,IAD,EWR
10069,AA 1532,MIA,LGA
10081,YV 6089,IAH,LGA
10090,9E 4832,JFK,RDU
10091,NK 2418,FLL,EWR
10101,DL 2841,ATL,EWR
10105,9E 4640,JFK,ORD
10111,YX 5764,BNA,JFK
10114,YX 4951,STL,LGA
10115,YX 5838,LGA,RDU
10117,WN 939,DEN,LGA
10119,G7 4457,ACK,EWR
10124,YX 3595,EWR,BNA
10136,YX 4511,OMA,LGA
10143,YX 5637,JFK,MSY
10147,YX 3471,AUS,EWR
10156,AA 2050,MIA,LGA
10160,WN 4171,BNA,LGA
10166,WN 5688,LGA,BNA
10167,9E 5107,RIC,JFK
10168,YX 3452,DTW,EWR
10172,9E 4909,LGA,CLE
10174,UA 2319,EWR,JAX
10178,UA 1555,EWR,SRQ
10182,YV 6106,LGA,IAD
10198,9E 5463,RDU,EWR
10199,G7 4494,EWR,BUF
10200,YX 4944,DTW,LGA
10204,UA 759,EWR,PHX
10208,UA 700,LAS,EWR
10217,UA 551,EWR,ORD
10219,UA 2602,EWR,BOS
10221,UA 2025,EWR,TPA
10222,YX 4922,LGA,IAH
10223,UA 1786,MCI,EWR
10230,B6 610,ACK,LGA
10231,YX 4930,EWR,CLT
10233,UA 2002,LGA,IAH
10234,9E 5199,MSP,EWR
10236,YX 5822,LGA,PIT
10239,YX 3573,EWR,PWM
10244,YX 4550,CMH,LGA
10245,OO 5371,ORD,LGA
10252,9E 4797,LGA,TVC
10254,UA 527,DTW,EWR
10258,DL 2724,JFK,MIA
10262,UA 1728,LGA,IAH
10263,UA 1287,LGA,ORD
10268,AA 1291,LGA,DCA
10289,NK 2151,LGA,LAX
10292,UA 1789,ORD,LGA
10294,9E 4717,LGA,PWM
10296,G7 4459,MYR,EWR
10299,9E 4942,BGR,JFK
10301,9E 5431,LGA,BNA
10303,YX 5628,IND,LGA
10304,G7 4386,ACK,EWR
10310,YX 3463,EWR,HHH
10315,WN 1331,STL,LGA
10323,C5 4334,CHS,EWR
10326,DL 857,ATL,JFK
10335,DL 1614,EWR,MSP
10339,WN 4319,MDW,LGA
10346,9E 5119,RDU,LGA
10350,UA 1470,EWR,BOS
10357,YX 5016,PIT,JFK
10361,YX 3440,EWR,MCI
10365,DL 782,SEA,JFK
10373,YX 5756,JFK,BUF
10375,C5 4255,AVL,EWR
10383,UA 298,EWR,DEN
10388,WN 4127,LGA,STL
10392,DL 695,ATL,JFK
10393,WN 5952,DAL,LGA
10410,9E 5154,ORF,LGA
10411,WN 5396,MDW,LGA
10424,YX 5612,CLT,LGA
10426,9E 4825,PWM,LGA
10427,B6 386,RDU,JFK
10430,WN 3956,LGA,BNA
10438,YX 3518,EYW,EWR
10440,B6 406,FLL,EWR
10442,YX 5788,DCA,LGA
10443,9E 4939,JFK,BGR
10445,UA 2333,BZN,EWR
10447,YX 5621,LGA,STL
10449,DL 2375,LGA,PBI
10450,WN 5868,HOU,LGA
10451,UA 1971,LGA,ORD
10460,YX 3509,BOS,EWR
10464,9E 4837,JFK,PIT
10468,YX 3501,EWR,HHH
10480,UA 287,EWR,RSW
10490,DL 806,SJU,JFK
10492,YX 3635,EWR,SYR
10493,YX 3433,EWR,PIT
10504,DL 654,JFK,SLC
10505,YX 4870,BOS,LGA
10506,YX 3592,EWR,MYR
10507,WN 2234,DAL,LGA
10508,AA 623,LGA,MIA
10509,9E 5160,LGA,AVL
10516,WN 329,LGA,TPA
10530,YX 5725,JFK,RIC
10540,UA 1792,EWR,MSY
10542,WN 2527,LGA,DEN
10543,G7 4436,EWR,PQI
10547,AA 2284,JFK,CLT
10550,G7 4425,EWR,BGR
10551,AA 848,JFK,ORD
10555,DL 1298,JFK,SEA
10560,YX 4628,JFK,BWI
10567,9E 4901,LGA,RDU
10570,WN 5492,LGA,BNA
10579,DL 2751,LGA,TPA
10583,YX 5601,JFK,CHS
10584,WN 1485,MCO,LGA
10595,9E 5216,DTW,EWR
10601,YX 3533,EWR,RAP
10605,YX 5840,LGA,DCA
10608,9E 4870,EWR,DTW
10615,F9 2586,TPA,LGA
10616,9E 4950,CLE,LGA
10618,YX 4615,ATL,LGA
10634,G7 4490,EWR,GSO
10635,YX 4625,LGA,PIT
10639,YX 5777,LGA,CMH
10640,UA 233,BNA,EWR
10641,G7 4193,EWR,DCA
10643,UA 2064,EWR,PIT
10644,WN 5049,DAL,LGA
10654,9E 5226,GRR,LGA
10666,WN 1369,DEN,LGA
10667,YX 5676,ORD,JFK
10670,YX 3452,JAX,EWR
10679,DL 2435,JFK,LAX
10683,YX 4815,LGA,STL
10694,AA 2113,MIA,LGA
10695,9E 5532,CVG,LGA
10699,AA 2140,LGA,DCA
10700,G7 4614,EWR,GRR
10701,YX 4669,PHL,JFK
10704,WN 1158,LGA,BNA
10714,YX 4528,JFK,ORF
10719,YX 4909,LGA,DTW
10726,YX 4590,LGA,PIT
10732,YX 4678,LGA,PWM
10735,YX 5735,JFK,BUF
10744,YX 5682,IND,LGA
10745,AS 902,SAN,JFK
10746,YX 3439,MSY,EWR
10749,UA 1409,RSW,EWR
10750,YX 5709,BOS,LGA
10760,YX 3424,BTV,EWR
10762,YX 3490,EWR,CVG
10770,9E 4628,LGA,XNA
10772,YX 4562,LGA,CMH
10778,UA 1008,EWR,JAX
10782,G7 4516,EWR,SAV
10791,B6 2163,JFK,SRQ
10796,YX 3506,LGA,ORD
10802,WN 3293,MDW,LGA
10807,UA 550,EWR,RSW
10810,UA 1701,LAS,EWR
10818,B6 340,JAX,LGA
10819,9E 5398,JFK,IAD
10825,AA 799,DCA,LGA
10826,UA 317,ATL,EWR
10839,9E 5072,SYR,LGA
10842,9E 5060,CVG,EWR
10887,UA 1180,LGA,MCO
10891,G7 4191,DTW,EWR
10899,YX 3425,DFW,EWR
10902,G7 4509,PIT,EWR
10907,YX 5640,LGA,EYW
10908,UA 1504,PBI,EWR
10912,UA 314,EWR,TPA
10919,G7 4549,EWR,CVG
10922,DL 2535,LGA,PBI
10929,B6 854,PBI,JFK
10931,UA 279,EWR,DFW
10934,AA 30,LAX,JFK
10966,UA 1562,TPA,EWR
10973,YV 6034,LGA,IAD
10977,B6 2705,EWR,ATL
10988,YX 5856,JFK,RDU
10995,YX 5671,CHS,LGA
10998,UA 1626,EWR,ORD
10999,AA 397,MIA,JFK
11001,9E 5022,EWR,RDU
11005,G7 4429,STL,EWR
11009,WN 2913,LGA,BWI
11012,9E 4668,BUF,JFK
11013,9E 5020,LGA,PWM
11016,YX 5862,LGA,BOS
11018,UA 1775,EWR,RDU
11019,YX 5855,ORD,LGA
11021,UA 379,RDU,EWR
11024,DL 2335,JFK,MCO
11025,AA 1878,DFW,EWR
11026,UA 2670,SLC,EWR
11040,WN 347,LGA,DAL
11041,YX 4529,PIT,JFK
11042,AA 386,MIA,JFK
11044,G7 4581,EWR,CVG
11067,DL 1093,LGA,DFW
11068,G7 4462,EWR,CVG
11073,YX 4989,LGA,ATL
11089,B6 1027,EWR,MCO
11090,AA 796,DCA,LGA
11098,OO 3811,EWR,MSP
11101,UA 688,MCO,EWR
11103,UA 623,SFO,EWR
11104,WN 1224,DEN,LGA
11106,B6 823,JFK,LAX
11113,YX 4539,LGA,ORF
11118,DL 1568,BOS,LGA
11125,G7 4181,EWR,ORF
11128,YX 4663,IND,JFK
11138,YX 5685,LGA,SDF
11139,YX 3572,LGA,IAD
11144,DL 2067,LGA,BOS
11145,DL 1175,JFK,AUS
11147,YX 4577,LGA,GSO
11155,YV 6068,IAD,LGA
11171,AA 1092,AUS,JFK
11178,YX 3481,EWR,CLT
11179,UA 1499,IAD,EWR
11183,UA 1510,CLE,EWR
11189,DL 2250,EWR,MSP
11191,UA 1972,SAT,EWR
11193,UA 2073,PBI,EWR
11195,AA 1339,DFW,LGA
11197,UA 2031,LGA,ORD
11200,C5 4892,SAV,EWR
11206,AA 532,ORD,JFK
11207,9E 5485,BNA,JFK
11210,YX 4549,DCA,LGA
11213,C5 4857,MYR,EWR
11215,UA 1503,SJU,EWR
11240,DL 1487,MCO,JFK
11241,9E 5327,JFK,ORD
11246,WN 2319,LGA,DEN
11247,B6 2432,LGA,BOS
11265,YX 3482,ORD,LGA
11266,UA 2294,IAH,LGA
11270,WN 2725,ATL,LGA
11275,AA 1077,LGA,DCA
11276,YX 3437,LGA,ORD
11281,G7 4523,EWR,PWM
11288,G7 4476,EWR,DCA
11294,WN 2969,LGA,MDW
11311,B6 1773,EWR,LAX
11320,UA 1794,IAH,EWR
11328,YX 3596,EWR,DCA
11330,YX 3671,SDF,EWR
11331,YX 5631,ORF,LGA
11349,YX 5705,BOS,LGA
11354,YX 5760,LGA,PWM
11358,UA 315,PBI,EWR
11370,DL 2347,MIA,LGA
11372,WN 5842,LGA,BNA
11378,9E 4933,LGA,CLE
11389,G7 4450,RIC,EWR
11392,YX 3436,PIT,EWR
11397,YX 5640,RIC,LGA
11401,WN 469,MDW,LGA
11406,G7 4406,IND,EWR
11413,G7 4449,EWR,DTW
11415,UA 1132,EWR,AUS
11424,YX 3460,LGA,ORD
11425,UA 784,EWR,BOS
11426,WN 1171,LGA,STL
11427,UA 2296,BOS,EWR
11437,G7 4541,EWR,CLE
11438,AS 341,SAN,JFK
11440,AA 976,JFK,SNA
11441,YX 3419,EWR,PIT
11442,DL 2841,EWR,ATL
11448,NK 279,EWR,MCO
11452,YX 3453,DTW,EWR
11461,YX 4608,LGA,PIT
11462,WN 5039,DAL,LGA
11468,AA 744,MIA,LGA
11476,WN 1016,LGA,SRQ
11480,WN 2625,LGA,ATL
11487,YX 3456,EWR,ALB
11490,B6 2388,EWR,ACK
11504,AA 1548,FLL,JFK
11505,AA 473,DCA,LGA
11511,UA 2326,PHX,EWR
11512,B6 818,JFK,BOS
11524,OO 3715,MSP,EWR
11533,WN 1620,MCO,LGA
11535,G7 4428,EWR,IND
11549,YX 4691,LGA,CLE
11555,YX 3405,EWR,ATL
11556,OO 3737,MSP,EWR
11560,G7 4419,BUF,EWR
11563,YX 4569,CVG,LGA
11567,9E 4724,PWM,LGA
11569,AA 670,JFK,FLL
11570,YX 3461,EWR,CLE
11577,9E 4952,JFK,BUF
11579,DL 410,DFW,LGA
11586,YX 4572,DCA,LGA
11587,DL 1318,MSP,EWR
11602,YX 5661,DCA,JFK
11606,YX 3645,CLE,EWR
11607,DL 1396,RSW,JFK
11613,C5 4848,EWR,IAD
11616,B6 331,BOS,LGA
11620,YX 4574,GSO,LGA
11622,DL 2334,FLL,JFK
11625,UA 1756,IAH,EWR
11636,OO 3838,MSP,EWR
11637,YX 3656,PWM,EWR
11640,AA 2484,DFW,LGA
11643,YX 5602,ORD,LGA
11647,B6 1820,ATL,JFK
11681,UA 2121,RDU,EWR
11682,DL 1138,LGA,DFW
11684,DL 2527,LGA,ORD
11689,UA 661,EWR,TPA
11699,NK 2165,FLL,LGA
11704,UA 1890,RDU,EWR
11728,YX 5661,JAX,JFK
11733,YX 4540,PWM,LGA
11737,UA 1139,EWR,MSN
11741,9E 4872,JFK,ORD
11754,YX 4924,GSO,LGA
11760,B6 2694,MIA,EWR
11761,DL 2767,MIA,JFK
11764,WN 2678,LGA,DAL
11767,YX 3529,PWM,EWR
11768,YX 3709,IND,EWR
11770,G4 1313,CVG,EWR
11773,UA 398,MIA,EWR
11776,G4 462,EWR,AVL
11791,9E 4631,RIC,JFK
11809,9E 5302,CHO,LGA
11822,WN 4277,LGA,SRQ
11823,YV 6223,IAH,LGA
11827,YX 4587,XNA,LGA
11837,B6 48,TPA,LGA
11846,YX 3548,IAD,LGA
11857,YX 4756,LGA,IND
11860,WN 1277,LGA,DEN
11867,G7 4434,EWR,BTV
11883,YX 3684,EWR,SRQ
11887,UA 2293,SRQ,EWR
11891,YX 3461,EWR,DFW
11893,YX 4731,BNA,LGA
11895,YX 5639,JFK,BOS
11910,YX 3469,EWR,MSN
11924,AA 1603,JAC,JFK
11926,YX 5755,LGA,SRQ
11933,YX 4607,SDF,LGA
11947,WN 5008,LGA,DAL
11950,YX 5600,LGA,RSW
11954,YX 5832,JFK,MSY
11965,YX 4834,LGA,SDF
11984,DL 446,DFW,LGA
11987,UA 321,EWR,IAD
11993,YX 5822,PIT,LGA
11994,AA 621,MIA,JFK
11996,G7 4503,EWR,IND
11998,YX 5771,JFK,CLT
12008,9E 5528,BUF,JFK
12011,YX 5636,LGA,CLE
12013,YX 5630,ORD,JFK
12019,UA 408,EWR,PDX
12024,OO 5753,ORD,LGA
12026,9E 4780,LGA,BUF
12036,UA 2049,PDX,EWR
12049,UA 551,EWR,SEA
12050,B6 2136,PHX,JFK
12053,AA 1532,LGA,DFW
12055,9E 5279,LGA,GRR
12061,WN 4213,LGA,MDW
12062,YX 4615,CVG,LGA
12065,YX 5848,JFK,PIT
12067,YX 3570,EYW,EWR
12069,YX 4604,SBN,LGA
12082,DL 2713,LGA,RDU
12085,9E 5486,LGA,GSP
12086,YX 3593,CHS,EWR
12088,G7 4453,EWR,PIT
12092,AA 2433,EWR,CLT
12104,AA 1490,DFW,LGA
12106,9E 4654,JFK,DTW
12110,G7 4451,EWR,PIT
12114,DL 785,DEN,LGA
12115,DL 2766,ATL,LGA
12121,G7 4572,EWR,RIC
12131,9E 4884,JFK,DTW
12165,9E 5464,EWR,RDU
12166,UA 403,EWR,MIA
12170,YX 3643,PVD,EWR
12173,YX 4696,LGA,BOS
12179,YX 4785,CLE,LGA
12182,UA 547,PBI,EWR
12188,9E 4990,RIC,LGA
12192,9E 5053,JFK,PIT
12198,UA 401,EWR,BOS
12200,YX 4670,SDF,LGA
12207,C5 4262,EWR,SYR
12212,UA 1667,JAX,EWR
12217,9E 4839,PIT,JFK
12219,DL 2248,LGA,RSW
12234,9E 4742,LGA,RDU
12236,DL 1447,JFK,ATL
12239,YX 4534,RIC,JFK
12253,UA 1966,EWR,TPA
12258,YX 5646,RDU,JFK
12261,DL 1659,RSW,LGA
12270,YX 5622,LGA,CHS
12288,B6 2898,MCO,LGA
12290,YX 3420,AUS,EWR
12291,9E 5023,JFK,BNA
12297,UA 567,EWR,RSW
12305,UA 702,LAS,EWR
12318,YX 3541,EWR,MYR
12320,DL 546,ORD,LGA
12324,9E 4727,LGA,SDF
12328,9E 5483,BNA,JFK
12330,DL 1045,MSP,LGA
12337,9E 5292,BUF,LGA
12340,9E 5210,SAV,JFK
12349,DL 941,JFK,SEA
12358,YX 4583,LGA,MCI
12361,YX 3555,GSP,EWR
12364,AA 732,CLT,JFK
12376,G7 4554,EWR,PVD
12379,9E 4633,ORF,LGA
12381,9E 5429,BUF,LGA
12385,9E 5282,JFK,BUF
12387,YX 3653,HHH,EWR
12403,DL 343,SFO,JFK
12408,YX 5444,JFK,BOS
12435,9E 5294,LGA,SAV
12436,AA 458,LGA,MIA
12454,YX 3581,EWR,SYR
12455,G7 4192,EWR,BTV
12457,WN 4196,LGA,ATL
12461,YX 3452,EWR,BOS
12466,YV 6321,LGA,IAD
12472,DL 2375,LGA,MCO
12473,9E 4753,LGA,BHM
12476,YX 4657,DCA,JFK
12482,UA 1433,EWR,LAX
12483,9E 4929,DTW,EWR
12495,UA 1968,EWR,CLT
12500,DL 2550,DTW,LGA
12501,YX 3664,EYW,EWR
12507,9E 5195,LGA,STL
12518,G7 4564,GSO,EWR
12528,9E 4961,JFK,BUF
12534,YX 3446,CMH,EWR
12545,G7 4592,RIC,EWR
12564,UA 351,EWR,SFO
12568,YX 3463,EWR,BNA
12578,AA 324,LGA,ORD
12585,UA 1268,EWR,MCO
12588,9E 5444,ORF,LGA
12589,C5 4829,EWR,BNA
12594,G7 4518,IND,EWR
12597,YX 3617,EWR,MCI
12623,G7 4388,EWR,ROC
12630,YX 4512,LGA,OMA
12632,UA 323,EWR,ORD
12651,YX 4859,LGA,BOS
12654,YX 5775,JFK,BUF
12669,YX 3405,ORD,LGA
12681,G7 4489,EWR,DTW
12686,UA 1662,LGA,IAD
12688,9E 5253,ORF,JFK
12690,OO 4767,ORD,LGA
12691,AA 1847,DFW,LGA
12708,UA 1772,LAX,EWR
12709,AA 1647,MIA,EWR
12715,9E 5311,PWM,JFK
12729,G7 4498,RIC,EWR
12731,9E 4768,MSP,EWR
12734,G7 4389,CLT,EWR
12737,UA 343,EWR,RDU
12739,G7 4445,EWR,PVD
12743,UA 1108,EWR,IAH
12756,YV 6063,IAH,LGA
12757,G7 4545,EWR,RIC
12758,DL 371,JFK,LAS
12760,YX 3692,PIT,EWR
12761,9E 5423,BWI,JFK
12762,G7 4611,EWR,GRR
12770,G7 4167,RIC,EWR
12774,9E 4954,JFK,BUF
12776,AA 2425,JFK,MIA
12778,9E 5473,LGA,GRR
12779,YX 3674,EWR,SDF
12784,G7 4531,DTW,EWR
12788,AA 2015,MIA,JFK
12789,UA 686,EWR,IAD
12790,9E 5472,JFK,BUF
12793,9E 5135,JFK,ROC
12795,WN 1093,STL,LGA
12797,NK 2417,EWR,FLL
12799,UA 799,EWR,CLE
12804,9E 4857,EWR,DTW
12806,YX 4725,ORF,LGA
12813,YX 5719,RDU,JFK
12818,9E 4755,EWR,DTW
12822,F9 2587,LGA,TPA
12848,UA 1637,EWR,CLE
12852,AA 544,LGA,MIA
12854,B6 1892,ACK,JFK
12855,YX 3657,GSP,EWR
12878,YX 3520,EWR,MEM
12880,UA 1226,CLT,EWR
12889,YX 4675,LGA,CLE
12891,G7 4489,IAD,LGA
12899,AA 2850,EGE,JFK
12900,9E 5320,LGA,ORF
12902,YX 4734,BOS,LGA
12908,UA 2119,CLT,EWR
12921,9E 4942,JFK,BGR
12924,YX 3545,MEM,EWR
12925,9E 5171,LGA,ROC
12934,9E 5151,LGA,SYR
12942,9E 4657,CHS,LGA
12944,YX 5764,LGA,RIC
12951,YX 5821,HHH,LGA
12963,DL 1130,LGA,MCO
12967,OO 3550,EWR,MSP
12969,9E 5215,LGA,CVG
13001,DL 2707,EWR,ATL
13006,YX 5653,LGA,ORD
13019,WN 5579,LGA,MDW
13031,B6 557,EWR,LAS
13052,AS 23,PDX,JFK
13053,UA 537,EWR,RSW
13067,YX 5656,PIT,LGA
13068,YX 3416,EWR,JAX
13075,UA 1520,EWR,MCO
13076,WN 4480,LGA,ATL
13077,YX 5688,JFK,CMH
13079,9E 5035,TYS,LGA
13086,WN 1154,DAL,LGA
13096,C5 4287,TVC,EWR
13106,YX 3531,EWR,GSO
13118,DL 1482,TPA,JFK
13141,YX 3483,EWR,ORF
13144,YX 5728,CMH,LGA
13145,YX 3648,CVG,EWR
13147,UA 382,EWR,BOS
13151,UA 2144,LGA,DEN
13153,G7 4174,BTV,EWR
13161,9E 4944,RIC,LGA
13162,UA 1229,EWR,MSY
13179,9E 5093,LGA,CVG
13184,9E 4731,LGA,STL
13187,WN 779,DEN,LGA
13188,DL 380,SLC,JFK
13194,G7 4445,EWR,GSP
13203,9E 5523,JFK,CMH
13208,WN 2224,DEN,LGA
13212,DL 1396,JFK,RSW
13222,DL 1358,EWR,ATL
13223,YX 5827,BOS,LGA
13224,G7 4419,EWR,HHH
13235,9E 4677,LGA,PWM
13238,UA 287,EWR,ORD
13251,DL 451,LGA,ORD
13257,UA 602,SAN,EWR
13262,AA 493,CLT,JFK
13269,B6 2180,EWR,BOS
13271,UA 459,SAV,EWR
13280,YX 4756,ORF,LGA
13281,AA 482,JFK,MIA
13290,UA 2206,PBI,EWR
13291,AA 2124,EWR,ORD
13295,YX 3493,EWR,BUF
13298,G7 4521,ROC,EWR
13299,UA 2356,DEN,EWR
13300,UA 1920,LGA,ORD
13317,9E 4672,LGA,RIC
13321,NK 2950,FLL,EWR
13328,YX 5768,CLT,LGA
13335,UA 1299,DEN,EWR
13343,YX 4895,LGA,BNA
13344,WN 5642,BWI,LGA
13346,UA 685,EWR,DEN
13382,YX 4634,JFK,CVG
13387,YX 5611,LGA,JAX
13388,WN 3960,LGA,DEN
13390,9E 5239,LGA,CLE
13391,WN 276,DEN,LGA
13396,YX 4975,LGA,STL
13401,9E 4819,JFK,IAD
13409,YX 3574,EWR,HHH
13424,UA 358,ORD,EWR
13427,YX 3569,EWR,IND
13428,YX 3645,BUF,EWR
13444,UA 1778,LAX,EWR
13451,AA 351,ORD,LGA
13462,NK 3154,LGA,MIA
13464,UA 794,EWR,SAN
13466,AA 2104,EWR,ORD
13472,YX 4574,LGA,DCA
13473,G7 4444,EWR,MYR
13479,UA 1807,LAX,EWR
13480,WN 5108,MCO,LGA
13482,C5 4830,BNA,EWR
13500,NK 1032,MCO,LGA
13519,YX 4655,JFK,DCA
13533,DL 482,ORD,LGA
13534,DL 1005,JFK,DFW
13537,UA 504,EWR,IAH
13544,B6 2474,CHS,JFK
13552,YX 3457,EWR,BOS
13553,9E 5379,JFK,PWM
13577,AA 2128,RDU,LGA
13579,WN 1166,LGA,STL
13581,B6 472,FLL,LGA
13589,YX 3508,PWM,EWR
13593,DL 2484,LGA,SRQ
13598,9E 4916,LGA,CAE
13604,B6 2346,FCA,JFK
13605,C5 4310,PWM,EWR
13606,DL 2298,ATL,EWR
13613,YX 3448,EWR,AUS
13620,UA 430,IAH,EWR
13633,G7 4509,STL,EWR
13637,YX 4775,LGA,ATL
13638,G7 4408,DCA,EWR
13639,9E 5396,LGA,MSN
13642,YX 5628,ORD,LGA
13650,UA 2198,ATL,EWR
13657,NK 686,BNA,LGA
13660,YX 5688,CLT,JFK
13665,AA 574,BOS,JFK
13668,YX 4763,LGA,RIC
13669,9E 5458,JFK,BOS
13671,YX 3539,EYW,EWR
13677,YX 4936,BNA,LGA
13678,YX 4552,RDU,LGA
13680,G7 4499,EWR,DCA
13690,YX 3455,EWR,ORF
13692,WN 5327,MDW,LGA
13693,YX 4667,BWI,JFK
13694,YX 5735,JFK,SYR
13698,DL 561,LGA,DFW
13710,C5 4820,EWR,PWM
13711,UA 2320,TPA,EWR
13720,YX 3457,EWR,BTV
13723,YX 4681,LGA,IND
13731,9E 4948,LGA,BTV
13736,UA 471,LGA,DEN
13741,YX 5714,PIT,LGA
13744,YX 4537,JFK,RIC
13753,YX 3505,EWR,RSW
13764,B6 2220,STT,EWR
13770,G7 4381,RIC,EWR
13788,UA 2612,MCO,EWR
13789,YX 3669,IND,EWR
13796,WN 1555,STL,LGA
13797,WN 1079,LGA,MDW
13798,UA 1797,LGA,ORD
13800,YX 5613,CLT,LGA
13806,UA 1507,LAX,EWR
13807,YX 5705,BNA,JFK
13814,G4 422,AVL,EWR
13815,UA 1008,EWR,AUS
13817,9E 4820,SYR,LGA
13824,YX 5663,JFK,ROC
13834,9E 4951,TVC,LGA
13847,9E 4855,LGA,ILM
13848,YX 5704,PIT,JFK
13852,YX 5801,LGA,DCA
13858,G7 4529,STL,EWR
13859,AA 654,DFW,LGA
13864,DL 2237,BNA,LGA
13880,YX 3416,EWR,BUF
13889,WN 3097,LGA,STL
13890,G7 4481,PWM,EWR
13900,WN 338,MDW,LGA
13914,DL 489,JFK,LAS
13915,YX 5662,LGA,CHS
13925,UA 481,EWR,AUS
13926,DL 1248,FLL,LGA
13929,AA 1766,LGA,DFW
13930,9E 5522,BUF,LGA
13946,YX 3460,STL,EWR
13947,YX 3614,EWR,JAX
13948,YX 3516,IND,EWR
13962,AA 656,LGA,MCO
13974,WN 1089,LGA,DEN
13975,B6 1001,LGA,CHS
13978,YX 3447,MCI,EWR
13981,WN 5916,ATL,LGA
13987,DL 2961,LGA,SRQ
13988,DL 366,ATL,LGA
13991,YX 5746,SYR,LGA
13993,UA 2045,AUS,EWR
13998,YX 3424,EWR,RIC
14013,YX 3406,AUS,EWR
14017,G7 4447,EWR,PWM
14024,G7 4396,EWR,DTW
14037,WN 3209,BNA,LGA
14046,G7 4458,ROC,EWR
14053,AA 648,DFW,EWR
14054,9E 5171,JFK,ROC
14057,9E 5134,ORD,JFK
14072,YX 4662,PHL,JFK
14079,AA 2636,JFK,FLL
14081,YX 4924,LGA,GSO
14096,YX 3476,GSP,EWR
14115,YX 4660,RAP,LGA
14127,YX 3400,AUS,EWR
14137,YX 5831,CMH,LGA
14138,UA 1755,FLL,EWR
14144,DL 1479,TPA,LGA
14151,YX 3699,EWR,GSP
14152,YX 4523,CLE,JFK
14158,AA 607,LGA,MIA
14172,C5 4364,EWR,BTV
14177,B6 1062,PBI,LGA
14183,G7 4382,EWR,STL
14194,UA 301,EWR,PBI
14199,9E 4772,RDU,LGA
14204,9E 4723,LGA,PIT
14207,YX 3488,EWR,ATL
14215,YX 4861,EYW,LGA
14223,YX 3501,EWR,MKE
14229,UA 355,EWR,MIA
14231,YX 4892,CLE,JFK
14234,UA 1536,IAH,EWR
14245,YX 5752,MCI,LGA
14249,YX 3691,EWR,MYR
14253,YX 4728,CLE,LGA
14275,G7 4436,IND,EWR
14276,DL 2744,BNA,LGA
14283,9E 5016,JFK,SAV
14293,G7 4500,EWR,DCA
14302,UA 2499,JAC,EWR
14308,DL 1566,JFK,LAS
14309,UA 2443,ORD,LGA
14313,AA 877,JFK,MIA
14323,9E 5020,RIC,JFK
14324,UA 309,EWR,SFO
14340,UA 1921,EWR,SFO
14342,G7 4384,EWR,BGR
14346,YX 4833,MEM,LGA
14353,UA 1623,EWR,BOS
14371,9E 5422,JFK,ORD
14372,9E 5181,BNA,LGA
14373,NK 1252,EWR,LAS
14375,9E 4856,LGA,MKE
14384,9E 4701,ROC,LGA
14416,YX 4734,LGA,BOS
14419,YX 5779,LGA,BNA
14428,YX 3685,BNA,EWR
14433,G7 4389,EWR,ROC
14435,DL 707,JFK,DFW
14437,UA 1227,EWR,IAH
14440,9E 5034,CLE,LGA
14452,UA 1294,LGA,IAH
14462,YX 3649,IND,EWR
14466,WN 3842,BWI,LGA
14470,YX 3581,AUS,EWR
14475,YX 4987,LGA,RDU
14482,WN 332,LGA,BWI
14483,G7 4188,ALB,EWR
14488,AA 1485,EWR,MIA
14494,AA 1993,EWR,CLT
14496,UA 1943,EWR,CLE
14498,YX 4695,XNA,LGA
14500,YX 4968,IAH,LGA
14513,G7 4521,SYR,EWR
14521,WN 142,BNA,LGA
14527,UA 347,EWR,MIA
14534,UA 2443,BNA,EWR
14538,9E 5488,CVG,JFK
14542,YX 3637,EWR,MEM
14554,DL 2327,FLL,LGA
14560,9E 5540,MSN,LGA
14561,YX 4671,LGA,CMH
14564,UA 619,EWR,MIA
14578,9E 4729,PWM,LGA
14582,DL 571,ATL,LGA
14584,UA 2151,RSW,EWR
14595,WN 2,DAL,LGA
14600,C5 4992,EWR,PWM
14603,UA 1461,FLL,EWR
14614,UA 1432,EWR,PBI
14621,UA 781,FLL,EWR
14623,AA 2174,LGA,DCA
14628,YX 3575,JAX,EWR
14632,UA 2186,SAN,EWR
14648,DL 2983,JFK,MCO
14652,WN 1369,LGA,ATL
14664,UA 2242,SAN,EWR
14669,9E 5040,STL,LGA
14671,G7 4560,DCA,EWR
14672,YX 3479,EWR,IND
14676,YX 5860,ACK,LGA
14684,YX 3461,EWR,JAX
14686,YX 4540,LGA,PWM
14687,YX 3553,EWR,PIT
14691,UA 726,IAD,LGA
14703,G7 4458,EWR,CVG
14711,YV 6114,LGA,IAH
14712,DL 2518,DTW,LGA
14713,AA 1785,LGA,MIA
14717,B6 471,LGA,FLL
14721,UA 570,BOS,EWR
14728,G7 4424,EWR,RIC
14736,G7 4435,EWR,BUF
14742,WN 670,LGA,DEN
14751,UA 700,FLL,EWR
14776,DL 1471,LAS,JFK
14785,G7 4617,EWR,DTW
14811,G4 2634,TYS,EWR
14815,UA 693,FLL,EWR
14820,YX 3477,EWR,SAV
14836,AA 2338,JFK,CLT
14848,G7 4381,DCA,EWR
14854,AS 1473,SEA,JFK
14855,YX 3425,BOS,EWR
14857,YX 4718,JFK,RDU
14873,WN 438,LGA,BWI
14885,UA 783,MCO,EWR
14889,9E 5246,SAV,LGA
14901,WN 4054,MCO,LGA
14914,DL 2102,EWR,DTW
14917,AA 1922,MIA,JFK
14919,9E 5483,IAD,JFK
14929,WN 2041,LGA,BNA
14931,WN 5105,STL,LGA
14933,UA 208,DEN,EWR
14947,DL 417,ORD,LGA
14970,YX 4922,IAH,LGA
14977,B6 920,ATL,JFK
14984,YX 3517,JAX,EWR
14987,G4 2606,TYS,EWR
14991,C5 4271,IAD,EWR
14995,9E 4947,PWM,LGA
15004,NK 2150,FLL,LGA
15010,UA 2111,EWR,FLL
15021,9E 4765,LGA,CLT
15037,YX 5664,IAD,JFK
15038,DL 2499,ORD,LGA
15044,UA 672,LAX,EWR
15050,AA 659,MIA,JFK
15066,WN 462,ATL,LGA
15075,YX 5636,LGA,CLT
15079,YX 5724,JAX,JFK
15081,AA 493,ORD,JFK
15097,UA 705,IAD,LGA
15115,NK 1683,TPA,EWR
15135,B6 1320,ATL,JFK
15136,YX 4666,CLE,JFK
15137,UA 1144,EWR,MCI
15142,9E 5465,SAV,LGA
15154,DL 1402,LGA,IAH
15162,9E 5466,LGA,ROC
15164,NK 3173,MIA,LGA
15168,DL 317,LGA,ORD
15174,YX 3553,PIT,EWR
15180,YX 4598,LGA,PIT
15187,WN 853,LGA,DEN
15188,YX 4573,LGA,PIT
15195,9E 4854,CVG,LGA
15206,9E 5112,MSP,JFK
15208,9E 5273,JFK,CVG
15216,YX 3403,ATL,EWR
15232,YX 3539,MSY,EWR
15234,DL 752,JFK,LAS
15241,DL 1744,LGA,FLL
15251,YX 3535,PIT,EWR
15266,9E 4905,LGA,SDF
15275,YX 5679,LGA,MCI
15282,WN 1798,DAL,LGA
15314,UA 1659,BOS,EWR
15319,UA 1127,FLL,EWR
15331,YX 3558,EWR,CHS
15334,YX 4961,LGA,EYW
15345,YX 3510,EWR,JAX
15348,DL 531,LGA,DFW
15356,YX 5764,LGA,IND
15360,YV 6081,LGA,IAH
15368,9E 5460,JFK,IAD
15374,WN 2483,BNA,LGA
15378,AA 2270,ORD,EWR
15379,YX 4657,IND,LGA
15384,G7 4609,GSP,EWR
15411,9E 5209,MKE,LGA
15415,UA 2067,RSW,EWR
15424,YX 5844,LGA,IND
15431,9E 4689,SAV,LGA
15454,UA 2454,EWR,RSW
15460,YX 3471,EWR,PVD
15470,WN 1430,LGA,STL
15471,WN 1692,LGA,DEN
15473,OO 4675,IAH,LGA
15474,YX 3503,EWR,RIC
15477,YX 5739,JFK,BUF
15478,G7 4609,SYR,EWR
15484,YX 3549,MYR,EWR
15485,YX 4761,ORF,JFK
15488,YV 6180,IAD,LGA
15490,YX 5861,CHS,JFK
15517,YX 5704,ORD,LGA
15521,WN 24,ATL,LGA
15527,AA 2382,LAS,JFK
15532,YX 5018,IAH,LGA
15533,DL 1377,JFK,MSY
15539,AA 1986,EWR,PHX
15545,UA 1457,ORD,EWR
15546,UA 2136,SRQ,EWR
15550,UA 441,MCO,EWR
15559,WN 1193,MDW,LGA
15560,YX 3546,MCI,EWR
15570,YX 3461,ORD,LGA
15581,UA 2184,MCO,EWR
15585,9E 5017,SYR,JFK
15586,G7 4405,EWR,DCA
15591,DL 1683,ANC,JFK
15602,YX 3462,CLT,EWR
15603,NK 224,MCO,EWR
15612,UA 2140,EWR,DFW
15619,YX 5841,LGA,BOS
15622,UA 2112,EWR,PHX
15628,9E 4846,CHS,JFK
15629,YX 5809,SYR,JFK
15645,G7 4166,EWR,RIC
15648,WN 3404,BNA,LGA
15655,WN 226,STL,LGA
15657,AA 2555,MIA,EWR
15666,YX 3575,EWR,ORD
15679,B6 1417,BOS,JFK
15683,DL 417,ATL,LGA
15684,UA 1164,EWR,BOS
15695,UA 1537,LAX,EWR
15697,B6 348,LAS,JFK
15707,DL 2400,MSP,JFK
15723,WN 651,LGA,DEN
15726,AA 439,EWR,MIA
15727,UA 272,EWR,CLT
15729,UA 2173,DEN,EWR
15735,G7 4391,CMH,EWR
15737,G7 4405,EWR,PWM
15741,DL 2769,ATL,EWR
15749,YX 3433,EWR,CLT
15751,YX 4596,EWR,ORD
15761,DL 2864,JFK,AUS
15766,B6 1629,EWR,RDU
15772,NK 2000,LGA,MYR
15776,NK 694,LAS,EWR
15777,UA 42,EWR,OGG
15778,UA 547,EWR,MTJ
15779,9E 4658,LGA,BNA
15782,UA 768,EWR,BOS
15795,YX 3501,EWR,JAX
15798,WN 4092,LGA,DAL
15799,UA 1660,RDU,EWR
15822,ZW 3967,IAD,LGA
15823,YX 5743,JFK,BNA
15833,G4 2691,EWR,VPS
15850,YX 5853,DTW,EWR
15851,YX 3550,EWR,BOS
15854,AA 799,LGA,DCA
15858,G7 4578,STL,EWR
15863,G7 4555,EWR,IND
15870,AA 2130,LGA,DCA
15879,YX 4572,LGA,GSO
15882,AA 842,BOS,JFK
15884,DL 2184,LGA,ATL
15887,DL 445,LGA,DFW
15904,YX 3493,EWR,BOS
15913,WN 5604,MDW,LGA
15916,G7 4444,EWR,PWM
15920,MQ 3688,ORD,EWR
15923,YX 3469,EWR,GRR
15926,UA 389,EWR,PWM
15927,G7 4410,CLE,EWR
15928,AA 480,CLT,LGA
15945,YX 3632,MKE,EWR
15952,UA 596,IAH,LGA
15971,UA 761,EWR,FLL
15974,YX 3687,SRQ,EWR
15975,9E 5107,CLE,LGA
15981,AA 1333,LGA,ORD
15983,WN 762,TPA,LGA
15984,YX 5004,LGA,DTW
16022,YX 3647,EWR,ORF
16032,WN 4368,LGA,BNA
16040,WN 4061,LGA,MDW
16049,G7 4488,EWR,RIC
16060,AA 435,RDU,LGA
16065,9E 5003,JFK,SYR
16077,WN 787,MDW,LGA
16084,DL 2219,MIA,JFK
16087,B6 232,LGA,BOS
16088,YX 5607,ORD,LGA
16092,9E 4948,JFK,CLT
16094,UA 1701,EWR,BOS
16098,DL 1623,EWR,ATL
16122,9E 4630,LGA,TYS
16139,G7 4416,EWR,BUF
16146,YX 4951,LGA,ORD
16153,9E 4697,JFK,CHS
16172,UA 1970,ORD,LGA
16173,AA 2588,JFK,DFW
16195,AS 454,LAX,EWR
16207,YX 4769,BOS,LGA
16209,DL 974,DEN,LGA
16211,YX 3651,PVD,EWR
16215,UA 1215,FLL,EWR
16228,DL 2932,MCO,LGA
16229,9E 5115,PIT,LGA
16249,WN 1548,HOU,LGA
16250,9E 5482,JFK,BNA
16254,UA 527,EWR,DTW
16277,YX 5594,LGA,PIT
16286,G4 2146,SAV,EWR
16290,AA 1560,LGA,MIA
16292,YX 5863,RDU,JFK
16294,UA 1424,EWR,SAN
16301,UA 1253,EWR,LAX
16305,AA 813,LGA,DCA
16306,G7 4416,BUF,EWR
16309,G7 4569,EWR,ACK
16310,YX 5746,JAX,LGA
16315,UA 1057,EWR,TPA
16317,UA 1997,EWR,DEN
16328,YX 3639,SDF,EWR
16331,DL 2549,ATL,EWR
16332,UA 1657,EWR,PBI
16333,UA 2181,EWR,LAS
16335,YX 4591,PIT,LGA
16336,DL 650,MCO,LGA
16345,YX 5738,DTW,EWR
16353,DL 549,PBI,LGA
16364,UA 279,EWR,IAH
16365,UA 639,EWR,SNA
16374,G4 2613,EWR,TYS
16377,DL 476,ORD,LGA
16378,G7 4448,EWR,RIC
16382,WN 1230,DEN,LGA
16384,YX 4926,JFK,PHL
16385,G7 4413,EWR,MYR
16393,G7 4558,EWR,ACK
16402,YX 3468,EWR,DTW
16406,DL 975,MSP,LGA
16416,G7 4484,EWR,RIC
16435,YX 5633,MSY,JFK
16436,YX 5011,ORD,EWR
16444,AA 28,JFK,LAX
16454,WN 1155,LGA,ATL
16474,G7 4517,EWR,CMH
16481,UA 739,EWR,ORD
16487,DL 937,DEN,JFK
16493,UA 295,EWR,IAD
16495,DL 2127,JFK,FLL
16496,UA 389,EWR,BOS
16497,YX 4672,JFK,PHL
16498,AA 1485,MIA,EWR
16501,G7 4527,IND,EWR
16503,YV 6065,IAH,LGA
16506,OO 4444,EWR,DTW
16507,DL 1387,TPA,LGA
16511,DL 548,TPA,LGA
16532,UA 1145,PBI,EWR
16535,UA 1651,TPA,EWR
16536,UA 1682,MSY,EWR
16547,WN 1921,LGA,ATL
16548,DL 691,ATL,JFK
16554,UA 639,PBI,EWR
16555,UA 756,LGA,ORD
16557,C5 4820,EWR,SYR
16559,WN 903,LGA,ATL
16562,YX 3574,LGA,IAD
16579,UA 304,EWR,IAH
16590,9E 4663,DTW,JFK
16591,UA 1537,EWR,AUS
16601,WN 3871,LGA,STL
16606,AA 2131,DCA,LGA
16609,YX 4414,EWR,PIT
16619,UA 1910,TPA,EWR
16624,YX 5759,LGA,CLT
16631,YX 4626,LGA,ORF
16640,UA 1662,EWR,FLL
16641,WN 5090,LGA,DEN
16644,YX 3700,EWR,IND
16649,YX 4862,LGA,ATL
16650,AA 1875,JFK,FLL
16653,YX 4791,ILM,LGA
16660,YX 3622,ORD,LGA
16661,UA 1792,LGA,IAH
16662,YX 3401,PIT,EWR
16667,9E 4801,PIT,JFK
16670,G7 4590,EWR,MHT
16673,YX 3658,IND,EWR
16689,YX 5782,LGA,BUF
16693,YX 4877,LGA,DTW
16710,YX 3511,EWR,PVD
16716,YV 6165,IAH,LGA
16721,G4 2423,EWR,GRR
16731,9E 5377,PIT,LGA
16745,WN 5507,LGA,STL
16760,YX 4645,LGA,EYW
16763,YX 3534,EWR,JAX
16765,UA 362,LGA,ORD
16772,UA 1531,EWR,TPA
16773,WN 5217,LGA,DAL
16798,UA 601,BOS,EWR
16803,OO 3115,EWR,ORD
16819,G7 4589,DCA,EWR
16828,UA 369,EWR,SFO
16838,G7 4495,EWR,PWM
16857,YX 4527,JFK,ORF
16873,YX 4532,PIT,LGA
16906,AA 1111,MIA,JFK
16923,YX 3596,EWR,EYW
16925,WN 1098,LGA,HOU
16927,G7 4188,EWR,DTW
16948,UA 1905,ORD,LGA
16966,YX 5592,JFK,JAX
16982,UA 471,ORD,EWR
16986,9E 5020,JFK,RIC
16987,9E 5725,MSY,JFK
16988,G7 4393,IAD,EWR
17011,G4 1325,CVG,EWR
17012,9E 5517,LGA,PIT
17015,AS 458,JFK,SFO
17034,UA 1909,SFO,EWR
17036,YX 5742,LGA,BNA
17039,YX 5722,CHS,LGA
17047,9E 4937,PIT,LGA
17060,UA 262,EWR,CLE
17062,AA 410,JFK,MIA
17066,WN 530,BWI,LGA
17067,G7 4550,MHT,EWR
17118,9E 4750,STL,LGA
17119,UA 1240,EWR,SRQ
17150,DL 2978,BNA,LGA
17160,YX 5674,ORD,JFK
17165,YX 3462,EWR,RIC
17169,YX 3433,EWR,BOS
17172,UA 437,FLL,EWR
17197,AA 1862,LGA,EGE
17198,UA 499,PHX,EWR
17199,AA 2940,LGA,DFW
17205,UA 352,MSY,EWR
17210,YX 3427,DFW,EWR
17211,9E 4982,CVG,JFK
17213,YX 3502,EWR,GSP
17215,DL 2503,LAX,JFK
17220,AA 2906,JFK,MIA
17222,UA 536,EWR,RSW
17224,YX 5729,LGA,MSY
17236,ZW 3813,LGA,IAD
17244,9E 5135,ROC,JFK
17245,WN 1252,BNA,LGA
17262,AA 2167,DCA,LGA
17272,YX 5756,JFK,CLT
17278,YX 3673,EWR,SDF
17283,9E 5206,BWI,JFK
17285,MQ 4160,MIA,EWR
17287,UA 1659,EWR,MSY
17288,YX 4532,RDU,JFK
17325,UA 2228,DTW,EWR
17332,G7 4423,EWR,SYR
17347,G7 4431,CVG,EWR
17361,9E 4923,SYR,JFK
17364,G7 4515,EWR,IND
17375,9E 5519,ROC,LGA
17383,DL 1075,DEN,LGA
17393,YX 5595,CLT,LGA
17397,YV 6232,LGA,IAH
17403,YX 4904,LGA,DTW
17404,UA 230,FLL,EWR
17409,UA 794,EWR,MIA
17415,WN 629,LGA,ATL
17444,UA 1294,EWR,SRQ
17447,DL 2171,LGA,ATL
17448,G7 4475,IAD,LGA
17465,WN 6831,STL,LGA
17467,YX 3594,DCA,EWR
17468,DL 2306,LGA,PBI
17473,9E 4896,RDU,LGA
17475,UA 1269,MCO,EWR
17482,AA 786,EWR,MIA
17485,9E 5347,LGA,PIT
17498,YX 5770,LGA,PIT
17500,YX 3426,EWR,SAV
17503,G7 4414,EWR,STL
17522,YX 3572,MKE,EWR
17526,DL 318,JFK,SAN
17527,9E 5028,RDU,EWR
17539,WN 1900,ATL,LGA
17547,DL 8795,JFK,LAS
17548,9E 5133,LGA,DSM
17563,G7 4595,EWR,ROC
17580,DL 659,AUS,JFK
17593,9E 4768,DTW,EWR
17598,DL 1752,DFW,LGA
17606,UA 2081,PBI,EWR
17638,YX 5594,LGA,BOS
17640,YX 4688,ORF,JFK
17641,YX 3516,EWR,DTW
17662,B6 2203,JFK,SJU
17669,MQ 3678,EWR,ORD
17676,B6 2823,JFK,LAX
17691,G7 4393,EWR,RIC
17695,AA 2360,MCO,LGA
17696,YX 5600,ORD,LGA
17703,YX 5660,JFK,SYR
17705,UA 1144,EWR,JAX
17710,YX 5728,BOS,LGA
17715,YX 3676,EWR,MYR
17725,YX 3695,EWR,BOS
17728,G4 1301,EWR,CVG
17742,UA 245,EWR,LAX
17747,YX 5786,LGA,CLT
17767,YX 5832,JFK,MVY
17770,9E 5317,MKE,LGA
17777,YX 5746,BOS,LGA
17795,DL 1177,TPA,LGA
17805,AA 1297,LGA,DCA
17812,B6 1602,JFK,BUF
17817,G7 4585,EWR,CVG
17819,UA 689,MCO,EWR
17826,G7 4572,RIC,EWR
17828,ZW 3823,LGA,IAD
17843,YX 5783,CHS,LGA
17847,YX 3639,CLE,EWR
17850,UA 687,EWR,MCO
17856,OO 5277,LGA,ORD
17869,DL 488,TPA,LGA
17873,WN 1107,DEN,LGA
17885,9E 4830,RDU,LGA
17889,YX 3503,BOS,EWR
17909,YX 3696,DTW,EWR
17919,9E 5199,JFK,BWI
17926,UA 254,EWR,FLL
17945,OO 5545,LGA,ORD
17949,OO 5551,IAH,LGA
17953,UA 298,EWR,MIA
17954,YX 4917,LGA,BOS
17956,YX 3492,MIA,EWR
17964,YX 3520,EWR,SAV
17966,UA 438,EWR,SEA
17976,G7 4410,STL,EWR
17983,YX 5621,ORD,LGA
17990,WN 2966,LGA,BNA
17992,9E 5381,LGA,BNA
18003,YX 3489,ROC,EWR
18012,DL 571,LGA,ATL
18019,AA 2773,ORD,LGA
18026,YX 5785,DCA,JFK
18050,DL 1378,EWR,SLC
18057,UA 624,EWR,MIA
18060,UA 1778,EWR,ORD
18073,WN 2524,LGA,ATL
18084,G7 4380,CVG,EWR
18085,WN 4932,TPA,LGA
18090,UA 442,DEN,LGA
18092,YX 3495,EWR,ORF
18111,YX 3453,EYW,EWR
18120,OO 5269,LGA,IAH
18121,YX 5016,ILM,LGA
18124,UA 758,IAD,LGA
18126,G7 4582,PVD,EWR
18130,B6 2256,DEN,LGA
18133,UA 2640,EWR,DEN
18134,WN 1087,LGA,DAL
18148,9E 5489,MEM,LGA
18151,WN 1235,MDW,LGA
18155,YX 3457,EWR,ATL
18156,G7 4403,SAV,EWR
18172,B6 139,SEA,JFK
18188,UA 1791,MCI,EWR
18194,UA 2187,MSY,EWR
18197,DL 781,ATL,LGA
18204,WN 4458,LGA,BNA
18208,WN 3853,HOU,LGA
18210,WN 3080,LGA,STL
18218,YX 3717,EWR,BUF
18225,YX 3692,GSO,EWR
18226,G7 4485,EWR,ROC
18238,AA 408,MIA,LGA
18240,WN 6264,MCO,LGA
18244,G7 4546,EWR,PWM
18246,UA 1643,LGA,DEN
18272,AA 1376,CLT,EWR
18282,DL 2929,RSW,LGA
18284,G7 4455,EWR,DCA
18289,YX 3417,PWM,EWR
18296,UA 752,EWR,LAX
18315,YX 3596,ORF,EWR
18322,UA 1098,LGA,DEN
18328,WN 2956,DAL,LGA
18333,9E 4766,STL,LGA
18338,YX 3450,EYW,EWR
18346,YX 3596,BOS,EWR
18349,9E 5420,LGA,BTV
18366,YX 5691,LGA,BNA
18379,DL 356,ORD,LGA
18381,G7 4444,DTW,EWR
18386,DL 1350,JFK,AUS
18396,YX 3519,EWR,DTW
18397,YX 5859,JFK,RDU
18398,WN 1102,LGA,MDW
18399,YX 4740,LGA,DTW
18413,DL 439,JFK,LAX
18415,YV 6242,LGA,IAD
18418,NK 1252,MCO,EWR
18419,G7 4388,EWR,BTV
18445,WN 525,LGA,DEN
18456,YX 3692,LGA,ORD
18474,AA 562,ORD,LGA
18476,9E 4844,CLT,JFK
18488,G7 4560,RIC,EWR
18504,YX 3668,RSW,EWR
18505,B6 571,LGA,FLL
18513,DL 614,JFK,STT
18534,UA 1419,SFO,EWR
18543,G7 4499,ROC,EWR
18545,UA 2673,ORD,LGA
18550,WN 1100,LGA,TPA
18557,B6 532,SEA,EWR
18559,YX 3699,ORD,LGA
18564,9E 4704,CLE,JFK
18579,G7 4565,CLT,EWR
18593,YX 4573,PIT,LGA
18596,DL 2469,TPA,JFK
18616,UA 1183,ORD,LGA
18625,UA 1780,EWR,MSP
18633,UA 1793,EWR,PBI
18641,WN 5419,LGA,DEN
18643,UA 1651,EWR,ORD
18653,YX 5771,LGA,CMH
18660,C5 4349,EWR,ROC
18662,YX 4589,ORD,LGA
18667,YX 3497,EWR,BUF
18698,WN 5034,LGA,MSY
18703,DL 1143,ATL,JFK
18720,G7 4459,EWR,PVD
18729,9E 5248,EWR,DTW
18734,UA 1987,RDU,EWR
18754,WN 2251,DAL,LGA
18756,AA 2088,LGA,RDU
18764,B6 1845,EWR,SAN
18775,UA 2204,EWR,CHS
18783,C5 4294,TVC,EWR
18788,NK 1400,MCO,EWR
18803,AS 1471,JFK,SEA
18809,C5 4322,EWR,ALB
18821,G7 4489,PWM,EWR
18825,G7 4558,STL,EWR
18828,YX 4972,ORD,LGA
18830,UA 1618,PBI,EWR
18833,9E 5493,LGA,BUF
18838,B6 2345,JFK,FCA
18862,WN 707,DAL,LGA
18869,9E 4702,RDU,LGA
18873,UA 652,EWR,DEN
18890,YX 5801,LGA,PIT
18899,DL 2494,BZN,JFK
18911,AA 398,MIA,EWR
18914,UA 1766,EWR,RSW
18915,YX 3512,EWR,IAD
18916,B6 1891,JFK,ACK
18933,YX 3420,EWR,AUS
18938,OO 5391,ORD,LGA
18951,UA 697,DFW,EWR
18952,YX 5737,LGA,RSW
18964,9E 5064,JFK,BGR
18965,WN 5948,ATL,LGA
18988,G7 4502,LGA,IAD
19013,YX 4513,MSP,LGA
19031,WN 2521,ATL,LGA
19042,G7 4456,EWR,BTV
19050,WN 1362,LGA,DEN
19051,WN 6198,MDW,LGA
19053,UA 1940,TPA,EWR
19058,9E 4717,PWM,LGA
19059,WN 1235,LGA,DEN
19061,YX 3409,IND,EWR
19071,AA 2166,DCA,LGA
19075,WN 1269,MDW,LGA
19082,UA 1734,IAH,EWR
19087,UA 284,EWR,RDU
19095,9E 4847,LGA,BUF
19101,UA 324,EWR,DEN
19112,AA 1398,JFK,STT
19124,YX 5839,CHS,LGA
19127,YX 3403,EWR,ORD
19135,9E 5112,ROC,LGA
19152,DL 456,ORD,LGA
19155,UA 642,SRQ,EWR
19162,YX 3633,GSO,EWR
19171,G7 4466,EWR,CVG
19176,YX 4652,LGA,BOS
19183,WN 680,DAL,LGA
19194,UA 511,BOS,EWR
19195,YX 4798,STL,LGA
19208,DL 1459,MSP,EWR
19214,B6 231,BOS,LGA
19215,9E 5030,LGA,SAV
19221,YX 3510,CMH,EWR
19233,YX 4732,BOS,LGA
19238,AA 2112,BNA,LGA
19266,YX 3496,EWR,PVD
19267,YX 3459,DTW,EWR
19277,9E 4982,JFK,CLE
19279,YX 5008,EYW,LGA
19283,YX 4835,LGA,CLE
19323,YX 3559,HHH,EWR
19325,UA 1997,TPA,EWR
19331,9E 4801,BNA,JFK
19358,DL 2997,ATL,EWR
19360,YX 3420,EWR,MCI
19367,YX 4946,ORD,LGA
19370,YX 3489,EWR,SDF
19377,AA 1450,ORD,LGA
19402,YX 3558,EWR,MCI
19403,UA 765,PBI,EWR
19404,OO 5614,ORD,LGA
19407,UA 741,EWR,CHS
19421,AA 1533,CLT,EWR
19444,YX 5658,JAX,LGA
19448,AA 834,LGA,ORD
19451,YX 3475,HHH,EWR
19453,9E 5071,SDF,LGA
19455,AA 1552,LGA,IAH
19456,WN 4992,LGA,MDW
19457,YX 5006,EWR,ORD
19469,UA 2032,EWR,PDX
19473,WN 5807,LGA,HOU
19474,YX 5714,LGA,PIT
19489,YX 5730,RDU,LGA
19497,UA 1795,MCO,EWR
19503,YX 3446,EWR,DFW
19514,YX 3547,EWR,ALB
19515,G7 4559,EWR,STL
19552,9E 5479,JFK,SYR
19555,UA 2233,CHS,EWR
19558,G4 681,EWR,CVG
19559,G7 4453,EWR,ROC
19561,DL 2672,LGA,MIA
19563,G7 4523,RIC,EWR
19568,G7 4591,STL,EWR
19575,UA 1665,PHX,EWR
19581,WN 498,BNA,LGA
19582,WN 695,MCO,LGA
19597,G7 4185,EWR,ORF
19599,DL 1298,MSP,JFK
19605,9E 5484,GSP,LGA
19625,YX 4651,JFK,PHL
19626,WN 1091,LGA,ATL
19630,UA 795,EWR,RSW
19640,DL 2090,JFK,TPA
19644,DL 525,LGA,ATL
19661,YX 3484,AUS,EWR
19663,9E 4744,CVG,LGA
19672,UA 495,EWR,IAD
19679,WN 6847,LGA,DAL
19685,YV 6075,LGA,IAH
19703,UA 1928,RDU,EWR
19706,YX 3693,CMH,EWR
19714,YX 4729,DCA,LGA
19717,DL 1525,DFW,JFK
19724,UA 593,EWR,MCO
19728,UA 360,EWR,ATL
19748,YX 5718,JAX,JFK
19749,UA 1880,EWR,MCO
19754,9E 4939,BGR,JFK
19766,UA 2669,EWR,BOS
19774,UA 673,LAX,EWR
19781,YX 5683,JFK,CHS
19796,YX 5658,JFK,BOS
19797,YX 5845,ROC,LGA
19812,G7 4540,CVG,EWR
19813,UA 445,DFW,EWR
19820,G7 4434,EWR,ORF
19825,YX 4981,PIT,LGA
19827,WN 6015,DEN,LGA
19830,YX 4961,EYW,LGA
19832,DL 2613,ORD,LGA
19833,UA 685,BOS,EWR
19845,9E 4763,GRR,LGA
19849,UA 1785,EWR,MIA
19851,YX 3450,EWR,BOS
19855,YX 3606,EWR,JAX
19864,YX 3684,EWR,DCA
19874,UA 1925,MIA,EWR
19905,G7 4440,BUF,EWR
19922,WN 3214,LGA,HOU
19923,YX 3447,EWR,PVD
19929,UA 1542,EWR,ORD
19931,UA 1217,EGE,EWR
19972,YX 5634,BOS,LGA
20004,YX 3425,EWR,MYR
20024,G7 4193,EWR,ROC
20037,WN 1128,LGA,DAL
20043,G7 4516,DTW,EWR
20061,WN 482,MCO,LGA
20062,WN 4196,DAL,LGA
20066,9E 4811,CLT,JFK
20068,YX 5636,BNA,LGA
20074,YX 5644,LGA,ORD
20079,DL 1201,DFW,JFK
20081,AA 1355,JFK,CLT
20083,YX 3501,ORD,LGA
20089,G7 4435,EWR,PIT
20101,YX 3412,EWR,BOS
20108,AA 2125,JFK,DCA
20126,AS 342,JFK,SAN
20136,WN 2144,HOU,LGA
20137,UA 1578,IAH,LGA
20152,YX 3538,EWR,ROC
20157,9E 5381,BNA,LGA
20161,G7 4583,EWR,BUF
20178,UA 1922,LGA,ORD
20185,OO 3823,MSP,EWR
20202,B6 2919,JFK,DTW
20203,UA 2324,EWR,MCO
20207,DL 391,ORD,LGA
20223,AA 2032,JFK,CLT
20237,UA 2626,EWR,ORD
20258,WN 4093,LGA,STL
20278,WN 2964,ATL,LGA
20281,YX 3691,CMH,EWR
20293,9E 5143,MYR,LGA
20312,G7 4606,MHT,EWR
20314,UA 601,EWR,MCO
20353,9E 4964,BUF,JFK
20356,YX 5730,LGA,RDU
20360,9E 4671,LGA,MKE
20364,DL 897,BZN,JFK
20373,UA 2671,EWR,CLE
20377,B6 136,ABQ,JFK
20379,UA 1687,IAH,LGA
20386,UA 242,EWR,RDU
20388,WN 2937,BNA,LGA
20395,AA 29,JFK,LAX
20397,YX 4632,PIT,LGA
20404,NK 629,EWR,MCO
20416,DL 2765,LGA,ATL
20423,WN 4284,LGA,MCI
20428,AA 1339,LGA,DFW
20430,YX 3519,EWR,ORD
20449,YX 3666,EWR,SDF
20453,WN 1300,LGA,HOU
20454,C5 4291,EWR,PQI
20463,YX 4587,LGA,ORD
20471,UA 2491,IAD,EWR
20489,G7 4403,LGA,IAD
20497,G7 4561,PIT,EWR
20498,WN 3557,STL,LGA
20499,UA 1904,EWR,CLE
20505,WN 5420,ATL,LGA
20511,WN 546,STL,LGA
20513,YX 3650,EWR,PIT
20515,YX 3443,EWR,DTW
20518,YX 3630,ORF,EWR
20520,UA 783,PDX,EWR
20551,YX 3435,BNA,EWR
20554,9E 5200,LGA,CLT
20558,UA 529,IND,EWR
20579,DL 522,JFK,SEA
20592,YX 3652,EWR,IND
20594,B6 531,BOS,LGA
20597,9E 5039,EWR,MSP
20599,AA 428,LGA,DFW
20644,WN 158,LGA,MDW
20651,YX 5610,JFK,JAX
20662,WN 3827,LGA,DEN
20666,YX 3421,BOS,EWR
20671,AA 2430,LGA,ORD
20676,WN 3609,LGA,BWI
20679,9E 4917,ILM,LGA
20696,G7 4528,PWM,EWR
20698,G7 4390,CLT,EWR
20705,YX 4788,BNA,LGA
20708,WN 4812,LGA,STL
20715,G7 4579,RIC,EWR
20723,UA 649,SRQ,EWR
20741,YX 4904,LGA,BNA
20753,YX 3464,EWR,DTW
20762,G7 4493,CMH,EWR
20772,UA 755,MCO,EWR
20799,YX 5728,LGA,CMH
20800,G7 4457,GRR,EWR
20826,UA 2339,EWR,SAT
20829,9E 5386,LGA,BUF
20842,YX 4738,MCI,LGA
20855,YX 5808,LGA,BOS
20886,B6 1088,SFO,JFK
20900,YX 5602,BOS,LGA
20901,B6 2340,JAX,LGA
20916,G7 4433,DTW,EWR
20922,DL 379,ATL,LGA
20926,C5 4257,EWR,SYR
20954,G7 4553,CVG,EWR
20957,YX 5807,LGA,SDF
20985,YX 3470,EWR,IND
20988,YX 5650,JFK,JAX
20991,UA 463,EWR,SNA
20996,DL 8788,ATL,JFK
21016,UA 1968,EWR,SRQ
21019,DL 2977,ATL,EWR
21031,YX 4527,ORF,JFK
21036,9E 5313,RDU,LGA
21040,YX 3482,EWR,BOS
21045,UA 1510,ORD,EWR
21049,9E 5064,PIT,LGA
21055,YV 6154,IAD,LGA
21056,UA 679,EWR,PHX
21065,WN 997,STL,LGA
21072,G4 1004,GRR,EWR
21089,WN 5703,DAL,LGA
21097,WN 776,MDW,LGA
21110,DL 1657,LGA,RDU
21121,G7 4583,PWM,EWR
21122,WN 1498,LGA,MDW
21140,DL 2759,MSP,LGA
21155,YX 4636,ATL,LGA
21170,YX 3447,DCA,EWR
21176,9E 4640,MEM,LGA
21185,YX 5756,CMH,LGA
21188,UA 1612,EWR,RDU
21192,OO 5394,ORD,LGA
21197,WN 3180,MCI,LGA
21213,9E 4919,PIT,LGA
21215,YX 5691,BOS,LGA
21222,YX 3437,EWR,RSW
21233,YX 3553,BNA,EWR
21235,NK 1312,EWR,FLL
21243,UA 1859,CLE,EWR
21259,WN 712,LGA,BNA
21265,UA 518,EWR,LAS
21269,UA 1824,EWR,DFW
21294,YX 3672,EWR,BTV
21297,AS 332,EWR,SFO
21323,UA 2031,EWR,CHS
21328,WN 1786,MDW,LGA
21334,DL 1441,LGA,ORD
21347,9E 5050,MEM,LGA
21354,UA 380,EWR,RSW
21355,YX 5680,LGA,PIT
21364,NK 1684,EWR,TPA
21376,WN 1170,MCO,LGA
21380,9E 5071,JFK,DTW
21381,YX 5666,JFK,IND
21391,YX 3532,EWR,PIT
21402,UA 1527,FLL,EWR
21428,AA 2271,LGA,MIA
21485,UA 2423,EWR,SAT
21486,9E 5398,LGA,CVG
21500,WN 607,ATL,LGA
21501,9E 4768,LGA,SYR
21502,WN 2195,LGA,DAL
21505,AA 576,JFK,MIA
21513,YX 3664,RAP,EWR
21519,UA 598,EWR,SAN
21523,G7 4405,DTW,EWR
21527,YX 5674,IND,LGA
21532,NK 2153,LGA,MCO
21539,YX 5718,LGA,CLE
21548,YX 5682,LGA,BNA
21558,DL 1481,ATL,LGA
21568,YX 3551,EWR,CVG
21569,9E 5015,LGA,SYR
21574,YX 3607,ALB,EWR
21576,UA 1854,EWR,SAN
21580,YX 5612,LGA,CLT
21594,WN 5884,LGA,DAL
21601,WN 2640,LGA,MDW
21602,G7 4532,RIC,EWR
21610,YX 3466,EWR,PWM
21613,YX 3706,ALB,EWR
21622,YX 5741,JFK,ROC
21642,DL 2122,JFK,DEN
21664,UA 2241,EWR,PBI
21665,G7 4411,EWR,PIT
21674,AA 2555,EWR,MIA
21676,YX 5648,JFK,ORD
21688,YX 3465,ATL,EWR
21689,AA 813,ORD,LGA
21697,YX 4640,LGA,ATL
21699,YX 4877,BWI,JFK
21711,G7 4567,EWR,RIC
21723,YX 5665,JFK,DCA
21728,G4 1309,EWR,CVG
21737,9E 5527,CVG,LGA
21741,DL 380,LGA,DFW
21743,UA 387,DFW,EWR
21751,YX 4501,LGA,PIT
21756,WN 5454,LGA,BWI
21759,B6 1005,JFK,PDX
21765,WN 4568,BNA,LGA
21768,AA 1944,FLL,JFK
21773,UA 1676,EWR,LAS
21781,G7 4465,EWR,PVD
21787,YX 4904,DTW,LGA
21800,UA 1820,EWR,ANC
21807,UA 785,EWR,BOS
21827,WN 1635,MDW,LGA
21832,UA 2105,EWR,IAH
21835,UA 1807,SFO,EWR
21848,UA 1185,LAX,EWR
21850,UA 2197,MIA,EWR
21857,9E 5457,MSN,LGA
21859,UA 658,AUS,EWR
21881,G7 4546,EWR,GSP
21890,YX 5013,LGA,DTW
21896,YX 4815,MSP,LGA
21920,UA 2191,MSY,EWR
21932,G7 4187,EWR,BUF
21933,WN 3055,LGA,MSY
21972,G7 4487,PVD,EWR
21993,9E 4973,LGA,CVG
22015,9E 4677,LGA,STL
22021,AA 1473,LGA,DFW
22031,YX 3468,RIC,EWR
22051,YX 3510,EWR,IAD
22073,WN 3040,LGA,MDW
22074,UA 1209,RSW,EWR
22078,AA 818,LGA,DCA
22079,WN 5837,MDW,LGA
22096,DL 752,LAS,JFK
22103,YX 4909,DTW,LGA
22126,G7 4383,DCA,EWR
22138,UA 1197,PHX,EWR
22151,NK 1253,EWR,MCO
22153,AA 1465,MIA,JFK
22159,WN 16,MDW,LGA
22166,UA 220,DEN,EWR
22177,YX 4621,BOS,JFK
22178,YX 5841,JFK,IAD
22195,NK 406,MYR,LGA
22198,UA 1094,IAH,LGA
22207,B6 1901,JFK,BQN
22224,YX 3629,DCA,EWR
22226,WN 3283,STL,LGA
22230,YX 3446,EWR,IND
22248,YX 3535,RDU,EWR
22251,DL 2969,JFK,MSY
22256,YV 6101,LGA,IAH
22259,YX 3424,BNA,EWR
22269,DL 2141,LGA,PBI
22287,YX 5855,LGA,BOS
22289,YX 5759,CLT,LGA
22299,G7 4516,RIC,EWR
22310,YX 3515,ORD,LGA
22313,WN 1384,LGA,STL
22326,UA 464,EWR,IAH
22331,WN 3978,LGA,BNA
22344,C5 4299,IAD,EWR
22384,G7 4446,DCA,EWR
22398,YX 3557,CMH,EWR
22404,G7 4419,CMH,EWR
22416,UA 1870,LGA,IAH
22417,9E 4937,JFK,SYR
22419,NK 2152,LAX,LGA
22421,WN 1428,LGA,MDW
22431,YX 3448,EWR,ATL
22433,YX 4609,VPS,LGA
22436,WN 1617,ATL,LGA
22442,DL 2354,ATL,LGA
22470,WN 416,LGA,MDW
22472,UA 782,EWR,SEA
22480,WN 4015,ATL,LGA
22489,UA 2157,RDU,EWR
22497,NK 191,EWR,RSW
22504,9E 4818,RDU,LGA
22507,AA 2156,PHX,EWR
22508,G7 4400,EWR,BTV
22518,YX 4708,IAH,LGA
22533,9E 5532,CLE,LGA
22542,OO 3727,MSP,EWR
22554,9E 4764,GSO,LGA
22559,UA 1796,FLL,EWR
22568,YX 3468,CHS,EWR
22573,B6 2502,JFK,BUF
22607,YX 5609,CHS,JFK
22619,YX 3643,SRQ,EWR
22647,WN 2603,LGA,DAL
22658,AA 1093,JFK,DCA
22659,NK 670,LGA,DFW
22678,G7 4427,EWR,SYR
22688,AA 1215,ORD,EWR
22695,G7 4466,GSO,EWR
22706,UA 756,IAH,LGA
22707,G4 2602,EWR,TYS
22708,WN 128,LGA,ATL
22716,UA 1533,PBI,EWR
22718,G7 4445,IND,EWR
22750,WN 4397,BNA,LGA
22770,AA 2123,LGA,DCA
22774,AA 1394,JFK,BOS
22780,9E 5420,BTV,LGA
22812,AA 1720,MIA,JFK
22818,YX 5754,JFK,SYR
22828,9E 4666,MKE,LGA
22831,9E 5069,LGA,RDU
22849,WN 2758,HOU,LGA
22866,B6 138,JFK,SEA
22868,G7 4422,EWR,RIC
22873,WN 2990,LGA,STL
22889,UA 1204,EWR,TPA
22892,WN 332,DEN,LGA
22906,UA 762,EWR,IAH
22909,DL 1181,IAH,LGA
22912,UA 1965,EWR,MSY
22921,WN 23,LGA,TPA
22933,YX 4560,ORF,LGA
22944,WN 1620,LGA,MDW
22954,AA 319,CLT,JFK
22955,YX 3679,EWR,AUS
22956,YX 5619,LGA,BNA
22969,UA 2082,FLL,EWR
22978,UA 1935,EWR,RSW
22985,G7 4424,DTW,EWR
22991,YX 4970,LGA,ROA
23009,YX 3604,ORF,EWR
23015,UA 1179,EWR,IAH
23019,B6 316,SFO,JFK
23020,YX 4793,LGA,BOS
23025,G7 4507,EWR,CLT
23045,YX 4663,JFK,RDU
23052,YX 5762,ORD,LGA
23056,YX 5720,RDU,LGA
23065,WN 2570,DAL,LGA
23068,NK 688,LGA,BNA
23072,YX 5790,IND,JFK
23107,DL 2422,MCO,JFK
23128,9E 4737,LGA,BTV
23141,YX 3533,EWR,RDU
23154,UA 2251,EWR,CLT
23166,G7 4486,EWR,CLT
23223,WN 2030,LGA,HOU
23249,9E 4851,JFK,BGR
23269,UA 529,LGA,ORD
23281,UA 720,LGA,DEN
23289,NK 1323,MCO,EWR
23290,AA 2741,ORD,LGA
23292,YX 4858,LGA,CVG
23299,AA 2024,BNA,LGA
23304,G7 4551,DCA,EWR
23310,YX 3704,RDU,EWR
23315,YX 3665,CLE,EWR
23326,OO 4027,EWR,MSP
23347,WN 5159,MDW,LGA
23357,UA 641,EWR,PHX
23363,YX 4974,ORD,LGA
23367,UA 347,MCO,EWR
23384,9E 4675,LGA,CLT
23414,YX 5628,MSY,JFK
23416,G7 4175,PWM,EWR
23434,YX 4606,LGA,SDF
23448,YX 3459,EWR,ORF
23459,DL 2357,JFK,DTW
23461,9E 5361,LGA,BUF
23481,WN 759,BNA,LGA
23483,YX 5640,ACK,LGA
23484,UA 2215,MSP,EWR
23494,AA 1240,DFW,EWR
23519,YX 5854,MSY,LGA
23526,G7 4426,DTW,EWR
23543,YX 3537,EWR,DFW
23544,UA 1403,LAS,EWR
23546,YX 3509,DTW,EWR
23559,AA 637,JFK,BOS
23560,AS 900,LAX,EWR
23568,YX 5624,LGA,CLE
23570,YX 3654,EWR,CLT
23571,9E 5296,LGA,BUF
23587,DL 2784,JFK,DTW
23590,AS 354,JFK,SFO
23591,DL 1513,LGA,TPA
23595,C5 4816,EWR,SYR
23599,C5 4817,EWR,CHS
23602,AA 2037,ORD,LGA
23603,YX 4735,DTW,LGA
23604,UA 1580,EWR,PBI
23610,YX 5670,EWR,DTW
23612,B6 2706,ATL,EWR
23626,9E 4723,RDU,JFK
23658,G7 4560,EWR,PWM
23664,YX 5790,CHS,JFK
23673,WN 1397,LGA,BNA
23688,UA 1969,EWR,PBI
23692,NK 803,FLL,LGA
23694,WN 2699,HOU,LGA
23695,UA 226,EWR,FLL
23721,YX 3718,BUF,EWR
23748,WN 1049,HOU,LGA
23802,UA 2059,LGA,IAH
23803,9E 5050,SYR,JFK
23816,YX 3426,EWR,JAX
23823,G7 4414,DCA,EWR
23825,9E 4916,MKE,LGA
23843,OO 5390,ORD,LGA
23854,YX 5016,LGA,ILM
23857,UA 2411,EWR,BOS
23858,YX 3518,EWR,EYW
23863,WN 241,LGA,DEN
23898,YX 4742,LGA,STL
23902,YX 4697,BWI,JFK
23913,YX 3513,EWR,ATL
23927,UA 2274,CLE,EWR
23928,UA 1280,EWR,IAH
23937,UA 1281,EWR,PHX
23956,YX 5752,ROC,JFK
23963,AA 2425,MIA,JFK
23971,YX 5592,SRQ,LGA
23976,YX 5801,PIT,LGA
23977,YX 3666,PWM,EWR
23980,UA 2091,IAD,EWR
23981,YX 4660,BNA,LGA
23982,9E 5493,ORD,JFK
24006,DL 2726,BOS,LGA
24020,DL 1722,LGA,MIA
24046,YX 5861,JFK,CHS
24068,YX 5842,LGA,SYR
24082,DL 2077,JFK,DFW
24096,G7 4390,EWR,BUF
24107,WN 1577,MCO,LGA
24111,YX 4755,LGA,GSO
24137,UA 1695,EWR,PBI
24182,YX 4872,LGA,ORD
24188,YX 3598,EWR,RDU
24208,WN 378,LGA,MDW
24237,YX 3713,EWR,DCA
24239,9E 4857,STL,LGA
24247,YX 5648,CHS,JFK
24256,9E 5604,LGA,ACK
24259,YX 3468,EWR,GRR
24260,AA 2944,IAH,LGA
24263,YX 3454,EWR,ORF
24294,OO 5308,ORD,LGA
24305,YX 3653,EWR,DCA
24314,UA 284,EWR,ORD
24334,YX 5698,CMH,LGA
24336,YX 4972,LGA,ORD
24350,9E 4711,LGA,CLT
24359,9E 5247,JFK,RDU
24360,9E 5491,LGA,CHS
24378,UA 282,EWR,LAS
24405,G7 4387,DCA,EWR
24408,B6 2741,JFK,BOI
24451,YX 4832,LGA,CHO
24460,UA 1448,IAD,EWR
24464,YX 3431,BOS,EWR
24466,WN 1311,TPA,LGA
24481,YX 5820,EWR,DTW
24491,YX 5851,LGA,MSN
24494,UA 2476,EWR,TPA
24498,UA 1743,EWR,ORD
24518,9E 4922,CLE,LGA
24520,AS 17,SFO,JFK
24531,UA 2434,SRQ,EWR
24532,WN 5538,ATL,LGA
24594,YX 5856,LGA,SYR
24604,YX 3560,EWR,RDU
24632,DL 2858,LGA,RDU
24633,9E 4722,LGA,MYR
24640,YX 5619,BNA,LGA
24680,WN 3151,ATL,LGA
24690,UA 438,EWR,SFO
24700,WN 6087,LGA,DAL
24713,9E 5310,BGR,LGA
24715,YX 3456,EWR,AUS
24724,OO 3922,EWR,DTW
24728,G7 4591,DCA,EWR
24739,G7 4597,EWR,IND
24756,G7 4612,EWR,IND
24784,UA 779,EWR,ORD
24785,DL 2520,LGA,MCO
24788,YX 3417,CMH,EWR
24789,DL 812,JFK,MCO
24796,G4 1902,VPS,EWR
24800,YX 5826,MSY,JFK
24809,AS 900,JFK,SAN
24820,NK 1197,MYR,LGA
24841,AA 1160,JFK,CLT
24856,WN 4438,DEN,LGA
24861,9E 5456,SYR,LGA
24879,YX 5694,LGA,ORD
24888,YX 4683,STL,LGA
24892,G7 4444,CVG,EWR
24895,UA 1591,JAX,EWR
24903,9E 5527,LGA,CVG
24906,YX 3533,MYR,EWR
24914,AA 871,JFK,MIA
24916,UA 1270,MIA,EWR
24928,UA 662,EWR,TPA
24939,UA 2263,EWR,DFW
24961,YX 5634,CLT,JFK
24966,G4 673,CVG,EWR
24974,DL 1243,DFW,LGA
24993,G7 4406,CLT,EWR
25008,UA 1187,MCO,EWR
25010,UA 1812,EWR,SRQ
25024,NK 192,RSW,EWR
25034,9E 4724,LGA,BGR
25044,G7 4574,IAD,LGA
25049,YX 3603,EWR,BUF
25054,UA 1728,BOS,EWR
25068,WN 5265,STL,LGA
25090,YX 4775,ATL,LGA
25098,G7 4605,ROC,EWR
25103,YX 5615,ROC,JFK
25106,9E 5291,CVG,LGA
25117,UA 1494,ORD,EWR
25118,YX 3695,BTV,EWR
25135,YX 5721,EWR,DTW
25170,YX 4968,LGA,IAH
25178,UA 720,EWR,BOS
25204,B6 564,JAX,EWR
25212,YX 3716,CVG,EWR
25214,AA 2899,JFK,MIA
25227,YX 5691,RDU,JFK
25234,YX 5816,JFK,RDU
25239,9E 5533,BUF,LGA
25260,9E 4969,PIT,JFK
25263,G7 4613,IAD,LGA
25276,YX 4500,LGA,ATL
25277,UA 1857,LAS,EWR
25282,9E 5102,MYR,LGA
25325,UA 1434,EWR,SAN
25327,YX 3517,EWR,ORD
25328,9E 5365,LGA,CVG
25347,YX 5698,LGA,BOS
25363,UA 1472,EWR,MTJ
25372,UA 1796,EWR,BOS
25378,DL 2335,MCO,JFK
25381,UA 788,EWR,IAH
25386,UA 582,IAD,LGA
25416,9E 5214,JFK,BWI
25419,UA 307,EWR,MSP
25425,WN 1678,LGA,MCI
25455,G7 4534,CLE,EWR
25457,WN 2639,LGA,TPA
25469,NK 1360,LAS,EWR
25480,NK 3551,IAH,EWR
25500,UA 1631,JAX,EWR
25506,UA 645,DFW,EWR
25510,G7 4485,BUF,EWR
25515,UA 561,FLL,EWR
25530,YX 3708,EWR,STL
25541,YV 6348,LGA,IAH
25549,OO 4688,LGA,ORD
25552,G7 4459,EWR,STL
25569,UA 322,EWR,FLL
25600,9E 4822,CHS,JFK
25604,YX 5854,LGA,MSY
25622,DL 837,JFK,SLC
25654,AA 319,LGA,ORD
25655,YX 3503,EWR,JAX
25683,UA 2487,DEN,EWR
25706,9E 5356,LGA,BTV
25726,YX 5767,LGA,BNA
25731,YX 4606,SDF,LGA
25732,DL 329,SAN,JFK
25746,AA 2025,DCA,LGA
25747,WN 4965,LGA,STL
25750,UA 355,CLE,EWR
25752,WN 4399,DEN,LGA
25757,UA 1584,IAH,LGA
25763,UA 1770,EWR,MCO
25773,YX 5827,LGA,SDF
25774,G7 4407,EWR,DCA
25777,AA 1580,JFK,MIA
25778,YX 4734,JFK,RDU
25779,9E 5231,CLE,LGA
25780,YX 4754,RDU,LGA
25781,WN 2490,BNA,LGA
25784,WN 2222,TPA,LGA
25789,YX 3620,EWR,PIT
25801,9E 5428,LGA,GRR
25830,YX 5628,LGA,RSW
25837,YX 5704,LGA,MYR
25845,G4 2148,SAV,EWR
25862,WN 5331,LGA,ATL
25867,AA 1445,LGA,DFW
25882,9E 5209,LGA,MKE
25885,UA 2322,SRQ,EWR
25916,AA 1291,LGA,BNA
25932,WN 2969,ATL,LGA
25948,UA 2335,EWR,SFO
25954,AA 1607,SAT,JFK
25964,WN 1785,MDW,LGA
25968,9E 4917,GSO,LGA
26019,OO 3509,EWR,MSP
26056,YX 3588,EWR,MSN
26066,B6 2129,JFK,RSW
26079,UA 1178,EWR,PHX
26095,UA 594,EWR,SAT
26103,UA 1517,MCO,EWR
26109,YX 4940,LGA,ILM
26150,9E 5537,CLT,JFK
26151,YX 4638,ILM,LGA
26152,DL 2484,LGA,RSW
26156,WN 2163,LGA,DAL
26166,DL 2212,LGA,ORD
26168,YX 4910,LGA,ORD
26209,DL 1134,LGA,DFW
26214,YX 5848,PIT,JFK
26252,DL 807,JFK,DTW
26256,9E 5280,LGA,CHS
26266,UA 286,MIA,EWR
26268,YX 3431,EWR,BNA
26272,YX 3410,DFW,EWR
26286,YX 4671,RIC,JFK
26305,YX 3462,EWR,ALB
26308,G7 4585,RIC,EWR
26360,YX 4543,CLE,JFK
26363,G7 4597,BUF,EWR
26430,WN 2700,DAL,LGA
26482,UA 1862,ORD,LGA
26494,9E 5329,LGA,MEM
26497,UA 1990,EWR,IAD
26501,9E 4875,LGA,RDU
26536,C5 4287,EWR,SYR
26546,B6 1377,MVY,EWR
26558,B6 211,EWR,RSW
26577,DL 2861,EWR,ATL
26581,WN 6747,LGA,STL
26598,UA 1449,EWR,IAH
26621,UA 1008,MSY,EWR
26625,WN 1492,TPA,LGA
26643,YX 4590,PIT,LGA
26644,WN 2911,BNA,LGA
26657,YX 5721,CLT,LGA
26662,UA 630,EWR,SAV
26672,UA 1904,MIA,EWR
26681,G7 4549,PQI,EWR
26688,YX 5662,BNA,LGA
26721,9E 4705,LGA,GRR
26753,G7 4564,GSP,EWR
26767,YX 3468,EWR,BNA
26768,WN 4931,LGA,ATL
26773,UA 653,LGA,ORD
26781,YX 5775,MCI,LGA
26807,DL 541,LGA,MCO
26812,OO 3587,EWR,DTW
26829,AS 460,PDX,JFK
26830,YX 3577,ORF,EWR
26835,NK 2166,LGA,FLL
26841,UA 296,EWR,DEN
26851,G7 4529,EWR,STL
26857,UA 554,EWR,DFW
26861,UA 309,EWR,PBI
26891,AA 796,LGA,DCA
26911,DL 1716,BOS,JFK
26926,DL 1494,JFK,LAX
26930,AA 1339,JFK,MIA
26943,YX 3531,EWR,SAV
26952,YX 4686,RDU,JFK
26984,UA 1274,MIA,EWR
27013,YX 3544,MYR,EWR
27031,YX 3640,EWR,DCA
27042,UA 286,AUS,EWR
27046,YX 5664,LGA,CMH
27052,DL 2982,EWR,ATL
27056,9E 5305,LGA,PIT
27092,YX 5778,MSY,LGA
27098,YX 4940,ILM,LGA
27101,YX 3471,EWR,BOS
27113,WN 3510,LGA,TPA
27116,AA 519,LGA,CLT
27122,WN 163,DAL,LGA
27124,YX 4769,LGA,DCA
27139,G7 4588,EWR,DCA
27148,UA 233,EWR,MCO
27154,YX 3499,EWR,CHS
27155,AS 225,JFK,SEA
27161,YX 3610,EWR,BUF
27172,UA 543,EWR,SNA
27182,UA 2038,EWR,DFW
27199,AA 237,JFK,LAX
27212,YX 5622,BNA,LGA
27215,YX 5827,RSW,LGA
27285,YX 5682,SYR,LGA
27286,UA 2322,DFW,EWR
27343,WN 5969,STL,LGA
27350,YX 3436,EWR,JAX
27363,UA 445,EWR,LAS
27371,DL 1140,JFK,FLL
27374,YX 4627,ORF,LGA
27376,AA 2114,MIA,LGA
27392,WN 5913,MCO,LGA
27410,YX 5617,JFK,CLT
27429,YX 3473,EWR,PWM
27454,YX 3639,SRQ,EWR
27497,UA 1523,EWR,SEA
27511,YX 3579,MYR,EWR
27516,UA 1178,SNA,EWR
27524,WN 6066,LGA,MDW
27549,G7 4441,EWR,GSO
27552,WN 2040,ATL,LGA
27562,B6 2080,EWR,BOS
27578,9E 4736,RDU,LGA
27589,UA 308,EWR,RSW
27590,G7 4558,BUF,EWR
27629,YX 3682,EWR,PVD
27654,YX 4589,LGA,ORD
27656,WN 4514,LGA,MDW
27659,WN 1092,LGA,MDW
27660,DL 2511,ATL,LGA
27669,AA 1274,LGA,ORD
27692,UA 1191,EWR,PBI
27703,AA 1825,PHX,JFK
27719,WN 3934,MSY,LGA
27734,UA 1027,LAS,EWR
27755,YX 3432,EWR,BNA
27762,WN 4804,ATL,LGA
27770,G7 4384,EWR,STL
27786,G7 4595,EWR,BGR
27792,G7 4399,BUF,EWR
27799,G7 4551,EWR,ORF
27809,MQ 3688,EWR,ORD
27814,YX 4645,MCI,LGA
27870,WN 6257,STL,LGA
27896,WN 17,LGA,DAL
27900,WN 2678,LGA,TPA
27907,YX 5739,SRQ,LGA
27918,G7 4463,GSO,EWR
27929,9E 4638,RIC,LGA
28005,UA 1997,EWR,MSY
28023,G7 4380,ACK,EWR
28044,WN 5991,BWI,LGA
28049,WN 3836,MDW,LGA
28052,9E 4675,ORD,JFK
28056,DL 2015,ATL,LGA
28058,UA 457,CLT,EWR
28071,YX 3561,EYW,EWR
28080,AA 1017,LGA,ORD
28088,YX 3544,EWR,CHS
28121,YX 5623,BNA,JFK
28132,DL 1441,ORD,LGA
28169,YX 5661,LGA,CLT
28187,UA 1537,EWR,TPA
28191,NK 3153,MIA,LGA
28196,G7 4467,EWR,DCA
28217,C5 4274,EWR,BNA
28219,UA 1006,EWR,MCI
28252,B6 1501,BUF,JFK
28266,YX 3548,PVD,EWR
28271,UA 1058,ORD,LGA
28288,WN 3483,DAL,LGA
28311,WN 2280,LGA,BNA
28312,G4 2601,TYS,EWR
28316,WN 3814,MDW,LGA
28342,YX 3445,EWR,SAV
28367,AA 2211,CLT,JFK
28374,YX 4611,LGA,RIC
28383,9E 5377,LGA,PIT
28419,9E 5068,BGR,JFK
28422,WN 2377,TPA,LGA
28438,YX 3684,EWR,IAD
28456,G7 4515,EWR,PQI
28474,G7 4579,EWR,DTW
28490,DL 319,JFK,SEA
28493,DL 2731,MIA,LGA
28523,WN 2949,DAL,LGA
28554,WN 5883,HOU,LGA
28586,YX 5776,CMH,LGA
28597,YX 5671,LGA,CHS
28604,G7 4432,CLT,EWR
28608,YX 3525,EWR,DTW
28631,AA 2879,JFK,MIA
28633,YX 3424,EWR,SRQ
28638,G7 4543,PVD,EWR
28643,WN 5481,LGA,MSY
28658,WN 6222,BNA,LGA
28667,9E 4635,MSP,LGA
28670,G7 4438,EWR,GSO
28679,DL 1391,EWR,MSP
28700,AA 794,JFK,MIA
28726,YX 5600,LGA,ORD
28771,UA 2267,EWR,AUS
28791,B6 1621,JFK,AUS
28792,UA 783,ORD,LGA
28819,UA 2389,SRQ,EWR
28832,9E 4844,JFK,CLT
28845,AA 1607,JFK,SAT
28863,OO 5611,LGA,ORD
28893,DL 1231,ATL,JFK
28895,YX 4756,LGA,GSO
28900,YX 5843,LGA,RIC
28905,YX 4932,LGA,CMH
28941,UA 421,LAX,EWR
28979,YX 4598,LGA,MIA
28997,YX 3717,DCA,EWR
29018,9E 4635,BNA,LGA
29029,YX 4554,CHO,LGA
29033,DL 2685,DTW,JFK
29037,YX 3636,DCA,EWR
29047,YX 4743,STL,LGA
29058,9E 4763,CLT,LGA
29059,YX 4656,PIT,LGA
29081,OO 5602,LGA,ORD
29104,YV 6109,LGA,IAH
29110,WN 4356,LGA,MSY
29118,9E 4949,PWM,LGA
29124,9E 4877,JFK,CHS
29137,YX 5841,JAX,JFK
29139,YX 3657,EWR,AUS
29143,UA 1876,EWR,DTW
29148,G7 4576,PWM,EWR
29151,WN 2702,LGA,STL
29160,DL 2336,RDU,LGA
29170,YX 3491,EWR,PIT
29186,YX 3442,STL,EWR
29223,G7 4516,EWR,PIT
29249,G7 4511,GSO,EWR
29256,WN 1465,ATL,LGA
29277,UA 421,EWR,DEN
29289,UA 1064,PBI,EWR
29320,DL 2973,DTW,EWR
29330,UA 518,DTW,EWR
29346,YX 3640,EWR,MKE
29373,9E 4738,LGA,RIC
29384,G7 4426,EWR,IND
29398,UA 2029,EWR,BOS
29400,YX 5602,LGA,RSW
29409,YX 3600,BUF,EWR
29415,YX 3503,ORF,EWR
29457,YX 4980,ILM,LGA
29462,UA 322,EWR,SFO
29469,G7 4534,PVD,EWR
29473,G7 4436,EWR,CMH
29496,YX 3479,EWR,MSY
29518,UA 668,EWR,SNA
29523,OO 3539,EWR,MSP
29528,UA 286,EWR,DEN
29540,WN 5518,MDW,LGA
29573,YX 3649,EWR,BOS
29580,9E 4758,EWR,CVG
29585,YX 4706,LGA,BOS
29609,YX 5739,LGA,SRQ
29639,UA 524,EWR,MSY
29648,YV 6038,IAH,LGA
29670,C5 4351,EWR,ROC
29680,YV 6199,LGA,IAD
29687,YX 3474,EWR,CMH
29692,G7 4598,EWR,ROC
29717,YX 4834,LGA,ILM
29759,YX 3688,BUF,EWR
29775,9E 5032,JFK,CLT
29786,G7 4165,BTV,EWR
29791,YX 5631,LGA,SRQ
29798,WN 3433,LGA,BNA
29821,9E 5488,RIC,JFK
29838,9E 5052,LGA,CHO
29851,WN 4371,DEN,LGA
29877,UA 1104,EWR,FLL
29895,YX 4885,LGA,ATL
29898,9E 4981,BWI,JFK
29899,B6 2266,SJU,JFK
29900,AA 1120,LGA,STL
29910,9E 4826,LGA,STL
29922,YX 5602,LGA,SRQ
29923,UA 436,EWR,ORD
29941,YX 5832,BOS,LGA
29945,WN 4168,ATL,LGA
29947,YX 3688,CMH,EWR
29961,YX 5629,LGA,RIC
29976,WN 2940,MDW,LGA
29980,UA 2492,EWR,CHS
29989,YX 5839,LGA,PIT
30001,DL 1737,JFK,MSP
30018,DL 370,LGA,DFW
30035,UA 2323,EWR,BNA
30048,YX 4796,CVG,LGA
30050,UA 589,EWR,ORD
30058,UA 1673,CLE,EWR
30069,9E 4721,BNA,LGA
30094,YX 4557,LGA,CMH
30096,DL 657,SAN,JFK
30098,YV 6282,IAH,LGA
30107,9E 5228,EWR,CVG
30108,9E 4683,JFK,BUF
30109,9E 4785,LGA,BUF
30110,YX 4627,LGA,ORF
30114,YX 5759,JFK,PIT
30147,UA 2327,EWR,FLL
30151,YX 5596,EYW,LGA
30153,UA 564,PHX,EWR
30156,YX 4643,ATL,LGA
30165,WN 2913,BNA,LGA
30176,UA 2112,RDU,EWR
30190,UA 2325,EWR,SNA
30193,AA 2259,LGA,RDU
30207,9E 5435,RDU,LGA
30214,G7 4391,EWR,CLT
30223,WN 669,DEN,LGA
30224,9E 5309,MEM,LGA
30232,9E 4942,LGA,BGR
30235,WN 1213,LGA,ATL
30243,YX 4672,CLE,LGA
30245,DL 925,DFW,JFK
30247,YX 5747,RDU,LGA
30249,OO 5222,LGA,ORD
30250,YX 3678,LGA,IAD
30267,UA 657,JAX,EWR
30268,YX 4922,SDF,LGA
30320,B6 532,LGA,BOS
30350,YX 4637,CMH,LGA
30355,YX 3589,EWR,BNA
30411,UA 1747,EWR,IAD
30415,WN 3495,STL,LGA
30448,YX 4900,CMH,LGA
30455,9E 4763,LGA,CLT
30457,YX 5652,BUF,JFK
30483,YX 3539,BNA,EWR
30501,G7 4417,GRR,EWR
30509,YX 4833,LGA,MEM
30511,9E 5061,LGA,RIC
30524,9E 4835,SYR,LGA
30527,YX 4542,BWI,JFK
30565,YX 3612,EWR,CHS
30575,UA 746,EWR,CLE
30596,YX 5643,BNA,LGA
30611,AA 1869,MIA,JFK
30613,DL 1066,JFK,AUS
30614,9E 4983,CVG,LGA
30631,AA 115,JFK,LAX
30650,WN 5155,LGA,MCO
30665,UA 2479,ATL,EWR
30671,G7 4517,EWR,DCA
30672,DL 2550,LGA,ORD
30673,WN 1787,LGA,MDW
30713,WN 5061,MDW,LGA
30734,G7 4500,EWR,CLT
30748,UA 772,EWR,ATL
30812,WN 3932,LGA,MCI
30850,AA 332,LGA,MIA
30888,WN 158,HOU,LGA
30896,UA 334,FLL,EWR
30904,YX 3454,MCI,EWR
30914,WN 3989,LGA,MCO
30926,WN 3673,DEN,LGA
30942,G7 4412,IND,EWR
30955,YX 4949,ORD,LGA
30974,AA 1121,DCA,LGA
30983,WN 3466,DEN,LGA
30984,DL 2730,LGA,DFW
30997,WN 1012,STL,LGA
31015,YX 4701,ATL,LGA
31028,YX 3560,PIT,EWR
31046,UA 421,LGA,DEN
31049,WN 942,BNA,LGA
31054,UA 2081,EWR,PHX
31056,UA 1865,MSY,EWR
31078,WN 2164,DAL,LGA
31100,WN 187,MDW,LGA
31101,YX 3572,EWR,JAX
31105,9E 4798,DTW,EWR
31121,WN 1040,LGA,BNA
31126,YX 3521,EWR,EYW
31161,9E 5514,MKE,LGA
31162,WN 2378,DAL,LGA
31170,UA 785,LGA,IAD
31194,UA 395,EWR,SFO
31195,WN 1529,ATL,LGA
31303,DL 2103,DFW,JFK
31338,YX 5756,LGA,BOS
31342,G7 4556,PVD,EWR
31367,WN 3867,LGA,MDW
31377,G7 4511,PVD,EWR
31383,YX 3607,EWR,AUS
31394,DL 1249,SFO,JFK
31398,UA 393,LGA,ORD
31437,9E 4704,MSN,LGA
31443,YX 4888,CVG,JFK
31454,AA 374,MIA,LGA
31455,WN 3074,LGA,BNA
31456,AA 1358,CLT,EWR
31464,G7 4430,EWR,PIT
31467,UA 1928,LAX,EWR
31494,G7 4381,BUF,EWR
31504,WN 855,DAL,LGA
31513,C5 4823,ORF,EWR
31530,9E 4931,EWR,CVG
31557,WN 765,LGA,TPA
31565,YX 3578,EWR,GSP
31605,YX 3582,EWR,ATL
31617,9E 4720,BOS,JFK
31619,UA 2613,TPA,EWR
31622,DL 416,ATL,LGA
31626,DL 2056,EWR,SLC
31630,OO 4729,ORD,LGA
31643,UA 1215,EWR,MCO
31651,UA 659,EWR,PBI
31655,YX 4729,LGA,STL
31656,UA 550,EWR,ORF
31659,YX 5809,BUF,LGA
31680,AA 2939,MTJ,LGA
31708,C5 4852,GRR,EWR
31722,AA 794,LGA,MIA
31743,AA 1993,MIA,LGA
31746,UA 548,BNA,EWR
31749,WN 5032,LGA,BWI
31754,YX 4955,MIA,LGA
31767,UA 2163,EWR,CLT
31771,G7 4515,CLT,EWR
31807,AA 2150,LGA,RDU
31809,UA 286,EWR,FLL
31820,DL 1642,JFK,JAX
31821,AA 1618,EGE,LGA
31831,DL 1473,PBI,LGA
31842,YX 3414,EWR,MSN
31853,DL 1059,PBI,LGA
31861,9E 4750,LGA,SYR
31868,UA 1277,IAH,EWR
31877,UA 1925,EWR,TPA
31895,UA 1703,TPA,EWR
31944,YX 5781,CLE,LGA
31963,UA 2051,CMH,EWR
31968,UA 1653,BNA,EWR
31971,UA 1615,IAH,EWR
31993,YX 5618,LGA,SYR
32001,9E 4756,SYR,LGA
32003,WN 6015,LGA,BNA
32063,UA 2367,MSY,EWR
32067,YX 5783,PIT,LGA
32084,YX 4688,JFK,PHL
32094,YX 3570,EWR,DCA
32138,UA 248,EWR,JAC
32164,G4 412,EWR,AVL
32175,AA 2123,DCA,JFK
32237,YX 4729,LGA,MYR
32238,UA 1030,IAH,LGA
32249,YX 3426,XNA,EWR
32279,UA 778,EWR,MSY
32287,G7 4418,DTW,EWR
32315,YX 3711,EWR,CMH
32322,G7 4447,CLT,EWR
32330,YX 5863,IND,LGA
32348,B6 2784,MCO,JFK
32355,9E 4942,RDU,JFK
32357,G7 4490,IND,EWR
32378,UA 1030,FLL,EWR
32430,UA 2378,EWR,BNA
32437,YX 5604,LGA,SYR
32457,WN 4103,LGA,ATL
32460,WN 4203,TPA,LGA
32474,YX 3634,EWR,DTW
32481,UA 1919,SFO,EWR
32505,WN 247,MDW,LGA
32516,WN 6198,LGA,DEN
32554,AA 2750,DCA,LGA
32576,YX 3662,EWR,SAV
32577,G7 4606,CLE,EWR
32580,UA 779,EWR,ATL
32586,UA 587,IAD,LGA
32600,G7 4587,SYR,EWR
32622,9E 5356,RIC,JFK
32633,UA 1458,LGA,MCO
32642,YX 4663,LGA,MIA
32706,YX 5842,LGA,IND
32725,YX 5658,HHH,LGA
32748,YX 3528,EWR,DTW
32764,C5 4314,SYR,EWR
32774,DL 1010,LGA,DEN
32834,9E 4675,BNA,JFK
32863,UA 1975,EWR,SEA
32872,YX 3507,MKE,EWR
32876,9E 4885,LGA,BNA
32887,UA 1082,EWR,MIA
32890,YX 4792,LGA,ILM
32906,WN 5047,LGA,STL
32932,YX 5676,CHS,JFK
32996,YX 4939,PHL,JFK
33007,AA 2150,BOS,LGA
33020,YX 4683,LGA,CLE
33026,B6 106,BOS,JFK
33053,G7 4617,EWR,BUF
33086,G7 4452,EWR,STL
33089,WN 4083,ATL,LGA
33093,UA 498,AUS,EWR
33110,DL 2831,BNA,LGA
33123,YX 5622,CHS,LGA
33143,9E 4983,CVG,EWR
33144,WN 521,MDW,LGA
33166,WN 5874,LGA,MDW
33167,9E 5476,LGA,PIT
33182,B6 2880,EWR,BOS
33204,UA 635,EWR,PBI
33213,UA 1241,RDU,EWR
33217,AA 347,DFW,JFK
33257,YX 5661,LGA,OMA
33259,YX 3420,EWR,PVD
33265,YX 3697,EWR,IND
33293,YX 3409,CHS,EWR
33295,YX 3690,EWR,MYR
33301,YX 3682,EWR,CVG
33306,YX 5820,PIT,LGA
33308,WN 1504,LGA,MCO
33312,OO 3799,MSP,EWR
33348,UA 214,ATL,EWR
33361,AA 794,LGA,DCA
33393,AA 345,LGA,ORD
33399,UA 265,EWR,MCO
33453,G7 4601,PWM,EWR
33462,DL 1459,EWR,MSP
33488,YX 5843,LGA,BNA
33502,YX 5631,SRQ,LGA
33504,9E 5023,BTV,JFK
33510,YX 5017,GSO,LGA
33516,9E 5033,ORF,LGA
33544,YX 3438,EWR,ORF
33561,YX 4837,LGA,RDU
33565,G7 4582,DTW,EWR
33568,UA 1261,ATL,EWR
33587,9E 4943,ORD,JFK
33604,DL 404,ORD,LGA
33618,WN 845,DEN,LGA
33652,YX 3703,EWR,DCA
33677,UA 2494,RDU,EWR
33680,UA 2436,EWR,IAD
33687,YX 3487,EWR,ORF
33690,YX 5685,JFK,RDU
33729,WN 680,LGA,MCO
33735,YX 5724,JFK,BOS
33786,UA 1068,SRQ,EWR
33798,9E 5197,LGA,RDU
33887,YV 6090,LGA,IAD
33900,DL 2728,MIA,LGA
33932,YX 4781,JFK,DCA
33934,YX 3610,EWR,IAD
33939,AS 10,JFK,SFO
33953,WN 530,LGA,HOU
33962,UA 795,EWR,DTW
33988,YX 3432,EWR,MCI
33999,UA 1148,EWR,MCO
34021,AS 394,JFK,SAN
34034,YX 5629,LGA,MSY
34040,YX 3424,EWR,JAX
34063,WN 2632,LGA,DAL
34074,YX 3718,SAV,EWR
34086,YX 5845,DCA,JFK
34090,YX 5644,JFK,CMH
34097,YX 4552,DCA,JFK
34099,UA 1966,EWR,BNA
34104,G7 4176,CLT,EWR
34110,YX 5591,LGA,RDU
34121,9E 5449,JFK,PIT
34156,B6 993,JFK,MIA
34194,YX 3409,DFW,EWR
34203,YX 5743,SDF,LGA
34233,YX 4563,RDU,JFK
34241,YX 3460,EWR,CHS
34267,AA 818,FLL,LGA
34277,YX 3645,EWR,PIT
34287,AA 311,CLT,JFK
34313,G7 4521,PIT,EWR
34332,9E 4951,RIC,LGA
34342,B6 458,LAX,JFK
34351,DL 2331,LGA,IAH
34376,G7 4415,EWR,CVG
34434,AS 27,SEA,EWR
34442,YX 3676,EWR,SYR
34459,WN 2835,LGA,MDW
34468,UA 1208,LGA,ORD
34492,YX 3679,MEM,EWR
34507,YX 5770,IND,LGA
34546,G7 4538,IAD,LGA
34548,YX 5799,LGA,CMH
34555,YX 5004,LGA,CMH
34558,G7 4422,CLT,EWR
34581,WN 5381,LGA,DAL
34611,YX 3689,EWR,BUF
34615,AA 1606,JFK,JAC
34649,G7 4505,IND,EWR
34666,OO 3961,EWR,DTW
34676,9E 5072,CLT,JFK
34701,AA 1096,JFK,MIA
34727,YX 5602,RSW,LGA
34728,9E 5401,JFK,PIT
34731,G7 4477,EWR,PIT
34735,9E 4951,LGA,CLE
34738,YX 3579,EWR,JAX
34767,UA 1179,LAS,EWR
34803,UA 519,AUS,EWR
34821,C5 4277,SYR,EWR
34853,WN 1100,BNA,LGA
34888,AA 1767,JFK,DFW
34954,G7 4479,EWR,IND
34956,DL 8783,MSY,JFK
34965,NK 573,FLL,LGA
34988,B6 448,SRQ,EWR
35005,YX 3573,BTV,EWR
35015,UA 260,ATL,EWR
35032,WN 1648,TPA,LGA
35046,WN 787,LGA,ATL
35058,UA 1183,EWR,BOS
35068,UA 2092,MIA,EWR
35070,G7 4441,EWR,RDU
35097,YX 5834,JFK,CMH
35129,UA 1057,EWR,BOS
35147,UA 321,RSW,EWR
35175,9E 5032,LGA,TYS
35188,UA 620,EWR,RDU
35200,UA 322,DEN,EWR
35209,YX 3544,EWR,MCI
35217,WN 6746,STL,LGA
35221,YX 3638,BUF,EWR
35281,WN 5958,DAL,LGA
35284,AA 2273,IAH,LGA
35348,9E 5513,LGA,RIC
35359,UA 1898,ATL,EWR
35433,AA 840,CLT,JFK
35444,UA 1197,TPA,EWR
35446,YX 3452,EWR,RIC
35453,WN 617,LGA,TPA
35464,AA 323,ORD,LGA
35479,9E 4978,JFK,ROC
35515,YX 3467,EWR,ATL
35533,YX 5682,JFK,CLT
35560,WN 1580,HOU,LGA
35573,OO 3587,DTW,EWR
35575,G7 4401,EWR,BUF
35581,WN 752,MCO,LGA
35582,YX 4777,LGA,BOS
35598,YX 3655,ALB,EWR
35616,DL 2168,LGA,PBI
35637,YX 3618,ATL,EWR
35656,YX 3483,CMH,EWR
35660,YX 5695,BOS,LGA
35679,YX 3502,SAV,EWR
35690,NK 900,EWR,IAH
35705,9E 5128,LGA,RDU
35737,DL 2015,LGA,ATL
35813,DL 1379,ORD,LGA
35817,AS 470,EWR,SFO
35829,YX 3631,MKE,EWR
35850,YX 4938,DTW,LGA
35858,YX 4651,LGA,CLE
35892,YX 4999,JFK,BWI
35941,YX 4552,JFK,DCA
35943,YX 3446,CLT,EWR
35944,YX 3503,CLT,EWR
35964,YX 4718,RDU,JFK
35966,YX 5835,CMH,LGA
35978,AA 2246,LGA,DFW
35987,YX 4815,STL,LGA
35991,AS 517,EWR,SFO
36020,WN 3290,LGA,TPA
36028,YX 3486,EWR,DTW
36035,YX 4555,BOS,LGA
36040,YX 3403,ORD,EWR
36125,AA 934,MIA,EWR
36167,G7 4602,STL,EWR
36172,WN 6763,LGA,DAL
36184,YX 4553,LGA,CHO
36185,WN 790,LGA,HOU
36206,B6 210,ACK,LGA
36227,9E 4708,LGA,STL
36239,9E 4989,RIC,LGA
36244,YX 5822,LGA,BNA
36254,UA 1095,EWR,SFO
36263,9E 5257,LGA,RDU
36271,UA 2169,EWR,JAX
36284,YX 5655,LGA,BNA
36293,WN 2349,LGA,ATL
36327,UA 1743,SFO,EWR
36342,UA 743,EWR,CHS
36379,YX 3552,EWR,HHH
36399,UA 432,EWR,RSW
36416,G7 4383,EWR,CMH
36420,AA 2744,LGA,JAC
36458,9E 4859,LGA,ROC
36490,UA 2292,EWR,MCI
36499,B6 1095,JFK,AUS
36501,UA 1458,LGA,IAD
36505,C5 4816,EWR,BTV
36547,9E 5461,LGA,GRR
36574,UA 370,BOS,EWR
36580,YX 3567,MYR,EWR
36584,DL 8806,ATL,JFK
36587,DL 2591,MIA,LGA
36596,YX 3585,EWR,MSY
36608,YX 5818,CLE,LGA
36647,YX 4840,LGA,ORF
36648,YX 5754,JFK,JAX
36657,UA 1619,TPA,EWR
36674,YX 3677,BUF,EWR
36682,9E 5358,LGA,CVG
36684,UA 2394,EWR,MIA
36699,OO 5606,LGA,ORD
36708,UA 1883,EWR,PBI
36710,AA 1514,JFK,EGE
36720,C5 4324,MKE,EWR
36732,WN 1554,DEN,LGA
36769,YX 3630,DTW,EWR
36837,YX 5848,LGA,IND
36841,WN 1712,LGA,TPA
36855,G4 2618,EWR,TYS
36862,AA 2744,JAC,LGA
36877,G7 4441,BTV,EWR
36889,C5 4904,EWR,GSP
36893,YX 4637,LGA,DAY
36894,9E 5291,LGA,CVG
36903,9E 5042,LGA,PIT
36906,WN 5084,DEN,LGA
36915,YX 3715,CMH,EWR
36970,UA 674,MSY,EWR
36975,AA 1563,DCA,LGA
36994,AA 850,LGA,BNA
37006,OO 3772,EWR,MSP
37025,WN 5005,LGA,MCO
37033,G7 4572,GSP,EWR
37048,YX 3428,EWR,EYW
37052,WN 6074,LGA,TPA
37059,UA 1875,LGA,DEN
37085,WN 2919,BNA,LGA
37086,9E 5446,LGA,CLE
37104,DL 892,JFK,ANC
37131,YX 3553,MSY,EWR
37151,AA 2669,BZN,LGA
37168,G7 4474,GSP,EWR
37177,WN 4996,LGA,ATL
37185,AA 1238,EWR,MIA
37200,G4 2517,SAV,EWR
37218,WN 2499,LGA,TPA
37243,WN 1460,LGA,BNA
37266,9E 4646,JFK,BUF
37272,B6 878,JAX,JFK
37292,YX 4667,MSP,LGA
37310,WN 2054,LGA,MDW
37315,YX 3558,LGA,ORD
37355,G7 4408,BUF,EWR
37358,9E 4824,LGA,PWM
37377,UA 1083,TPA,EWR
37385,WN 1192,LGA,MCO
37401,G7 4444,EWR,DTW
37448,WN 4892,LGA,DEN
37467,UA 374,CLE,EWR
37487,YX 4690,PIT,JFK
37499,G7 4433,EWR,PWM
37516,YX 3475,EWR,GSO
37533,YX 5843,JFK,PIT
37547,UA 2067,IAH,LGA
37570,9E 5410,LGA,BGR
37596,9E 4642,BNA,LGA
37643,9E 5056,JFK,IND
37671,C5 4849,EWR,SYR
37680,WN 5308,MDW,LGA
37682,9E 5334,SYR,JFK
37710,WN 335,DEN,LGA
37711,UA 695,EWR,JAC
37739,WN 1419,ATL,LGA
37740,AS 477,SFO,JFK
37758,OO 3552,MSP,EWR
37763,WN 1379,DAL,LGA
37806,WN 3826,MDW,LGA
37822,UA 2186,CHS,EWR
37909,UA 2058,TPA,EWR
37913,9E 5509,LGA,CLT
37918,DL 2752,LGA,ORD
37934,UA 2499,EWR,RDU
38016,9E 4802,EWR,DTW
38038,UA 2206,EWR,LAS
38060,OO 5568,LGA,ORD
38065,YX 3415,IAD,EWR
38071,UA 330,EWR,SEA
38118,WN 5005,HOU,LGA
38126,G7 4394,EWR,BUF
38127,WN 5032,HOU,LGA
38153,WN 4572,LGA,MDW
38199,YX 4539,ILM,LGA
38201,AS 356,SFO,JFK
38216,YX 3627,IND,EWR
38231,YX 3554,EWR,SAV
38252,YX 4545,DCA,JFK
38259,9E 5593,JFK,MSY
38266,WN 845,LGA,BNA
38272,WN 1109,DAL,LGA
38281,WN 3516,DAL,LGA
38301,YX 3465,SAV,EWR
38335,YX 3576,DFW,EWR
38348,WN 64,LGA,MDW
38394,YX 3511,EWR,IND
38409,G7 4555,CVG,EWR
38410,YX 3488,EWR,MKE
38430,UA 1403,LGA,IAD
38470,9E 4655,JFK,PIT
38472,YX 3515,BNA,EWR
38481,9E 4913,RDU,LGA
38488,G7 4399,CMH,EWR
38492,WN 663,LGA,TPA
38517,AS 526,SFO,EWR
38535,AA 2393,LGA,MIA
38562,YX 5702,JFK,BOS
38597,UA 1933,EWR,LAS
38603,B6 2111,BUF,JFK
38619,B6 2265,JFK,SJU
38635,AA 2638,CLT,EWR
38810,WN 1154,LGA,ATL
38876,G7 4550,LGA,IAD
38887,G7 4419,DTW,EWR
38914,YX 4582,LGA,MEM
38922,G7 4619,GSP,EWR
38925,9E 4785,LGA,ROC
38935,YX 3611,EWR,CVG
38942,9E 4764,JFK,CHS
38952,YX 5630,BNA,LGA
39009,WN 2563,ATL,LGA
39082,YX 5757,JFK,CHS
39107,UA 311,EWR,TPA
39108,G7 4487,PWM,EWR
39128,C5 4901,EWR,SAV
39130,G7 4471,EWR,ACK
39196,G7 4550,EWR,PIT
39211,9E 4640,CVG,JFK
39277,C5 4279,EWR,MYR
39306,YX 3481,EWR,MSY
39311,NK 1680,MYR,EWR
39318,YX 3471,PWM,EWR
39344,C5 4309,BTV,EWR
39362,B6 2771,LGA,FLL
39444,UA 1457,DEN,LGA
39450,YX 4660,PIT,LGA
39454,UA 493,EWR,LAX
39456,WN 1420,LGA,ATL
39458,9E 4658,BOS,JFK
39466,YX 4715,LGA,CLE
39485,YX 5847,BOS,JFK
39488,WN 5671,LGA,DEN
39506,UA 1193,LAX,EWR
39512,YV 6062,IAH,LGA
39534,YX 3620,RDU,EWR
39582,UA 310,EWR,TPA
39622,UA 1841,EWR,BZN
39654,WN 1791,DAL,LGA
39680,UA 2125,EWR,FLL
39688,YX 3703,EWR,AUS
39699,YX 5667,CMH,LGA
39717,G7 4531,GSO,EWR
39737,YX 5633,BUF,JFK
39745,C5 4836,EWR,CHS
39759,G7 4491,EWR,STL
39780,UA 1626,JAX,EWR
39804,UA 582,EWR,MCO
39856,DL 2977,EWR,ATL
39859,AA 2644,JFK,AUS
39864,AA 1513,EGE,JFK
39885,YX 4727,LGA,DCA
39888,WN 189,LGA,STL
39904,WN 500,LGA,DAL
39906,B6 1574,CHS,JFK
39912,WN 1096,LGA,STL
39914,9E 4802,DTW,EWR
39934,YX 3673,EWR,IND
39938,AA 318,EWR,MIA
39958,YX 4605,ROA,LGA
39961,G7 4590,IAD,LGA
40007,AA 1265,LGA,BOS
40027,AA 2695,MIA,JFK
40055,G7 4394,CLE,EWR
40067,G7 4434,DCA,EWR
40109,UA 1008,MIA,EWR
40119,AA 1383,LGA,DCA
40145,C5 4827,EWR,IAD
40146,G4 2656,EWR,TYS
40148,9E 5525,LGA,PIT
40169,G7 4597,EWR,SAV
40188,G7 4382,RIC,EWR
40192,9E 5257,RDU,LGA
40204,YX 4611,RIC,LGA
40241,B6 1624,LAX,JFK
40247,DL 1077,JFK,DEN
40255,9E 5502,LGA,STL
40256,YX 3694,EWR,DFW
40259,UA 1049,EWR,MIA
40265,DL 1632,LGA,MSP
40294,WN 4089,LGA,BNA
40301,9E 5508,GRR,LGA
40344,YX 3476,SDF,EWR
40353,YX 3537,SAV,EWR
40361,YX 3457,EWR,BNA
40392,UA 329,EWR,SAN
40393,DL 2437,JFK,DTW
40406,9E 5510,CHS,JFK
40407,YX 4652,LGA,AVL
40418,9E 5449,BWI,JFK
40434,UA 762,JAX,EWR
40461,G7 4583,CLE,EWR
40520,YX 3419,EWR,DFW
40631,AA 2845,EWR,DFW
40696,WN 1526,LGA,DAL
40745,9E 5200,CLT,LGA
40813,WN 462,LGA,DAL
40822,9E 5323,ORD,JFK
40830,UA 2041,ORD,LGA
40844,WN 4762,LGA,MDW
40921,B6 2098,MCO,LGA
40972,YX 5746,JFK,DCA
40988,UA 598,EWR,PHX
41017,YX 5841,SDF,LGA
41036,WN 5487,LGA,BNA
41061,UA 1261,BNA,EWR
41094,YX 3430,AUS,EWR
41101,UA 1944,LGA,ORD
41103,WN 790,BWI,LGA
41137,G7 4514,EWR,MHT
41147,YX 3695,EWR,MSY
41165,WN 3338,ATL,LGA
41203,B6 509,ACK,LGA
41220,9E 5356,BNA,LGA
41228,UA 323,EWR,JAX
41234,AA 2669,LGA,BZN
41280,UA 2419,EWR,SLC
41295,YX 5676,JFK,CHS
41347,9E 5092,EWR,CVG
41357,YX 3403,AUS,EWR
41411,UA 1973,ORD,LGA
41426,UA 475,EWR,AUS
41446,UA 2243,SRQ,EWR
41513,9E 5408,LGA,BHM
41519,YX 4877,GSO,LGA
41545,YX 3701,IND,EWR
41585,9E 5117,LGA,IND
41591,YX 3462,EWR,BTV
41623,WN 2803,TPA,LGA
41627,9E 5412,BNA,JFK
41679,G7 4415,RDU,EWR
41739,WN 2428,MDW,LGA
41767,AS 1114,JFK,PDX
41779,UA 1709,MCO,EWR
41786,YX 3577,EWR,ATL
41824,AA 656,DCA,LGA
41889,YX 3569,SAV,EWR
41905,YX 3431,SRQ,EWR
41921,AA 1644,JFK,BOS
41932,C5 4300,EWR,MKE
41943,9E 5531,JFK,SYR
41947,YX 4588,LGA,ORF
41952,YX 5858,IND,LGA
41959,G7 4544,EWR,CVG
41976,AA 2906,LGA,MIA
41987,WN 31,BWI,LGA
42065,9E 5107,LGA,PIT
42073,YX 3465,EWR,GRR
42080,YX 3595,EWR,PIT
42081,G7 4471,EWR,IND
42087,DL 558,ORD,LGA
42091,YX 5784,LGA,PIT
42100,AA 2090,LGA,CLT
42104,YX 3517,SRQ,EWR
42112,YX 5717,CLE,LGA
42129,YX 5681,OMA,LGA
42154,YX 3657,IND,EWR
42180,G7 4476,LGA,IAD
42256,YX 3487,RDU,EWR
42261,DL 1441,FLL,LGA
42280,YX 3410,EWR,RDU
42287,YX 3712,EWR,MEM
42311,YV 6231,LGA,IAH
42319,9E 4914,LGA,MSN
42415,NK 1227,EWR,MCO
42439,WN 453,ATL,LGA
42464,C5 4282,MYR,EWR
42473,UA 537,ORD,EWR
42488,YX 5609,JFK,CMH
42490,YX 4755,GSO,LGA
42506,G7 4476,RIC,EWR
42578,YX 5848,PIT,LGA
42596,UA 725,EWR,SEA
42598,G4 693,EWR,CVG
42623,DL 1391,MSP,EWR
42630,WN 2624,TPA,LGA
42663,YX 5790,RDU,JFK
42685,AA 1638,DFW,LGA
42700,G7 4473,PQI,EWR
42701,G7 4446,EWR,STL
42713,9E 4645,MEM,LGA
42751,G4 1210,AVL,EWR
42791,WN 1494,LGA,DAL
42802,UA 1064,EWR,MCI
42817,9E 4801,JFK,IND
42860,YV 6275,IAD,LGA
42867,WN 4925,HOU,LGA
42887,UA 1100,EWR,RSW
42920,UA 2042,ATL,EWR
42936,UA 1953,SRQ,EWR
43034,UA 2058,EWR,CLT
43196,G4 1292,AVL,EWR
43212,G7 4169,CMH,EWR
43235,B6 595,EWR,SFO
43271,WN 6906,LGA,DAL
43280,G7 4457,EWR,PIT
43309,9E 5390,BUF,LGA
43317,WN 3824,MSY,LGA
43321,B6 358,LAX,JFK
43327,YX 5687,CLT,JFK
43343,WN 1584,MDW,LGA
43348,G7 4524,PIT,EWR
43423,UA 1210,IAH,EWR
43441,9E 5197,RDU,LGA
43458,UA 324,IAH,EWR
43465,WN 600,HOU,LGA
43480,G7 4407,BGR,EWR
43516,G7 4426,EWR,CVG
43536,WN 254,LGA,MCI
43544,G7 4595,EWR,RIC
43548,DL 2127,FLL,JFK
43562,UA 1249,EWR,PHX
43579,AA 1318,CLT,JFK
43589,YX 5629,CLT,LGA
43694,YX 5662,JAX,JFK
43704,YX 3417,EWR,MCI
43728,UA 1008,MCI,EWR
43766,YX 3433,EWR,BNA
43815,UA 1556,LGA,DEN
43816,WN 3754,LGA,DEN
43857,9E 4803,MVY,JFK
43870,WN 2499,DAL,LGA
43873,YX 3571,EWR,ALB
43882,WN 2754,LGA,STL
43890,YX 5662,CLT,LGA
43906,UA 1084,EWR,MIA
43937,UA 658,TPA,EWR
43958,YX 4587,ORD,LGA
43963,WN 55,LGA,MCO
43978,UA 2670,EWR,BUF
43998,YX 3601,ORD,LGA
44051,G7 4542,RIC,EWR
44074,YX 3535,ORD,LGA
44107,OO 5586,ORD,LGA
44167,YX 4888,DTW,LGA
44173,YX 5600,RSW,LGA
44178,WN 3662,DEN,LGA
44189,YX 4598,MIA,LGA
44190,G7 4451,EWR,BTV
44213,YX 5650,JAX,JFK
44216,AS 1018,JFK,SFO
44263,YX 4558,CLT,LGA
44272,C5 4284,AVL,EWR
44290,DL 436,LAX,JFK
44304,UA 1662,MSY,EWR
44334,G7 4412,ROC,EWR
44340,YX 5787,PWM,JFK
44347,UA 2453,MTJ,EWR
44400,9E 5469,DSM,LGA
44429,WN 1722,ATL,LGA
44455,YX 5770,EYW,LGA
44468,WN 632,LGA,BNA
44479,YX 5757,CHS,JFK
44496,G7 4515,RDU,EWR
44512,YX 4931,LGA,RDU
44522,UA 1008,EWR,DEN
44526,DL 788,LGA,TPA
44539,UA 2367,LGA,ORD
44577,DL 451,LGA,ATL
44613,9E 4725,EWR,DTW
44618,UA 684,RSW,EWR
44621,9E 4803,CLT,LGA
44622,YX 3452,EWR,BGR
44625,G7 4541,EWR,ROC
44636,UA 317,EWR,PHX
44666,AA 1553,JFK,EGE
44671,YX 3656,JAX,EWR
44704,G7 4467,EWR,ACK
44711,UA 584,LGA,ORD
44713,WN 4336,MCO,LGA
44732,YX 5856,JAX,JFK
44740,WN 1217,LGA,ATL
44751,DL 1194,LGA,DEN
44775,UA 390,EWR,LAS
44812,UA 697,LGA,DEN
44817,UA 1674,RSW,EWR
44876,WN 3559,LGA,HOU
44919,YX 3418,EWR,SRQ
44955,WN 726,LGA,BNA
44964,9E 4727,RDU,JFK
44974,UA 1482,PHX,EWR
44993,UA 2067,EWR,MCO
45009,UA 1545,EWR,SFO
45033,DL 790,ANC,JFK
45100,B6 1879,BOS,EWR
45123,YX 4652,AVL,LGA
45164,YX 3582,EWR,DFW
45170,C5 4917,RIC,EWR
45195,UA 1811,CMH,EWR
45206,WN 4777,MDW,LGA
45232,NK 1807,EWR,LAS
45257,YX 5752,CHS,JFK
45269,B6 157,JFK,BZN
45388,WN 1173,BNA,LGA
45416,G7 4183,CLE,EWR
45469,AA 1993,LGA,MIA
45490,UA 2341,PBI,EWR
45542,G7 4388,CLT,EWR
45559,9E 4795,JFK,IND
45574,YX 5657,CLE,LGA
45581,UA 586,IAH,EWR
45618,9E 5467,EWR,RDU
45649,YX 5815,LGA,CMH
45730,YX 3505,ORD,LGA
45765,YX 5695,CLE,JFK
45811,UA 2138,EWR,TPA
45829,DL 1158,LGA,MCO
45836,YX 5740,LGA,CMH
45861,C5 4902,SAV,EWR
45878,YX 4656,RIC,LGA
45937,WN 615,LGA,DEN
45966,WN 6846,DAL,LGA
45973,9E 5447,JFK,RDU
45976,WN 2409,TPA,LGA
46025,WN 3693,LGA,ATL
46045,UA 1733,IAH,LGA
46076,YV 6299,LGA,IAH
46123,UA 405,ATL,EWR
46130,DL 2412,LGA,SRQ
46140,YV 6034,IAD,LGA
46147,G7 4420,IAD,LGA
46154,YX 5694,DTW,EWR
46201,WN 2908,DAL,LGA
46203,UA 1701,DTW,EWR
46231,G7 4418,EWR,SYR
46254,YX 3542,EWR,BNA
46255,UA 519,EWR,RDU
46270,WN 4032,LGA,ATL
46275,DL 2698,LGA,RDU
46292,9E 4631,EWR,DTW
46327,G7 4491,EWR,CVG
46346,UA 782,ORD,LGA
46349,G7 4418,EWR,PWM
46355,YX 4970,ROA,LGA
46369,9E 5195,LGA,RIC
46383,9E 5292,LGA,MKE
46390,DL 2102,JFK,DFW
46412,AA 2756,DCA,LGA
46462,WN 1153,LGA,STL
46541,UA 1711,EWR,TPA
46550,AS 462,EWR,LAX
46560,YX 5604,LGA,ACK
46582,WN 3358,DAL,LGA
46601,WN 2103,STL,LGA
46694,YX 3550,IAD,EWR
46738,9E 5011,JFK,CLT
46740,UA 1796,MIA,EWR
46765,UA 2045,TPA,EWR
46794,YX 4930,CLT,EWR
46839,WN 6309,LGA,DAL
46841,DL 1395,LGA,SRQ
46855,UA 578,RSW,EWR
46888,WN 4156,MDW,LGA
46892,UA 1449,IAD,LGA
46898,AA 2530,STL,LGA
46922,UA 1294,EWR,TPA
46950,DL 1624,LGA,MCO
46960,9E 4828,ACK,JFK
47036,WN 2477,LGA,ATL
47099,9E 4666,DTW,JFK
47115,G7 4537,PIT,EWR
47122,YX 4609,OKC,LGA
47144,YX 5662,LGA,CLT
47168,UA 1672,MSY,EWR
47186,WN 1170,LGA,DEN
47200,UA 2040,EWR,PBI
47220,AS 433,SFO,EWR
47221,UA 1239,EWR,IAD
47355,9E 5442,LGA,CVG
47366,YX 4700,LGA,RIC
47405,WN 145,DEN,LGA
47414,WN 2906,LGA,ATL
47467,UA 1023,IND,EWR
47568,UA 751,SRQ,EWR
47585,YX 5764,IND,LGA
47631,C5 4262,ALB,EWR
47655,YX 3544,IND,EWR
47661,YX 4549,JFK,ORF
47685,WN 714,LGA,HOU
47713,WN 1524,MDW,LGA
47757,9E 4802,LGA,SAV
47822,WN 183,LGA,MDW
47829,9E 5349,LGA,PIT
47835,WN 2453,MDW,LGA
47836,G7 4547,CMH,EWR
47869,UA 2018,CLT,EWR
47884,YX 4717,LGA,RDU
47917,YX 3567,JAX,EWR
47928,WN 4247,DAL,LGA
47960,UA 1791,PBI,EWR
47962,WN 2820,LGA,ATL
47991,WN 4888,MDW,LGA
47997,UA 238,EWR,FLL
47999,UA 2250,FLL,EWR
48100,UA 1148,EWR,MIA
48109,OO 4058,DTW,EWR
48131,YX 4963,LGA,STL
48173,OO 5545,ORD,LGA
48188,9E 5446,SYR,JFK
48191,9E 5205,LGA,CVG
48252,C5 4363,BUF,EWR
48273,G7 4540,EWR,PQI
48317,YX 3513,IAD,EWR
48328,UA 1672,EWR,JAX
48340,YX 5757,JFK,BUF
48345,YX 3487,JAX,EWR
48352,G7 4402,EWR,PVD
48358,YX 4691,LGA,STL
48380,G7 4384,CLT,EWR
48444,YX 5644,CMH,JFK
48508,UA 659,FLL,EWR
48531,UA 1113,EWR,DEN
48541,DL 436,LGA,DFW
48558,9E 5259,LGA,MKE
48616,YX 4970,LGA,ORD
48664,NK 671,DFW,LGA
48676,UA 1674,CLE,EWR
48688,UA 721,LGA,DEN
48736,WN 6084,BNA,LGA
48757,YX 4910,ORD,LGA
48778,AA 1722,LGA,MIA
48784,NK 407,LGA,MYR
48791,YX 3489,CHS,EWR
48797,G4 2525,SAV,EWR
48890,YX 5685,BNA,LGA
48932,DL 1543,EWR,ATL
48943,YX 5672,MVY,LGA
48947,B6 1705,EWR,FLL
49003,YX 3611,RDU,EWR
49010,AS 476,SFO,EWR
49038,UA 2336,EWR,CLT
49060,AA 1950,JFK,FLL
49067,UA 1522,MCO,EWR
49099,YX 3430,CLT,EWR
49170,YX 4665,LGA,SBN
49194,WN 2428,LGA,HOU
49225,C5 4838,EWR,SAV
49230,YX 3410,EWR,ROC
49246,UA 1083,EWR,MCO
49293,WN 4474,STL,LGA
49318,WN 1352,MDW,LGA
49321,AA 1022,LGA,IAH
49329,DL 2752,LGA,FLL
49380,YX 5799,MVY,LGA
49381,C5 4926,PWM,EWR
49388,UA 642,EWR,MCO
49432,WN 2531,HOU,LGA
49438,WN 741,LGA,MSY
49480,WN 4336,LGA,MDW
49490,9E 5352,LGA,CVG
49495,WN 4168,MCO,LGA
49506,G7 4492,EWR,GRR
49587,UA 739,EWR,BOS
49598,YX 4652,BOS,LGA
49601,DL 487,DFW,LGA
49609,UA 1790,EWR,PBI
49622,AS 1115,PDX,JFK
49643,AA 1424,EWR,DFW
49716,UA 763,LGA,ORD
49755,B6 2773,JFK,CHS
49760,DL 2484,SRQ,LGA
49796,9E 5145,CVG,EWR
49807,G7 4461,SDF,EWR
49843,WN 581,HOU,LGA
49907,UA 202,AUS,EWR
49938,AA 591,ORD,LGA
49976,9E 5456,LGA,SYR
49978,YX 5732,OMA,LGA
49988,WN 629,LGA,DEN
50010,UA 774,EWR,MIA
50040,9E 5473,LGA,GSO
50058,WN 1440,LGA,DAL
50134,WN 6874,DAL,LGA
50178,AA 933,LGA,ORD
50201,AS 462,LAX,EWR
50222,YX 3574,ORD,LGA
50250,DL 1066,AUS,JFK
50263,YX 5789,BNA,LGA
50281,WN 1765,LGA,DEN
50282,AA 2263,CLT,EWR
50419,YX 5729,LGA,CLE
50438,DL 2549,EWR,ATL
50539,YX 5775,DTW,JFK
50551,WN 3545,DAL,LGA
50570,DL 1371,LGA,MCO
50582,C5 4832,EWR,MYR
50592,YX 3638,EWR,MEM
50593,UA 784,RSW,EWR
50603,OO 5533,LGA,ORD
50646,YX 5844,STL,LGA
50667,UA 2100,CMH,EWR
50723,UA 242,MSN,EWR
50729,YX 5615,DCA,JFK
50741,YX 4715,LGA,DTW
50747,YX 3671,SYR,EWR
50781,YX 5643,PWM,LGA
50797,YX 3563,EWR,DCA
50821,UA 2271,SRQ,EWR
50832,YX 4604,LGA,SBN
50956,WN 2207,DAL,LGA
50975,UA 2385,MSP,EWR
50998,YX 5742,LGA,BOS
51018,9E 4646,STL,LGA
51021,YX 3451,EWR,CLT
51096,G7 4531,EWR,IND
51121,WN 2640,LGA,TPA
51125,WN 3069,ATL,LGA
51143,C5 4351,EWR,BTV
51203,YX 5610,LGA,MSY
51247,YX 3503,EWR,EYW
51260,YX 3568,EWR,RSW
51363,AA 627,JFK,LAS
51410,YX 5752,CLE,LGA
51472,UA 2392,ORD,EWR
51476,DL 2197,LAS,JFK
51483,DL 1378,JFK,MIA
51485,UA 2453,MIA,EWR
51496,AA 317,RDU,LGA
51518,AA 2317,LGA,MIA
51534,G7 4581,EWR,RIC
51537,B6 183,BQN,EWR
51553,YX 3691,EWR,SAV
51556,AA 1670,LGA,EGE
51560,WN 2634,LGA,MDW
51653,YX 3469,EWR,CLE
51697,DL 1388,TPA,JFK
51717,UA 1545,DCA,EWR
51738,YX 5844,SYR,JFK
51773,DL 1147,LGA,FLL
51805,WN 1969,TPA,LGA
51827,G7 4401,GSO,EWR
51844,UA 730,EWR,PBI
51868,9E 4975,LGA,ROC
51891,UA 301,JAC,EWR
51900,YX 4589,LGA,ORF
51904,AA 1414,LGA,MIA
51951,AA 2037,LGA,ORD
51972,UA 685,EWR,RIC
51992,WN 1584,LGA,MDW
51999,G7 4461,PWM,EWR
52037,UA 1552,EWR,CLE
52095,WN 815,MDW,LGA
52103,UA 588,EWR,MCO
52108,AA 1270,DCA,JFK
52163,WN 3980,LGA,BNA
52167,UA 437,EWR,SYR
52175,C5 4270,CHS,EWR
52226,YX 5807,LGA,BNA
52264,UA 1064,ORD,LGA
52265,YV 6330,LGA,IAD
52291,DL 2269,DTW,EWR
52316,YX 3468,JAX,EWR
52348,AA 2317,JFK,DCA
52425,YX 4579,ILM,LGA
52439,YX 4932,BOS,JFK
52451,YX 3623,IAD,LGA
52504,YX 4675,CLE,LGA
52533,AA 1523,DFW,LGA
52606,UA 675,MCO,EWR
52675,G4 1005,EWR,GRR
52680,YX 5769,JFK,BNA
52741,WN 5950,LGA,DAL
52743,UA 763,ORD,LGA
52790,WN 4400,LGA,DEN
52831,YX 3482,EWR,EYW
52877,YX 5638,LGA,SYR
52914,YX 5858,LGA,PIT
52920,UA 2389,EWR,SRQ
52936,DL 1019,ATL,JFK
52943,YX 3585,ORF,EWR
53029,WN 2786,LGA,MDW
53039,YX 4677,IND,JFK
53052,NK 728,TPA,EWR
53062,YX 3457,CLE,EWR
53097,WN 1109,LGA,TPA
53114,9E 5177,LGA,BGR
53115,YX 3687,ORD,EWR
53147,WN 1075,LGA,STL
53195,G4 1395,EWR,CVG
53221,WN 1665,BNA,LGA
53225,G7 4612,GRR,EWR
53260,UA 1054,TPA,EWR
53279,YX 5597,LGA,PIT
53292,G4 1329,CVG,EWR
53304,WN 39,LGA,BNA
53357,9E 5351,LGA,GSP
53487,G7 4406,EWR,ACK
53504,9E 5334,JFK,SYR
53516,YX 4832,CHO,LGA
53530,G7 4388,BUF,EWR
53605,G7 4465,EWR,DCA
53608,YX 4681,JFK,PHL
53641,YX 5646,PIT,JFK
53715,WN 2805,MCO,LGA
53727,UA 591,EWR,TPA
53734,WN 1385,STL,LGA
53760,B6 2417,JFK,BOS
53781,G7 4401,CVG,EWR
53787,G7 4445,ACK,EWR
53805,9E 5199,EWR,MSP
53819,AA 1385,DCA,LGA
53836,DL 1851,JFK,SJU
53882,AA 1096,EWR,DFW
53884,OO 3552,EWR,MSP
53907,AA 1655,MIA,LGA
53946,WN 930,MCO,LGA
53972,G7 4555,EWR,DCA
53991,YX 3661,EWR,SRQ
54013,UA 100,EWR,IAD
54018,UA 500,EWR,RSW
54122,G7 4564,IND,EWR
54133,AA 338,JAC,JFK
54149,WN 970,LGA,HOU
54163,WN 3130,LGA,BWI
54179,AA 530,EWR,MIA
54188,9E 4633,LGA,BNA
54252,DL 2549,MIA,JFK
54260,YX 3605,PWM,EWR
54385,YX 3662,MSP,EWR
54428,UA 685,DFW,EWR
54443,UA 638,EWR,ORD
54459,G7 4497,EWR,CLT
54472,UA 214,DEN,EWR
54513,YX 5827,LGA,STL
54597,YX 3520,IND,EWR
54600,WN 3111,DAL,LGA
54683,UA 1805,TPA,EWR
54733,9E 5525,PIT,LGA
54756,DL 1322,ORD,LGA
54769,WN 6060,LGA,DAL
54809,WN 5106,LGA,STL
54813,YX 3497,EWR,CLT
54838,G7 4610,EWR,CLT
54845,WN 1415,MDW,LGA
54847,WN 1308,LGA,ATL
54926,WN 1397,DEN,LGA
54933,C5 4912,ORF,EWR
55025,YX 3611,RAP,EWR
55123,WN 5056,LGA,TPA
55203,B6 2387,ACK,EWR
55220,YX 4565,CMH,LGA
55238,YX 3414,DFW,EWR
55285,AS 399,JFK,SAN
55311,AS 459,JFK,PDX
55342,G7 4589,EWR,CLE
55480,UA 2632,ATL,EWR
55562,G7 4503,EWR,ALB
55641,9E 5500,RDU,LGA
55663,DL 8770,ATL,JFK
55724,YX 3508,EYW,EWR
55807,9E 5398,LGA,CAE
55808,YX 3700,CHS,EWR
55852,YX 3568,SRQ,EWR
55944,UA 1840,EWR,FLL
55978,YX 4993,PIT,JFK
56040,UA 1550,EWR,JAX
56112,YX 4736,LGA,DCA
56113,G7 4543,EWR,GRR
56151,UA 631,EWR,SAN
56235,YX 5593,PNS,LGA
56240,9E 5460,LGA,CLE
56254,YX 3461,EWR,ORF
56270,9E 5281,DTW,JFK
56302,UA 285,DEN,EWR
56328,AA 1872,EWR,ORD
56330,G7 4512,EWR,DTW
56435,UA 2302,EWR,PBI
56447,G7 4548,IND,EWR
56460,YX 5691,SYR,LGA
56491,YX 3459,EWR,PIT
56502,YX 5833,BNA,JFK
56566,UA 1623,MSY,EWR
56573,DL 1446,BNA,LGA
56768,WN 1353,LGA,ATL
56796,YX 3430,EWR,JAX
56819,UA 1072,EWR,RDU
56821,UA 1116,EWR,JAX
56835,WN 3990,LGA,MCO
56908,B6 877,JFK,JAX
56914,WN 4474,LGA,STL
56935,YX 4739,LGA,ORD
56964,DL 444,DTW,LGA
56976,WN 5308,LGA,DEN
57006,UA 725,EWR,LAX
57027,WN 3755,LGA,MDW
57047,AA 2540,MCO,LGA
57086,UA 2638,EWR,TPA
57131,YX 4996,PIT,LGA
57186,WN 940,BNA,LGA
57271,9E 4905,SDF,LGA
57276,G7 4387,CLE,EWR
57283,G7 4437,EWR,PIT
57294,WN 2794,MDW,LGA
57303,UA 1058,DTW,EWR
57353,UA 2065,EWR,ORD
57367,YX 4950,ORD,LGA
57391,B6 2195,EWR,MIA
57418,YX 5810,LGA,PIT
57509,YX 4758,LGA,DCA
57534,WN 5562,LGA,DAL
57542,YX 5650,LGA,RIC
57645,UA 1036,EWR,SAN
57705,9E 4764,EWR,CVG
57742,YX 5766,PWM,LGA
57771,WN 2783,DEN,LGA
57819,WN 182,MDW,LGA
57852,UA 1789,EWR,CMH
57888,YX 5811,JFK,DTW
57934,WN 3489,LGA,HOU
58060,YX 3454,EWR,ATL
58063,UA 2016,MCO,EWR
58081,G7 4470,EWR,PQI
58111,YX 3559,EWR,BNA
58145,YX 3401,EWR,CLE
58159,YX 3494,EWR,CMH
58187,YX 3473,GRR,EWR
58188,UA 247,EWR,CHS
58257,UA 1226,PIT,EWR
58259,WN 1386,LGA,DEN
58278,YX 3709,EWR,EYW
58282,YX 5631,JFK,CLT
58339,YX 3497,EWR,IAD
58353,UA 2627,EWR,BNA
58367,G7 4481,EWR,PVD
58378,YX 3715,BOS,EWR
58390,YX 3432,BTV,EWR
58413,MQ 3674,ORD,EWR
58426,WN 6158,LGA,MDW
58437,UA 1178,EWR,RDU
58497,9E 5092,SYR,LGA
58522,UA 263,EWR,TPA
58540,YX 3488,EWR,CLT
58610,G7 4601,MHT,EWR
58626,YX 3709,RDU,EWR
58651,G7 4414,EWR,GSP
58684,WN 3801,MDW,LGA
58716,G7 4592,BUF,EWR
58720,WN 2833,HOU,LGA
58795,YX 5602,SRQ,LGA
58834,UA 2363,EWR,ORD
58871,9E 5038,BUF,JFK
58907,YX 5629,BNA,LGA
58908,YX 5742,LGA,CLT
58944,WN 3466,LGA,BWI
58958,UA 1067,PBI,EWR
58994,AA 1878,EWR,DFW
59055,AA 593,LGA,ORD
59058,YX 3498,BOS,EWR
59061,UA 318,BOS,EWR
59109,OO 3866,DTW,EWR
59119,9E 4951,LGA,RIC
59153,G4 681,CVG,EWR
59164,B6 2324,LAX,JFK
59206,AS 1004,SEA,JFK
59235,9E 5203,LGA,STL
59252,9E 5016,LGA,BNA
59314,WN 4093,HOU,LGA
59332,UA 1702,IAH,EWR
59339,YX 3506,EWR,MKE
59439,WN 14,LGA,MDW
59446,WN 6325,LGA,DAL
59519,G4 2685,EWR,VPS
59528,WN 5381,ATL,LGA
59568,DL 8793,ATL,JFK
59586,YX 3643,DTW,EWR
59587,YX 4589,LGA,OKC
59668,B6 590,SJU,EWR
59687,G7 4421,EWR,PWM
59718,9E 5057,JFK,MSP
59722,YX 5623,LGA,DCA
59779,YX 3580,SYR,EWR
59814,YV 6113,LGA,IAD
59848,UA 1499,ORD,EWR
59866,9E 4724,LGA,STL
59889,YX 5595,LGA,MCI
59890,DL 1507,EWR,ATL
59896,9E 5080,LGA,SYR
59940,YX 5597,SDF,LGA
59942,UA 1277,EWR,IAH
59967,9E 5267,AVL,LGA
59985,YX 3514,EWR,AUS
60017,G7 4530,EWR,PIT
60066,WN 2987,LGA,ATL
60105,AA 412,ORD,LGA
60139,UA 1792,EWR,JAX
60152,WN 6743,DAL,LGA
60183,WN 1233,BWI,LGA
60254,YX 4615,LGA,CVG
60259,WN 3842,LGA,MDW
60262,WN 3646,LGA,BNA
60276,DL 2133,LGA,BOS
60343,9E 5492,MEM,LGA
60372,WN 3504,LGA,HOU
60391,YX 3504,EWR,CMH
60399,YX 5820,LGA,PWM
60424,AA 1311,CLT,LGA
60448,G7 4404,STL,EWR
60476,DL 2095,DTW,EWR
60535,WN 3214,MDW,LGA
60555,YX 3601,SAV,EWR
60594,9E 4728,BNA,LGA
60625,9E 5169,LGA,RIC
60727,YX 3402,EWR,PIT
60770,AA 1355,CLT,JFK
60800,YX 5859,LGA,SDF
60854,UA 2237,EWR,SLC
60905,9E 5356,LGA,SYR
60942,YX 4654,ATL,LGA
61005,YX 3710,EWR,CHS
61119,UA 233,BOS,EWR
61120,YX 3605,ORD,LGA
61142,YX 3686,ROC,EWR
61254,UA 1905,LGA,IAH
61255,YX 3563,RDU,EWR
61266,AA 390,ORD,LGA
61292,YX 3572,EWR,HHH
61297,YX 3697,MSY,EWR
61387,YX 3586,EWR,CLT
61398,C5 4350,PWM,EWR
61406,WN 1705,BNA,LGA
61501,WN 1712,DAL,LGA
61514,UA 1496,FLL,EWR
61585,WN 183,HOU,LGA
61702,G4 2604,EWR,TYS
61707,WN 2626,LGA,STL
61755,UA 513,EWR,IND
61772,YX 3423,EWR,ATL
61784,YV 6280,LGA,IAH
61789,WN 4107,LGA,BNA
61804,WN 5966,STL,LGA
61808,G7 4393,ORF,EWR
61814,YX 4729,STL,LGA
61841,YX 3403,CHS,EWR
61877,UA 561,EWR,PBI
61911,YX 3578,IAD,EWR
61974,UA 1896,EWR,MIA
61983,DL 1176,LGA,MSP
62029,AS 339,EWR,SFO
62090,9E 5178,LGA,SYR
62138,9E 5061,RIC,LGA
62196,WN 3234,LGA,HOU
62211,UA 390,EWR,CLE
62269,YX 3451,IAD,EWR
62329,UA 331,FLL,EWR
62343,YX 3636,EWR,CHS
62451,YX 3690,EWR,ALB
62500,WN 443,DAL,LGA
62596,WN 3510,STL,LGA
62607,9E 5428,LGA,CLT
62676,9E 4724,BNA,LGA
62688,YX 3502,AUS,EWR
62700,WN 3764,LGA,DAL
62739,DL 418,IAH,LGA
62776,9E 5231,LGA,CLE
62828,NK 759,FLL,EWR
62854,UA 1181,EWR,RSW
62861,YV 6179,IAH,LGA
62876,WN 1303,LGA,STL
62897,AS 450,LAX,EWR
62924,WN 5114,LGA,MCO
62925,YX 5847,PIT,LGA
62998,9E 5446,SAV,LGA
63033,YX 5816,BUF,LGA
63047,YX 5742,CLT,LGA
63099,G7 4411,SDF,EWR
63110,WN 4812,TPA,LGA
63114,WN 1648,LGA,DAL
63119,UA 2019,EWR,DTW
63132,UA 1486,MIA,EWR
63139,YX 4734,CHO,LGA
63193,UA 723,LAS,EWR
63233,WN 1023,HOU,LGA
63282,UA 591,EWR,PBI
63323,DL 1723,SEA,JFK
63350,DL 2928,LGA,IAH
63383,YX 5822,LGA,RIC
63403,WN 1249,STL,LGA
63510,AA 411,DFW,LGA
63577,G7 4417,EWR,MHT
63666,UA 2231,SAT,EWR
63696,UA 220,BZN,EWR
63728,C5 4943,MYR,EWR
63734,C5 4257,BNA,EWR
63740,G7 4500,EWR,GSP
63767,YX 4635,DAY,LGA
63787,OO 5385,ORD,LGA
63805,UA 631,EWR,RDU
63871,WN 2621,LGA,BNA
63894,9E 4675,CLT,LGA
63897,WN 3075,LGA,HOU
63903,YX 3657,EWR,GSP
63915,DL 2521,IAH,LGA
63934,WN 5321,ATL,LGA
63936,UA 1733,RSW,EWR
64037,UA 2367,BNA,EWR
64053,AA 2246,EWR,DFW
64096,UA 1708,EWR,BNA
64113,UA 684,IAH,LGA
64124,UA 1873,TPA,EWR
64291,G7 4518,EWR,RIC
64296,WN 1973,LGA,MCI
64409,UA 482,CLE,EWR
64530,9E 4867,STL,LGA
64543,YX 4704,CLE,LGA
64624,UA 1709,BNA,EWR
64664,WN 2828,STL,LGA
64668,UA 1576,LGA,DEN
64702,WN 2681,LGA,DAL
64823,UA 2319,SLC,EWR
64842,UA 725,EWR,SFO
64863,G7 4526,EWR,IND
65084,WN 5415,LGA,TPA
65085,YX 5659,LGA,MSN
65109,AA 2237,JFK,MIA
65116,UA 1702,DFW,EWR
65149,YX 3426,BOS,EWR
65150,YX 3540,EWR,BNA
65162,WN 3622,MDW,LGA
65164,AA 2850,FCA,LGA
65237,YX 5670,DTW,EWR
65268,OO 5483,ORD,LGA
65277,9E 4939,LGA,CHS
65288,UA 1985,EWR,LAX
65299,AA 2404,LGA,DFW
65319,DL 2715,LGA,TPA
65394,G7 4605,PQI,EWR
65406,UA 2138,EWR,FLL
65442,G7 4424,EWR,RDU
65450,YX 3527,EWR,IAD
65453,YX 5642,MVY,LGA
65473,C5 4883,SAV,EWR
65477,WN 3326,LGA,MDW
65530,YX 3533,PVD,EWR
65555,9E 5244,ORD,JFK
65616,9E 5518,LGA,ROC
65617,YX 4738,DCA,LGA
65619,YX 3443,EWR,RDU
65632,YX 5604,LGA,BOS
65640,YX 3475,EWR,CMH
65656,YX 5611,LGA,RIC
65704,YX 5632,BNA,LGA
65720,9E 5490,BUF,LGA
65721,G7 4391,BUF,EWR
65832,AA 2141,EWR,DFW
65848,AA 2528,LAS,JFK
65886,WN 1765,MDW,LGA
65895,YX 5753,RIC,LGA
65913,AA 1506,LGA,DFW
65924,B6 1093,JFK,MIA
65962,AA 1376,EWR,CLT
66208,UA 1571,IAH,EWR
66228,DL 8800,JFK,DTW
66232,UA 1797,BOS,EWR
66284,UA 2273,CLE,EWR
66295,YX 5843,LGA,RDU
66338,AS 747,JFK,SAN
66345,YX 3686,EWR,CHS
66411,C5 5022,EWR,BTV
66546,G7 4443,BUF,EWR
66629,UA 561,DFW,EWR
66684,YX 3521,EWR,BNA
66731,9E 4841,LGA,BUF
66769,WN 726,DEN,LGA
66787,YX 5709,MVY,LGA
66819,AA 641,JAC,LGA
66858,G7 4389,GSO,EWR
66894,AA 2848,CLT,JFK
66941,WN 3073,ATL,LGA
66961,YX 5692,CMH,LGA
66998,WN 4178,LGA,MDW
67006,UA 1797,EWR,FLL
67013,WN 4873,BNA,LGA
67045,DL 8796,SLC,JFK
67061,YX 3699,DFW,EWR
67067,G7 4166,ALB,EWR
67094,YX 3628,EWR,MEM
67107,9E 4694,LGA,BUF
67199,9E 4893,PIT,LGA
67211,UA 318,EWR,CLT
67212,YX 4550,BWI,JFK
67248,YX 3460,EWR,IND
67333,DL 1508,MCO,JFK
67377,G7 4594,LGA,IAD
67460,UA 1968,BUF,EWR
67463,YX 3667,EWR,CHS
67501,DL 2983,LGA,BNA
67555,NK 1950,EWR,IAH
67577,NK 853,LGA,FLL
67581,WN 5415,STL,LGA
67582,9E 5449,LGA,CVG
67617,AA 813,DCA,LGA
67749,YX 4725,DCA,LGA
67755,YX 5615,JFK,DCA
67817,UA 741,RSW,EWR
67944,UA 2136,LGA,IAD
67962,YX 3594,ATL,EWR
68004,AA 2110,MIA,LGA
68007,WN 2547,LGA,STL
68015,YX 3471,EWR,BUF
68050,UA 374,EWR,JAC
68207,UA 1807,CHS,EWR
68242,YX 3460,EWR,JAX
68280,G7 4178,EWR,GSP
68332,G7 4599,EWR,GSO
68356,YX 3421,BNA,EWR
68455,9E 4929,LGA,BUF
68463,WN 3059,LGA,BNA
68466,YX 5630,PWM,JFK
68503,YX 3400,EWR,GSO
68532,WN 2786,ATL,LGA
68567,9E 4721,BNA,JFK
68572,YX 3702,EWR,SAV
68583,UA 2443,RDU,EWR
68649,WN 1540,MCI,LGA
68729,WN 5498,LGA,DAL
68731,YX 4665,SBN,LGA
68783,YV 6207,LGA,IAH
68784,WN 3072,MDW,LGA
68828,WN 358,LGA,MDW
68925,UA 2108,EWR,PBI
68999,WN 4416,LGA,ATL
69021,DL 1148,JFK,TPA
69072,WN 1518,BNA,LGA
69075,9E 5323,LGA,ROC
69086,YX 4840,ORF,LGA
69151,UA 2360,MCO,EWR
69185,WN 4185,LGA,MDW
69202,YX 5704,MYR,LGA
69217,YX 3588,PWM,EWR
69362,G4 734,CVG,EWR
69402,WN 5070,HOU,LGA
69423,9E 4900,PWM,JFK
69427,WN 4818,LGA,HOU
69587,YX 4728,DCA,LGA
69592,WN 6041,LGA,HOU
69619,YX 5739,LGA,CMH
69680,G7 4554,DTW,EWR
69688,9E 5510,CVG,LGA
69721,YX 3650,AUS,EWR
69754,WN 6907,LGA,STL
69777,G4 2682,EWR,VPS
69857,AA 1664,LGA,MIA
69869,9E 4666,LGA,BNA
69903,YX 3528,BOS,EWR
69910,AA 321,JFK,MIA
69914,YX 3419,BUF,EWR
69983,YX 4877,JFK,BWI
70025,WN 5916,LGA,MDW
70063,WN 3620,LGA,TPA
70067,C5 4905,GSP,EWR
70118,G7 4522,PIT,EWR
70155,9E 4638,LGA,STL
70196,WN 5538,DAL,LGA
70214,YX 3483,EWR,BNA
70229,WN 4285,LGA,DAL
70290,G7 4419,ALB,EWR
70329,DL 1055,LGA,DEN
70499,9E 5524,ORF,LGA
70542,YV 6316,LGA,IAD
70546,YX 4822,CLT,LGA
70603,9E 5363,RIC,LGA
70608,WN 48,HOU,LGA
70649,WN 2922,LGA,DAL
70660,WN 1342,LGA,DEN
70685,B6 2099,LGA,MCO
70741,NK 1667,EWR,RSW
70805,YX 5781,LGA,BOS
70861,YX 3493,PWM,EWR
70915,UA 375,ATL,EWR
70968,WN 6295,STL,LGA
71074,YX 3460,EWR,BNA
71122,WN 3842,MDW,LGA
71138,YX 3641,EWR,DTW
71161,UA 1128,EWR,SAT
71274,UA 1631,EWR,MCO
71284,9E 5539,JFK,DTW
71307,9E 4967,LGA,SYR
71342,DL 2276,RDU,LGA
71372,YX 3461,AUS,EWR
71376,NK 601,FLL,LGA
71389,YX 5732,BNA,LGA
71406,WN 2383,LGA,MDW
71421,WN 4040,DAL,LGA
71441,YX 3660,ORF,EWR
71445,UA 547,EWR,SRQ
71502,G7 4489,STL,EWR
71508,DL 2986,EWR,DTW
71513,UA 249,EWR,MIA
71627,WN 1997,STL,LGA
71677,YX 3569,ORD,LGA
71719,G7 4409,EWR,RIC
71733,YX 4822,LGA,CLT
71803,UA 1950,EWR,CLT
71861,9E 5197,LGA,CLE
71901,YX 4767,ORD,LGA
71906,YX 5600,JFK,JAX
71922,YX 3585,ORD,EWR
71926,UA 2360,DTW,EWR
72009,DL 1402,LGA,SRQ
72129,B6 2774,CHS,JFK
72130,UA 2418,BOS,EWR
72132,B6 954,PBI,JFK
72210,9E 5384,RDU,LGA
72267,B6 2133,BTV,JFK
72304,YX 3509,EWR,IAD
72316,UA 736,DFW,EWR
72358,UA 325,EWR,ATL
72376,YX 5648,LGA,BNA
72453,YX 3703,DCA,EWR
72459,9E 5461,RDU,LGA
72589,YX 4674,SDF,LGA
72800,WN 1589,LGA,DAL
72805,DL 729,SAN,JFK
72821,WN 1577,LGA,MCI
72834,WN 2872,LGA,HOU
72921,UA 1501,ORD,EWR
73042,YX 3666,CHS,EWR
73055,UA 1728,EWR,IAH
73062,WN 5070,LGA,MDW
73064,UA 1126,EWR,MCO
73149,UA 750,EWR,PBI
73241,YX 5691,ORF,LGA
73245,YX 5808,ORD,JFK
73279,UA 1598,ORD,EWR
73379,B6 2094,MIA,EWR
73451,G7 4612,EWR,CVG
73475,G7 4193,EWR,GSP
73516,G7 4589,PWM,EWR
73568,WN 2762,LGA,HOU
73644,WN 6087,BWI,LGA
73671,UA 392,EWR,FLL
73801,WN 4134,LGA,ATL
73852,WN 26,MDW,LGA
73860,YX 3604,EWR,ROC
73972,YX 3641,JAX,EWR
73994,UA 391,PWM,EWR
74005,9E 5011,JFK,MVY
74050,9E 4959,LGA,BUF
74078,WN 2201,DAL,LGA
74085,YX 3709,EWR,PWM
74329,YX 5630,JFK,PWM
74385,9E 5481,BNA,LGA
74395,G7 4589,EWR,RIC
74517,9E 5501,ORD,JFK
74568,UA 1526,EWR,TPA
74714,YX 4829,LGA,ATL
74735,C5 4835,CHS,EWR
74763,DL 2580,ORD,LGA
74774,WN 1576,BNA,LGA
74804,YX 3713,EWR,PIT
75106,AS 216,JFK,SEA
75176,DL 1231,MSP,EWR
75181,WN 3963,LGA,MDW
75255,9E 5299,RIC,LGA
75264,WN 3446,BNA,LGA
75267,B6 1992,MIA,JFK
75328,AA 1036,JFK,MIA
75372,G7 4541,EWR,DCA
75447,AS 355,SFO,JFK
75484,OO 5553,IAH,LGA
75512,UA 1207,IAD,EWR
75537,WN 5029,LGA,HOU
75633,YV 6048,IAH,LGA
75695,G7 4451,RDU,EWR
75730,YX 5655,BUF,JFK
75823,9E 5258,CLE,LGA
75870,YX 3663,EWR,ORF
75887,YX 5625,JFK,MSY
75949,NK 1806,LAS,EWR
75996,G7 4429,EWR,DCA
76148,YX 3435,EWR,MSN
76175,WN 850,MDW,LGA
76256,YX 4576,JFK,PHL
76328,UA 1580,JAX,EWR
76365,WN 3674,MDW,LGA
76422,UA 1180,ATL,EWR
76458,G7 4168,EWR,ALB
76485,B6 213,LGA,BOS
76510,YX 4739,ORD,LGA
76555,YX 3513,EWR,AUS
76616,UA 661,IAD,EWR
76639,WN 4432,DAL,LGA
76655,G7 4474,CLT,EWR
76743,YX 4722,RDU,LGA
76750,9E 4953,LGA,BUF
76767,YX 5639,IND,LGA
76768,9E 4775,JFK,SYR
76825,UA 1261,EWR,ORD
76885,UA 2476,CLT,EWR
76899,UA 1952,EWR,SYR
76997,YV 6083,IAH,LGA
77062,DL 1209,LGA,RDU
77103,UA 511,EWR,BUF
77107,YX 4684,LGA,IND
77116,WN 5713,MDW,LGA
77118,G7 4530,RIC,EWR
77177,OO 3843,MSP,EWR
77185,NK 1483,EWR,MYR
77315,UA 1242,EWR,ORD
77397,YX 5665,JFK,CHS
77407,UA 1604,EWR,BOS
77477,UA 2669,ORD,EWR
77485,WN 1900,LGA,MDW
77539,UA 1968,EWR,DTW
77548,WN 3357,DEN,LGA
77640,AS 748,SAN,JFK
77703,UA 1292,CLT,EWR
77739,YX 3447,CMH,EWR
77828,UA 704,MIA,EWR
77876,G7 4417,EWR,CVG
78003,UA 628,EWR,EGE
78128,WN 749,HOU,LGA
78140,YX 5815,CMH,LGA
78203,B6 953,JFK,PBI
78265,UA 1732,EWR,MCO
78391,9E 4650,JFK,DTW
78451,MQ 4201,MIA,EWR
78594,WN 5357,LGA,DAL
78634,YX 3631,PIT,EWR
78662,AA 607,CLT,LGA
78720,WN 4285,ATL,LGA
78886,UA 1846,LGA,IAH
78904,DL 2959,MCO,JFK
78945,9E 4899,LGA,SYR
79015,UA 1566,EWR,FLL
79033,YX 5626,JFK,ORD
79047,YX 3592,EWR,CLE
79080,WN 4404,DEN,LGA
79115,WN 5923,LGA,MDW
79141,YX 3554,RDU,EWR
79160,YX 3561,EWR,CHS
79226,YX 5830,RIC,LGA
79294,YX 3629,EWR,ROC
79338,UA 286,FLL,EWR
79355,DL 2386,IAH,LGA
79371,9E 5134,LGA,MEM
79447,AS 480,EWR,SFO
79457,AA 1775,MIA,LGA
79476,YX 3641,EWR,IND
79538,WN 5965,STL,LGA
79640,YX 5646,JFK,PIT
79670,UA 2114,RIC,EWR
79690,UA 2434,EWR,AUS
79748,9E 4722,MYR,LGA
79753,9E 5487,JFK,ORD
79791,G7 4190,EWR,DCA
80008,G4 691,CVG,EWR
80027,YX 3528,IAD,EWR
80041,YX 4607,LGA,SDF
80120,9E 4637,CVG,LGA
80137,G7 4526,EWR,BUF
80165,YX 5761,CMH,LGA
80192,YX 3635,ALB,EWR
80197,B6 156,BZN,JFK
80201,WN 1415,LGA,BWI
80525,AA 1570,DFW,JFK
80546,G7 4467,EWR,ALB
80569,WN 2758,LGA,MDW
80652,9E 5024,DTW,EWR
80680,YX 3712,EWR,PIT
80745,DL 1628,JFK,ANC
80753,NK 1666,RSW,EWR
80805,YX 3629,SDF,EWR
80812,UA 444,EWR,LAX
80845,UA 1575,EWR,CMH
80932,UA 1704,ORD,EWR
80939,WN 1140,LGA,MCO
81043,AA 1533,EWR,CLT
81067,B6 2043,EWR,PBI
81073,WN 1630,LGA,DAL
81149,WN 4350,DEN,LGA
81234,9E 4959,BNA,LGA
81290,UA 2156,EWR,RDU
81304,UA 1023,EWR,RDU
81353,WN 3473,DEN,LGA
81378,AS 692,SEA,JFK
81461,AA 1384,JFK,PHX
81718,YX 5598,DTW,EWR
81736,AA 2579,ORD,LGA
81770,G7 4472,MYR,EWR
81893,9E 5379,JFK,CLT
81908,YX 3646,BUF,EWR
81923,YX 4937,ROA,LGA
81976,UA 1074,DEN,EWR
82055,9E 5389,LGA,CHS
82163,B6 2983,JFK,MCO
82168,AS 1009,JFK,SFO
82221,YX 3694,AUS,EWR
82248,YX 5672,LGA,MVY
82281,WN 3623,MSY,LGA
82302,YX 4878,LGA,DTW
82445,AS 1020,SFO,JFK
82477,G7 4382,EWR,BUF
82512,MQ 9631,EWR,ORD
82583,G7 4431,BTV,EWR
82636,WN 6017,STL,LGA
82644,WN 2960,LGA,STL
82720,DL 1431,RDU,LGA
82765,WN 2976,LGA,MCO
82781,OO 5250,LGA,ORD
82840,B6 212,BOS,LGA
82852,YX 3701,DTW,EWR
83048,YX 3628,EWR,SRQ
83172,YX 4501,LGA,MIA
83176,UA 1460,EWR,RDU
83222,UA 2272,EWR,MSY
83394,YX 3462,EWR,MSY
83505,UA 310,TPA,EWR
83565,9E 5534,SYR,JFK
83603,G7 4570,PIT,EWR
83685,WN 3489,MDW,LGA
83747,YV 6306,LGA,IAH
83835,UA 421,EWR,IAH
83848,YX 3635,DTW,EWR
83992,YX 5738,EWR,DTW
84131,UA 709,CHS,EWR
84156,UA 2093,MCO,EWR
84157,UA 1074,EWR,MIA
84324,WN 619,LGA,DEN
84453,WN 1035,LGA,ATL
84551,WN 3592,MDW,LGA
84560,AS 357,EWR,LAX
84567,WN 3316,LGA,HOU
84612,YX 4639,MYR,LGA
84629,G4 1375,CVG,EWR
84664,WN 5455,LGA,MDW
84704,WN 2319,MDW,LGA
84867,WN 472,STL,LGA
84870,WN 1143,DEN,LGA
84876,WN 713,BNA,LGA
85063,YX 3621,EWR,JAX
85103,9E 5446,BGR,JFK
85132,UA 2300,IAD,EWR
85208,DL 2540,EWR,MSP
85229,DL 1459,PBI,LGA
85473,G7 4610,CMH,EWR
85485,YX 5814,RDU,JFK
85526,AA 1291,BNA,LGA
85545,WN 3867,TPA,LGA
85617,YX 4858,LGA,GSO
85820,UA 381,EWR,CMH
85869,G7 4506,CVG,EWR
85932,UA 2655,IAD,LGA
86127,WN 3393,TPA,LGA
86159,B6 1880,EWR,BOS
86221,WN 4976,LGA,ATL
86239,WN 480,BNA,LGA
86256,WN 405,STL,LGA
86416,DL 1059,LGA,PBI
86466,YX 4681,JFK,PIT
86512,WN 5968,STL,LGA
86583,UA 2374,EWR,PHX
86608,9E 4797,EWR,MSP
86610,UA 2030,LAS,EWR
86623,YX 4683,LGA,ROA
86674,G4 2508,EWR,SAV
86696,WN 1481,DEN,LGA
86815,G7 4533,GSO,EWR
86865,UA 560,SRQ,EWR
86898,G7 4584,EWR,SYR
86933,WN 4227,LGA,MDW
87095,YX 3658,EWR,MCI
87102,WN 2500,LGA,HOU
87128,YX 5856,MSY,LGA
87169,UA 738,BNA,EWR
87455,G7 4598,EWR,ORF
87471,DL 728,JFK,SLC
87506,YX 5842,LGA,PIT
87512,WN 1092,LGA,BNA
87541,WN 4168,LGA,MDW
87558,G4 683,EWR,CVG
87567,9E 4648,LGA,MSP
87575,DL 2994,PBI,JFK
87691,B6 2454,JFK,BOS
87809,UA 1730,EWR,RSW
87852,C5 4863,SYR,EWR
88115,B6 463,EWR,JAX
88204,DL 1547,JFK,STT
88290,9E 5492,LGA,CHS
88338,UA 208,CLT,EWR
88351,WN 2914,DAL,LGA
88375,YX 3493,EWR,CLE
88413,WN 4418,LGA,MDW
88475,WN 2179,MCO,LGA
88525,YX 3489,EWR,CMH
88534,G4 1306,EWR,CVG
88586,YX 3719,BOS,EWR
88717,WN 2750,LGA,ATL
88760,9E 5115,LGA,PIT
88927,YX 5600,RIC,LGA
88963,G7 4611,EWR,MYR
89017,WN 2954,HOU,LGA
89021,UA 284,IAD,EWR
89125,G4 459,AVL,EWR
89149,YX 5640,LGA,RIC
89186,YX 4588,LGA,AVL
89205,G7 4612,SAV,EWR
89211,UA 1106,EWR,TPA
89216,9E 4959,LGA,BNA
89267,G7 4442,PWM,EWR
89327,B6 2901,BUF,JFK
89422,G7 4485,PVD,EWR
89429,WN 2626,LGA,HOU
89457,WN 2663,LGA,DAL
89480,YX 3422,EWR,BTV
89491,G7 4485,EWR,DCA
89505,OO 3893,DTW,EWR
89516,YX 3405,BTV,EWR
89530,WN 6310,DAL,LGA
89617,UA 412,DEN,EWR
89731,YX 4734,LGA,CHO
89742,YX 4773,LGA,SDF
89825,9E 4694,JFK,BOS
89873,UA 2054,DEN,LGA
89982,WN 6010,LGA,STL
90000,UA 2415,ATL,EWR
90136,WN 4592,MDW,LGA
90215,DL 316,LGA,DFW
90339,B6 1529,EWR,RDU
90415,WN 5046,LGA,TPA
90438,UA 287,TPA,EWR
90470,B6 2023,JFK,LAX
90679,G7 4466,EWR,RIC
90714,9E 4923,LGA,BUF
90717,YX 3556,BNA,EWR
90794,9E 5314,LGA,CLE
90871,G7 4493,CLT,EWR
90879,WN 4781,BNA,LGA
90988,YX 4675,BOS,JFK
90993,G7 4500,DTW,EWR
91034,G7 4513,EWR,DTW
91140,YX 4588,OMA,LGA
91151,B6 446,SFO,EWR
91183,WN 1036,ATL,LGA
91215,9E 4704,BTV,JFK
91234,WN 4147,LGA,STL
91350,B6 2354,PBI,JFK
91364,WN 1776,LGA,MDW
91409,YX 3617,EWR,ORD
91447,UA 1478,BUF,EWR
91508,9E 5340,JFK,IND
91543,UA 2452,SFO,EWR
91564,UA 2248,AUS,EWR
91568,WN 5703,LGA,MCO
91580,9E 5119,MSP,EWR
91593,9E 5360,SYR,LGA
91621,DL 542,LGA,ORD
91624,YX 5746,BUF,LGA
91629,WN 6046,ATL,LGA
91697,G7 4382,CLE,EWR
91723,YX 5833,SYR,JFK
91823,WN 4872,SRQ,LGA
92013,WN 1211,MCO,LGA
92163,YX 3505,EWR,AUS
92276,WN 5498,MCO,LGA
92299,9E 5001,JFK,ORD
92328,YX 3414,EWR,ROC
92365,UA 430,EWR,BOS
92370,AA 1656,EWR,ORD
92405,9E 4841,BUF,LGA
92493,G7 4190,CVG,EWR
92543,YX 5807,BUF,JFK
92576,YX 5640,LGA,ACK
92790,WN 749,LGA,MDW
92917,DL 2566,SLC,EWR
93070,WN 254,MCO,LGA
93073,UA 1058,MIA,EWR
93097,OO 5603,ORD,LGA
93103,9E 5725,JFK,MSY
93222,9E 5742,BGR,JFK
93332,UA 1230,BZN,EWR
93333,YX 3627,MKE,EWR
93334,YX 4649,JFK,DCA
93381,G7 4437,PWM,EWR
93505,WN 5966,LGA,STL
93537,UA 497,RDU,EWR
93572,WN 3080,BNA,LGA
93713,G7 4504,PIT,EWR
93733,YX 3642,SRQ,EWR
93860,UA 2454,EWR,MSP
93865,YX 3400,EWR,ATL
93886,DL 1511,DTW,JFK
93993,9E 5245,LGA,CLE
94081,WN 4892,HOU,LGA
94162,UA 1149,EWR,MSP
94220,G4 2687,EWR,VPS
94240,YX 4932,CMH,LGA
94304,WN 4585,LGA,HOU
94389,YX 3595,RIC,EWR
94474,YX 4617,MIA,EWR
94482,B6 973,JFK,SJU
94650,G7 4508,ACK,EWR
94762,9E 5347,LGA,BNA
94838,WN 3322,DEN,LGA
94915,WN 3538,LGA,TPA
94954,YX 5699,JFK,JAX
95064,B6 484,MCO,LGA
95098,UA 2067,EWR,BOS
95134,UA 1283,MSY,EWR
95167,AA 896,FLL,JFK
95262,YX 3561,EWR,PIT
95336,YX 3597,SYR,EWR
95410,YX 4780,DTW,LGA
95500,DL 1912,JFK,DTW
95546,9E 4728,LGA,CLT
95550,UA 529,LAS,EWR
95652,AS 432,EWR,SFO
95661,AA 1620,JAC,LGA
95665,DL 1138,JFK,MIA
95720,YX 3471,JAX,EWR
95850,WN 4442,ATL,LGA
95855,YX 5642,LGA,MVY
95882,YX 4837,LGA,ATL
95891,DL 2972,EWR,ATL
95897,WN 2725,LGA,DAL
95945,WN 4804,LGA,MDW
95948,UA 238,CLT,EWR
95955,AA 2944,RDU,LGA
95971,UA 1450,EWR,ATL
96336,9E 5102,LGA,BUF
96441,WN 427,MSY,LGA
96510,DL 756,JFK,ANC
96548,UA 488,EWR,JAC
96601,YX 4878,DTW,LGA
96610,NK 3550,EWR,IAH
96650,WN 2227,LGA,BNA
96780,WN 2987,DAL,LGA
96809,DL 2878,DTW,EWR
96836,WN 1705,LGA,MCO
96884,YX 5700,BNA,LGA
96901,UA 1709,EWR,IAH
97031,WN 2834,MDW,LGA
97108,9E 5341,LGA,GRR
97138,G7 4557,DTW,EWR
97139,WN 3151,LGA,DAL
97153,G7 4423,EWR,CLT
97247,WN 676,DAL,LGA
97259,9E 4823,LGA,SYR
97319,9E 5042,DTW,EWR
97357,WN 5807,BWI,LGA
97414,9E 4669,LGA,MKE
97724,G7 4558,PVD,EWR
97892,B6 1583,JFK,MCO
97919,WN 6073,STL,LGA
97921,YX 3708,RDU,EWR
97980,UA 571,PBI,EWR
97984,YX 3522,EWR,IAD
97992,YX 5839,LGA,PWM
98102,UA 770,MIA,EWR
98112,B6 511,JFK,LAS
98145,YX 4799,EYW,LGA
98192,NK 729,EWR,TPA
98217,YX 4888,LGA,CVG
98379,WN 5620,LGA,STL
98503,YX 5682,LGA,IND
98572,DL 1048,LGA,DEN
98603,YX 5601,CLT,LGA
98612,OO 3900,DTW,EWR
98751,AS 995,LAX,EWR
98785,9E 5466,BUF,LGA
98997,B6 2972,PBI,LGA
99018,UA 1704,DTW,EWR
99122,AA 1800,LGA,ORD
99176,WN 59,ATL,LGA
99240,WN 716,MSY,LGA
99261,UA 482,EWR,CLT
99326,WN 6264,LGA,DEN
99369,YX 4769,ATL,LGA
99390,YX 5597,LGA,OMA
99510,YX 3588,MSY,EWR
99548,YX 5719,MSY,LGA
99556,DL 2865,BNA,LGA
99563,YX 5844,MSY,LGA
99638,YX 3430,EWR,BOS
99750,YX 4854,BWI,JFK
99810,UA 1766,BOS,EWR
99856,WN 174,LGA,HOU
99925,G7 4586,EWR,STL
100032,WN 5076,LGA,DAL
100091,YX 3464,ORD,EWR
100187,UA 1625,EWR,MIA
100387,B6 1846,SAN,EWR
100471,UA 572,DTW,EWR
100657,YX 3466,PWM,EWR
100678,G7 4570,EWR,STL
100782,YX 5843,BOS,LGA
100791,YX 5833,JAX,JFK
100839,G7 4498,EWR,CVG
100939,YX 5806,LGA,SDF
100941,YX 5709,LGA,MVY
100949,YX 5817,CLT,LGA
101101,YX 5766,JFK,CLE
101204,UA 2105,EWR,AUS
101407,YX 3582,EWR,STL
101408,G7 4439,EWR,PWM
101445,AA 842,JFK,BOS
101490,9E 4943,ROC,LGA
101714,AA 2307,LGA,DCA
101741,G7 4454,IND,EWR
101812,9E 5436,SYR,LGA
101873,G7 4589,PIT,EWR
101887,UA 279,EWR,PHX
102090,YX 4810,PIT,LGA
102261,C5 4301,EWR,RIC
102299,WN 681,STL,LGA
102368,WN 3675,LGA,DAL
102409,YX 5810,LGA,CLT
102618,G7 4431,CLE,EWR
102629,AA 2139,STT,JFK
102720,UA 2035,IAD,EWR
102727,UA 2174,EWR,MCO
102977,UA 2183,EWR,IAH
103029,WN 2714,DAL,LGA
103046,NK 3101,EWR,ATL
103059,YX 3666,PIT,EWR
103088,UA 597,RDU,EWR
103184,B6 2974,LAX,EWR
103195,YX 5818,BUF,LGA
103206,G4 2702,VPS,EWR
103305,9E 4741,MKE,LGA
103308,WN 2030,MDW,LGA
103354,9E 5260,ATL,LGA
103383,UA 1806,EWR,JAX
103425,YX 5783,CLT,LGA
103553,YX 3590,IAD,EWR
103697,UA 1573,SFO,EWR
103812,9E 5212,SYR,LGA
103935,WN 830,LGA,MDW
103956,YX 3532,EWR,RSW
103961,WN 331,HOU,LGA
103979,YX 3641,ORD,LGA
104016,UA 1700,EWR,DTW
104125,G7 4569,LGA,IAD
104149,UA 312,EWR,MSY
104530,YX 5701,BOS,JFK
104559,UA 586,EWR,SRQ
104606,9E 4985,LGA,BUF
104614,NK 1906,SJU,EWR
104658,YX 3432,CLT,EWR
104830,WN 1770,ATL,LGA
104904,OO 4500,DTW,EWR
105068,UA 2029,EWR,AUS
105266,YX 4662,EYW,LGA
105319,UA 369,SAN,EWR
105494,9E 5212,LGA,CVG
105575,G4 2606,EWR,TYS
105625,UA 2371,EWR,HDN
105628,9E 5221,BNA,LGA
105640,WN 1589,MCO,LGA
105660,YX 4946,DCA,LGA
105760,9E 5488,ORD,JFK
105791,UA 420,JAC,EWR
105805,UA 1696,PBI,EWR
105970,WN 2633,LGA,DAL
105987,AS 425,SEA,JFK
105990,9E 5796,SDF,LGA
106057,UA 2007,EWR,PWM
106152,YX 3501,JAX,EWR
106161,WN 5600,MCO,LGA
106204,UA 315,EWR,FLL
106348,9E 5102,LGA,MYR
106567,AA 2887,JFK,CLT
106679,UA 1236,EWR,RSW
106772,UA 405,EWR,BOS
106829,DL 2181,ATL,EWR
106837,G7 4449,ORF,EWR
106884,G4 1304,EWR,CVG
107070,WN 5956,LGA,DAL
107164,WN 3480,LGA,BNA
107353,9E 4998,LGA,PWM
107400,UA 2329,FLL,EWR
107444,9E 5036,BUF,LGA
107500,YX 3651,EWR,CLE
107679,9E 5410,LGA,RDU
107768,YX 4718,LGA,DCA
107819,UA 1770,EWR,ORD
107854,YX 3663,DTW,EWR
107873,UA 1709,EWR,FLL
108087,WN 5578,MCO,LGA
108257,YX 4605,LGA,ROA
108310,WN 3198,BNA,LGA
108374,UA 381,BOS,EWR
108416,WN 3472,MDW,LGA
108475,DL 2561,EWR,MSP
108481,UA 398,EWR,CLE
108500,WN 1009,LGA,MDW
108508,YX 5693,LGA,SDF
108671,YX 4745,ORD,LGA
108690,UA 608,LGA,MCO
108709,YX 3502,EWR,DFW
108730,DL 2943,TPA,JFK
108759,DL 812,DTW,JFK
108908,UA 2196,EWR,DTW
108917,WN 6036,LGA,DEN
108920,9E 5080,JFK,CHS
109059,WN 2059,MCO,LGA
109343,YX 5841,CLE,LGA
109444,WN 998,LGA,BNA
109548,UA 1094,EWR,PBI
109572,AS 403,SEA,JFK
109625,YX 3638,EYW,EWR
109752,UA 1436,EWR,SFO
109803,AS 35,JFK,PDX
109915,9E 5392,DTW,EWR
110012,YX 4912,GSO,LGA
110045,9E 5409,LGA,CVG
110068,YX 5808,JFK,ORD
110145,WN 4247,DEN,LGA
110202,9E 5401,CLE,LGA
110278,UA 2228,IAH,EWR
110316,MQ 3690,EWR,ORD
110468,9E 4757,BNA,LGA
110495,UA 1018,FLL,EWR
110860,G4 411,AVL,EWR
111069,WN 3419,TPA,LGA
111070,UA 436,ORD,EWR
111340,YX 3579,SYR,EWR
111431,9E 4943,LGA,ROC
111482,UA 731,LGA,IAH
111741,G7 4586,MYR,EWR
111748,AA 1011,LGA,ORD
111786,OO 4078,EWR,DTW
111839,YX 3719,DCA,EWR
112089,DL 2642,FLL,LGA
112165,YX 5743,PIT,LGA
112186,WN 3799,LGA,ATL
112244,G4 2530,SAV,EWR
112267,YX 3510,RSW,EWR
112332,YX 4837,ATL,LGA
112452,UA 528,LGA,ORD
112493,YX 3711,EWR,IAD
112526,WN 5970,LGA,STL
112543,WN 4375,MDW,LGA
112717,UA 1842,EWR,IAD
112729,YX 3581,EWR,DFW
112813,WN 995,BNA,LGA
113047,UA 2244,BNA,EWR
113048,YX 5743,IND,JFK
113271,DL 1355,BNA,LGA
113503,WN 3926,LGA,ATL
113580,WN 2741,DAL,LGA
113650,YX 4771,LGA,RIC
113911,9E 5302,CLT,LGA
113971,G7 4546,CLT,EWR
114029,YX 3405,CVG,EWR
114227,B6 679,BOS,EWR
114232,UA 2242,LAX,EWR
114256,YX 3529,EWR,MSN
114315,YX 5693,SDF,LGA
114316,WN 1629,HOU,LGA
114335,B6 2062,PBI,LGA
114342,9E 5019,LGA,ORF
114453,9E 4957,LGA,PIT
114505,9E 4822,LGA,SAV
114523,YX 4913,LGA,ORD
114558,YX 3586,PWM,EWR
114667,OO 5658,ORD,LGA
114712,WN 1363,LGA,STL
114719,G7 4408,EWR,ACK
114752,C5 4851,LGA,IAD
114760,WN 3898,LGA,MDW
114765,YX 3466,CVG,EWR
114782,DL 1268,MCO,JFK
114813,UA 400,EWR,BUF
114826,WN 6041,BWI,LGA
114974,G7 4445,EWR,RDU
115140,WN 5567,STL,LGA
115223,YX 4853,DCA,LGA
115306,G7 4435,SAV,EWR
115348,UA 1702,EWR,TPA
115350,YX 3417,EWR,GRR
115544,YX 3516,JAX,EWR
115696,YX 4969,LGA,EYW
115802,9E 5253,JFK,RDU
115999,YX 3427,EWR,DCA
116013,YX 4919,ORD,LGA
116201,WN 1800,LGA,DEN
116291,UA 1795,EWR,CHS
116298,G7 4610,EWR,CVG
116472,WN 797,LGA,MDW
116541,DL 1351,LGA,RDU
116663,YX 3546,EWR,SRQ
116701,B6 626,TPA,JFK
116712,YX 3484,GRR,EWR
117124,UA 1268,SFO,EWR
117312,B6 2805,EWR,FLL
117316,YX 4809,PIT,LGA
117421,WN 3056,LGA,MDW
117471,UA 292,CLE,EWR
117489,9E 4755,DTW,EWR
117531,YX 5647,MCI,LGA
117662,9E 5265,LGA,RDU
118053,YX 3420,PIT,EWR
118605,YX 5769,JFK,JAX
118777,AS 1010,SFO,JFK
118842,YX 3628,EWR,GRR
118968,9E 5276,BNA,LGA
119069,YV 6048,LGA,IAH
119073,UA 287,EWR,FLL
119229,YX 3418,DCA,EWR
119258,OO 4074,DTW,EWR
119388,B6 702,FLL,JFK
119467,YX 3649,EWR,CLE
119489,9E 5028,JFK,BTV
119557,YX 3581,LGA,ORD
119620,UA 793,EWR,RDU
119857,AA 1029,IAH,LGA
119904,WN 3625,LGA,ATL
119964,DL 2903,MCO,LGA
119996,WN 3244,MDW,LGA
120002,G7 4517,EWR,PWM
120009,WN 2643,BWI,LGA
120079,G7 4573,EWR,CLT
120352,WN 5963,STL,LGA
120369,UA 781,EWR,FLL
120486,WN 4335,BNA,LGA
120577,9E 5102,LGA,CLT
120690,G7 4583,EWR,ORF
120888,G7 4386,PWM,EWR
121106,WN 4777,LGA,DEN
121206,WN 5591,MCO,LGA
121209,WN 4178,HOU,LGA
121268,9E 5044,SYR,JFK
121376,YX 5646,LGA,PNS
121470,G7 4385,EWR,RDU
121482,WN 935,BNA,LGA
121590,YX 4915,DTW,LGA
121746,YX 5856,BOS,LGA
121806,DL 8804,JFK,ATL
121902,YX 3429,MKE,EWR
121956,G4 1216,AVL,EWR
122152,B6 2492,FLL,JFK
122215,B6 584,EWR,BQN
122250,YX 4906,LGA,ATL
122556,AA 2040,LGA,MIA
122627,YX 3496,EWR,BNA
122652,YX 3478,EWR,CLT
122685,AA 1074,JFK,LAS
123034,AA 2404,DFW,LGA
123122,WN 2533,LGA,ATL
123165,WN 5782,LGA,TPA
123223,UA 1401,EWR,CLT
123235,YX 4726,JFK,ORF
123276,AA 623,LGA,MCO
123407,G7 4166,GSP,EWR
123849,9E 4824,ORD,JFK
123962,WN 6109,LGA,BNA
124009,WN 2966,MDW,LGA
124139,YX 3581,EWR,DCA
124230,WN 6762,DAL,LGA
124570,DL 1032,DFW,JFK
124637,9E 5609,JFK,CHS
124803,WN 2551,LGA,HOU
124962,YX 5830,CLE,LGA
125111,YX 4986,JFK,BOS
125113,YX 3498,EWR,BOS
125180,9E 5519,GRR,LGA
125194,WN 4373,LGA,DEN
125345,WN 4475,LGA,ATL
125505,UA 1621,EWR,BOS
125568,YX 3678,SDF,EWR
125736,G7 4382,EWR,RDU
125809,AA 2756,CLT,JFK
125813,9E 5471,ORF,JFK
125831,UA 2054,SFO,EWR
125935,WN 533,ATL,LGA
125962,UA 1511,PWM,EWR
126036,WN 5308,STL,LGA
126045,YX 3471,RSW,EWR
126145,AS 1417,SEA,EWR
126169,WN 2537,LGA,MDW
126362,UA 2325,SRQ,EWR
126494,YX 4876,PIT,LGA
126504,YX 3404,CLE,EWR
126566,G7 4440,EWR,CLT
126574,YX 5750,LGA,IND
126650,WN 1304,LGA,HOU
126949,9E 5742,JFK,BGR
126985,UA 1617,MIA,EWR
127164,WN 4993,BWI,LGA
127179,YX 5734,LGA,MYR
127498,YX 5017,LGA,GSO
127885,YX 5629,JFK,BOS
127964,AA 2426,JFK,MIA
128136,UA 1730,DEN,EWR
128179,G4 2681,VPS,EWR
128242,B6 1886,RDU,JFK
128431,UA 1681,ORD,LGA
128454,UA 233,EWR,SRQ
128658,WN 2566,LGA,BNA
128707,WN 2789,LGA,MCI
128797,B6 984,MCO,JFK
128858,YX 5686,LGA,CLT
129146,OO 3966,DTW,EWR
129218,YX 4620,JFK,BOS
129305,G7 4573,ALB,EWR
129633,G7 4555,EWR,BUF
129647,WN 2536,STL,LGA
129728,AA 2741,LGA,ORD
129776,WN 3022,DEN,LGA
129989,YX 5772,PIT,LGA
130135,YV 6164,LGA,IAH
130505,YX 4955,LGA,MIA
130607,UA 2154,LGA,ORD
130779,9E 5492,LGA,CHO
131109,YX 4799,LGA,EYW
131114,G7 4522,EWR,CLT
131129,9E 4658,JFK,RDU
131144,UA 1788,EWR,MCO
131232,UA 2619,BOS,EWR
131359,YX 3464,BOS,EWR
131427,YX 3561,EWR,BNA
131433,OO 4027,MSP,EWR
131540,UA 2088,EWR,SJU
131583,YX 5685,PIT,LGA
131807,WN 2773,STL,LGA
131850,YX 5640,BOS,JFK
131874,AA 1806,DFW,LGA
132154,WN 3274,LGA,BNA
132249,WN 999,TPA,LGA
132253,G7 4535,PWM,EWR
133024,YV 6051,IAH,LGA
133063,UA 1925,EWR,CMH
133117,DL 2303,LGA,BNA
133407,YX 4829,LGA,DCA
133568,NK 2321,FLL,EWR
133910,WN 752,LGA,STL
134040,YX 3611,EWR,RSW
134080,WN 797,TPA,LGA
134123,G7 4425,RDU,EWR
134406,9E 5197,CLE,LGA
134486,AA 760,STT,JFK
134568,UA 2336,AUS,EWR
134616,9E 4906,RDU,LGA
134936,G7 4499,EWR,IND
134952,YX 3522,EWR,ORD
135103,YX 3402,RIC,EWR
135177,YX 5780,BNA,JFK
135214,UA 602,EWR,CLE
135357,G7 4400,EWR,CVG
135558,9E 5329,RDU,LGA
135690,DL 1055,JFK,BZN
135722,NK 1490,PHX,LGA
135744,AA 714,LGA,ORD
135821,DL 8770,LAX,JFK
135866,YX 5839,PWM,LGA
135972,MQ 4160,EWR,MIA
136021,WN 389,MDW,LGA
136086,AA 1395,DEN,LGA
136245,WN 2735,HOU,LGA
136254,WN 1320,LGA,MCO
136276,YX 5662,LGA,BNA
136432,G7 4436,EWR,BUF
136809,UA 101,EWR,MCO
136898,9E 5442,ORD,JFK
137252,UA 1733,EWR,SAV
137302,C5 4290,MYR,EWR
137311,AA 1307,ORD,LGA
137404,9E 5341,PIT,LGA
137429,YX 4676,LGA,SAV
137447,WN 3898,HOU,LGA
137621,G4 1255,EWR,AVL
137624,OO 4452,DTW,EWR
137728,WN 2728,LGA,TPA
137850,YX 4609,LGA,VPS
138339,9E 4775,SYR,JFK
138474,YX 3502,EWR,CLE
138523,YX 3505,EWR,JAX
138726,UA 1083,MCO,EWR
138739,WN 5965,LGA,STL
138947,WN 4230,LGA,BNA
139348,WN 4284,MCO,LGA
139352,YX 3640,EWR,CLT
139516,WN 151,LGA,BWI
139522,UA 1641,JAX,EWR
139731,WN 2559,LGA,DAL
139955,UA 2483,EWR,PBI
139964,WN 6875,STL,LGA
140596,YX 3440,EWR,JAX
141236,YX 3417,EWR,CVG
141677,UA 2196,BUF,EWR
141777,G7 4397,EWR,RDU
141825,WN 173,ATL,LGA
141996,WN 676,LGA,ATL
142042,AA 383,BOS,JFK
142071,WN 2835,LGA,HOU
142178,G7 4618,EWR,IND
142325,G7 4467,EWR,CLT
142354,9E 4726,DTW,JFK
142375,UA 2153,MIA,EWR
142498,G4 2144,SAV,EWR
142836,G7 4443,CLT,EWR
143155,9E 4725,LGA,SYR
143198,AA 2427,JFK,DFW
143302,YX 3549,CLE,EWR
143452,WN 3968,LGA,DAL
143660,UA 473,ORD,LGA
143710,UA 780,EWR,AUS
143791,YX 5803,LGA,CMH
144329,YX 3647,ORF,EWR
144549,9E 4860,BUF,LGA
144552,G7 4381,RDU,EWR
144574,DL 2144,LGA,TPA
144645,YX 4727,LGA,CVG
144740,B6 1564,PBI,JFK
144785,DL 556,DFW,LGA
144825,9E 4914,BHM,LGA
144941,YX 3570,RSW,EWR
145044,WN 16,DEN,LGA
145530,UA 1517,BOS,EWR
145618,WN 5976,HOU,LGA
145684,UA 279,ATL,EWR
145891,WN 2962,DEN,LGA
146154,YX 3687,EWR,BOS
146321,YX 5692,LGA,SDF
146578,YX 4912,LGA,CVG
146719,UA 379,JAC,EWR
146739,UA 208,EWR,SFO
146746,G7 4418,EWR,IAD
147000,WN 239,STL,LGA
147064,B6 744,MCO,JFK
147170,9E 5209,SYR,JFK
147572,YX 5840,RDU,LGA
147982,WN 3449,ATL,LGA
148004,G7 4592,EWR,STL
148058,YX 4676,SAV,LGA
148062,WN 3088,ATL,LGA
148148,WN 6320,DAL,LGA
148171,YX 5730,LGA,SDF
148198,UA 2295,CMH,EWR
148370,G7 4188,PWM,EWR
148417,WN 2864,MDW,LGA
148482,WN 2236,HOU,LGA
148483,YX 3527,RIC,EWR
148531,DL 2963,SRQ,LGA
148627,UA 431,EWR,CMH
148751,WN 4856,LGA,ATL
148784,AA 2012,LGA,MTJ
148799,C5 4365,EWR,MYR
148868,YX 4729,MYR,LGA
148900,UA 1889,SFO,EWR
149072,F9 1258,RDU,EWR
149101,YX 3440,MHT,EWR
149105,WN 4167,ATL,LGA
149200,YX 5802,BNA,LGA
149257,G7 4539,IAD,LGA
149441,WN 3601,LGA,DEN
149461,YX 5714,LGA,BOS
149543,UA 1663,EWR,DTW
149791,YX 3571,RSW,EWR
149884,B6 439,JFK,BQN
150081,WN 2097,ATL,LGA
150243,B6 992,MIA,JFK
150296,9E 4947,CVG,LGA
150346,UA 563,IAH,EWR
150615,YX 4891,ROA,LGA
150713,G7 4414,EWR,BUF
150729,9E 5210,ORD,JFK
150900,YX 5849,JFK,RDU
151372,WN 1387,ATL,LGA
151611,YX 3414,EWR,BTV
151669,UA 1618,EWR,SDF
152128,G4 1904,EWR,VPS
152146,F9 7261,EWR,MCO
152289,YX 3478,PBI,EWR
152310,9E 5067,LGA,CLE
152464,G7 4501,EWR,PVD
152465,G7 4438,EWR,PIT
152662,UA 467,IAH,LGA
152803,UA 783,EWR,PBI
152836,YX 3495,EWR,DFW
153315,G7 4418,EWR,DTW
153358,UA 376,LAX,EWR
153507,C5 4927,CHS,EWR
153621,YX 4777,LGA,GSO
153694,YX 5721,PWM,JFK
153877,UA 1748,EWR,JAC
153969,UA 774,EWR,SAN
154143,UA 2445,LGA,ORD
154712,9E 5011,JFK,ORD
154851,UA 1128,EWR,LAX
154894,UA 2324,EWR,LAS
155086,AS 429,JFK,SEA
155214,9E 5102,LGA,RDU
155224,UA 1112,EWR,BOS
155398,WN 5953,DAL,LGA
155403,YX 3480,EWR,ORD
155608,G7 4436,EWR,IAD
155640,UA 217,MCO,EWR
155771,YV 6209,LGA,IAD
155892,YX 4638,DCA,LGA
155894,UA 1600,EWR,BOS
156011,UA 641,EWR,IAH
156012,YX 3702,EWR,BNA
156993,YX 4811,LGA,EYW
157076,DL 8787,JFK,ATL
157143,WN 3172,LGA,MDW
157152,YX 5822,BOS,JFK
157686,WN 4779,LGA,BNA
157719,YV 6039,LGA,IAH
157948,UA 1686,EWR,DEN
157992,WN 1191,ATL,LGA
158116,9E 4828,JFK,ACK
158560,YX 5768,JFK,RDU
158585,AA 1395,LGA,DEN
158610,YX 3619,LGA,ORD
158858,UA 633,MSY,EWR
158866,UA 1084,MIA,EWR
158895,WN 4533,LGA,MCO
159050,YX 4661,IND,LGA
159224,UA 287,IAH,EWR
159415,UA 2418,EWR,FLL
159449,WN 2828,TPA,LGA
159708,9E 5472,LGA,MYR
159762,WN 3962,BNA,LGA
159781,YX 3668,EWR,CVG
159936,UA 1195,BOS,EWR
160524,G7 4599,EWR,RIC
160933,UA 788,EWR,ROC
161120,UA 661,CLE,EWR
161570,UA 1406,DEN,EWR
161577,UA 375,EWR,PBI
161653,YX 3412,EWR,XNA
161750,WN 6758,LGA,DAL
161763,YX 3420,EWR,MHT
161951,YX 5655,LGA,BUF
162010,WN 1156,DAL,LGA
162017,YV 6275,LGA,IAD
162052,DL 8789,SEA,JFK
162229,YX 3690,DTW,EWR
162239,UA 272,ATL,EWR
162328,G7 4194,EWR,PIT
162455,WN 6001,LGA,HOU
162495,UA 1928,EWR,FLL
162548,DL 1668,JFK,BOS
162608,YX 3409,ORD,EWR
162684,UA 1455,MTJ,EWR
162739,9E 5258,MCI,LGA
163050,WN 4474,LGA,HOU
163130,YX 4631,LGA,DAY
163687,G7 4432,EWR,ROC
163748,WN 3815,LGA,MDW
163937,UA 1420,EWR,MSY
164021,UA 2029,AUS,EWR
164090,B6 792,ACK,EWR
164104,DL 8793,JFK,SEA
164230,WN 581,LGA,MDW
164271,YX 3463,IND,EWR
164422,9E 5263,JFK,PWM
164478,YX 3605,IND,EWR
164686,OO 3644,DTW,EWR
164835,UA 2293,EWR,DTW
164848,9E 4728,CLT,LGA
165000,9E 5115,RIC,LGA
165321,DL 417,DFW,LGA
165502,WN 3592,LGA,BNA
165626,UA 334,EWR,RSW
165635,WN 2693,LGA,DAL
165656,WN 3448,DAL,LGA
165926,DL 8803,JFK,MSP
166282,WN 2279,HOU,LGA
166295,UA 415,PIT,EWR
166318,AA 2190,DFW,LGA
166361,YX 5863,LGA,CMH
166422,G7 4451,PVD,EWR
166668,WN 801,LGA,DAL
166910,F9 7001,EWR,ATL
167022,UA 2030,EWR,BUF
167089,YX 5672,LGA,CMH
167264,F9 1262,MCO,EWR
167338,G4 1267,EWR,AVL
167342,WN 329,DEN,LGA
167409,YX 3634,EWR,PIT
167707,9E 5297,CVG,LGA
167761,YX 5658,RIC,LGA
167802,WN 5949,DAL,LGA
167906,UA 527,EWR,PBI
167971,WN 5681,LGA,DAL
168472,G4 2603,TYS,EWR
168550,WN 3429,LGA,MCO
168683,UA 260,DEN,EWR
168732,YX 3696,ORF,EWR
168775,9E 5494,RDU,LGA
168854,9E 4860,LGA,RDU
168895,YX 4775,RIC,LGA
168956,UA 1141,EWR,MCO
168969,9E 5134,EWR,DTW
169142,YX 5839,JFK,PIT
169309,WN 2701,STL,LGA
169619,WN 6153,MCI,LGA
169621,WN 845,LGA,MSY
169664,9E 4895,SYR,LGA
169674,UA 781,LAS,EWR
169780,G4 2688,VPS,EWR
169888,YX 3587,EWR,MYR
169898,YX 3696,EWR,MSY
169909,WN 3130,MDW,LGA
169964,DL 8772,SLC,JFK
170017,G7 4538,LGA,IAD
170022,YX 3594,EWR,BUF
170039,AA 2133,LGA,BOS
170118,AA 1518,JAC,LGA
170333,YX 5656,RDU,LGA
170648,UA 1765,EWR,BOS
170853,B6 1234,MCO,JFK
171066,YX 3653,EWR,IND
171129,AA 629,LGA,JAC
171182,YX 5618,JFK,BUF
171237,UA 1571,RDU,EWR
171293,YX 5785,MSY,LGA
171436,UA 1007,BOS,EWR
171662,UA 1586,EWR,TPA
171816,YX 4983,LGA,ORF
171860,UA 1075,EWR,AUS
172106,G7 4549,EWR,PVD
172186,DL 8770,SEA,JFK
172425,AS 716,EWR,SEA
172820,UA 244,EWR,PBI
172848,WN 4962,BNA,LGA
173058,9E 5275,STL,LGA
173135,DL 2872,PBI,LGA
173258,YX 3584,PVD,EWR
173386,YX 3516,EWR,ROC
173565,DL 895,MSP,LGA
173775,YX 5742,JFK,BOS
173835,G7 4473,EWR,PVD
173934,YX 5704,ROC,LGA
174151,G4 473,TYS,EWR
174184,WN 5969,LGA,BWI
174603,WN 1370,LGA,ATL
174628,DL 8771,JFK,SLC
174817,UA 211,EWR,RSW
174861,UA 237,EWR,SFO
175129,YX 5618,IND,LGA
175855,YX 3424,EWR,AUS
175934,UA 1169,EWR,BUF
176072,YX 5667,MCI,LGA
176113,YX 3672,EWR,CMH
176229,WN 4920,LGA,DEN
176313,WN 5637,LGA,BNA
176740,9E 4638,BOS,JFK
177095,YX 3711,MSP,EWR
177447,AA 948,MIA,JFK
177505,UA 2359,ROC,EWR
177781,UA 1719,EWR,FLL
177923,UA 1126,EWR,LAS
178038,YX 3490,RIC,EWR
178122,YX 5693,LGA,BUF
178233,WN 3951,LGA,ATL
178361,WN 2821,DEN,LGA
178408,B6 115,EWR,MCO
178420,UA 1402,BOS,EWR
178475,WN 6321,LGA,DAL
178548,AA 2153,ORD,LGA
178625,YX 4971,CHO,LGA
178650,UA 2374,SYR,EWR
178953,AA 1724,LGA,MIA
179006,OO 5625,LGA,IAH
179098,UA 2359,SYR,EWR
179424,AA 594,BOS,JFK
179540,YX 5742,LGA,ACK
179795,C5 4368,EWR,GRR
179962,UA 1577,LGA,IAH
179990,DL 2871,LGA,TPA
179996,YX 3452,PWM,EWR
180527,9E 4953,LGA,BNA
181156,DL 8783,JFK,MSY
181165,YX 4662,LGA,EYW
181185,WN 2616,LGA,ATL
181461,UA 1958,EWR,PIT
181470,9E 5062,LGA,RDU
181496,WN 2978,LGA,MDW
181566,G7 4508,EWR,PWM
182089,YX 5634,RDU,JFK
182106,UA 1586,EWR,IAD
182207,YX 5789,MSY,LGA
182216,9E 5507,RIC,LGA
182345,9E 5538,JFK,MSY
182373,WN 4333,MDW,LGA
182377,YX 4567,CMH,LGA
182385,WN 3054,BNA,LGA
182465,UA 1701,EWR,SRQ
182837,NK 3100,ATL,EWR
182858,YX 5640,PIT,LGA
182868,DL 2735,MIA,LGA
183023,OO 4093,DTW,EWR
183343,WN 47,LGA,DAL
183354,YX 3472,EWR,MYR
183569,WN 6032,LGA,HOU
183650,G4 2637,TYS,EWR
183884,YX 4893,CMH,LGA
183909,UA 2133,CLE,EWR
184083,9E 5056,ORF,LGA
184205,YX 5787,LGA,PWM
184575,YX 4971,LGA,CHO
184686,B6 2116,SFO,JFK
184699,B6 2130,RSW,JFK
184882,UA 2069,EWR,RDU
184914,9E 4919,LGA,PIT
184967,WN 3546,LGA,MDW
185094,WN 5419,ATL,LGA
185174,AA 830,LGA,TPA
185221,9E 5435,ORD,JFK
185732,B6 2902,JFK,BUF
185742,WN 4336,LGA,HOU
185849,YX 5841,IAD,JFK
186100,9E 4900,JFK,PWM
186115,WN 5631,LGA,MCO
186363,UA 525,CVG,EWR
186391,9E 5042,EWR,DTW
186556,WN 1512,MCO,LGA
186953,G4 2145,EWR,SAV
187189,AA 2640,MIA,JFK
187314,WN 3770,LGA,BNA
187534,YX 3634,PVD,EWR
187585,AA 1402,PBI,LGA
187598,YX 5859,LGA,BNA
187712,AA 1221,MIA,JFK
187733,C5 4820,EWR,SAV
187871,YX 4678,JFK,CMH
188158,9E 4862,RIC,LGA
188307,G7 4558,RIC,EWR
188424,9E 5270,LGA,ROC
188562,WN 758,LGA,MDW
188627,WN 4071,LGA,ATL
188938,WN 2821,STL,LGA
189127,AA 2028,MIA,JFK
189188,B6 2253,JFK,PBI
189349,WN 5136,LGA,STL
189355,YX 4758,DCA,LGA
189445,9E 4671,EWR,MSP
189516,YX 3412,LGA,ORD
189670,DL 8799,JFK,SLC
189694,UA 1298,EWR,DCA
189780,9E 5246,RDU,LGA
190118,DL 8790,EWR,ATL
190130,YX 3497,EWR,CLE
190186,AA 1800,JFK,BOS
190188,9E 4889,EWR,DTW
190275,UA 2054,EWR,IND
190294,DL 8783,JFK,BOS
190359,UA 708,EWR,IAD
190716,B6 1929,JFK,RSW
190819,G7 4410,DTW,EWR
190828,DL 394,LGA,ORD
191735,G7 4558,EWR,PWM
191863,YX 3598,EWR,BNA
192085,YX 3642,IAD,EWR
192251,WN 4265,LGA,MCO
192309,DL 2983,JFK,MSP
192354,YX 5736,LGA,BUF
192509,OO 5285,ORD,LGA
192527,YX 3711,EWR,IND
192655,C5 4847,EWR,MYR
193100,UA 506,EWR,DEN
193134,AA 1193,LGA,BOS
193560,UA 1423,EWR,MSN
193878,YX 3513,EWR,RIC
193906,DL 1639,LGA,BNA
194343,WN 4976,DAL,LGA
194542,YX 4746,SDF,LGA
194663,YX 4810,LGA,PIT
194765,YX 3598,JAX,EWR
194793,UA 1794,EWR,RSW
194926,WN 4301,HOU,LGA
194929,UA 1654,RSW,EWR
195074,YX 3467,CLE,EWR
195230,AA 1394,CLT,JFK
195903,YX 3456,JAX,EWR
196394,UA 722,SFO,EWR
196413,YX 3487,BTV,EWR
196422,WN 2317,LGA,DAL
196432,OO 3893,EWR,DTW
196660,AA 831,LGA,CLT
196748,YX 3437,EWR,CVG
196858,DL 2303,PBI,LGA
196901,UA 1820,IAH,EWR
196924,YX 5609,CLT,LGA
197113,WN 3601,ATL,LGA
197756,9E 5462,LGA,PIT
198066,YX 3690,CLE,EWR
198226,WN 1912,LGA,HOU
198277,YX 3501,LGA,IAD
198283,9E 4981,JFK,BWI
198466,9E 5474,CLE,LGA
198610,UA 2018,EWR,CHS
198991,G4 1334,CVG,EWR
198999,YX 5725,RDU,LGA
199211,9E 5433,GRR,LGA
199377,OO 4518,EWR,DTW
199810,UA 1088,BNA,EWR
200002,AA 989,MIA,JFK
200305,G7 4440,EWR,MYR
200670,UA 2089,SJU,EWR
200694,9E 5479,LGA,BNA
202170,ZW 3918,LGA,IAD
202542,UA 1755,EWR,MIA
202579,YX 5715,DTW,JFK
202705,DL 8791,JFK,ATL
202957,WN 5138,MCO,LGA
203621,UA 382,EWR,ORD
204410,9E 5106,PIT,LGA
204454,G7 4585,EWR,STL
204511,WN 2453,LGA,DEN
204599,YX 5640,JFK,BNA
204743,9E 5263,JFK,SYR
204763,UA 251,EWR,BNA
205210,9E 5722,SYR,LGA
205644,G7 4437,EWR,BUF
205712,9E 4651,LGA,BNA
205767,UA 504,MCO,EWR
205980,9E 5230,LGA,CHO
206173,UA 1867,LAX,EWR
207015,B6 2027,BOS,JFK
207018,YX 3508,EWR,DTW
207685,UA 279,EWR,SFO
207965,UA 1708,MCO,EWR
207990,YX 5790,LGA,DCA
208269,YX 4649,ATL,LGA
208397,WN 6007,DAL,LGA
208438,WN 3479,LGA,MDW
208605,OO 3777,EWR,DTW
208792,B6 2115,JFK,SFO
208874,MQ 3651,EWR,ORD
208970,UA 2153,EWR,DEN
209388,YX 5842,CMH,LGA
209442,WN 3669,HOU,LGA
209576,WN 2608,LGA,BNA
209623,B6 2915,JFK,SFO
209739,WN 4376,LGA,ATL
209930,9E 5472,BUF,JFK
210299,9E 5016,BNA,LGA
210732,UA 681,EWR,FLL
210854,WN 4796,DAL,LGA
210910,9E 5349,LGA,ROC
210929,G7 4447,EWR,ROC
211046,UA 1831,RSW,EWR
211224,YX 5734,MYR,LGA
211424,9E 5060,CLT,LGA
211477,DL 8784,JFK,ATL
211523,YX 4668,BOS,LGA
211713,OO 4079,EWR,DTW
212253,WN 4290,LGA,STL
212499,9E 4677,LGA,MCI
212671,YX 3521,IAD,LGA
212732,UA 301,CMH,EWR
212746,YX 4711,LGA,DTW
212862,YX 4558,LGA,CLT
212952,UA 2193,EWR,CLE
213065,YX 4516,LGA,DCA
213216,UA 489,EWR,AUS
213368,UA 2403,MCO,EWR
214192,WN 2641,LGA,HOU
214270,YX 3604,EWR,DFW
214326,9E 4877,MSN,LGA
214471,UA 1409,EWR,ATL
214755,UA 405,EWR,JAC
214811,AA 1659,LGA,JAC
214839,9E 5062,MSP,JFK
215299,UA 1830,EWR,RSW
215774,YX 3518,EWR,CMH
216030,AA 2602,EWR,CLT
216070,G4 423,EWR,TYS
216104,WN 4530,ATL,LGA
216193,WN 4143,DEN,LGA
216293,WN 5253,LGA,TPA
216472,YX 3403,SRQ,EWR
216543,YX 3602,DFW,EWR
216576,YX 3499,SRQ,EWR
216671,UA 1095,LGA,IAD
216975,UA 1789,MCO,EWR
217310,YX 4806,ORF,LGA
218462,UA 241,DEN,EWR
218480,YX 4687,LGA,ORD
218568,B6 2772,FLL,LGA
218667,YX 3430,ALB,EWR
218887,UA 1634,EWR,ORD
218994,DL 2838,LGA,RSW
219108,WN 54,LGA,DAL
219164,WN 5928,LGA,MCO
219188,WN 3844,LGA,MDW
219249,9E 4779,DTW,JFK
219262,9E 4957,PIT,LGA
219321,WN 2190,HOU,LGA
219780,YX 5754,DCA,LGA
219871,G7 4565,EWR,STL
220222,G7 4578,CMH,EWR
220234,OO 4064,EWR,MSP
220281,C5 4235,IAD,LGA
220368,YX 5730,LGA,BUF
220392,YX 3600,DFW,EWR
220551,UA 1927,EWR,JAX
220599,YX 5685,CMH,LGA
220744,WN 3033,STL,LGA
220864,9E 5117,IND,LGA
220945,G4 678,CVG,EWR
221139,YX 3448,IAD,LGA
221167,DL 8784,DTW,JFK
221236,9E 5392,EWR,DTW
221811,UA 356,EWR,TPA
221952,WN 2149,LGA,TPA
222111,UA 2029,CLE,EWR
222463,G7 4420,HHH,EWR
222509,UA 362,IAD,EWR
222577,YX 4829,IND,LGA
223243,YX 3689,CMH,EWR
223317,YX 3600,AUS,EWR
223428,YX 3685,EWR,DFW
223435,UA 357,EWR,IAD
223678,UA 2353,SAV,EWR
223728,UA 1055,EWR,IAD
223795,YX 3561,ATL,EWR
223984,AA 315,TPA,LGA
224094,9E 5436,CAE,LGA
225181,9E 5349,JFK,ORD
225319,YX 5863,JFK,JAX
225419,UA 2396,PIT,EWR
225652,UA 1214,EWR,MSY
225675,UA 2336,EWR,TPA
225698,WN 2169,BNA,LGA
225972,YX 4824,LGA,SDF
226065,B6 1676,MSY,JFK
226320,UA 2117,EWR,RIC
226384,UA 1294,EWR,SEA
226410,UA 741,IAD,EWR
227323,YX 5828,LGA,CMH
227372,DL 1536,BOS,JFK
227396,B6 353,JFK,PBI
227801,G7 4569,GSP,EWR
227948,WN 3311,LGA,ATL
228063,DL 2836,FLL,JFK
228134,YV 6253,IAH,LGA
228155,WN 3448,LGA,MDW
228171,DL 2540,MSP,EWR
228245,AA 2312,LGA,MIA
228408,YX 5831,LGA,ACK
228626,YX 5667,LGA,CMH
228640,9E 5243,PIT,LGA
228686,YX 4531,RDU,JFK
228690,YX 4505,LGA,IND
228878,G7 4193,EWR,SAV
229032,AS 258,SFO,EWR
229722,UA 1953,DTW,EWR
229731,UA 1730,LGA,ORD
230243,YX 4888,LGA,DTW
230332,YX 3505,EWR,IAD
230385,G7 4570,EWR,SDF
230748,DL 2933,JFK,MIA
230886,9E 4940,RIC,LGA
231018,G4 2620,TYS,EWR
231117,G7 4599,BUF,EWR
231200,WN 2721,ATL,LGA
231504,YX 5615,ORD,LGA
231560,WN 5529,DEN,LGA
231647,UA 1710,EWR,TPA
231657,9E 5490,CLE,LGA
231951,UA 785,EWR,IAH
232266,AA 1107,BOS,LGA
232456,YX 3711,EWR,BTV
232517,9E 4931,SYR,LGA
232653,UA 374,EWR,DTW
232722,9E 5278,LGA,SYR
232735,AA 681,LGA,FLL
232823,DL 1742,JFK,MCO
233042,YX 3593,EWR,PWM
233180,YX 3669,CLE,EWR
233369,WN 3070,DAL,LGA
233543,YX 3410,EWR,MCI
233606,AA 365,DCA,LGA
233971,9E 5312,CHS,LGA
234069,WN 1883,ATL,LGA
234148,YX 3525,EWR,CLT
234250,YX 4880,ATL,LGA
234550,YX 3447,EWR,IAD
234778,9E 4860,RDU,LGA
234825,9E 4654,MSY,JFK
235387,YX 5854,DCA,LGA
236113,WN 124,BNA,LGA
236258,UA 697,LGA,ORD
236587,9E 5860,ACK,LGA
236889,YX 3441,EWR,ORF
237104,UA 2162,EWR,FLL
237279,UA 1144,EWR,AUS
237377,AA 340,CLT,EWR
237895,YX 5806,LGA,STL
238018,YX 3702,LGA,ORD
238584,B6 1948,LAS,JFK
238830,UA 1873,EWR,MCO
238855,YX 5742,ACK,LGA
238987,AA 1245,JFK,ORD
239040,WN 2524,BNA,LGA
239207,WN 2877,LGA,ATL
239857,B6 2127,EWR,MCO
239983,YX 3585,EWR,RIC
239997,9E 4646,JFK,MSY
240322,UA 2112,EWR,BOS
240423,UA 483,EWR,IAH
240620,AS 14,EWR,PDX
241027,UA 1764,ORD,EWR
241109,DL 8799,JFK,MSP
241150,UA 2123,CHS,EWR
241326,9E 5614,ORD,JFK
241928,B6 1906,ORD,JFK
242309,YX 5863,LGA,BNA
242443,WN 4068,ATL,LGA
242842,G7 4473,ORF,EWR
243561,G7 4439,EWR,SAV
243564,UA 1202,TPA,EWR
243787,UA 281,EWR,SAT
243987,9E 5452,STL,LGA
244047,YX 3579,CLT,EWR
244594,UA 1604,EWR,MSY
244969,WN 4389,LGA,BNA
244987,YX 5759,JFK,IAD
245261,OO 4088,DTW,EWR
245321,DL 8805,JFK,MSP
245399,YX 3619,EWR,TPA
245456,DL 1320,BOS,LGA
245660,UA 2186,EWR,JAX
245671,DL 8790,MCO,LGA
246275,YX 4638,LGA,DCA
246340,UA 700,LGA,DEN
246369,UA 1720,FLL,EWR
246504,YX 3413,EWR,DCA
246692,UA 1226,EWR,MCO
246853,YX 5685,DTW,JFK
246902,UA 2279,PBI,EWR
247026,YX 3466,BTV,EWR
247068,G4 2441,EWR,GRR
247261,DL 2644,LGA,BNA
247315,YX 4963,STL,LGA
247349,NK 713,LGA,PHX
247363,YX 5656,JFK,ORD
247684,NK 1956,MCO,LGA
247745,9E 5102,JFK,ORD
247842,DL 2678,LGA,BNA
247951,DL 2905,BOS,JFK
248097,WN 3957,LGA,BNA
248162,UA 442,EWR,MCO
248315,WN 3261,LGA,STL
248386,YX 3558,AUS,EWR
248447,YX 4871,LGA,GSO
248505,9E 4797,CLE,LGA
248573,YX 3601,LGA,ORD
249090,DL 388,DFW,LGA
249436,WN 605,LGA,BNA
250360,YX 3451,TPA,EWR
250563,UA 1296,CHS,EWR
250906,YX 4746,CVG,LGA
251069,AA 1862,EGE,LGA
251075,F9 7879,LGA,MIA
251491,YX 5726,BNA,LGA
252022,YX 3618,EWR,PIT
252389,YX 5746,BNA,JFK
252610,UA 1264,IAH,LGA
253029,YX 3524,IAD,EWR
253071,9E 4828,CHS,JFK
253191,WN 3253,LGA,MSY
253298,WN 5334,MCI,LGA
253409,DL 1395,LGA,MIA
253531,C5 4900,EWR,SAV
253573,9E 5120,GRR,LGA
253709,YX 5750,LGA,MSY
253722,UA 2275,EWR,AUS
253773,YV 6015,LGA,IAH
253775,AA 794,MIA,LGA
253805,UA 1167,EWR,MIA
253895,F9 1263,EWR,MCO
254482,G4 433,AVL,EWR
254885,UA 2462,MCO,EWR
255125,UA 568,RSW,EWR
255187,G4 2147,EWR,SAV
255348,UA 2470,EWR,ORD
255756,YX 3603,EWR,IAD
255927,YX 3445,EWR,BGR
256306,WN 6089,LGA,STL
256953,UA 1793,JAX,EWR
257409,UA 1665,EWR,MIA
257691,UA 1703,EWR,DFW
257722,WN 5601,LGA,MCO
257766,YX 3714,PVD,EWR
257972,UA 2390,ORD,EWR
258063,G7 4481,RDU,EWR
258102,WN 5960,LGA,DAL
258776,AA 591,LGA,RDU
259134,UA 531,EWR,ATL
259205,UA 272,IAH,EWR
259233,B6 2964,JAX,EWR
259745,B6 2125,EWR,CHS
259926,YX 5843,BUF,JFK
260053,WN 2198,TPA,LGA
260161,DL 2984,JFK,MSP
260171,DL 8771,JFK,MIA
260412,YX 4656,LGA,RIC
260505,YX 3404,PWM,EWR
260704,YX 4655,DCA,JFK
260754,UA 725,EWR,BOS
260819,G7 4580,EWR,PQI
260886,UA 1705,BOS,EWR
260989,YX 5626,LGA,IND
261332,G7 4563,ALB,EWR
261948,UA 685,SDF,EWR
261980,UA 2196,BTV,EWR
262447,G7 4169,EWR,RIC
262554,WN 4123,LGA,HOU
262687,G7 4465,ROC,EWR
263176,G7 4587,ROC,EWR
263246,9E 5317,LGA,SYR
263727,B6 2783,JFK,MCO
264089,UA 650,EWR,BTV
264321,YX 3523,EWR,IAD
264407,WN 3773,LGA,DEN
264502,9E 4637,LGA,CVG
264566,WN 4892,LGA,MDW
264635,YX 3699,LGA,ORD
265400,B6 1617,LGA,TPA
265622,G7 4404,EWR,ACK
265715,YX 3468,EWR,PBI
265725,UA 2473,EWR,PBI
265732,9E 5456,JFK,IAD
265919,G7 4601,DTW,EWR
266223,YX 4983,GSO,LGA
266229,G4 2614,EWR,TYS
266415,G7 4418,DCA,EWR
267230,YX 3447,GSO,EWR
267241,YX 5743,JFK,CLT
267575,YX 4765,BWI,JFK
267700,UA 1057,EWR,ORF
268540,B6 44,PBI,EWR
269240,9E 4849,JFK,BNA
269278,WN 6789,DAL,LGA
269438,DL 1188,LGA,ORD
270125,YX 5604,CLE,LGA
270131,UA 2210,MCI,EWR
270383,YX 5783,RIC,LGA
270702,UA 1612,EWR,ORD
271578,WN 5320,BNA,LGA
271975,YX 3542,EWR,MSY
272446,WN 5660,DAL,LGA
272741,YX 5770,LGA,CMH
273069,UA 406,MSP,EWR
273412,YX 3437,EWR,PVD
273547,UA 1069,EWR,PBI
274021,UA 2453,JAX,EWR
274026,YX 5695,DTW,JFK
274153,9E 4889,LGA,PIT
274481,G7 4564,EWR,GSP
274810,B6 515,JFK,SFO
274866,UA 2660,EWR,SRQ
274887,YX 3506,EWR,GSP
274901,AA 1405,LGA,PBI
274984,UA 237,EWR,ATL
275223,WN 3562,LGA,MDW
275753,YX 4635,LGA,ILM
276224,UA 1991,EWR,ORD
276244,9E 5131,BNA,LGA
276302,AA 2757,CLT,JFK
277185,YX 3627,EWR,MKE
277286,YX 4978,CLE,LGA
277777,WN 3788,LGA,DAL
278399,AA 2334,JFK,MIA
278508,WN 4872,LGA,BWI
278815,B6 2971,LGA,FLL
278864,WN 4598,MDW,LGA
279109,YX 3494,EWR,PWM
280731,B6 2920,FLL,JFK
280952,YX 5764,ORD,JFK
281209,UA 376,ORD,EWR
281237,9E 4660,PWM,LGA
281431,G7 4400,ROC,EWR
281683,WN 1307,TPA,LGA
281698,UA 1995,EWR,SYR
283063,YX 3474,IND,EWR
283176,YX 3638,DFW,EWR
283233,ZW 3916,LGA,IAD
283705,YX 3561,EWR,DCA
283762,YX 3470,PVD,EWR
284327,G7 4479,STL,EWR
284464,DL 8785,ATL,JFK
284730,YX 4545,LGA,IND
284881,B6 119,JFK,ATL
284982,AA 1265,BOS,LGA
285029,AA 1517,LGA,JAC
285298,UA 1452,DEN,EWR
285411,YX 3649,BOS,EWR
285888,YX 3717,ORD,LGA
286915,WN 2203,LGA,HOU
287457,UA 1605,MSY,EWR
287582,B6 2992,MIA,JFK
287816,YX 3582,BNA,EWR
287998,UA 1144,EWR,TPA
288142,AA 1705,JFK,MIA
288205,9E 4785,PIT,LGA
288702,WN 6003,STL,LGA
289032,DL 1689,JFK,BOS
289276,AA 1244,JFK,MIA
289346,DL 2761,LGA,DTW
289351,YX 3563,PVD,EWR
289461,YX 3612,TPA,EWR
289823,9E 5088,ATL,JFK
290201,UA 1639,MIA,EWR
290226,DL 1046,TPA,JFK
290355,YX 5771,JFK,BOS
290547,AA 1381,PHX,JFK
291642,B6 2181,BOS,EWR
291666,UA 2650,IAH,EWR
292078,9E 5593,MSY,JFK
292243,G7 4507,EWR,CLE
292288,OO 4064,MSP,EWR
292300,AA 2678,ORD,LGA
292310,WN 6024,HOU,LGA
292325,B6 1718,JFK,BOS
292365,YX 3464,DTW,EWR
292645,YX 5741,LGA,STL
292722,9E 5758,BOS,JFK
292778,UA 831,EWR,CLT
292823,UA 1496,IAH,LGA
293703,C5 4311,SAV,EWR
294189,9E 4690,RDU,JFK
294759,UA 1927,EWR,FLL
294780,DL 2269,LGA,BNA
294785,UA 1591,EWR,BUF
294875,9E 5747,JFK,JAX
294906,9E 5062,JFK,PWM
294927,B6 987,JFK,FLL
295048,UA 285,IAH,EWR
295105,DL 2924,EWR,ATL
295122,G7 4561,ORF,EWR
295566,WN 6313,DAL,LGA
295605,YX 4617,LGA,MEM
295620,YX 3470,ORD,LGA
295804,AA 2906,MIA,LGA
296371,YX 3657,PVD,EWR
296398,UA 2094,IAH,EWR
296902,UA 1654,EWR,PWM
297260,G7 4394,EWR,RDU
297399,UA 299,SRQ,EWR
297491,G7 4499,EWR,BTV
298005,B6 1089,JFK,SFO
298085,UA 316,IAD,EWR
298285,DL 2992,ORD,LGA
298376,G4 1272,EWR,AVL
298459,YX 5833,BUF,LGA
298560,UA 1293,TPA,EWR
298723,9E 5416,BGR,JFK
298793,9E 5309,LGA,CLT
298856,YX 3572,EWR,PIT
298964,UA 599,SAV,EWR
299320,UA 1605,BOS,EWR
299461,WN 5165,MCO,LGA
299603,9E 5287,ORD,JFK
300298,9E 5806,DCA,LGA
300543,YX 4912,LGA,GSO
300942,F9 7878,MIA,LGA
301080,UA 649,ORD,EWR
301127,OO 5451,JFK,IAD
301237,UA 1733,MCO,EWR
301646,DL 1126,LGA,DTW
301687,YX 4593,PIT,LGA
302079,UA 602,CMH,EWR
302095,NK 2185,EWR,LAS
302100,9E 5821,LGA,DCA
302931,WN 6066,DAL,LGA
302990,9E 5416,JFK,BGR
303873,YX 5863,SDF,LGA
303944,YX 3653,EWR,SAV
304314,AA 1573,MTJ,LGA
304608,DL 8793,JFK,ATL
304969,YX 4776,LGA,DTW
305065,9E 5432,EWR,DTW
305434,YX 4829,GSO,LGA
305821,9E 5628,ORD,LGA
305844,B6 2524,LAX,JFK
306031,DL 652,JFK,ATL
306218,AA 1391,JFK,CLT
306558,9E 4780,CVG,LGA
306674,WN 1307,LGA,MDW
306781,DL 2561,MSP,EWR
307120,DL 8771,JFK,SEA
307355,UA 676,DEN,LGA
307383,AA 2113,MCO,LGA
307464,YX 5724,LGA,PIT
307491,UA 202,EWR,ORD
307678,YX 5843,JFK,BUF
308008,YX 3403,EWR,CLT
308111,DL 785,DTW,JFK
308131,WN 5395,LGA,TPA
308165,UA 1738,EWR,BOS
308736,YX 3523,EWR,MKE
308878,YX 5599,JFK,BOS
309584,YX 3532,DTW,EWR
309812,OO 4157,DTW,EWR
309864,WN 31,LGA,TPA
309991,YX 3474,ROC,EWR
310098,AA 2319,CLT,LGA
310202,YX 5626,RDU,JFK
310727,B6 2161,LGA,PBI
310789,UA 1929,DFW,EWR
311044,9E 5297,ROC,LGA
311101,AA 2919,LGA,DCA
311128,UA 1674,DTW,EWR
311700,G4 2704,EWR,VPS
311728,UA 322,RDU,EWR
312153,B6 1086,RDU,JFK
312154,UA 1876,RSW,EWR
312408,YX 3572,DTW,EWR
314110,UA 213,EWR,ATL
314694,UA 1842,IAD,EWR
314898,YX 5667,JFK,BOS
314978,WN 4126,LGA,HOU
314994,WN 2083,HOU,LGA
315428,DL 8774,ATL,JFK
315484,UA 1818,IAD,EWR
315681,WN 4892,MDW,LGA
315925,YX 5863,LGA,CLT
316183,YX 3450,MSY,EWR
316352,UA 2008,EWR,MCO
316521,OO 4809,SYR,JFK
316674,AA 1408,PBI,LGA
316751,UA 522,EWR,IAD
317102,9E 5540,LGA,MSN
317310,AA 1409,LGA,PBI
317736,DL 2865,LGA,PBI
317877,YX 4697,SDF,LGA
318007,YX 3684,BOS,EWR
318116,YX 4528,JFK,PIT
318125,UA 101,MCO,EWR
318171,YX 3583,EWR,SYR
318349,UA 1702,SRQ,EWR
318437,9E 4726,BNA,LGA
318989,DL 451,ORD,LGA
319091,UA 1927,EWR,CLE
319309,UA 1939,IAD,EWR
319393,YX 5757,LGA,DCA
319468,9E 5541,LGA,MKE
319493,C5 4955,EWR,MYR
319637,YV 6149,IAD,LGA
321445,WN 5704,MCO,LGA
321492,AA 2171,JFK,CLT
321646,YX 3489,CMH,EWR
321859,UA 1873,EWR,BNA
321876,9E 5330,DTW,EWR
321987,9E 5365,JFK,ORD
322241,G7 4574,SYR,EWR
322275,WN 4699,LGA,BNA
322388,DL 388,ORD,LGA
322565,UA 2292,EWR,CMH
322677,AA 947,JFK,CLT
323021,G4 2716,EWR,VPS
323117,UA 1597,MSP,EWR
324106,YX 3558,EWR,BOS
324840,DL 448,MSP,EWR
325082,WN 1307,MDW,LGA
325279,DL 8771,JFK,SAN
325368,OO 5301,LGA,IAH
325792,UA 2007,CMH,EWR
325808,UA 356,PBI,EWR
326324,UA 667,EWR,SFO
327059,YX 3541,EWR,STL
327530,AA 1823,JFK,MIA
327814,DL 8793,LGA,ATL
328520,DL 1741,BOS,JFK
328978,G7 4386,EWR,IND
329600,NK 688,LGA,MCO
329802,YX 5848,LGA,STL
330325,UA 235,IAD,EWR
330408,YX 5733,MSN,LGA
330468,WN 3404,LGA,TPA
330954,UA 296,DTW,EWR
331093,UA 2371,EWR,PIT
331121,UA 1139,ORD,EWR
331238,WN 5758,TPA,LGA
331331,YX 4659,MIA,LGA
331898,YX 5771,LGA,BUF
332081,UA 435,IAH,EWR
332843,WN 6009,LGA,DAL
332974,WN 5776,LGA,MCO
333808,YX 5760,LGA,RIC
333924,YX 5741,STL,LGA
334579,UA 1115,EWR,DEN
335054,YX 5664,BNA,JFK
335289,UA 400,EWR,IAD
335409,WN 3243,LGA,BNA
335601,DL 8790,JFK,AUS
336541,YX 5851,CLT,JFK
336692,UA 2606,IAD,EWR
337320,OO 4074,EWR,DTW
337367,YX 4611,LGA,RDU
337446,DL 700,BOS,JFK
337656,UA 1233,AUS,EWR
337661,UA 454,EWR,MIA
337896,YX 3444,BNA,EWR
337959,DL 8771,JFK,MSP
338222,DL 489,ATL,LGA
338280,UA 1527,IAD,EWR
338420,UA 1649,ORD,EWR
339608,9E 4859,ROC,LGA
339682,YX 5775,BOS,LGA
339751,YX 3476,SAV,EWR
340234,G7 4187,STL,EWR
340554,UA 1097,EWR,MSP
340647,WN 2349,MDW,LGA
340932,UA 658,RIC,EWR
341027,UA 1708,JAC,EWR
341540,YX 3418,ALB,EWR
341583,YX 3466,BOS,EWR
341831,UA 1617,MCO,EWR
341860,WN 3538,DEN,LGA
342586,YX 5594,RDU,JFK
342796,YX 5722,LGA,CHS
342840,G7 4598,PIT,EWR
343061,G4 453,EWR,AVL
343262,UA 2299,LGA,DEN
343620,9E 5319,GSO,LGA
343752,9E 5115,LGA,BNA
344048,YX 5863,DTW,EWR
344635,UA 1118,LGA,ORD
344820,YX 3604,ATL,EWR
344862,9E 5450,LGA,RDU
345019,UA 737,EWR,DTW
345727,NK 2158,EWR,MCO
345967,YX 5663,LGA,MSY
346025,UA 1093,EWR,CLT
346388,WN 6036,BNA,LGA
347709,9E 5515,BUF,JFK
347724,B6 1416,TPA,LGA
348016,UA 1182,EWR,PBI
348314,UA 1761,EWR,IAH
348371,UA 685,ATL,EWR
348938,UA 256,EWR,TPA
349074,AA 2603,CLT,EWR
349195,UA 722,ORD,EWR
349472,WN 2916,BNA,LGA
349919,G7 4566,CVG,EWR
350467,9E 4735,SYR,LGA
350561,UA 1712,TPA,EWR
350684,G4 1312,EWR,CVG
350787,9E 5539,JFK,CLE
350809,G7 4587,CLT,EWR
350820,UA 236,EWR,CLE
350923,OO 4078,DTW,EWR
351227,B6 2925,JFK,FLL
351243,DL 1005,JFK,MCO
351702,DL 2985,MSP,JFK
351730,WN 5681,TPA,LGA
352054,YX 3403,EWR,SRQ
352133,UA 1083,EWR,TPA
352393,UA 550,SAN,EWR
352819,B6 2202,JFK,BUF
353302,UA 1581,DTW,EWR
353514,UA 2615,EWR,JAX
353816,G7 4385,EWR,ORF
354777,UA 1102,LAX,EWR
354795,YX 3417,EWR,TYS
354959,UA 244,BOS,EWR
355438,YX 3697,DTW,EWR
355473,DL 2927,DTW,JFK
355518,YX 4777,BOS,LGA
355986,YX 4907,EWR,CLT
355993,YX 5863,BOS,JFK
358191,G4 2714,EWR,VPS
358708,UA 251,EWR,JAX
358719,UA 1216,ORD,LGA
359058,WN 4700,DAL,LGA
359432,9E 5013,RDU,LGA
359508,YX 5808,DTW,LGA
360284,9E 5433,LGA,RDU
360381,B6 1675,JFK,MSY
360606,YX 5783,JFK,CLT
360699,UA 789,EWR,IAH
360772,UA 2056,IAD,EWR
361256,ZW 3744,IAD,LGA
361261,G7 4403,EWR,STL
361552,YX 5674,STL,LGA
361609,UA 1637,EWR,RIC
361784,B6 184,MCO,JFK
362008,YX 3469,GRR,EWR
362036,YX 3402,ORD,LGA
362071,WN 6266,HOU,LGA
362193,YX 3605,ROC,EWR
362273,B6 2527,EWR,MCO
362292,DL 8794,SEA,JFK
362907,UA 255,JAX,EWR
363537,G7 4613,EWR,GSO
363593,YX 3715,EWR,MSY
363837,YX 4588,ORF,LGA
363847,OO 4173,EWR,DTW
363958,YX 5641,JFK,PIT
364693,AA 817,LAS,JFK
364704,9E 5460,EWR,DTW
364780,YX 5820,CLT,JFK
365433,DL 8785,LGA,ATL
365460,AS 526,LAX,EWR
366207,YX 3572,AUS,EWR
366442,YX 3577,SRQ,EWR
366966,UA 2611,ORD,EWR
367049,DL 2262,BNA,LGA
367111,UA 1623,DEN,EWR
367128,G7 4525,GSP,EWR
367140,YX 5729,LGA,ORF
367783,UA 320,CMH,EWR
367825,UA 446,EWR,ORF
367834,UA 347,FLL,EWR
368052,YX 3429,BUF,EWR
368263,UA 2648,EWR,LAX
368334,YX 5789,SYR,LGA
368964,UA 1246,JAX,EWR
368965,B6 111,JFK,LAX
369023,UA 2494,EWR,SDF
369522,YX 3454,EWR,IND
369971,YX 4725,LGA,IND
369999,UA 358,DFW,EWR
370120,OO 4045,EWR,DTW
370845,B6 2993,JFK,MIA
371566,YX 4735,LGA,CMH
372634,UA 1796,PWM,EWR
372804,YX 3434,BGR,EWR
373914,WN 5592,LGA,MCO
374224,UA 1140,ORD,EWR
374225,YX 5801,IND,LGA
374382,UA 1700,EWR,RSW
374445,YX 5854,JFK,CLE
374477,UA 1688,ORD,EWR
374647,UA 636,EWR,RIC
374866,UA 340,BTV,EWR
375092,WN 2007,MDW,LGA
375426,YX 3580,EWR,BNA
375435,YX 4700,LGA,IND
375648,UA 1460,EWR,DFW
375854,C5 4924,EWR,SYR
375962,UA 832,CLT,EWR
376021,UA 2108,ORD,EWR
376352,YX 5593,DTW,JFK
376427,G4 1267,AVL,EWR
376553,YX 5743,MSN,LGA
376586,YX 5841,CMH,LGA
376998,UA 696,EWR,DEN
378051,G7 4551,EWR,RDU
378067,YX 5856,LGA,MSY
378495,AA 245,JFK,MIA
378611,F9 2136,DFW,EWR
378632,UA 2347,CMH,EWR
379486,YX 5682,SDF,LGA
380855,UA 1241,BNA,EWR
380884,G7 4427,EWR,PIT
381145,WN 5775,MCO,LGA
381278,UA 312,EWR,DFW
381686,9E 5130,JFK,BUF
381933,YX 4740,LGA,IAH
382828,9E 5374,RDU,LGA
383471,DL 8798,ATL,JFK
384070,NK 1175,EWR,MCO
384090,YX 5711,DTW,EWR
384229,YX 5857,BNA,LGA
384457,9E 5102,CLT,LGA
384752,YX 3666,EWR,ATL
385074,YX 5615,BUF,JFK
385302,UA 1671,EWR,MSY
385553,YX 5863,BOS,LGA
385871,YX 3482,EWR,ORD
385904,9E 5342,BNA,LGA
385912,DL 2279,LGA,BOS
386344,C5 4885,SAV,EWR
386468,UA 1621,SDF,EWR
386587,YX 4729,BOS,LGA
386728,DL 1535,LGA,MIA
386993,DL 903,SAN,JFK
387092,YX 3511,ATL,EWR
388781,YX 5689,JFK,ROC
388791,G4 2149,EWR,SAV
388908,YX 3559,EWR,MSP
388930,WN 746,STL,LGA
388994,UA 1701,EWR,ATL
389033,G7 4594,EWR,PVD
389458,UA 1592,EWR,MIA
389609,YX 3684,EWR,PIT
390033,G7 4575,EWR,BUF
390101,DL 1923,DTW,JFK
390213,YX 5863,LGA,CLE
390226,AS 622,SEA,JFK
390288,YX 3661,EWR,CMH
390835,9E 4731,RDU,JFK
390936,UA 1134,EWR,CHS
391325,YX 5704,LGA,STL
392233,9E 5433,SYR,JFK
392610,UA 519,CVG,EWR
393238,G7 4407,EWR,DTW
393335,YX 4725,CVG,LGA
394214,YX 5784,JFK,RDU
394264,UA 2055,AUS,EWR
394762,YX 3667,EWR,DTW
394824,YX 3598,EWR,BOS
395767,9E 5743,LGA,SDF
396397,YX 3571,PVD,EWR
396513,YX 5637,BNA,LGA
396616,DL 1091,JFK,LAS
397367,UA 342,IAD,LGA
397791,DL 1441,LGA,BNA
398843,MQ 4201,EWR,MIA
398957,F9 2114,DFW,EWR
399675,9E 5541,MKE,LGA
400747,B6 180,EWR,BOS
401898,9E 5539,CHS,JFK
402101,9E 5478,CHS,LGA
403256,C5 4821,EWR,SAV
403348,YX 3526,EWR,SAV
403416,UA 1668,EWR,ATL
403862,9E 5178,BOS,JFK
404202,DL 1437,BOS,JFK
404247,C5 4319,DTW,EWR
404746,9E 4762,ORD,JFK
404927,DL 2579,JFK,DFW
405199,9E 5276,LGA,BNA
405421,UA 773,EWR,ORD
406699,YX 4773,STL,LGA
407029,DL 8790,LGA,MCO
407920,YX 4631,DAY,LGA
408732,C5 4818,EWR,BTV
408853,UA 1167,EWR,CLE
408870,WN 3244,ATL,LGA
409320,YX 3443,EWR,AUS
409381,UA 702,ORD,LGA
409465,YX 5660,BOS,LGA
410196,OO 5003,JFK,SYR
410944,UA 1790,EWR,CLT
411163,YX 4657,ORF,LGA
411434,9E 4646,JFK,CHS
412212,YX 5626,JFK,CMH
412792,9E 4670,JFK,RDU
413521,DL 1452,LGA,BOS
414597,UA 1701,RSW,EWR
414962,9E 4751,BNA,LGA
415169,9E 4917,JFK,CHS
415520,UA 1139,SFO,EWR
415687,YX 3713,EWR,CVG
415899,G4 742,EWR,CVG
416288,YV 6330,IAD,LGA
416730,YX 5859,CLT,JFK
417254,YX 3604,BGR,EWR
417319,AA 1520,LGA,MTJ
417589,UA 1459,EWR,SRQ
417619,AS 332,EWR,LAX
418053,UA 2280,EWR,ORD
418408,YX 5619,LGA,RDU
418732,YX 5678,ROC,JFK
418836,WN 4005,MCI,LGA
419277,UA 2416,EWR,CLE
419557,UA 2092,MSY,EWR
419994,YX 4708,LGA,IAH
420331,UA 733,SFO,EWR
420374,OO 5451,IAD,JFK
420380,G7 4453,ROC,EWR
421166,9E 5257,BTV,LGA
421434,YX 3555,EWR,MCI
422767,UA 287,ATL,EWR
423131,YX 3423,EWR,PVD
423237,AA 1383,PHX,JFK
423248,YX 3469,EWR,ROC
423435,YX 3452,LGA,IAD
423473,UA 2054,EWR,CMH
423690,9E 5538,DTW,JFK
423830,DL 2327,LGA,MCO
424114,9E 4690,RDU,LGA
424621,AA 1107,LGA,BOS
424661,YX 3706,LGA,ORD
425066,YX 3475,GRR,EWR
425263,YX 5783,LGA,CMH
425273,B6 186,RDU,JFK
425309,UA 776,EWR,ORD
425679,AS 1222,EWR,SFO
425894,UA 567,SFO,EWR
425943,YV 6211,IAH,LGA
426128,YX 5625,LGA,STL
427008,YX 4671,JFK,BOS
427455,YX 3550,PBI,EWR
427860,DL 2905,JFK,BOS
427916,B6 2920,DTW,JFK
428027,9E 5011,SYR,JFK
428498,UA 2150,DEN,EWR
428923,YX 3518,MSY,EWR
429259,YX 3635,IAD,LGA
429323,UA 548,EWR,CHS
429326,G7 4424,MYR,EWR
429569,YX 4676,CMH,LGA
429888,YX 5724,PIT,LGA
429981,G7 4605,EWR,BUF
430377,UA 324,EWR,RSW
430564,UA 1794,CHS,EWR
430617,B6 219,JFK,STT
430847,AA 2800,JFK,MIA
431017,C5 4839,EWR,TYS
431301,YX 3568,CVG,EWR
432115,YX 5622,STL,LGA
432586,G7 4193,EWR,IND
432633,9E 5541,TVC,LGA
433010,YX 5830,LGA,CMH
433510,YX 5723,RDU,JFK
433525,AA 2939,LGA,MTJ
433583,YX 3448,EWR,CLT
433602,UA 571,ORD,EWR
433618,YX 3619,JAX,EWR
433633,UA 2254,LGA,ORD
433696,YX 5601,BUF,JFK
433729,UA 2147,EWR,CLE
433930,YX 3555,PIT,EWR
433980,B6 1174,TPA,EWR
433991,UA 1541,EWR,BOS
434262,WN 3969,LGA,TPA
434263,YX 5841,JFK,BOS
434386,DL 1395,RSW,JFK
434439,UA 1612,EWR,ROC
435844,B6 2114,SJU,JFK
435892,YX 3688,EWR,DTW
436239,YX 3585,EWR,SRQ
436656,YX 5746,LGA,BNA
438104,DL 2065,FLL,LGA
438120,OO 3540,MSP,EWR
438610,YX 3590,EWR,IAD
438693,UA 241,EWR,MSN
439286,9E 5809,BUF,LGA
439299,DL 8802,ATL,JFK
439672,UA 1701,EWR,MCO
440160,UA 1011,IAH,EWR
440407,YX 3708,GSP,EWR
440455,YX 3655,EWR,PBI
440959,UA 1004,EWR,ORD
441271,YX 5784,JFK,PWM
441874,YX 3542,ORD,EWR
442405,WN 6048,LGA,HOU
442510,AS 648,JFK,SFO
442612,C5 4966,IAD,LGA
442667,UA 400,EWR,TPA
443667,YX 5841,EWR,DTW
444136,G7 4387,BGR,EWR
444849,B6 2072,FLL,LGA
445247,UA 2498,EWR,CLE
445333,9E 5791,LGA,BOS
445581,YX 3536,PIT,EWR
445954,UA 2136,EWR,CLT
446279,YX 3668,EWR,CLT
446578,9E 5827,BOS,LGA
446645,DL 1397,RSW,JFK
447057,UA 313,EWR,IAD
447136,YX 3628,IAD,EWR
447352,YX 4958,PIT,LGA
447737,B6 1234,JFK,MCO
448057,G7 4523,EWR,RDU
448517,YX 3520,CVG,EWR
449321,9E 5475,BNA,LGA
449408,YX 5601,CMH,LGA
450469,YX 4565,LGA,ATL
450639,YX 3461,EWR,CVG
450656,B6 1962,PBI,LGA
450838,UA 1247,IAD,EWR
450866,UA 1944,DEN,LGA
450936,UA 492,ORD,EWR
451290,9E 5640,ACK,LGA
451291,9E 5400,LGA,RDU
451861,B6 1316,TPA,LGA
451873,9E 5811,MCI,LGA
452892,C5 4340,EWR,DTW
453071,UA 1097,DTW,EWR
453880,UA 1822,IAH,EWR
453952,B6 1085,JFK,RDU
454777,YX 3532,TYS,EWR
455139,YX 5835,JFK,CHS
455725,WN 6047,HOU,LGA
456710,B6 762,SJU,JFK
457068,UA 2413,PIT,EWR
457523,AA 2181,CLT,LGA
457994,UA 275,CLT,EWR
458246,YX 4824,STL,LGA
458292,YX 3500,EWR,JAX
458304,9E 5297,LGA,ROC
458415,UA 1638,IAH,LGA
458967,C5 4849,PVD,EWR
459021,UA 661,JAX,EWR
459322,9E 5368,CVG,LGA
459823,UA 581,LGA,IAH
459849,YV 6051,LGA,IAH
459960,YX 4628,BNA,LGA
460573,YX 3409,CLE,EWR
460644,UA 702,SLC,EWR
460722,UA 1670,EWR,ORD
461470,UA 2044,EWR,SYR
461608,B6 2199,LGA,MCO
461812,UA 368,EWR,MSP
462682,YX 5841,LGA,PIT
464028,YX 5716,RDU,LGA
464651,9E 5236,LGA,MCI
464775,9E 5334,LGA,CLE
465162,UA 2259,CLT,EWR
465423,9E 4866,PIT,LGA
465493,UA 1969,EWR,IAH
465871,9E 5640,LGA,ACK
465873,YX 3587,RIC,EWR
466644,9E 5538,MSY,JFK
467256,UA 1716,EWR,PBI
467737,UA 2029,EWR,BTV
467787,DL 1198,LGA,DTW
468155,YX 5725,MCI,LGA
468183,YX 3699,EWR,PIT
468695,NK 1000,SJU,EWR
468988,WN 5709,DAL,LGA
469423,G7 4608,LGA,IAD
469688,UA 1223,EWR,IAD
469904,G4 463,EWR,AVL
470495,YX 5655,CLT,LGA
470529,DL 2316,LGA,BOS
470687,UA 1546,EWR,FLL
471243,WN 6025,LGA,HOU
471585,UA 747,LGA,IAH
472104,UA 1124,EWR,BOS
472145,YX 3541,IAD,EWR
472230,UA 2230,EWR,ORD
472435,9E 5500,PWM,LGA
472580,DL 8807,JFK,SLC
473460,UA 524,EWR,DEN
473471,UA 254,BOS,EWR
475494,WN 1347,LGA,STL
475910,DL 8783,LGA,MSP
475949,NK 712,MCO,EWR
476014,WN 4058,ATL,LGA
476441,9E 4715,CVG,LGA
476918,G4 2617,TYS,EWR
476940,9E 5221,LGA,BNA
476956,NK 2310,EWR,MSY
476974,YX 5833,LGA,SYR
477256,UA 1511,SRQ,EWR
477276,G7 4615,EWR,CLE
478617,YX 3672,EWR,GRR
479225,YX 4657,LGA,ORD
479511,DL 1521,LGA,MCO
480618,YX 5725,LGA,RDU
480747,DL 1415,LGA,MCO
481159,DL 8788,SLC,JFK
481194,YX 3415,EWR,IAD
482000,DL 1737,DTW,LGA
482109,NK 2175,EWR,FLL
482948,G7 4460,BUF,EWR
483137,YX 3413,EWR,MKE
483495,9E 5062,JFK,ORD
483593,G7 4399,PIT,EWR
483725,UA 709,EWR,IAH
484111,UA 2456,ORD,EWR
484340,UA 2109,EWR,CLE
484568,UA 1701,EWR,DFW
485066,F9 2956,MIA,EWR
485435,YX 3485,EWR,IAD
487580,UA 768,LAX,EWR
488695,G7 4511,EWR,ROC
488850,YX 3430,DCA,EWR
489446,B6 112,LAX,JFK
490058,9E 5134,LGA,MSN
490449,YX 3671,EWR,MKE
490524,9E 4797,MSP,EWR
490895,YX 3602,MIA,EWR
490919,YX 5843,RDU,LGA
491603,NK 1970,LGA,MCO
491650,UA 739,EWR,CMH
491961,G7 4607,IND,EWR
492329,UA 286,BOS,EWR
492744,YX 3403,EWR,PWM
492817,YX 3530,ROC,EWR
493090,G4 686,EWR,CVG
494948,NK 1779,LGA,DFW
495222,UA 327,EWR,IAH
495245,UA 327,EWR,LAX
495562,UA 2296,EWR,TPA
495969,9E 4822,JFK,BUF
496029,UA 1663,EWR,CVG
496151,YX 3711,ORD,EWR
496326,YX 3608,EWR,ATL
496567,UA 325,EWR,SAV
496948,9E 5328,LGA,PIT
497950,B6 1828,RDU,EWR
498884,YX 5847,LGA,DCA
500030,G7 4609,IAD,EWR
500038,B6 983,EWR,MCO
500557,YX 3702,EWR,SRQ
500695,UA 1417,EWR,LAX
500807,YX 3617,IAD,EWR
501275,G7 4519,DTW,EWR
501576,UA 445,EWR,IAH
502117,UA 1748,EWR,ORD
502306,UA 348,EWR,CLE
502331,YX 5841,LGA,BNA
502899,YX 3468,ORF,EWR
503209,UA 355,EWR,ORD
503279,9E 4908,JFK,PWM
503370,B6 2228,CHS,EWR
503553,DL 2056,BNA,LGA
504031,AA 2555,JFK,DFW
504138,YX 4703,LGA,ATL
504225,UA 2213,EWR,BNA
504465,UA 2442,SYR,EWR
504886,UA 2271,EWR,RSW
504938,G7 4478,EWR,DTW
505227,AS 383,SFO,EWR
505275,B6 2995,JFK,AUS
505458,YX 3535,EWR,DTW
505466,WN 5304,LGA,MDW
505642,B6 82,SFO,EWR
506411,UA 1044,EWR,IAD
506546,YX 5643,MSY,LGA
506627,YX 4740,IAH,LGA
506638,9E 5538,JFK,DTW
507485,UA 640,ORD,EWR
508074,AA 2706,LGA,ORD
508405,DL 8802,SEA,JFK
508447,YX 3624,RSW,EWR
509197,UA 1700,ORD,EWR
