,AIRPORT_SEQ_ID,AIRPORT_ID,AIRPORT,DISPLAY_AIRPORT_NAME,DISPLAY_AIRPORT_CITY_NAME_FULL,AIRPORT_WAC,AIRPORT_COUNTRY_NAME,AIRPORT_COUNTRY_CODE_ISO,AIRPORT_STATE_NAME,AIRPORT_STATE_CODE,AIRPORT_STATE_FIPS,CITY_MARKET_ID,DISPLAY_CITY_MARKET_NAME_FULL,CITY_MARKET_WAC,LAT_DEGREES,LAT_HEMISPHERE,LAT_MINUTES,LAT_SECONDS,LATITUDE,LON_DEGREES,LON_HEMISPHERE,LON_MINUTES,LON_SECONDS,LONGITUDE,AIRPORT_START_DATE,AIRPORT_THRU_DATE,AIRPORT_IS_CLOSED,AIRPORT_IS_LATEST,dest_x,arrdelay_mean,arrdelay_median,arrdelay_std,dest_y,count_delayed_flights,count_fights,late_prob
0,1014001,10140,ABQ,Albuquerque International Sunport,"Albuquerque, NM",86,United States,US,New Mexico,NM,35.0,30140,"Albuquerque, NM",86,35.0,N,2.0,30.0,35.04166667,106.0,W,36.0,23.0,-106.60638889,1/1/1950 12:00:00 AM,6/30/2011 12:00:00 AM,0,0,ABQ,46.0,26.0,49.0,ABQ,137.0,573,23.9%
1,1014002,10140,ABQ,Albuquerque International Sunport,"Albuquerque, NM",86,United States,US,New Mexico,NM,35.0,30140,"Albuquerque, NM",86,35.0,N,2.0,25.0,35.04027778,106.0,W,36.0,33.0,-106.60916667,7/1/2011 12:00:00 AM,5/31/2014 12:00:00 AM,0,0,ABQ,46.0,26.0,49.0,ABQ,137.0,573,23.9%
2,1014003,10140,ABQ,Albuquerque International Sunport,"Albuquerque, NM",86,United States,US,New Mexico,NM,35.0,30140,"Albuquerque, NM",86,35.0,N,2.0,20.0,35.03888889,106.0,W,36.0,30.0,-106.60833333,6/1/2014 12:00:00 AM,10/31/2017 12:00:00 AM,0,0,ABQ,46.0,26.0,49.0,ABQ,137.0,573,23.9%
3,1014004,10140,ABQ,Albuquerque International Sunport,"Albuquerque, NM",86,United States,US,New Mexico,NM,35.0,30140,"Albuquerque, NM",86,35.0,N,2.0,25.0,35.04027778,106.0,W,36.0,33.0,-106.60916667,11/1/2017 12:00:00 AM,11/30/2017 12:00:00 AM,0,0,ABQ,46.0,26.0,49.0,ABQ,137.0,573,23.9%
4,1014005,10140,ABQ,Albuquerque International Sunport,"Albuquerque, NM",86,United States,US,New Mexico,NM,35.0,30140,"Albuquerque, NM",86,35.0,N,2.0,20.0,35.03888889,106.0,W,36.0,30.0,-106.60833333,12/1/2017 12:00:00 AM,,0,1,ABQ,46.0,26.0,49.0,ABQ,137.0,573,23.9%
5,1015401,10154,ACK,Nantucket Memorial,"Nantucket, MA",13,United States,US,Massachusetts,MA,25.0,30154,"Nantucket, MA",13,41.0,N,15.0,24.0,41.25666667,70.0,W,3.0,35.0,-70.05972222,1/1/1950 12:00:00 AM,6/30/2011 12:00:00 AM,0,0,ACK,66.0,34.0,85.0,ACK,497.0,2143,23.2%
6,1015402,10154,ACK,Nantucket Memorial,"Nantucket, MA",13,United States,US,Massachusetts,MA,25.0,30154,"Nantucket, MA",13,41.0,N,15.0,11.0,41.25305556,70.0,W,3.0,37.0,-70.06027778,7/1/2011 12:00:00 AM,7/31/2013 12:00:00 AM,0,0,ACK,66.0,34.0,85.0,ACK,497.0,2143,23.2%
7,1015403,10154,ACK,Nantucket Memorial,"Nantucket, MA",13,United States,US,Massachusetts,MA,25.0,30154,"Nantucket, MA",13,41.0,N,15.0,11.0,41.25305556,70.0,W,3.0,36.0,-70.06,8/1/2013 12:00:00 AM,10/31/2017 12:00:00 AM,0,0,ACK,66.0,34.0,85.0,ACK,497.0,2143,23.2%
8,1015404,10154,ACK,Nantucket Memorial,"Nantucket, MA",13,United States,US,Massachusetts,MA,25.0,30154,"Nantucket, MA",13,41.0,N,15.0,11.0,41.25305556,70.0,W,3.0,37.0,-70.06027778,11/1/2017 12:00:00 AM,11/30/2017 12:00:00 AM,0,0,ACK,66.0,34.0,85.0,ACK,497.0,2143,23.2%
9,1015405,10154,ACK,Nantucket Memorial,"Nantucket, MA",13,United States,US,Massachusetts,MA,25.0,30154,"Nantucket, MA",13,41.0,N,15.0,11.0,41.25305556,70.0,W,3.0,36.0,-70.06,12/1/2017 12:00:00 AM,4/30/2023 12:00:00 AM,0,0,ACK,66.0,34.0,85.0,ACK,497.0,2143,23.2%
10,1015406,10154,ACK,Nantucket Memorial,"Nantucket, MA",13,United States,US,Massachusetts,MA,25.0,30154,"Nantucket, MA",13,41.0,N,15.0,12.0,41.25333333,70.0,W,3.0,38.0,-70.06055556,5/1/2023 12:00:00 AM,,0,1,ACK,66.0,34.0,85.0,ACK,497.0,2143,23.2%
11,1020801,10208,AGS,Bush Field,"Augusta, GA",34,United States,US,Georgia,GA,13.0,30208,"Augusta, GA",34,33.0,N,22.0,9.0,33.36916667,81.0,W,57.0,52.0,-81.96444444,1/1/1950 12:00:00 AM,6/30/2000 12:00:00 AM,0,0,AGS,58.0,35.0,64.0,AGS,4.0,15,26.7%
12,1020802,10208,AGS,Augusta Regional at Bush Field,"Augusta, GA",34,United States,US,Georgia,GA,13.0,30208,"Augusta, GA",34,33.0,N,22.0,9.0,33.36916667,81.0,W,57.0,52.0,-81.96444444,7/1/2000 12:00:00 AM,6/30/2011 12:00:00 AM,0,0,AGS,58.0,35.0,64.0,AGS,4.0,15,26.7%
13,1020803,10208,AGS,Augusta Regional at Bush Field,"Augusta, GA",34,United States,US,Georgia,GA,13.0,30208,"Augusta, GA",34,33.0,N,22.0,12.0,33.37,81.0,W,57.0,52.0,-81.96444444,7/1/2011 12:00:00 AM,,0,1,AGS,58.0,35.0,64.0,AGS,4.0,15,26.7%
14,1025701,10257,ALB,Albany International,"Albany, NY",22,United States,US,New York,NY,36.0,30257,"Albany, NY",22,42.0,N,44.0,45.0,42.74583333,73.0,W,48.0,19.0,-73.80527778,1/1/1950 12:00:00 AM,6/30/2011 12:00:00 AM,0,0,ALB,65.0,35.0,97.0,ALB,856.0,2332,36.7%
15,1025702,10257,ALB,Albany International,"Albany, NY",22,United States,US,New York,NY,36.0,30257,"Albany, NY",22,42.0,N,44.0,57.0,42.74916667,73.0,W,48.0,7.0,-73.80194444,7/1/2011 12:00:00 AM,,0,1,ALB,65.0,35.0,97.0,ALB,856.0,2332,36.7%
16,1029901,10299,ANC,Anchorage International,"Anchorage, AK",1,United States,US,Alaska,AK,2.0,30299,"Anchorage, AK",1,61.0,N,10.0,9.0,61.16916667,149.0,W,59.0,7.0,-149.98527778,1/1/1950 12:00:00 AM,12/31/1999 12:00:00 AM,0,0,ANC,70.0,19.0,182.0,ANC,45.0,187,24.1%
17,1029902,10299,ANC,Ted Stevens Anchorage International,"Anchorage, AK",1,United States,US,Alaska,AK,2.0,30299,"Anchorage, AK",1,61.0,N,10.0,28.0,61.17444444,149.0,W,59.0,46.0,-149.99611111,1/1/2000 12:00:00 AM,6/30/2011 12:00:00 AM,0,0,ANC,70.0,19.0,182.0,ANC,45.0,187,24.1%
18,1029903,10299,ANC,Ted Stevens Anchorage International,"Anchorage, AK",1,United States,US,Alaska,AK,2.0,30299,"Anchorage, AK",1,61.0,N,10.0,28.0,61.17444444,149.0,W,59.0,47.0,-149.99638889,7/1/2011 12:00:00 AM,9/30/2011 12:00:00 AM,0,0,ANC,70.0,19.0,182.0,ANC,45.0,187,24.1%
19,1029904,10299,ANC,Ted Stevens Anchorage International,"Anchorage, AK",1,United States,US,Alaska,AK,2.0,30299,"Anchorage, AK",1,61.0,N,10.0,27.0,61.17416667,149.0,W,59.0,53.0,-149.99805556,10/1/2011 12:00:00 AM,10/31/2017 12:00:00 AM,0,0,ANC,70.0,19.0,182.0,ANC,45.0,187,24.1%
20,1029905,10299,ANC,Ted Stevens Anchorage International,"Anchorage, AK",1,United States,US,Alaska,AK,2.0,30299,"Anchorage, AK",1,61.0,N,10.0,28.0,61.17444444,149.0,W,59.0,47.0,-149.99638889,11/1/2017 12:00:00 AM,11/30/2017 12:00:00 AM,0,0,ANC,70.0,19.0,182.0,ANC,45.0,187,24.1%
21,1029906,10299,ANC,Ted Stevens Anchorage International,"Anchorage, AK",1,United States,US,Alaska,AK,2.0,30299,"Anchorage, AK",1,61.0,N,10.0,27.0,61.17416667,149.0,W,59.0,53.0,-149.99805556,12/1/2017 12:00:00 AM,,0,1,ANC,70.0,19.0,182.0,ANC,45.0,187,24.1%
22,1039701,10397,ATL,Atlanta Municipal,"Atlanta, GA",34,United States,US,Georgia,GA,13.0,30397,"Atlanta, GA (Metropolitan Area)",34,33.0,N,38.0,27.0,33.64083333,84.0,W,25.0,38.0,-84.42722222,1/1/1950 12:00:00 AM,6/30/1971 12:00:00 AM,0,0,ATL,46.0,19.0,78.0,ATL,6519.0,41242,15.8%
23,1039702,10397,ATL,William B. Hartsfield Atlanta International,"Atlanta, GA",34,United States,US,Georgia,GA,13.0,30397,"Atlanta, GA (Metropolitan Area)",34,33.0,N,38.0,27.0,33.64083333,84.0,W,25.0,38.0,-84.42722222,7/1/1971 12:00:00 AM,9/30/2003 12:00:00 AM,0,0,ATL,46.0,19.0,78.0,ATL,6519.0,41242,15.8%
24,1039703,10397,ATL,Hartsfield-Jackson Atlanta International,"Atlanta, GA",34,United States,US,Georgia,GA,13.0,30397,"Atlanta, GA (Metropolitan Area)",34,33.0,N,38.0,27.0,33.64083333,84.0,W,25.0,38.0,-84.42722222,10/1/2003 12:00:00 AM,6/30/2011 12:00:00 AM,0,0,ATL,46.0,19.0,78.0,ATL,6519.0,41242,15.8%
25,1039704,10397,ATL,Hartsfield-Jackson Atlanta International,"Atlanta, GA",34,United States,US,Georgia,GA,13.0,30397,"Atlanta, GA (Metropolitan Area)",34,33.0,N,38.0,12.0,33.63666667,84.0,W,25.0,41.0,-84.42805556,7/1/2011 12:00:00 AM,5/31/2012 12:00:00 AM,0,0,ATL,46.0,19.0,78.0,ATL,6519.0,41242,15.8%
26,1039705,10397,ATL,Hartsfield-Jackson Atlanta International,"Atlanta, GA",34,United States,US,Georgia,GA,13.0,30397,"Atlanta, GA (Metropolitan Area)",34,33.0,N,38.0,12.0,33.63666667,84.0,W,25.0,40.0,-84.42777778,6/1/2012 12:00:00 AM,10/31/2017 12:00:00 AM,0,0,ATL,46.0,19.0,78.0,ATL,6519.0,41242,15.8%
27,1039706,10397,ATL,Hartsfield-Jackson Atlanta International,"Atlanta, GA",34,United States,US,Georgia,GA,13.0,30397,"Atlanta, GA (Metropolitan Area)",34,33.0,N,38.0,12.0,33.63666667,84.0,W,25.0,41.0,-84.42805556,11/1/2017 12:00:00 AM,11/30/2017 12:00:00 AM,0,0,ATL,46.0,19.0,78.0,ATL,6519.0,41242,15.8%
28,1039707,10397,ATL,Hartsfield-Jackson Atlanta International,"Atlanta, GA",34,United States,US,Georgia,GA,13.0,30397,"Atlanta, GA (Metropolitan Area)",34,33.0,N,38.0,12.0,33.63666667,84.0,W,25.0,40.0,-84.42777778,12/1/2017 12:00:00 AM,,0,1,ATL,46.0,19.0,78.0,ATL,6519.0,41242,15.8%
29,1042302,10423,AUS,Austin - Bergstrom International,"Austin, TX",74,United States,US,Texas,TX,48.0,30423,"Austin, TX",74,30.0,N,11.0,40.0,30.19444444,97.0,W,40.0,12.0,-97.67,6/1/1999 12:00:00 AM,,0,1,AUS,47.0,21.0,78.0,AUS,1672.0,8176,20.5%
30,1043101,10431,AVL,Asheville Regional,"Asheville, NC",36,United States,US,North Carolina,NC,37.0,30431,"Asheville, NC",36,35.0,N,26.0,6.0,35.435,82.0,W,32.0,28.0,-82.54111111,1/1/1950 12:00:00 AM,6/30/2011 12:00:00 AM,0,0,AVL,53.0,23.0,96.0,AVL,217.0,948,22.9%
31,1043102,10431,AVL,Asheville Regional,"Asheville, NC",36,United States,US,North Carolina,NC,37.0,30431,"Asheville, NC",36,35.0,N,26.0,10.0,35.43611111,82.0,W,32.0,31.0,-82.54194444,7/1/2011 12:00:00 AM,11/30/2015 12:00:00 AM,0,0,AVL,53.0,23.0,96.0,AVL,217.0,948,22.9%
32,1043103,10431,AVL,Asheville Regional,"Asheville, NC",36,United States,US,North Carolina,NC,37.0,30431,"Asheville, NC",36,35.0,N,26.0,4.0,35.43444444,82.0,W,32.0,34.0,-82.54277778,12/1/2015 12:00:00 AM,10/31/2017 12:00:00 AM,0,0,AVL,53.0,23.0,96.0,AVL,217.0,948,22.9%
33,1043104,10431,AVL,Asheville Regional,"Asheville, NC",36,United States,US,North Carolina,NC,37.0,30431,"Asheville, NC",36,35.0,N,26.0,10.0,35.43611111,82.0,W,32.0,31.0,-82.54194444,11/1/2017 12:00:00 AM,11/30/2017 12:00:00 AM,0,0,AVL,53.0,23.0,96.0,AVL,217.0,948,22.9%
34,1043105,10431,AVL,Asheville Regional,"Asheville, NC",36,United States,US,North Carolina,NC,37.0,30431,"Asheville, NC",36,35.0,N,26.0,4.0,35.43444444,82.0,W,32.0,34.0,-82.54277778,12/1/2017 12:00:00 AM,9/30/2022 12:00:00 AM,0,0,AVL,53.0,23.0,96.0,AVL,217.0,948,22.9%
35,1043106,10431,AVL,Asheville Regional,"Asheville, NC",36,United States,US,North Carolina,NC,37.0,30431,"Asheville, NC",36,35.0,N,26.0,10.0,35.43611111,82.0,W,32.0,31.0,-82.54194444,10/1/2022 12:00:00 AM,,0,1,AVL,53.0,23.0,96.0,AVL,217.0,948,22.9%
36,1058101,10581,BGR,Bangor International,"Bangor, ME",12,United States,US,Maine,ME,23.0,30581,"Bangor, ME",12,44.0,N,48.0,28.0,44.80777778,68.0,W,49.0,40.0,-68.82777778,1/1/1950 12:00:00 AM,6/30/2011 12:00:00 AM,0,0,BGR,53.0,29.0,71.0,BGR,741.0,3051,24.3%
37,1058102,10581,BGR,Bangor International,"Bangor, ME",12,United States,US,Maine,ME,23.0,30581,"Bangor, ME",12,44.0,N,48.0,27.0,44.8075,68.0,W,49.0,41.0,-68.82805556,7/1/2011 12:00:00 AM,,0,1,BGR,53.0,29.0,71.0,BGR,741.0,3051,24.3%
38,1059901,10599,BHM,Birmingham Airport,"Birmingham, AL",51,United States,US,Alabama,AL,1.0,30599,"Birmingham, AL",51,33.0,N,33.0,47.0,33.56305556,86.0,W,45.0,20.0,-86.75555556,1/1/1950 12:00:00 AM,9/30/1993 12:00:00 AM,0,0,BHM,55.0,32.0,74.0,BHM,292.0,1110,26.3%
39,1059902,10599,BHM,Birmingham International,"Birmingham, AL",51,United States,US,Alabama,AL,1.0,30599,"Birmingham, AL",51,33.0,N,33.0,47.0,33.56305556,86.0,W,45.0,20.0,-86.75555556,10/1/1993 12:00:00 AM,9/30/2008 12:00:00 AM,0,0,BHM,55.0,32.0,74.0,BHM,292.0,1110,26.3%
40,1059903,10599,BHM,Birmingham-Shuttlesworth International,"Birmingham, AL",51,United States,US,Alabama,AL,1.0,30599,"Birmingham, AL",51,33.0,N,33.0,47.0,33.56305556,86.0,W,45.0,20.0,-86.75555556,10/1/2008 12:00:00 AM,6/30/2011 12:00:00 AM,0,0,BHM,55.0,32.0,74.0,BHM,292.0,1110,26.3%
41,1059904,10599,BHM,Birmingham-Shuttlesworth International,"Birmingham, AL",51,United States,US,Alabama,AL,1.0,30599,"Birmingham, AL",51,33.0,N,33.0,50.0,33.56388889,86.0,W,45.0,8.0,-86.75222222,7/1/2011 12:00:00 AM,,0,1,BHM,55.0,32.0,74.0,BHM,292.0,1110,26.3%
42,1069301,10693,BNA,Nashville International,"Nashville, TN",54,United States,US,Tennessee,TN,47.0,30693,"Nashville, TN",54,36.0,N,7.0,36.0,36.12666667,86.0,W,40.0,55.0,-86.68194444,1/1/1950 12:00:00 AM,6/30/2011 12:00:00 AM,0,0,BNA,48.0,24.0,69.0,BNA,3174.0,17091,18.6%
43,1069302,10693,BNA,Nashville International,"Nashville, TN",54,United States,US,Tennessee,TN,47.0,30693,"Nashville, TN",54,36.0,N,7.0,28.0,36.12444444,86.0,W,40.0,41.0,-86.67805556,7/1/2011 12:00:00 AM,,0,1,BNA,48.0,24.0,69.0,BNA,3174.0,17091,18.6%
44,1071301,10713,BOI,Boise Air Terminal,"Boise, ID",83,United States,US,Idaho,ID,16.0,30713,"Boise, ID",83,43.0,N,33.0,55.0,43.56527778,116.0,W,13.0,30.0,-116.225,1/1/1950 12:00:00 AM,6/30/2011 12:00:00 AM,0,0,BOI,67.0,79.0,48.0,BOI,13.0,31,41.9%
45,1071302,10713,BOI,Boise Air Terminal,"Boise, ID",83,United States,US,Idaho,ID,16.0,30713,"Boise, ID",83,43.0,N,33.0,52.0,43.56444444,116.0,W,13.0,22.0,-116.22277778,7/1/2011 12:00:00 AM,,0,1,BOI,67.0,79.0,48.0,BOI,13.0,31,41.9%
46,1072101,10721,BOS,Logan International,"Boston, MA",13,United States,US,Massachusetts,MA,25.0,30721,"Boston, MA (Metropolitan Area)",13,42.0,N,21.0,49.0,42.36361111,71.0,W,0.0,22.0,-71.00611111,1/1/1950 12:00:00 AM,6/30/2011 12:00:00 AM,0,0,BOS,57.0,30.0,80.0,BOS,7687.0,36139,21.3%
47,1072102,10721,BOS,Logan International,"Boston, MA",13,United States,US,Massachusetts,MA,25.0,30721,"Boston, MA (Metropolitan Area)",13,42.0,N,21.0,47.0,42.36305556,71.0,W,0.0,23.0,-71.00638889,7/1/2011 12:00:00 AM,,0,1,BOS,57.0,30.0,80.0,BOS,7687.0,36139,21.3%
48,1073201,10732,BQN,Ramey AFB,"Aguadilla, Puerto Rico",268,Puerto Rico,PR,,,,30732,"Aguadilla, Puerto Rico",268,18.0,N,29.0,45.0,18.49583333,67.0,W,7.0,48.0,-67.13,1/1/1950 12:00:00 AM,12/31/1989 12:00:00 AM,0,0,BQN,53.0,31.0,77.0,BQN,549.0,1552,35.4%
49,1073202,10732,BQN,Rafael Hernandez,"Aguadilla, PR",3,United States,US,Puerto Rico,PR,72.0,30732,"Aguadilla, PR",3,18.0,N,29.0,42.0,18.495,67.0,W,7.0,46.0,-67.12944444,1/1/1990 12:00:00 AM,6/30/2011 12:00:00 AM,0,0,BQN,53.0,31.0,77.0,BQN,549.0,1552,35.4%
50,1073203,10732,BQN,Rafael Hernandez,"Aguadilla, PR",3,United States,US,Puerto Rico,PR,72.0,30732,"Aguadilla, PR",3,18.0,N,29.0,41.0,18.49472222,67.0,W,7.0,46.0,-67.12944444,7/1/2011 12:00:00 AM,,0,1,BQN,53.0,31.0,77.0,BQN,549.0,1552,35.4%
51,1078501,10785,BTV,Burlington International,"Burlington, VT",16,United States,US,Vermont,VT,50.0,30785,"Burlington, VT",16,44.0,N,28.0,22.0,44.47277778,73.0,W,9.0,11.0,-73.15305556,1/1/1950 12:00:00 AM,6/30/2011 12:00:00 AM,0,0,BTV,56.0,28.0,87.0,BTV,1505.0,6396,23.5%
52,1078502,10785,BTV,Burlington International,"Burlington, VT",16,United States,US,Vermont,VT,50.0,30785,"Burlington, VT",16,44.0,N,28.0,19.0,44.47194444,73.0,W,9.0,12.0,-73.15333333,7/1/2011 12:00:00 AM,,0,1,BTV,56.0,28.0,87.0,BTV,1505.0,6396,23.5%
53,1079201,10792,BUF,Greater Buffalo International,"Buffalo, NY",22,United States,US,New York,NY,36.0,30792,"Buffalo, NY",22,42.0,N,56.0,28.0,42.94111111,78.0,W,44.0,11.0,-78.73638889,1/1/1950 12:00:00 AM,8/31/1983 12:00:00 AM,0,0,BUF,55.0,29.0,77.0,BUF,2322.0,11337,20.5%
54,1079202,10792,BUF,Buffalo Niagara International,"Buffalo, NY",22,United States,US,New York,NY,36.0,30792,"Buffalo, NY",22,42.0,N,56.0,26.0,42.94055556,78.0,W,43.0,57.0,-78.7325,9/1/1983 12:00:00 AM,6/30/2011 12:00:00 AM,0,0,BUF,55.0,29.0,77.0,BUF,2322.0,11337,20.5%
55,1079203,10792,BUF,Buffalo Niagara International,"Buffalo, NY",22,United States,US,New York,NY,36.0,30792,"Buffalo, NY",22,42.0,N,56.0,26.0,42.94055556,78.0,W,43.0,56.0,-78.73222222,7/1/2011 12:00:00 AM,9/30/2011 12:00:00 AM,0,0,BUF,55.0,29.0,77.0,BUF,2322.0,11337,20.5%
56,1079204,10792,BUF,Buffalo Niagara International,"Buffalo, NY",22,United States,US,New York,NY,36.0,30792,"Buffalo, NY",22,42.0,N,56.0,26.0,42.94055556,78.0,W,43.0,50.0,-78.73055556,10/1/2011 12:00:00 AM,10/31/2017 12:00:00 AM,0,0,BUF,55.0,29.0,77.0,BUF,2322.0,11337,20.5%
57,1079205,10792,BUF,Buffalo Niagara International,"Buffalo, NY",22,United States,US,New York,NY,36.0,30792,"Buffalo, NY",22,42.0,N,56.0,26.0,42.94055556,78.0,W,43.0,56.0,-78.73222222,11/1/2017 12:00:00 AM,11/30/2017 12:00:00 AM,0,0,BUF,55.0,29.0,77.0,BUF,2322.0,11337,20.5%
58,1079206,10792,BUF,Buffalo Niagara International,"Buffalo, NY",22,United States,US,New York,NY,36.0,30792,"Buffalo, NY",22,42.0,N,56.0,26.0,42.94055556,78.0,W,43.0,50.0,-78.73055556,12/1/2017 12:00:00 AM,,0,1,BUF,55.0,29.0,77.0,BUF,2322.0,11337,20.5%
59,1080001,10800,BUR,Hollywood-Burbank Midpoint,"Burbank, CA",91,United States,US,California,CA,6.0,32575,"Los Angeles, CA (Metropolitan Area)",91,34.0,N,12.0,0.0,34.2,118.0,W,21.0,28.0,-118.35777778,1/1/1950 12:00:00 AM,11/30/2002 12:00:00 AM,0,0,BUR,56.0,28.0,76.0,BUR,228.0,969,23.5%
60,1080002,10800,BUR,Bob Hope,"Burbank, CA",91,United States,US,California,CA,6.0,32575,"Los Angeles, CA (Metropolitan Area)",91,34.0,N,12.0,0.0,34.2,118.0,W,21.0,28.0,-118.35777778,12/1/2002 12:00:00 AM,6/30/2011 12:00:00 AM,0,0,BUR,56.0,28.0,76.0,BUR,228.0,969,23.5%
61,1080003,10800,BUR,Bob Hope,"Burbank, CA",91,United States,US,California,CA,6.0,32575,"Los Angeles, CA (Metropolitan Area)",91,34.0,N,12.0,2.0,34.20055556,118.0,W,21.0,31.0,-118.35861111,7/1/2011 12:00:00 AM,,0,1,BUR,56.0,28.0,76.0,BUR,228.0,969,23.5%
62,1082102,10821,BWI,Baltimore/Washington International,"Baltimore, MD",35,United States,US,Maryland,MD,24.0,30852,"Washington, DC (Metropolitan Area)",32,39.0,N,10.0,30.0,39.175,76.0,W,40.0,12.0,-76.67,4/1/1981 12:00:00 AM,9/30/2005 12:00:00 AM,0,0,BWI,53.0,23.0,79.0,BWI,425.0,2650,16.0%
63,1082103,10821,BWI,Baltimore/Washington International Thurgood Marshall,"Baltimore, MD",35,United States,US,Maryland,MD,24.0,30852,"Washington, DC (Metropolitan Area)",32,39.0,N,10.0,31.0,39.17527778,76.0,W,40.0,6.0,-76.66833333,10/1/2005 12:00:00 AM,1/31/2016 12:00:00 AM,0,0,BWI,53.0,23.0,79.0,BWI,425.0,2650,16.0%
64,1082104,10821,BWI,Baltimore/Washington International Thurgood Marshall,"Baltimore, MD",35,United States,US,Maryland,MD,24.0,30852,"Washington, DC (Metropolitan Area)",32,39.0,N,10.0,33.0,39.17583333,76.0,W,40.0,8.0,-76.66888889,2/1/2016 12:00:00 AM,10/31/2017 12:00:00 AM,0,0,BWI,53.0,23.0,79.0,BWI,425.0,2650,16.0%
65,1082105,10821,BWI,Baltimore/Washington International Thurgood Marshall,"Baltimore, MD",35,United States,US,Maryland,MD,24.0,30852,"Washington, DC (Metropolitan Area)",32,39.0,N,10.0,31.0,39.17527778,76.0,W,40.0,6.0,-76.66833333,11/1/2017 12:00:00 AM,11/30/2017 12:00:00 AM,0,0,BWI,53.0,23.0,79.0,BWI,425.0,2650,16.0%
66,1082106,10821,BWI,Baltimore/Washington International Thurgood Marshall,"Baltimore, MD",35,United States,US,Maryland,MD,24.0,30852,"Washington, DC (Metropolitan Area)",32,39.0,N,10.0,33.0,39.17583333,76.0,W,40.0,8.0,-76.66888889,12/1/2017 12:00:00 AM,,0,1,BWI,53.0,23.0,79.0,BWI,425.0,2650,16.0%
67,1084901,10849,BZN,Gallatin Field,"Bozeman, MT",84,United States,US,Montana,MT,30.0,30849,"Bozeman, MT",84,45.0,N,46.0,49.0,45.78027778,111.0,W,9.0,34.0,-111.15944444,1/1/1950 12:00:00 AM,6/30/2011 12:00:00 AM,0,0,BZN,39.0,22.0,57.0,BZN,126.0,540,23.3%
68,1084902,10849,BZN,Gallatin Field,"Bozeman, MT",84,United States,US,Montana,MT,30.0,30849,"Bozeman, MT",84,45.0,N,46.0,39.0,45.7775,111.0,W,9.0,7.0,-111.15194444,7/1/2011 12:00:00 AM,2/29/2012 12:00:00 AM,0,0,BZN,39.0,22.0,57.0,BZN,126.0,540,23.3%
69,1084903,10849,BZN,Bozeman Yellowstone International,"Bozeman, MT",84,United States,US,Montana,MT,30.0,30849,"Bozeman, MT",84,45.0,N,46.0,39.0,45.7775,111.0,W,9.0,7.0,-111.15194444,3/1/2012 12:00:00 AM,10/31/2017 12:00:00 AM,0,0,BZN,39.0,22.0,57.0,BZN,126.0,540,23.3%
70,1084904,10849,BZN,Gallatin Field,"Bozeman, MT",84,United States,US,Montana,MT,30.0,30849,"Bozeman, MT",84,45.0,N,46.0,39.0,45.7775,111.0,W,9.0,7.0,-111.15194444,11/1/2017 12:00:00 AM,11/30/2017 12:00:00 AM,0,0,BZN,39.0,22.0,57.0,BZN,126.0,540,23.3%
71,1084905,10849,BZN,Bozeman Yellowstone International,"Bozeman, MT",84,United States,US,Montana,MT,30.0,30849,"Bozeman, MT",84,45.0,N,46.0,38.0,45.77722222,111.0,W,9.0,1.0,-111.15027778,12/1/2017 12:00:00 AM,6/30/2019 12:00:00 AM,0,0,BZN,39.0,22.0,57.0,BZN,126.0,540,23.3%
72,1084906,10849,BZN,Bozeman Yellowstone International,"Bozeman, MT",84,United States,US,Montana,MT,30.0,30849,"Bozeman, MT",84,45.0,N,46.0,38.0,45.77722222,111.0,W,9.0,2.0,-111.15055556,7/1/2019 12:00:00 AM,10/31/2019 12:00:00 AM,0,0,BZN,39.0,22.0,57.0,BZN,126.0,540,23.3%
73,1084907,10849,BZN,Bozeman Yellowstone International,"Bozeman, MT",84,United States,US,Montana,MT,30.0,30849,"Bozeman, MT",84,45.0,N,46.0,38.0,45.77722222,111.0,W,9.0,1.0,-111.15027778,11/1/2019 12:00:00 AM,,0,1,BZN,39.0,22.0,57.0,BZN,126.0,540,23.3%
74,1086801,10868,CAE,Columbia Metropolitan,"Columbia, SC",37,United States,US,South Carolina,SC,45.0,30868,"Columbia, SC",37,33.0,N,56.0,11.0,33.93638889,81.0,W,6.0,57.0,-81.11583333,1/1/1950 12:00:00 AM,8/31/1992 12:00:00 AM,0,0,CAE,48.0,29.0,57.0,CAE,251.0,903,27.8%
75,1086802,10868,CAE,Columbia Metropolitan,"Columbia, SC",37,United States,US,South Carolina,SC,45.0,30868,"Columbia, SC",37,33.0,N,56.0,26.0,33.94055556,81.0,W,7.0,9.0,-81.11916667,9/1/1992 12:00:00 AM,6/30/2011 12:00:00 AM,0,0,CAE,48.0,29.0,57.0,CAE,251.0,903,27.8%
76,1086803,10868,CAE,Columbia Metropolitan,"Columbia, SC",37,United States,US,South Carolina,SC,45.0,30868,"Columbia, SC",37,33.0,N,56.0,20.0,33.93888889,81.0,W,7.0,10.0,-81.11944444,7/1/2011 12:00:00 AM,,0,1,CAE,48.0,29.0,57.0,CAE,251.0,903,27.8%
77,1087401,10874,CAK,Akron-Canton Regional,"Akron, OH",44,United States,US,Ohio,OH,39.0,30647,"Cleveland, OH (Metropolitan Area)",44,40.0,N,54.0,50.0,40.91388889,81.0,W,26.0,30.0,-81.44166667,1/1/1950 12:00:00 AM,6/30/2011 12:00:00 AM,0,0,CAK,75.0,52.0,93.0,CAK,409.0,1117,36.6%
78,1087402,10874,CAK,Akron-Canton Regional,"Akron, OH",44,United States,US,Ohio,OH,39.0,30647,"Cleveland, OH (Metropolitan Area)",44,40.0,N,54.0,54.0,40.915,81.0,W,26.0,37.0,-81.44361111,7/1/2011 12:00:00 AM,,0,1,CAK,75.0,52.0,93.0,CAK,409.0,1117,36.6%
79,1098001,10980,CHA,Lovell Field,"Chattanooga, TN",54,United States,US,Tennessee,TN,47.0,30980,"Chattanooga, TN",54,35.0,N,2.0,11.0,35.03638889,85.0,W,12.0,13.0,-85.20361111,1/1/1950 12:00:00 AM,6/30/2011 12:00:00 AM,0,0,CHA,63.0,34.0,92.0,CHA,111.0,384,28.9%
80,1098002,10980,CHA,Lovell Field,"Chattanooga, TN",54,United States,US,Tennessee,TN,47.0,30980,"Chattanooga, TN",54,35.0,N,2.0,7.0,35.03527778,85.0,W,12.0,13.0,-85.20361111,7/1/2011 12:00:00 AM,,0,1,CHA,63.0,34.0,92.0,CHA,111.0,384,28.9%
81,1099001,10990,CHO,Charlottesville Albemarle,"Charlottesville, VA",38,United States,US,Virginia,VA,51.0,30990,"Charlottesville, VA",38,38.0,N,8.0,29.0,38.14138889,78.0,W,27.0,11.0,-78.45305556,1/1/1950 12:00:00 AM,6/30/2011 12:00:00 AM,0,0,CHO,60.0,28.0,105.0,CHO,454.0,1918,23.7%
82,1099002,10990,CHO,Charlottesville Albemarle,"Charlottesville, VA",38,United States,US,Virginia,VA,51.0,30990,"Charlottesville, VA",38,38.0,N,8.0,19.0,38.13861111,78.0,W,27.0,10.0,-78.45277778,7/1/2011 12:00:00 AM,11/30/2016 12:00:00 AM,0,0,CHO,60.0,28.0,105.0,CHO,454.0,1918,23.7%
83,1099003,10990,CHO,Charlottesville Albemarle,"Charlottesville, VA",38,United States,US,Virginia,VA,51.0,30990,"Charlottesville, VA",38,38.0,N,8.0,23.0,38.13972222,78.0,W,27.0,8.0,-78.45222222,12/1/2016 12:00:00 AM,10/31/2017 12:00:00 AM,0,0,CHO,60.0,28.0,105.0,CHO,454.0,1918,23.7%
84,1099004,10990,CHO,Charlottesville Albemarle,"Charlottesville, VA",38,United States,US,Virginia,VA,51.0,30990,"Charlottesville, VA",38,38.0,N,8.0,19.0,38.13861111,78.0,W,27.0,10.0,-78.45277778,11/1/2017 12:00:00 AM,11/30/2017 12:00:00 AM,0,0,CHO,60.0,28.0,105.0,CHO,454.0,1918,23.7%
85,1099005,10990,CHO,Charlottesville Albemarle,"Charlottesville, VA",38,United States,US,Virginia,VA,51.0,30990,"Charlottesville, VA",38,38.0,N,8.0,23.0,38.13972222,78.0,W,27.0,8.0,-78.45222222,12/1/2017 12:00:00 AM,,0,1,CHO,60.0,28.0,105.0,CHO,454.0,1918,23.7%
86,1099401,10994,CHS,Charleston International,"Charleston, SC",37,United States,US,South Carolina,SC,45.0,30994,"Charleston, SC",37,32.0,N,53.0,57.0,32.89916667,80.0,W,2.0,20.0,-80.03888889,1/1/1950 12:00:00 AM,6/30/2011 12:00:00 AM,0,0,CHS,48.0,22.0,71.0,CHS,1844.0,9525,19.4%
87,1099402,10994,CHS,Charleston AFB/International,"Charleston, SC",37,United States,US,South Carolina,SC,45.0,30994,"Charleston, SC",37,32.0,N,53.0,55.0,32.89861111,80.0,W,2.0,26.0,-80.04055556,7/1/2011 12:00:00 AM,,0,1,CHS,48.0,22.0,71.0,CHS,1844.0,9525,19.4%
88,1104201,11042,CLE,Cleveland-Hopkins International,"Cleveland, OH",44,United States,US,Ohio,OH,39.0,30647,"Cleveland, OH (Metropolitan Area)",44,41.0,N,24.0,39.0,41.41083333,81.0,W,50.0,58.0,-81.84944444,1/1/1950 12:00:00 AM,6/30/2011 12:00:00 AM,0,0,CLE,53.0,26.0,89.0,CLE,2897.0,13645,21.2%
89,1104202,11042,CLE,Cleveland-Hopkins International,"Cleveland, OH",44,United States,US,Ohio,OH,39.0,30647,"Cleveland, OH (Metropolitan Area)",44,41.0,N,24.0,34.0,41.40944444,81.0,W,51.0,18.0,-81.855,7/1/2011 12:00:00 AM,5/31/2014 12:00:00 AM,0,0,CLE,53.0,26.0,89.0,CLE,2897.0,13645,21.2%
90,1104203,11042,CLE,Cleveland-Hopkins International,"Cleveland, OH",44,United States,US,Ohio,OH,39.0,30647,"Cleveland, OH (Metropolitan Area)",44,41.0,N,24.0,34.0,41.40944444,81.0,W,51.0,17.0,-81.85472222,6/1/2014 12:00:00 AM,10/31/2017 12:00:00 AM,0,0,CLE,53.0,26.0,89.0,CLE,2897.0,13645,21.2%
91,1104204,11042,CLE,Cleveland-Hopkins International,"Cleveland, OH",44,United States,US,Ohio,OH,39.0,30647,"Cleveland, OH (Metropolitan Area)",44,41.0,N,24.0,34.0,41.40944444,81.0,W,51.0,18.0,-81.855,11/1/2017 12:00:00 AM,11/30/2017 12:00:00 AM,0,0,CLE,53.0,26.0,89.0,CLE,2897.0,13645,21.2%
92,1104205,11042,CLE,Cleveland-Hopkins International,"Cleveland, OH",44,United States,US,Ohio,OH,39.0,30647,"Cleveland, OH (Metropolitan Area)",44,41.0,N,24.0,34.0,41.40944444,81.0,W,51.0,17.0,-81.85472222,12/1/2017 12:00:00 AM,,0,1,CLE,53.0,26.0,89.0,CLE,2897.0,13645,21.2%
93,1105701,11057,CLT,Douglas Municipal,"Charlotte, NC",36,United States,US,North Carolina,NC,37.0,31057,"Charlotte, NC",36,35.0,N,13.0,9.0,35.21916667,80.0,W,56.0,9.0,-80.93583333,1/1/1950 12:00:00 AM,12/31/1981 12:00:00 AM,0,0,CLT,47.0,19.0,84.0,CLT,4299.0,29260,14.7%
94,1105702,11057,CLT,Charlotte Douglas International,"Charlotte, NC",36,United States,US,North Carolina,NC,37.0,31057,"Charlotte, NC",36,35.0,N,12.0,50.0,35.21388889,80.0,W,56.0,35.0,-80.94305556,1/1/1982 12:00:00 AM,6/30/2011 12:00:00 AM,0,0,CLT,47.0,19.0,84.0,CLT,4299.0,29260,14.7%
95,1105703,11057,CLT,Charlotte Douglas International,"Charlotte, NC",36,United States,US,North Carolina,NC,37.0,31057,"Charlotte, NC",36,35.0,N,12.0,49.0,35.21361111,80.0,W,56.0,57.0,-80.94916667,7/1/2011 12:00:00 AM,,0,1,CLT,47.0,19.0,84.0,CLT,4299.0,29260,14.7%
96,1106601,11066,CMH,Port Columbus International,"Columbus, OH",44,United States,US,Ohio,OH,39.0,31066,"Columbus, OH",44,39.0,N,59.0,28.0,39.99111111,82.0,W,52.0,42.0,-82.87833333,1/1/1950 12:00:00 AM,6/30/2011 12:00:00 AM,0,0,CMH,48.0,24.0,69.0,CMH,2386.0,12177,19.6%
97,1106602,11066,CMH,Port Columbus International,"Columbus, OH",44,United States,US,Ohio,OH,39.0,31066,"Columbus, OH",44,39.0,N,59.0,53.0,39.99805556,82.0,W,53.0,31.0,-82.89194444,7/1/2011 12:00:00 AM,7/31/2013 12:00:00 AM,0,0,CMH,48.0,24.0,69.0,CMH,2386.0,12177,19.6%
98,1106603,11066,CMH,Port Columbus International,"Columbus, OH",44,United States,US,Ohio,OH,39.0,31066,"Columbus, OH",44,39.0,N,59.0,49.0,39.99694444,82.0,W,53.0,32.0,-82.89222222,8/1/2013 12:00:00 AM,7/31/2017 12:00:00 AM,0,0,CMH,48.0,24.0,69.0,CMH,2386.0,12177,19.6%
99,1106604,11066,CMH,John Glenn Columbus International,"Columbus, OH",44,United States,US,Ohio,OH,39.0,31066,"Columbus, OH",44,39.0,N,59.0,49.0,39.99694444,82.0,W,53.0,32.0,-82.89222222,8/1/2017 12:00:00 AM,10/31/2017 12:00:00 AM,0,0,CMH,48.0,24.0,69.0,CMH,2386.0,12177,19.6%
100,1106605,11066,CMH,Port Columbus International,"Columbus, OH",44,United States,US,Ohio,OH,39.0,31066,"Columbus, OH",44,39.0,N,59.0,53.0,39.99805556,82.0,W,53.0,31.0,-82.89194444,11/1/2017 12:00:00 AM,11/30/2017 12:00:00 AM,0,0,CMH,48.0,24.0,69.0,CMH,2386.0,12177,19.6%
101,1106606,11066,CMH,John Glenn Columbus International,"Columbus, OH",44,United States,US,Ohio,OH,39.0,31066,"Columbus, OH",44,39.0,N,59.0,49.0,39.99694444,82.0,W,53.0,32.0,-82.89222222,12/1/2017 12:00:00 AM,,0,1,CMH,48.0,24.0,69.0,CMH,2386.0,12177,19.6%
102,1119301,11193,CVG,Cincinnati/Northern Kentucky International,"Cincinnati, OH",52,United States,US,Kentucky,KY,21.0,33105,"Cincinnati, OH",44,39.0,N,2.0,52.0,39.04777778,84.0,W,40.0,7.0,-84.66861111,1/1/1950 12:00:00 AM,6/30/2011 12:00:00 AM,0,0,CVG,53.0,26.0,84.0,CVG,2161.0,10649,20.3%
103,1119302,11193,CVG,Cincinnati/Northern Kentucky International,"Cincinnati, OH",52,United States,US,Kentucky,KY,21.0,33105,"Cincinnati, OH",44,39.0,N,2.0,56.0,39.04888889,84.0,W,40.0,4.0,-84.66777778,7/1/2011 12:00:00 AM,,0,1,CVG,53.0,26.0,84.0,CVG,2161.0,10649,20.3%
104,1125201,11252,DAB,Daytona Beach Regional,"Daytona Beach, FL",33,United States,US,Florida,FL,12.0,31252,"Daytona Beach, FL",33,29.0,N,10.0,57.0,29.1825,81.0,W,3.0,10.0,-81.05277778,1/1/1950 12:00:00 AM,6/30/1992 12:00:00 AM,0,0,DAB,17.0,10.0,19.0,DAB,2.0,51,3.9%
105,1125202,11252,DAB,Daytona Beach International,"Daytona Beach, FL",33,United States,US,Florida,FL,12.0,31252,"Daytona Beach, FL",33,29.0,N,10.0,57.0,29.1825,81.0,W,3.0,10.0,-81.05277778,7/1/1992 12:00:00 AM,6/30/2011 12:00:00 AM,0,0,DAB,17.0,10.0,19.0,DAB,2.0,51,3.9%
106,1125203,11252,DAB,Daytona Beach International,"Daytona Beach, FL",33,United States,US,Florida,FL,12.0,31252,"Daytona Beach, FL",33,29.0,N,10.0,48.0,29.18,81.0,W,3.0,29.0,-81.05805556,7/1/2011 12:00:00 AM,,0,1,DAB,17.0,10.0,19.0,DAB,2.0,51,3.9%
107,1125901,11259,DAL,Dallas Love Field,"Dallas, TX",74,United States,US,Texas,TX,48.0,30194,"Dallas/Fort Worth, TX",74,32.0,N,50.0,49.0,32.84694444,96.0,W,51.0,12.0,-96.85333333,1/1/1950 12:00:00 AM,12/31/1989 12:00:00 AM,0,0,DAL,42.0,24.0,52.0,DAL,690.0,3100,22.3%
108,1125902,11259,DAL,Dallas Love Field,"Dallas, TX",74,United States,US,Texas,TX,48.0,30194,"Dallas/Fort Worth, TX",74,32.0,N,50.0,49.0,32.84694444,96.0,W,51.0,5.0,-96.85138889,1/1/1990 12:00:00 AM,6/30/2011 12:00:00 AM,0,0,DAL,42.0,24.0,52.0,DAL,690.0,3100,22.3%
109,1125903,11259,DAL,Dallas Love Field,"Dallas, TX",74,United States,US,Texas,TX,48.0,30194,"Dallas/Fort Worth, TX",74,32.0,N,50.0,50.0,32.84722222,96.0,W,51.0,6.0,-96.85166667,7/1/2011 12:00:00 AM,9/30/2018 12:00:00 AM,0,0,DAL,42.0,24.0,52.0,DAL,690.0,3100,22.3%
110,1125904,11259,DAL,Dallas Love Field,"Dallas, TX",74,United States,US,Texas,TX,48.0,30194,"Dallas/Fort Worth, TX",74,32.0,N,50.0,45.0,32.84583333,96.0,W,51.0,3.0,-96.85083333,10/1/2018 12:00:00 AM,,0,1,DAL,42.0,24.0,52.0,DAL,690.0,3100,22.3%
111,1126701,11267,DAY,James M Cox/Dayton International,"Dayton, OH",44,United States,US,Ohio,OH,39.0,31267,"Dayton, OH",44,39.0,N,54.0,4.0,39.90111111,84.0,W,13.0,12.0,-84.22,1/1/1950 12:00:00 AM,6/30/2011 12:00:00 AM,0,0,DAY,62.0,34.0,83.0,DAY,533.0,1466,36.4%
112,1126702,11267,DAY,James M Cox/Dayton International,"Dayton, OH",44,United States,US,Ohio,OH,39.0,31267,"Dayton, OH",44,39.0,N,54.0,8.0,39.90222222,84.0,W,13.0,10.0,-84.21944444,7/1/2011 12:00:00 AM,,0,1,DAY,62.0,34.0,83.0,DAY,533.0,1466,36.4%
113,1127801,11278,DCA,Ronald Reagan Washington National,"Washington, DC",38,United States,US,Virginia,VA,51.0,30852,"Washington, DC (Metropolitan Area)",32,38.0,N,51.0,6.0,38.85166667,77.0,W,2.0,13.0,-77.03694444,1/1/1950 12:00:00 AM,6/30/2011 12:00:00 AM,0,0,DCA,48.0,24.0,69.0,DCA,3772.0,20969,18.0%
114,1127802,11278,DCA,Ronald Reagan Washington National,"Washington, DC",38,United States,US,Virginia,VA,51.0,30852,"Washington, DC (Metropolitan Area)",32,38.0,N,51.0,7.0,38.85194444,77.0,W,2.0,16.0,-77.03777778,7/1/2011 12:00:00 AM,7/31/2015 12:00:00 AM,0,0,DCA,48.0,24.0,69.0,DCA,3772.0,20969,18.0%
115,1127803,11278,DCA,Ronald Reagan Washington National,"Washington, DC",38,United States,US,Virginia,VA,51.0,30852,"Washington, DC (Metropolitan Area)",32,38.0,N,51.0,5.0,38.85138889,77.0,W,2.0,16.0,-77.03777778,8/1/2015 12:00:00 AM,10/31/2017 12:00:00 AM,0,0,DCA,48.0,24.0,69.0,DCA,3772.0,20969,18.0%
116,1127804,11278,DCA,Ronald Reagan Washington National,"Washington, DC",38,United States,US,Virginia,VA,51.0,30852,"Washington, DC (Metropolitan Area)",32,38.0,N,51.0,7.0,38.85194444,77.0,W,2.0,16.0,-77.03777778,11/1/2017 12:00:00 AM,11/30/2017 12:00:00 AM,0,0,DCA,48.0,24.0,69.0,DCA,3772.0,20969,18.0%
117,1127805,11278,DCA,Ronald Reagan Washington National,"Washington, DC",38,United States,US,Virginia,VA,51.0,30852,"Washington, DC (Metropolitan Area)",32,38.0,N,51.0,5.0,38.85138889,77.0,W,2.0,16.0,-77.03777778,12/1/2017 12:00:00 AM,,0,1,DCA,48.0,24.0,69.0,DCA,3772.0,20969,18.0%
118,1129201,11292,DEN,Stapleton International,"Denver, CO",82,United States,US,Colorado,CO,8.0,30325,"Denver, CO",82,39.0,N,46.0,28.0,39.77444444,104.0,W,52.0,47.0,-104.87972222,1/1/1950 12:00:00 AM,8/31/1993 12:00:00 AM,0,0,DEN,43.0,19.0,70.0,DEN,3482.0,18064,19.3%
119,1129202,11292,DEN,Denver International,"Denver, CO",82,United States,US,Colorado,CO,8.0,30325,"Denver, CO",82,39.0,N,51.0,42.0,39.86166667,104.0,W,40.0,23.0,-104.67305556,9/1/1993 12:00:00 AM,,0,1,DEN,43.0,19.0,70.0,DEN,3482.0,18064,19.3%
120,1129801,11298,DFW,Dallas Fort Worth Regional,"Dallas/Fort Worth, TX",74,United States,US,Texas,TX,48.0,30194,"Dallas/Fort Worth, TX",74,32.0,N,53.0,40.0,32.89444444,97.0,W,1.0,47.0,-97.02972222,1/1/1950 12:00:00 AM,12/31/1989 12:00:00 AM,0,0,DFW,50.0,22.0,89.0,DFW,4589.0,23049,19.9%
121,1129802,11298,DFW,Dallas/Fort Worth International,"Dallas/Fort Worth, TX",74,United States,US,Texas,TX,48.0,30194,"Dallas/Fort Worth, TX",74,32.0,N,53.0,47.0,32.89638889,97.0,W,2.0,28.0,-97.04111111,1/1/1990 12:00:00 AM,6/30/2011 12:00:00 AM,0,0,DFW,50.0,22.0,89.0,DFW,4589.0,23049,19.9%
122,1129803,11298,DFW,Dallas/Fort Worth International,"Dallas/Fort Worth, TX",74,United States,US,Texas,TX,48.0,30194,"Dallas/Fort Worth, TX",74,32.0,N,53.0,49.0,32.89694444,97.0,W,2.0,17.0,-97.03805556,7/1/2011 12:00:00 AM,3/31/2015 12:00:00 AM,0,0,DFW,50.0,22.0,89.0,DFW,4589.0,23049,19.9%
123,1129804,11298,DFW,Dallas/Fort Worth International,"Dallas/Fort Worth, TX",74,United States,US,Texas,TX,48.0,30194,"Dallas/Fort Worth, TX",74,32.0,N,53.0,50.0,32.89722222,97.0,W,2.0,16.0,-97.03777778,4/1/2015 12:00:00 AM,10/31/2017 12:00:00 AM,0,0,DFW,50.0,22.0,89.0,DFW,4589.0,23049,19.9%
124,1129805,11298,DFW,Dallas/Fort Worth International,"Dallas/Fort Worth, TX",74,United States,US,Texas,TX,48.0,30194,"Dallas/Fort Worth, TX",74,32.0,N,53.0,49.0,32.89694444,97.0,W,2.0,17.0,-97.03805556,11/1/2017 12:00:00 AM,11/30/2017 12:00:00 AM,0,0,DFW,50.0,22.0,89.0,DFW,4589.0,23049,19.9%
125,1129806,11298,DFW,Dallas/Fort Worth International,"Dallas/Fort Worth, TX",74,United States,US,Texas,TX,48.0,30194,"Dallas/Fort Worth, TX",74,32.0,N,53.0,50.0,32.89722222,97.0,W,2.0,16.0,-97.03777778,12/1/2017 12:00:00 AM,,0,1,DFW,50.0,22.0,89.0,DFW,4589.0,23049,19.9%
126,1142301,11423,DSM,Des Moines Municipal,"Des Moines, IA",61,United States,US,Iowa,IA,19.0,31423,"Des Moines, IA",61,41.0,N,32.0,2.0,41.53388889,93.0,W,39.0,24.0,-93.65666667,1/1/1950 12:00:00 AM,6/30/1986 12:00:00 AM,0,0,DSM,50.0,31.0,71.0,DSM,197.0,729,27.0%
127,1142302,11423,DSM,Des Moines International,"Des Moines, IA",61,United States,US,Iowa,IA,19.0,31423,"Des Moines, IA",61,41.0,N,32.0,2.0,41.53388889,93.0,W,39.0,24.0,-93.65666667,7/1/1986 12:00:00 AM,6/30/2011 12:00:00 AM,0,0,DSM,50.0,31.0,71.0,DSM,197.0,729,27.0%
128,1142303,11423,DSM,Des Moines International,"Des Moines, IA",61,United States,US,Iowa,IA,19.0,31423,"Des Moines, IA",61,41.0,N,32.0,2.0,41.53388889,93.0,W,39.0,47.0,-93.66305556,7/1/2011 12:00:00 AM,11/30/2015 12:00:00 AM,0,0,DSM,50.0,31.0,71.0,DSM,197.0,729,27.0%
129,1142304,11423,DSM,Des Moines International,"Des Moines, IA",61,United States,US,Iowa,IA,19.0,31423,"Des Moines, IA",61,41.0,N,32.0,3.0,41.53416667,93.0,W,39.0,27.0,-93.6575,12/1/2015 12:00:00 AM,10/31/2017 12:00:00 AM,0,0,DSM,50.0,31.0,71.0,DSM,197.0,729,27.0%
130,1142305,11423,DSM,Des Moines International,"Des Moines, IA",61,United States,US,Iowa,IA,19.0,31423,"Des Moines, IA",61,41.0,N,32.0,2.0,41.53388889,93.0,W,39.0,47.0,-93.66305556,11/1/2017 12:00:00 AM,11/30/2017 12:00:00 AM,0,0,DSM,50.0,31.0,71.0,DSM,197.0,729,27.0%
131,1142306,11423,DSM,Des Moines International,"Des Moines, IA",61,United States,US,Iowa,IA,19.0,31423,"Des Moines, IA",61,41.0,N,32.0,3.0,41.53416667,93.0,W,39.0,27.0,-93.6575,12/1/2017 12:00:00 AM,9/30/2018 12:00:00 AM,0,0,DSM,50.0,31.0,71.0,DSM,197.0,729,27.0%
132,1142307,11423,DSM,Des Moines International,"Des Moines, IA",61,United States,US,Iowa,IA,19.0,31423,"Des Moines, IA",61,41.0,N,32.0,2.0,41.53388889,93.0,W,39.0,47.0,-93.66305556,10/1/2018 12:00:00 AM,9/30/2022 12:00:00 AM,0,0,DSM,50.0,31.0,71.0,DSM,197.0,729,27.0%
133,1142308,11423,DSM,Des Moines International,"Des Moines, IA",61,United States,US,Iowa,IA,19.0,31423,"Des Moines, IA",61,41.0,N,32.0,3.0,41.53416667,93.0,W,39.0,28.0,-93.65777778,10/1/2022 12:00:00 AM,,0,1,DSM,50.0,31.0,71.0,DSM,197.0,729,27.0%
134,1143301,11433,DTW,Detroit Metro Wayne County,"Detroit, MI",43,United States,US,Michigan,MI,26.0,31295,"Detroit, MI",43,42.0,N,13.0,0.0,42.21666667,83.0,W,20.0,40.0,-83.34444444,1/1/1950 12:00:00 AM,6/30/2011 12:00:00 AM,0,0,DTW,48.0,21.0,75.0,DTW,3518.0,21473,16.4%
135,1143302,11433,DTW,Detroit Metro Wayne County,"Detroit, MI",43,United States,US,Michigan,MI,26.0,31295,"Detroit, MI",43,42.0,N,12.0,45.0,42.2125,83.0,W,21.0,12.0,-83.35333333,7/1/2011 12:00:00 AM,,0,1,DTW,48.0,21.0,75.0,DTW,3518.0,21473,16.4%
136,1150301,11503,EGE,Eagle County Regional,"Eagle, CO",82,United States,US,Colorado,CO,8.0,31503,"Eagle, CO",82,39.0,N,38.0,37.0,39.64361111,106.0,W,54.0,50.0,-106.91388889,1/1/1950 12:00:00 AM,6/30/2011 12:00:00 AM,0,0,EGE,42.0,20.0,60.0,EGE,126.0,552,22.8%
137,1150302,11503,EGE,Eagle County Regional,"Eagle, CO",82,United States,US,Colorado,CO,8.0,31503,"Eagle, CO",82,39.0,N,38.0,34.0,39.64277778,106.0,W,55.0,57.0,-106.9325,7/1/2011 12:00:00 AM,2/28/2013 12:00:00 AM,0,0,EGE,42.0,20.0,60.0,EGE,126.0,552,22.8%
138,1150303,11503,EGE,Eagle County Regional,"Eagle, CO",82,United States,US,Colorado,CO,8.0,31503,"Eagle, CO",82,39.0,N,38.0,34.0,39.64277778,106.0,W,54.0,57.0,-106.91583333,3/1/2013 12:00:00 AM,10/31/2017 12:00:00 AM,0,0,EGE,42.0,20.0,60.0,EGE,126.0,552,22.8%
139,1150304,11503,EGE,Eagle County Regional,"Eagle, CO",82,United States,US,Colorado,CO,8.0,31503,"Eagle, CO",82,39.0,N,38.0,34.0,39.64277778,106.0,W,55.0,57.0,-106.9325,11/1/2017 12:00:00 AM,11/30/2017 12:00:00 AM,0,0,EGE,42.0,20.0,60.0,EGE,126.0,552,22.8%
140,1150305,11503,EGE,Eagle County Regional,"Eagle, CO",82,United States,US,Colorado,CO,8.0,31503,"Eagle, CO",82,39.0,N,38.0,34.0,39.64277778,106.0,W,54.0,57.0,-106.91583333,12/1/2017 12:00:00 AM,,0,1,EGE,42.0,20.0,60.0,EGE,126.0,552,22.8%
141,1153701,11537,ELM,Elmira/Corning Regional,"Elmira/Corning, NY",22,United States,US,New York,NY,36.0,31537,"Elmira/Corning, NY",22,42.0,N,9.0,39.0,42.16083333,76.0,W,53.0,43.0,-76.89527778,1/1/1950 12:00:00 AM,6/30/2011 12:00:00 AM,0,0,ELM,60.0,49.0,67.0,ELM,67.0,147,45.6%
142,1153702,11537,ELM,Elmira/Corning Regional,"Elmira/Corning, NY",22,United States,US,New York,NY,36.0,31537,"Elmira/Corning, NY",22,42.0,N,9.0,36.0,42.16,76.0,W,53.0,30.0,-76.89166667,7/1/2011 12:00:00 AM,9/30/2011 12:00:00 AM,0,0,ELM,60.0,49.0,67.0,ELM,67.0,147,45.6%
143,1153703,11537,ELM,Elmira/Corning Regional,"Elmira/Corning, NY",22,United States,US,New York,NY,36.0,31537,"Elmira/Corning, NY",22,42.0,N,9.0,35.0,42.15972222,76.0,W,53.0,31.0,-76.89194444,10/1/2011 12:00:00 AM,10/31/2017 12:00:00 AM,0,0,ELM,60.0,49.0,67.0,ELM,67.0,147,45.6%
144,1153704,11537,ELM,Elmira/Corning Regional,"Elmira/Corning, NY",22,United States,US,New York,NY,36.0,31537,"Elmira/Corning, NY",22,42.0,N,9.0,36.0,42.16,76.0,W,53.0,30.0,-76.89166667,11/1/2017 12:00:00 AM,11/30/2017 12:00:00 AM,0,0,ELM,60.0,49.0,67.0,ELM,67.0,147,45.6%
145,1153705,11537,ELM,Elmira/Corning Regional,"Elmira/Corning, NY",22,United States,US,New York,NY,36.0,31537,"Elmira/Corning, NY",22,42.0,N,9.0,35.0,42.15972222,76.0,W,53.0,31.0,-76.89194444,12/1/2017 12:00:00 AM,6/30/2019 12:00:00 AM,0,0,ELM,60.0,49.0,67.0,ELM,67.0,147,45.6%
146,1153706,11537,ELM,Elmira/Corning Regional,"Elmira/Corning, NY",22,United States,US,New York,NY,36.0,31537,"Elmira/Corning, NY",22,42.0,N,9.0,35.0,42.15972222,76.0,W,53.0,30.0,-76.89166667,7/1/2019 12:00:00 AM,,0,1,ELM,60.0,49.0,67.0,ELM,67.0,147,45.6%
147,1161801,11618,EWR,Newark Liberty International,"Newark, NJ",21,United States,US,New Jersey,NJ,34.0,31703,"New York City, NY (Metropolitan Area)",22,40.0,N,41.0,45.0,40.69583333,74.0,W,10.0,18.0,-74.17166667,1/1/1950 12:00:00 AM,6/30/2011 12:00:00 AM,0,0,EWR,55.0,27.0,92.0,EWR,76995.0,311166,24.7%
148,1161802,11618,EWR,Newark Liberty International,"Newark, NJ",21,United States,US,New Jersey,NJ,34.0,31703,"New York City, NY (Metropolitan Area)",22,40.0,N,41.0,33.0,40.6925,74.0,W,10.0,7.0,-74.16861111,7/1/2011 12:00:00 AM,,0,1,EWR,55.0,27.0,92.0,EWR,76995.0,311166,24.7%
149,1162401,11624,EYW,Key West International,"Key West, FL",33,United States,US,Florida,FL,12.0,31624,"Key West, FL",33,24.0,N,33.0,20.0,24.55555556,81.0,W,45.0,35.0,-81.75972222,1/1/1950 12:00:00 AM,6/30/2011 12:00:00 AM,0,0,EYW,30.0,17.0,38.0,EYW,467.0,2358,19.8%
150,1162402,11624,EYW,Key West International,"Key West, FL",33,United States,US,Florida,FL,12.0,31624,"Key West, FL",33,24.0,N,33.0,22.0,24.55611111,81.0,W,45.0,34.0,-81.75944444,7/1/2011 12:00:00 AM,3/31/2019 12:00:00 AM,0,0,EYW,30.0,17.0,38.0,EYW,467.0,2358,19.8%
151,1162403,11624,EYW,Key West International,"Key West, FL",33,United States,US,Florida,FL,12.0,31624,"Key West, FL",33,24.0,N,33.0,22.0,24.55611111,81.0,W,45.0,36.0,-81.76,4/1/2019 12:00:00 AM,,0,1,EYW,30.0,17.0,38.0,EYW,467.0,2358,19.8%
152,1164801,11648,FCA,Glacier Park International,"Kalispell, MT",84,United States,US,Montana,MT,30.0,31648,"Kalispell, MT",84,48.0,N,18.0,46.0,48.31277778,114.0,W,15.0,4.0,-114.25111111,1/1/1950 12:00:00 AM,6/30/2011 12:00:00 AM,0,0,FCA,38.0,22.0,40.0,FCA,16.0,39,41.0%
153,1164802,11648,FCA,Glacier Park International,"Kalispell, MT",84,United States,US,Montana,MT,30.0,31648,"Kalispell, MT",84,48.0,N,18.0,38.0,48.31055556,114.0,W,15.0,22.0,-114.25611111,7/1/2011 12:00:00 AM,,0,1,FCA,38.0,22.0,40.0,FCA,16.0,39,41.0%
154,1169701,11697,FLL,Fort Lauderdale-Hollywood International,"Fort Lauderdale, FL",33,United States,US,Florida,FL,12.0,32467,"Miami, FL (Metropolitan Area)",33,26.0,N,4.0,27.0,26.07416667,80.0,W,9.0,6.0,-80.15166667,1/1/1950 12:00:00 AM,12/31/1990 12:00:00 AM,0,0,FLL,49.0,23.0,75.0,FLL,7505.0,32172,23.3%
155,1169702,11697,FLL,Fort Lauderdale-Hollywood International,"Fort Lauderdale, FL",33,United States,US,Florida,FL,12.0,32467,"Miami, FL (Metropolitan Area)",33,26.0,N,4.0,20.0,26.07222222,80.0,W,9.0,11.0,-80.15305556,1/1/1991 12:00:00 AM,6/30/2011 12:00:00 AM,0,0,FLL,49.0,23.0,75.0,FLL,7505.0,32172,23.3%
156,1169703,11697,FLL,Fort Lauderdale-Hollywood International,"Fort Lauderdale, FL",33,United States,US,Florida,FL,12.0,32467,"Miami, FL (Metropolitan Area)",33,26.0,N,4.0,21.0,26.0725,80.0,W,9.0,10.0,-80.15277778,7/1/2011 12:00:00 AM,3/31/2015 12:00:00 AM,0,0,FLL,49.0,23.0,75.0,FLL,7505.0,32172,23.3%
157,1169704,11697,FLL,Fort Lauderdale-Hollywood International,"Fort Lauderdale, FL",33,United States,US,Florida,FL,12.0,32467,"Miami, FL (Metropolitan Area)",33,26.0,N,4.0,18.0,26.07166667,80.0,W,8.0,59.0,-80.14972222,4/1/2015 12:00:00 AM,10/31/2017 12:00:00 AM,0,0,FLL,49.0,23.0,75.0,FLL,7505.0,32172,23.3%
158,1169705,11697,FLL,Fort Lauderdale-Hollywood International,"Fort Lauderdale, FL",33,United States,US,Florida,FL,12.0,32467,"Miami, FL (Metropolitan Area)",33,26.0,N,4.0,21.0,26.0725,80.0,W,9.0,10.0,-80.15277778,11/1/2017 12:00:00 AM,11/30/2017 12:00:00 AM,0,0,FLL,49.0,23.0,75.0,FLL,7505.0,32172,23.3%
159,1169706,11697,FLL,Fort Lauderdale-Hollywood International,"Fort Lauderdale, FL",33,United States,US,Florida,FL,12.0,32467,"Miami, FL (Metropolitan Area)",33,26.0,N,4.0,18.0,26.07166667,80.0,W,8.0,59.0,-80.14972222,12/1/2017 12:00:00 AM,,0,1,FLL,49.0,23.0,75.0,FLL,7505.0,32172,23.3%
160,1198601,11986,GRR,Kent County,"Grand Rapids, MI",43,United States,US,Michigan,MI,26.0,31986,"Grand Rapids, MI",43,42.0,N,52.0,52.0,42.88111111,85.0,W,31.0,27.0,-85.52416667,1/1/1950 12:00:00 AM,12/31/2002 12:00:00 AM,0,0,GRR,47.0,25.0,69.0,GRR,704.0,2630,26.8%
161,1198602,11986,GRR,Gerald R. Ford International,"Grand Rapids, MI",43,United States,US,Michigan,MI,26.0,31986,"Grand Rapids, MI",43,42.0,N,52.0,52.0,42.88111111,85.0,W,31.0,27.0,-85.52416667,1/1/2003 12:00:00 AM,6/30/2011 12:00:00 AM,0,0,GRR,47.0,25.0,69.0,GRR,704.0,2630,26.8%
162,1198603,11986,GRR,Gerald R. Ford International,"Grand Rapids, MI",43,United States,US,Michigan,MI,26.0,31986,"Grand Rapids, MI",43,42.0,N,52.0,51.0,42.88083333,85.0,W,31.0,22.0,-85.52277778,7/1/2011 12:00:00 AM,,0,1,GRR,47.0,25.0,69.0,GRR,704.0,2630,26.8%
163,1199501,11995,GSO,Piedmont Triad International,"Greensboro/High Point, NC",36,United States,US,North Carolina,NC,37.0,31995,"Greensboro/High Point, NC",36,36.0,N,5.0,31.0,36.09194444,79.0,W,56.0,34.0,-79.94277778,1/1/1950 12:00:00 AM,6/30/2011 12:00:00 AM,0,0,GSO,53.0,30.0,71.0,GSO,1512.0,5600,27.0%
164,1199502,11995,GSO,Piedmont Triad International,"Greensboro/High Point, NC",36,United States,US,North Carolina,NC,37.0,31995,"Greensboro/High Point, NC",36,36.0,N,6.0,5.0,36.10138889,79.0,W,56.0,28.0,-79.94111111,7/1/2011 12:00:00 AM,,0,1,GSO,53.0,30.0,71.0,GSO,1512.0,5600,27.0%
165,1199601,11996,GSP,Greenville-Spartanburg,"Greer, SC",37,United States,US,South Carolina,SC,45.0,31871,"Greenville/Spartanburg, SC",37,34.0,N,53.0,56.0,34.89888889,82.0,W,12.0,50.0,-82.21388889,1/1/1950 12:00:00 AM,9/30/1995 12:00:00 AM,0,0,GSP,61.0,31.0,100.0,GSP,693.0,2717,25.5%
166,1199602,11996,GSP,Greenville-Spartanburg International,"Greer, SC",37,United States,US,South Carolina,SC,45.0,31871,"Greenville/Spartanburg, SC",37,34.0,N,53.0,56.0,34.89888889,82.0,W,12.0,50.0,-82.21388889,10/1/1995 12:00:00 AM,6/30/2011 12:00:00 AM,0,0,GSP,61.0,31.0,100.0,GSP,693.0,2717,25.5%
167,1199603,11996,GSP,Greenville-Spartanburg International,"Greer, SC",37,United States,US,South Carolina,SC,45.0,31871,"Greenville/Spartanburg, SC",37,34.0,N,53.0,44.0,34.89555556,82.0,W,13.0,8.0,-82.21888889,7/1/2011 12:00:00 AM,,0,1,GSP,61.0,31.0,100.0,GSP,693.0,2717,25.5%
168,1209401,12094,HDN,Yampa Valley,"Hayden, CO",82,United States,US,Colorado,CO,8.0,34699,"Steamboat Springs, CO",82,40.0,N,28.0,54.0,40.48166667,107.0,W,13.0,12.0,-107.22,1/1/1950 12:00:00 AM,6/30/2011 12:00:00 AM,0,0,HDN,39.0,21.0,47.0,HDN,20.0,77,26.0%
169,1209402,12094,HDN,Yampa Valley,"Hayden, CO",82,United States,US,Colorado,CO,8.0,34699,"Steamboat Springs, CO",82,40.0,N,28.0,52.0,40.48111111,107.0,W,13.0,4.0,-107.21777778,7/1/2011 12:00:00 AM,,0,1,HDN,39.0,21.0,47.0,HDN,20.0,77,26.0%
170,1212401,12124,HHH,Hilton Head Airport,"Hilton Head, SC",37,United States,US,South Carolina,SC,45.0,32124,"Hilton Head, SC",37,32.0,N,13.0,0.0,32.21666667,80.0,W,41.0,0.0,-80.68333333,1/1/1950 12:00:00 AM,6/30/2011 12:00:00 AM,0,0,HHH,36.0,18.0,50.0,HHH,82.0,459,17.9%
171,1212402,12124,HHH,Hilton Head Airport,"Hilton Head, SC",37,United States,US,South Carolina,SC,45.0,32124,"Hilton Head, SC",37,32.0,N,13.0,28.0,32.22444444,80.0,W,41.0,51.0,-80.6975,7/1/2011 12:00:00 AM,,0,1,HHH,36.0,18.0,50.0,HHH,82.0,459,17.9%
172,1217301,12173,HNL,Honolulu International,"Honolulu, HI",2,United States,US,Hawaii,HI,15.0,32134,"Honolulu, HI",2,21.0,N,19.0,7.0,21.31861111,157.0,W,55.0,21.0,-157.9225,1/1/1950 12:00:00 AM,3/31/2014 12:00:00 AM,0,0,HNL,53.0,18.0,162.0,HNL,261.0,1390,18.8%
173,1217302,12173,HNL,Honolulu International,"Honolulu, HI",2,United States,US,Hawaii,HI,15.0,32134,"Honolulu, HI",2,21.0,N,19.0,4.0,21.31777778,157.0,W,55.0,13.0,-157.92027778,4/1/2014 12:00:00 AM,7/31/2017 12:00:00 AM,0,0,HNL,53.0,18.0,162.0,HNL,261.0,1390,18.8%
174,1217303,12173,HNL,Daniel K Inouye International,"Honolulu, HI",2,United States,US,Hawaii,HI,15.0,32134,"Honolulu, HI",2,21.0,N,19.0,4.0,21.31777778,157.0,W,55.0,13.0,-157.92027778,8/1/2017 12:00:00 AM,10/31/2017 12:00:00 AM,0,0,HNL,53.0,18.0,162.0,HNL,261.0,1390,18.8%
175,1217304,12173,HNL,Honolulu International,"Honolulu, HI",2,United States,US,Hawaii,HI,15.0,32134,"Honolulu, HI",2,21.0,N,19.0,7.0,21.31861111,157.0,W,55.0,21.0,-157.9225,11/1/2017 12:00:00 AM,11/30/2017 12:00:00 AM,0,0,HNL,53.0,18.0,162.0,HNL,261.0,1390,18.8%
176,1217305,12173,HNL,Daniel K Inouye International,"Honolulu, HI",2,United States,US,Hawaii,HI,15.0,32134,"Honolulu, HI",2,21.0,N,19.0,4.0,21.31777778,157.0,W,55.0,13.0,-157.92027778,12/1/2017 12:00:00 AM,,0,1,HNL,53.0,18.0,162.0,HNL,261.0,1390,18.8%
177,1219101,12191,HOU,William P Hobby,"Houston, TX",74,United States,US,Texas,TX,48.0,31453,"Houston, TX",74,29.0,N,38.0,42.0,29.645,95.0,W,16.0,43.0,-95.27861111,1/1/1950 12:00:00 AM,6/30/2011 12:00:00 AM,0,0,HOU,45.0,23.0,59.0,HOU,413.0,2056,20.1%
178,1219102,12191,HOU,William P Hobby,"Houston, TX",74,United States,US,Texas,TX,48.0,31453,"Houston, TX",74,29.0,N,38.0,44.0,29.64555556,95.0,W,16.0,44.0,-95.27888889,7/1/2011 12:00:00 AM,9/30/2022 12:00:00 AM,0,0,HOU,45.0,23.0,59.0,HOU,413.0,2056,20.1%
179,1219103,12191,HOU,William P Hobby,"Houston, TX",74,United States,US,Texas,TX,48.0,31453,"Houston, TX",74,29.0,N,38.0,45.0,29.64583333,95.0,W,16.0,38.0,-95.27722222,10/1/2022 12:00:00 AM,,0,1,HOU,45.0,23.0,59.0,HOU,413.0,2056,20.1%
180,1225001,12250,HYA,Barnstable Municipal-Boardman/Polando Field,"Hyannis, MA",13,United States,US,Massachusetts,MA,25.0,32250,"Hyannis, MA",13,41.0,N,39.0,57.0,41.66583333,70.0,W,16.0,50.0,-70.28055556,1/1/1950 12:00:00 AM,6/30/2011 12:00:00 AM,0,0,HYA,71.0,39.0,80.0,HYA,45.0,214,21.0%
181,1225002,12250,HYA,Barnstable Municipal-Boardman/Polando Field,"Hyannis, MA",13,United States,US,Massachusetts,MA,25.0,32250,"Hyannis, MA",13,41.0,N,40.0,10.0,41.66944444,70.0,W,16.0,49.0,-70.28027778,7/1/2011 12:00:00 AM,9/30/2022 12:00:00 AM,0,0,HYA,71.0,39.0,80.0,HYA,45.0,214,21.0%
182,1225003,12250,HYA,Cape Cod Gateway,"Hyannis, MA",13,United States,US,Massachusetts,MA,25.0,32250,"Hyannis, MA",13,41.0,N,40.0,10.0,41.66944444,70.0,W,16.0,49.0,-70.28027778,10/1/2022 12:00:00 AM,,0,1,HYA,71.0,39.0,80.0,HYA,45.0,214,21.0%
183,1226401,12264,IAD,Washington Dulles International,"Washington, DC",38,United States,US,Virginia,VA,51.0,30852,"Washington, DC (Metropolitan Area)",32,38.0,N,56.0,30.0,38.94166667,77.0,W,27.0,27.0,-77.4575,1/1/1950 12:00:00 AM,6/30/2011 12:00:00 AM,0,0,IAD,59.0,27.0,93.0,IAD,2128.0,9666,22.0%
184,1226402,12264,IAD,Washington Dulles International,"Washington, DC",38,United States,US,Virginia,VA,51.0,30852,"Washington, DC (Metropolitan Area)",32,38.0,N,56.0,51.0,38.9475,77.0,W,27.0,36.0,-77.46,7/1/2011 12:00:00 AM,,0,1,IAD,59.0,27.0,93.0,IAD,2128.0,9666,22.0%
185,1226601,12266,IAH,Houston Intercontinental,"Houston, TX",74,United States,US,Texas,TX,48.0,31453,"Houston, TX",74,29.0,N,59.0,0.0,29.98333333,95.0,W,20.0,24.0,-95.34,1/1/1950 12:00:00 AM,6/30/1997 12:00:00 AM,0,0,IAH,44.0,18.0,79.0,IAH,3364.0,17207,19.6%
186,1226602,12266,IAH,George Bush Intercontinental/Houston,"Houston, TX",74,United States,US,Texas,TX,48.0,31453,"Houston, TX",74,29.0,N,59.0,0.0,29.98333333,95.0,W,20.0,24.0,-95.34,7/1/1997 12:00:00 AM,6/30/2011 12:00:00 AM,0,0,IAH,44.0,18.0,79.0,IAH,3364.0,17207,19.6%
187,1226603,12266,IAH,George Bush Intercontinental/Houston,"Houston, TX",74,United States,US,Texas,TX,48.0,31453,"Houston, TX",74,29.0,N,59.0,4.0,29.98444444,95.0,W,20.0,29.0,-95.34138889,7/1/2011 12:00:00 AM,,0,1,IAH,44.0,18.0,79.0,IAH,3364.0,17207,19.6%
188,1232301,12323,ILM,Wilmington International,"Wilmington, NC",36,United States,US,North Carolina,NC,37.0,32323,"Wilmington, NC",36,34.0,N,16.0,1.0,34.26694444,77.0,W,54.0,14.0,-77.90388889,1/1/1950 12:00:00 AM,6/30/2011 12:00:00 AM,0,0,ILM,42.0,23.0,56.0,ILM,358.0,1591,22.5%
189,1232302,12323,ILM,Wilmington International,"Wilmington, NC",36,United States,US,North Carolina,NC,37.0,32323,"Wilmington, NC",36,34.0,N,16.0,14.0,34.27055556,77.0,W,54.0,9.0,-77.9025,7/1/2011 12:00:00 AM,8/31/2013 12:00:00 AM,0,0,ILM,42.0,23.0,56.0,ILM,358.0,1591,22.5%
190,1232303,12323,ILM,Wilmington International,"Wilmington, NC",36,United States,US,North Carolina,NC,37.0,32323,"Wilmington, NC",36,34.0,N,16.0,16.0,34.27111111,77.0,W,54.0,10.0,-77.90277778,9/1/2013 12:00:00 AM,10/31/2017 12:00:00 AM,0,0,ILM,42.0,23.0,56.0,ILM,358.0,1591,22.5%
191,1232304,12323,ILM,Wilmington International,"Wilmington, NC",36,United States,US,North Carolina,NC,37.0,32323,"Wilmington, NC",36,34.0,N,16.0,14.0,34.27055556,77.0,W,54.0,9.0,-77.9025,11/1/2017 12:00:00 AM,11/30/2017 12:00:00 AM,0,0,ILM,42.0,23.0,56.0,ILM,358.0,1591,22.5%
192,1232305,12323,ILM,Wilmington International,"Wilmington, NC",36,United States,US,North Carolina,NC,37.0,32323,"Wilmington, NC",36,34.0,N,16.0,16.0,34.27111111,77.0,W,54.0,10.0,-77.90277778,12/1/2017 12:00:00 AM,,0,1,ILM,42.0,23.0,56.0,ILM,358.0,1591,22.5%
193,1233901,12339,IND,Indianapolis Muni/Weir Cook,"Indianapolis, IN",42,United States,US,Indiana,IN,18.0,32337,"Indianapolis, IN",42,39.0,N,43.0,44.0,39.72888889,86.0,W,16.0,54.0,-86.28166667,1/1/1950 12:00:00 AM,11/30/1989 12:00:00 AM,0,0,IND,52.0,26.0,75.0,IND,2062.0,10230,20.2%
194,1233902,12339,IND,Indianapolis International,"Indianapolis, IN",42,United States,US,Indiana,IN,18.0,32337,"Indianapolis, IN",42,39.0,N,43.0,32.0,39.72555556,86.0,W,17.0,2.0,-86.28388889,12/1/1989 12:00:00 AM,12/31/2005 12:00:00 AM,0,0,IND,52.0,26.0,75.0,IND,2062.0,10230,20.2%
195,1233903,12339,IND,Indianapolis International,"Indianapolis, IN",42,United States,US,Indiana,IN,18.0,32337,"Indianapolis, IN",42,39.0,N,43.0,32.0,39.72555556,86.0,W,17.0,2.0,-86.28388889,1/1/2006 12:00:00 AM,6/30/2011 12:00:00 AM,0,0,IND,52.0,26.0,75.0,IND,2062.0,10230,20.2%
196,1233904,12339,IND,Indianapolis International,"Indianapolis, IN",42,United States,US,Indiana,IN,18.0,32337,"Indianapolis, IN",42,39.0,N,43.0,2.0,39.71722222,86.0,W,17.0,41.0,-86.29472222,7/1/2011 12:00:00 AM,,0,1,IND,52.0,26.0,75.0,IND,2062.0,10230,20.2%
197,1244101,12441,JAC,Jackson Hole,"Jackson, WY",88,United States,US,Wyoming,WY,56.0,32441,"Jackson, WY",88,43.0,N,36.0,24.0,43.60666667,110.0,W,44.0,13.0,-110.73694444,1/1/1950 12:00:00 AM,6/30/2011 12:00:00 AM,0,0,JAC,40.0,20.0,61.0,JAC,92.0,423,21.7%
198,1244102,12441,JAC,Jackson Hole,"Jackson, WY",88,United States,US,Wyoming,WY,56.0,32441,"Jackson, WY",88,43.0,N,36.0,26.0,43.60722222,110.0,W,44.0,16.0,-110.73777778,7/1/2011 12:00:00 AM,,0,1,JAC,40.0,20.0,61.0,JAC,92.0,423,21.7%
199,1245101,12451,JAX,Jacksonville International,"Jacksonville, FL",33,United States,US,Florida,FL,12.0,31136,"Jacksonville, FL",33,30.0,N,29.0,5.0,30.48472222,81.0,W,41.0,16.0,-81.68777778,1/1/1950 12:00:00 AM,6/30/2011 12:00:00 AM,0,0,JAX,49.0,23.0,73.0,JAX,1949.0,9372,20.8%
200,1245102,12451,JAX,Jacksonville International,"Jacksonville, FL",33,United States,US,Florida,FL,12.0,31136,"Jacksonville, FL",33,30.0,N,29.0,39.0,30.49416667,81.0,W,41.0,16.0,-81.68777778,7/1/2011 12:00:00 AM,,0,1,JAX,49.0,23.0,73.0,JAX,1949.0,9372,20.8%
201,1247801,12478,JFK,John F. Kennedy International,"New York, NY",22,United States,US,New York,NY,36.0,31703,"New York City, NY (Metropolitan Area)",22,40.0,N,38.0,19.0,40.63861111,73.0,W,46.0,37.0,-73.77694444,1/1/1950 12:00:00 AM,6/30/2011 12:00:00 AM,0,0,JFK,49.0,20.0,91.0,JFK,44344.0,251350,17.6%
202,1247802,12478,JFK,John F. Kennedy International,"New York, NY",22,United States,US,New York,NY,36.0,31703,"New York City, NY (Metropolitan Area)",22,40.0,N,38.0,23.0,40.63972222,73.0,W,46.0,44.0,-73.77888889,7/1/2011 12:00:00 AM,7/31/2015 12:00:00 AM,0,0,JFK,49.0,20.0,91.0,JFK,44344.0,251350,17.6%
203,1247803,12478,JFK,John F. Kennedy International,"New York, NY",22,United States,US,New York,NY,36.0,31703,"New York City, NY (Metropolitan Area)",22,40.0,N,38.0,24.0,40.64,73.0,W,46.0,43.0,-73.77861111,8/1/2015 12:00:00 AM,10/31/2017 12:00:00 AM,0,0,JFK,49.0,20.0,91.0,JFK,44344.0,251350,17.6%
204,1247804,12478,JFK,John F. Kennedy International,"New York, NY",22,United States,US,New York,NY,36.0,31703,"New York City, NY (Metropolitan Area)",22,40.0,N,38.0,23.0,40.63972222,73.0,W,46.0,44.0,-73.77888889,11/1/2017 12:00:00 AM,11/30/2017 12:00:00 AM,0,0,JFK,49.0,20.0,91.0,JFK,44344.0,251350,17.6%
205,1247805,12478,JFK,John F. Kennedy International,"New York, NY",22,United States,US,New York,NY,36.0,31703,"New York City, NY (Metropolitan Area)",22,40.0,N,38.0,24.0,40.64,73.0,W,46.0,43.0,-73.77861111,12/1/2017 12:00:00 AM,,0,1,JFK,49.0,20.0,91.0,JFK,44344.0,251350,17.6%
206,1288901,12889,LAS,McCarran International,"Las Vegas, NV",85,United States,US,Nevada,NV,32.0,32211,"Las Vegas, NV",85,36.0,N,4.0,48.0,36.08,115.0,W,9.0,8.0,-115.15222222,1/1/1950 12:00:00 AM,12/31/1989 12:00:00 AM,0,0,LAS,44.0,21.0,68.0,LAS,2395.0,12186,19.7%
207,1288902,12889,LAS,McCarran International,"Las Vegas, NV",85,United States,US,Nevada,NV,32.0,32211,"Las Vegas, NV",85,36.0,N,4.0,47.0,36.07972222,115.0,W,9.0,32.0,-115.15888889,1/1/1990 12:00:00 AM,6/30/2011 12:00:00 AM,0,0,LAS,44.0,21.0,68.0,LAS,2395.0,12186,19.7%
208,1288903,12889,LAS,McCarran International,"Las Vegas, NV",85,United States,US,Nevada,NV,32.0,32211,"Las Vegas, NV",85,36.0,N,4.0,48.0,36.08,115.0,W,9.0,8.0,-115.15222222,7/1/2011 12:00:00 AM,9/30/2022 12:00:00 AM,0,0,LAS,44.0,21.0,68.0,LAS,2395.0,12186,19.7%
209,1288904,12889,LAS,Harry Reid International,"Las Vegas, NV",85,United States,US,Nevada,NV,32.0,32211,"Las Vegas, NV",85,36.0,N,4.0,48.0,36.08,115.0,W,9.0,8.0,-115.15222222,10/1/2022 12:00:00 AM,,0,1,LAS,44.0,21.0,68.0,LAS,2395.0,12186,19.7%
210,1289201,12892,LAX,Los Angeles International,"Los Angeles, CA",91,United States,US,California,CA,6.0,32575,"Los Angeles, CA (Metropolitan Area)",91,33.0,N,56.0,33.0,33.9425,118.0,W,24.0,29.0,-118.40805556,1/1/1950 12:00:00 AM,6/30/2011 12:00:00 AM,0,0,LAX,43.0,19.0,77.0,LAX,6082.0,34657,17.5%
211,1289202,12892,LAX,Los Angeles International,"Los Angeles, CA",91,United States,US,California,CA,6.0,32575,"Los Angeles, CA (Metropolitan Area)",91,33.0,N,56.0,33.0,33.9425,118.0,W,24.0,26.0,-118.40722222,7/1/2011 12:00:00 AM,9/30/2011 12:00:00 AM,0,0,LAX,43.0,19.0,77.0,LAX,6082.0,34657,17.5%
212,1289203,12892,LAX,Los Angeles International,"Los Angeles, CA",91,United States,US,California,CA,6.0,32575,"Los Angeles, CA (Metropolitan Area)",91,33.0,N,56.0,33.0,33.9425,118.0,W,24.0,29.0,-118.40805556,10/1/2011 12:00:00 AM,4/30/2016 12:00:00 AM,0,0,LAX,43.0,19.0,77.0,LAX,6082.0,34657,17.5%
213,1289204,12892,LAX,Los Angeles International,"Los Angeles, CA",91,United States,US,California,CA,6.0,32575,"Los Angeles, CA (Metropolitan Area)",91,33.0,N,56.0,33.0,33.9425,118.0,W,24.0,26.0,-118.40722222,5/1/2016 12:00:00 AM,2/28/2017 12:00:00 AM,0,0,LAX,43.0,19.0,77.0,LAX,6082.0,34657,17.5%
214,1289205,12892,LAX,Los Angeles International,"Los Angeles, CA",91,United States,US,California,CA,6.0,32575,"Los Angeles, CA (Metropolitan Area)",91,33.0,N,56.0,34.0,33.94277778,118.0,W,24.0,31.0,-118.40861111,3/1/2017 12:00:00 AM,7/31/2017 12:00:00 AM,0,0,LAX,43.0,19.0,77.0,LAX,6082.0,34657,17.5%
215,1289206,12892,LAX,Los Angeles International,"Los Angeles, CA",91,United States,US,California,CA,6.0,32575,"Los Angeles, CA (Metropolitan Area)",91,33.0,N,56.0,33.0,33.9425,118.0,W,24.0,29.0,-118.40805556,8/1/2017 12:00:00 AM,10/31/2017 12:00:00 AM,0,0,LAX,43.0,19.0,77.0,LAX,6082.0,34657,17.5%
216,1289207,12892,LAX,Los Angeles International,"Los Angeles, CA",91,United States,US,California,CA,6.0,32575,"Los Angeles, CA (Metropolitan Area)",91,33.0,N,56.0,33.0,33.9425,118.0,W,24.0,26.0,-118.40722222,11/1/2017 12:00:00 AM,11/30/2017 12:00:00 AM,0,0,LAX,43.0,19.0,77.0,LAX,6082.0,34657,17.5%
217,1289208,12892,LAX,Los Angeles International,"Los Angeles, CA",91,United States,US,California,CA,6.0,32575,"Los Angeles, CA (Metropolitan Area)",91,33.0,N,56.0,33.0,33.9425,118.0,W,24.0,29.0,-118.40805556,12/1/2017 12:00:00 AM,,0,1,LAX,43.0,19.0,77.0,LAX,6082.0,34657,17.5%
218,1294501,12945,LEX,Blue Grass,"Lexington, KY",52,United States,US,Kentucky,KY,21.0,32945,"Lexington, KY",52,38.0,N,2.0,23.0,38.03972222,84.0,W,36.0,8.0,-84.60222222,1/1/1950 12:00:00 AM,2/28/2001 12:00:00 AM,0,0,LEX,62.0,40.0,83.0,LEX,132.0,388,34.0%
219,1294502,12945,LEX,Blue Grass,"Lexington, KY",52,United States,US,Kentucky,KY,21.0,32945,"Lexington, KY",52,38.0,N,2.0,13.0,38.03694444,84.0,W,36.0,19.0,-84.60527778,3/1/2001 12:00:00 AM,6/30/2011 12:00:00 AM,0,0,LEX,62.0,40.0,83.0,LEX,132.0,388,34.0%
220,1294503,12945,LEX,Blue Grass,"Lexington, KY",52,United States,US,Kentucky,KY,21.0,32945,"Lexington, KY",52,38.0,N,2.0,12.0,38.03666667,84.0,W,36.0,31.0,-84.60861111,7/1/2011 12:00:00 AM,,0,1,LEX,62.0,40.0,83.0,LEX,132.0,388,34.0%
221,1295301,12953,LGA,LaGuardia,"New York, NY",22,United States,US,New York,NY,36.0,31703,"New York City, NY (Metropolitan Area)",22,40.0,N,46.0,46.0,40.77944444,73.0,W,52.0,33.0,-73.87583333,1/1/1950 12:00:00 AM,6/30/2011 12:00:00 AM,0,0,LGA,51.0,25.0,85.0,LGA,61708.0,300774,20.5%
222,1295302,12953,LGA,LaGuardia,"New York, NY",22,United States,US,New York,NY,36.0,31703,"New York City, NY (Metropolitan Area)",22,40.0,N,46.0,38.0,40.77722222,73.0,W,52.0,21.0,-73.8725,7/1/2011 12:00:00 AM,10/31/2017 12:00:00 AM,0,0,LGA,51.0,25.0,85.0,LGA,61708.0,300774,20.5%
223,1295303,12953,LGA,La Guardia,"New York, NY",22,United States,US,New York,NY,36.0,31703,"New York City, NY (Metropolitan Area)",22,40.0,N,46.0,38.0,40.77722222,73.0,W,52.0,21.0,-73.8725,11/1/2017 12:00:00 AM,11/30/2017 12:00:00 AM,0,0,LGA,51.0,25.0,85.0,LGA,61708.0,300774,20.5%
224,1295304,12953,LGA,LaGuardia,"New York, NY",22,United States,US,New York,NY,36.0,31703,"New York City, NY (Metropolitan Area)",22,40.0,N,46.0,38.0,40.77722222,73.0,W,52.0,21.0,-73.8725,12/1/2017 12:00:00 AM,,0,1,LGA,51.0,25.0,85.0,LGA,61708.0,300774,20.5%
225,1295401,12954,LGB,Long Beach Daugherty Field,"Long Beach, CA",91,United States,US,California,CA,6.0,32575,"Los Angeles, CA (Metropolitan Area)",91,33.0,N,49.0,3.0,33.8175,118.0,W,9.0,4.0,-118.15111111,1/1/1950 12:00:00 AM,6/30/2011 12:00:00 AM,0,0,LGB,36.0,16.0,58.0,LGB,154.0,816,18.9%
226,1295402,12954,LGB,Long Beach Airport,"Long Beach, CA",91,United States,US,California,CA,6.0,32575,"Los Angeles, CA (Metropolitan Area)",91,33.0,N,49.0,4.0,33.81777778,118.0,W,9.0,6.0,-118.15166667,7/1/2011 12:00:00 AM,6/30/2016 12:00:00 AM,0,0,LGB,36.0,16.0,58.0,LGB,154.0,816,18.9%
227,1295403,12954,LGB,Long Beach Airport,"Long Beach, CA",91,United States,US,California,CA,6.0,32575,"Los Angeles, CA (Metropolitan Area)",91,33.0,N,49.0,3.0,33.8175,118.0,W,9.0,5.0,-118.15138889,7/1/2016 12:00:00 AM,7/31/2017 12:00:00 AM,0,0,LGB,36.0,16.0,58.0,LGB,154.0,816,18.9%
228,1295404,12954,LGB,Long Beach Airport,"Long Beach, CA",91,United States,US,California,CA,6.0,32575,"Los Angeles, CA (Metropolitan Area)",91,33.0,N,49.0,4.0,33.81777778,118.0,W,9.0,5.0,-118.15138889,8/1/2017 12:00:00 AM,10/31/2017 12:00:00 AM,0,0,LGB,36.0,16.0,58.0,LGB,154.0,816,18.9%
229,1295405,12954,LGB,Long Beach Airport,"Long Beach, CA",91,United States,US,California,CA,6.0,32575,"Los Angeles, CA (Metropolitan Area)",91,33.0,N,49.0,4.0,33.81777778,118.0,W,9.0,6.0,-118.15166667,11/1/2017 12:00:00 AM,11/30/2017 12:00:00 AM,0,0,LGB,36.0,16.0,58.0,LGB,154.0,816,18.9%
230,1295406,12954,LGB,Long Beach Airport,"Long Beach, CA",91,United States,US,California,CA,6.0,32575,"Los Angeles, CA (Metropolitan Area)",91,33.0,N,49.0,4.0,33.81777778,118.0,W,9.0,5.0,-118.15138889,12/1/2017 12:00:00 AM,9/30/2018 12:00:00 AM,0,0,LGB,36.0,16.0,58.0,LGB,154.0,816,18.9%
231,1295407,12954,LGB,Long Beach Airport,"Long Beach, CA",91,United States,US,California,CA,6.0,32575,"Los Angeles, CA (Metropolitan Area)",91,33.0,N,49.0,5.0,33.81805556,118.0,W,9.0,7.0,-118.15194444,10/1/2018 12:00:00 AM,,0,1,LGB,36.0,16.0,58.0,LGB,154.0,816,18.9%
232,1319801,13198,MCI,Kansas City International,"Kansas City, MO",64,United States,US,Missouri,MO,29.0,33198,"Kansas City, MO",64,39.0,N,17.0,51.0,39.2975,94.0,W,42.0,50.0,-94.71388889,1/1/1950 12:00:00 AM,,0,1,MCI,47.0,23.0,70.0,MCI,1144.0,5569,20.5%
233,1320401,13204,MCO,Orlando International,"Orlando, FL",33,United States,US,Florida,FL,12.0,31454,"Orlando, FL",33,28.0,N,25.0,54.0,28.43166667,81.0,W,19.0,29.0,-81.32472222,1/1/1950 12:00:00 AM,6/30/2011 12:00:00 AM,0,0,MCO,50.0,24.0,74.0,MCO,7635.0,35176,21.7%
234,1320402,13204,MCO,Orlando International,"Orlando, FL",33,United States,US,Florida,FL,12.0,31454,"Orlando, FL",33,28.0,N,25.0,46.0,28.42944444,81.0,W,18.0,32.0,-81.30888889,7/1/2011 12:00:00 AM,,0,1,MCO,50.0,24.0,74.0,MCO,7635.0,35176,21.7%
235,1323201,13232,MDW,Chicago Midway International,"Chicago, IL",41,United States,US,Illinois,IL,17.0,30977,"Chicago, IL",41,41.0,N,47.0,6.0,41.785,87.0,W,45.0,7.0,-87.75194444,1/1/1950 12:00:00 AM,6/30/2011 12:00:00 AM,0,0,MDW,46.0,26.0,58.0,MDW,1201.0,5672,21.2%
236,1323202,13232,MDW,Chicago Midway International,"Chicago, IL",41,United States,US,Illinois,IL,17.0,30977,"Chicago, IL",41,41.0,N,47.0,9.0,41.78583333,87.0,W,45.0,9.0,-87.7525,7/1/2011 12:00:00 AM,,0,1,MDW,46.0,26.0,58.0,MDW,1201.0,5672,21.2%
237,1324401,13244,MEM,Memphis International,"Memphis, TN",54,United States,US,Tennessee,TN,47.0,33244,"Memphis, TN",54,35.0,N,2.0,59.0,35.04972222,89.0,W,58.0,43.0,-89.97861111,1/1/1950 12:00:00 AM,6/30/2011 12:00:00 AM,0,0,MEM,55.0,32.0,70.0,MEM,972.0,3513,27.7%
238,1324402,13244,MEM,Memphis International,"Memphis, TN",54,United States,US,Tennessee,TN,47.0,33244,"Memphis, TN",54,35.0,N,2.0,33.0,35.0425,89.0,W,58.0,36.0,-89.97666667,7/1/2011 12:00:00 AM,,0,1,MEM,55.0,32.0,70.0,MEM,972.0,3513,27.7%
239,1329601,13296,MHT,Grenier Field/Manchester Municipal,"Manchester, NH",14,United States,US,New Hampshire,NH,33.0,30721,"Boston, MA (Metropolitan Area)",13,42.0,N,56.0,18.0,42.93833333,71.0,W,26.0,20.0,-71.43888889,1/1/1950 12:00:00 AM,12/31/1977 12:00:00 AM,0,0,MHT,63.0,34.0,98.0,MHT,224.0,720,31.1%
240,1329602,13296,MHT,Manchester Airport,"Manchester, NH",14,United States,US,New Hampshire,NH,33.0,30721,"Boston, MA (Metropolitan Area)",13,42.0,N,56.0,18.0,42.93833333,71.0,W,26.0,20.0,-71.43888889,1/1/1978 12:00:00 AM,3/31/2006 12:00:00 AM,0,0,MHT,63.0,34.0,98.0,MHT,224.0,720,31.1%
241,1329603,13296,MHT,Manchester-Boston Regional,"Manchester, NH",14,United States,US,New Hampshire,NH,33.0,30721,"Boston, MA (Metropolitan Area)",13,42.0,N,56.0,18.0,42.93833333,71.0,W,26.0,20.0,-71.43888889,4/1/2006 12:00:00 AM,6/30/2011 12:00:00 AM,0,0,MHT,63.0,34.0,98.0,MHT,224.0,720,31.1%
242,1329604,13296,MHT,Manchester-Boston Regional,"Manchester, NH",14,United States,US,New Hampshire,NH,33.0,30721,"Boston, MA (Metropolitan Area)",13,42.0,N,55.0,58.0,42.93277778,71.0,W,26.0,9.0,-71.43583333,7/1/2011 12:00:00 AM,9/30/2022 12:00:00 AM,0,0,MHT,63.0,34.0,98.0,MHT,224.0,720,31.1%
243,1329605,13296,MHT,Manchester Boston Regional,"Manchester, NH",14,United States,US,New Hampshire,NH,33.0,30721,"Boston, MA (Metropolitan Area)",13,42.0,N,55.0,58.0,42.93277778,71.0,W,26.0,9.0,-71.43583333,10/1/2022 12:00:00 AM,,0,1,MHT,63.0,34.0,98.0,MHT,224.0,720,31.1%
244,1330301,13303,MIA,Miami International,"Miami, FL",33,United States,US,Florida,FL,12.0,32467,"Miami, FL (Metropolitan Area)",33,25.0,N,47.0,33.0,25.7925,80.0,W,17.0,10.0,-80.28611111,1/1/1950 12:00:00 AM,3/31/1980 12:00:00 AM,0,0,MIA,47.0,22.0,80.0,MIA,6047.0,31781,19.0%
245,1330302,13303,MIA,Miami International,"Miami, FL",33,United States,US,Florida,FL,12.0,32467,"Miami, FL (Metropolitan Area)",33,25.0,N,47.0,33.0,25.7925,80.0,W,17.0,10.0,-80.28611111,4/1/1980 12:00:00 AM,6/30/2011 12:00:00 AM,0,0,MIA,47.0,22.0,80.0,MIA,6047.0,31781,19.0%
246,1330303,13303,MIA,Miami International,"Miami, FL",33,United States,US,Florida,FL,12.0,32467,"Miami, FL (Metropolitan Area)",33,25.0,N,47.0,43.0,25.79527778,80.0,W,17.0,24.0,-80.29,7/1/2011 12:00:00 AM,,0,1,MIA,47.0,22.0,80.0,MIA,6047.0,31781,19.0%
247,1334201,13342,MKE,General Mitchell Field,"Milwaukee, WI",45,United States,US,Wisconsin,WI,55.0,33342,"Milwaukee, WI",45,42.0,N,57.0,1.0,42.95027778,87.0,W,53.0,50.0,-87.89722222,1/1/1950 12:00:00 AM,5/31/1986 12:00:00 AM,0,0,MKE,49.0,28.0,61.0,MKE,1226.0,4704,26.1%
248,1334202,13342,MKE,General Mitchell International,"Milwaukee, WI",45,United States,US,Wisconsin,WI,55.0,33342,"Milwaukee, WI",45,42.0,N,57.0,1.0,42.95027778,87.0,W,53.0,50.0,-87.89722222,6/1/1986 12:00:00 AM,6/30/2011 12:00:00 AM,0,0,MKE,49.0,28.0,61.0,MKE,1226.0,4704,26.1%
249,1334203,13342,MKE,General Mitchell International,"Milwaukee, WI",45,United States,US,Wisconsin,WI,55.0,33342,"Milwaukee, WI",45,42.0,N,56.0,50.0,42.94722222,87.0,W,53.0,48.0,-87.89666667,7/1/2011 12:00:00 AM,9/30/2011 12:00:00 AM,0,0,MKE,49.0,28.0,61.0,MKE,1226.0,4704,26.1%
250,1334204,13342,MKE,General Mitchell International,"Milwaukee, WI",45,United States,US,Wisconsin,WI,55.0,33342,"Milwaukee, WI",45,42.0,N,56.0,49.0,42.94694444,87.0,W,53.0,48.0,-87.89666667,10/1/2011 12:00:00 AM,7/31/2012 12:00:00 AM,0,0,MKE,49.0,28.0,61.0,MKE,1226.0,4704,26.1%
251,1334205,13342,MKE,General Mitchell International,"Milwaukee, WI",45,United States,US,Wisconsin,WI,55.0,33342,"Milwaukee, WI",45,42.0,N,56.0,49.0,42.94694444,87.0,W,53.0,49.0,-87.89694444,8/1/2012 12:00:00 AM,10/31/2017 12:00:00 AM,0,0,MKE,49.0,28.0,61.0,MKE,1226.0,4704,26.1%
252,1334206,13342,MKE,General Mitchell International,"Milwaukee, WI",45,United States,US,Wisconsin,WI,55.0,33342,"Milwaukee, WI",45,42.0,N,56.0,50.0,42.94722222,87.0,W,53.0,48.0,-87.89666667,11/1/2017 12:00:00 AM,11/30/2017 12:00:00 AM,0,0,MKE,49.0,28.0,61.0,MKE,1226.0,4704,26.1%
253,1334207,13342,MKE,General Mitchell International,"Milwaukee, WI",45,United States,US,Wisconsin,WI,55.0,33342,"Milwaukee, WI",45,42.0,N,56.0,49.0,42.94694444,87.0,W,53.0,49.0,-87.89694444,12/1/2017 12:00:00 AM,,0,1,MKE,49.0,28.0,61.0,MKE,1226.0,4704,26.1%
254,1348501,13485,MSN,Truax Field,"Madison, WI",45,United States,US,Wisconsin,WI,55.0,33485,"Madison, WI",45,43.0,N,8.0,31.0,43.14194444,89.0,W,20.0,13.0,-89.33694444,1/1/1950 12:00:00 AM,6/30/2011 12:00:00 AM,0,0,MSN,52.0,26.0,92.0,MSN,579.0,2023,28.6%
255,1348502,13485,MSN,Dane County Regional-Truax Field,"Madison, WI",45,United States,US,Wisconsin,WI,55.0,33485,"Madison, WI",45,43.0,N,8.0,24.0,43.14,89.0,W,20.0,15.0,-89.3375,7/1/2011 12:00:00 AM,,0,1,MSN,52.0,26.0,92.0,MSN,579.0,2023,28.6%
256,1348701,13487,MSP,Minneapolis-St Paul International,"Minneapolis, MN",63,United States,US,Minnesota,MN,27.0,31650,"Minneapolis/St. Paul, MN",63,44.0,N,53.0,10.0,44.88611111,93.0,W,13.0,4.0,-93.21777778,1/1/1950 12:00:00 AM,6/30/2011 12:00:00 AM,0,0,MSP,50.0,19.0,97.0,MSP,2464.0,15302,16.1%
257,1348702,13487,MSP,Minneapolis-St Paul International,"Minneapolis, MN",63,United States,US,Minnesota,MN,27.0,31650,"Minneapolis/St. Paul, MN",63,44.0,N,52.0,55.0,44.88194444,93.0,W,13.0,18.0,-93.22166667,7/1/2011 12:00:00 AM,,0,1,MSP,50.0,19.0,97.0,MSP,2464.0,15302,16.1%
258,1349501,13495,MSY,Louis Armstrong New Orleans International,"New Orleans, LA",72,United States,US,Louisiana,LA,22.0,33495,"New Orleans, LA",72,29.0,N,59.0,28.0,29.99111111,90.0,W,15.0,5.0,-90.25138889,1/1/1950 12:00:00 AM,6/30/2011 12:00:00 AM,0,0,MSY,47.0,21.0,75.0,MSY,1750.0,9036,19.4%
259,1349502,13495,MSY,Louis Armstrong New Orleans International,"New Orleans, LA",72,United States,US,Louisiana,LA,22.0,33495,"New Orleans, LA",72,29.0,N,59.0,36.0,29.99333333,90.0,W,15.0,29.0,-90.25805556,7/1/2011 12:00:00 AM,4/30/2013 12:00:00 AM,0,0,MSY,47.0,21.0,75.0,MSY,1750.0,9036,19.4%
260,1349503,13495,MSY,Louis Armstrong New Orleans International,"New Orleans, LA",72,United States,US,Louisiana,LA,22.0,33495,"New Orleans, LA",72,29.0,N,59.0,36.0,29.99333333,90.0,W,15.0,33.0,-90.25916667,5/1/2013 12:00:00 AM,10/31/2017 12:00:00 AM,0,0,MSY,47.0,21.0,75.0,MSY,1750.0,9036,19.4%
261,1349504,13495,MSY,Louis Armstrong New Orleans International,"New Orleans, LA",72,United States,US,Louisiana,LA,22.0,33495,"New Orleans, LA",72,29.0,N,59.0,36.0,29.99333333,90.0,W,15.0,29.0,-90.25805556,11/1/2017 12:00:00 AM,11/30/2017 12:00:00 AM,0,0,MSY,47.0,21.0,75.0,MSY,1750.0,9036,19.4%
262,1349505,13495,MSY,Louis Armstrong New Orleans International,"New Orleans, LA",72,United States,US,Louisiana,LA,22.0,33495,"New Orleans, LA",72,29.0,N,59.0,36.0,29.99333333,90.0,W,15.0,33.0,-90.25916667,12/1/2017 12:00:00 AM,,0,1,MSY,47.0,21.0,75.0,MSY,1750.0,9036,19.4%
263,1350201,13502,MTJ,Montrose Regional,"Montrose/Delta, CO",82,United States,US,Colorado,CO,8.0,33502,"Montrose/Delta, CO",82,38.0,N,30.0,2.0,38.50055556,107.0,W,53.0,41.0,-107.89472222,1/1/1950 12:00:00 AM,6/30/2011 12:00:00 AM,0,0,MTJ,37.0,26.0,40.0,MTJ,33.0,186,17.7%
264,1350202,13502,MTJ,Montrose Regional,"Montrose/Delta, CO",82,United States,US,Colorado,CO,8.0,33502,"Montrose/Delta, CO",82,38.0,N,30.0,35.0,38.50972222,107.0,W,53.0,39.0,-107.89416667,7/1/2011 12:00:00 AM,,0,1,MTJ,37.0,26.0,40.0,MTJ,33.0,186,17.7%
265,1354101,13541,MVY,Martha's Vineyard Airport,"Martha's Vineyard, MA",13,United States,US,Massachusetts,MA,25.0,33541,"Martha's Vineyard, MA",13,41.0,N,23.0,34.0,41.39277778,70.0,W,37.0,0.0,-70.61666667,1/1/1950 12:00:00 AM,6/30/2011 12:00:00 AM,0,0,MVY,51.0,27.0,62.0,MVY,234.0,1060,22.1%
266,1354102,13541,MVY,Martha's Vineyard Airport,"Martha's Vineyard, MA",13,United States,US,Massachusetts,MA,25.0,33541,"Martha's Vineyard, MA",13,41.0,N,23.0,36.0,41.39333333,70.0,W,36.0,50.0,-70.61388889,7/1/2011 12:00:00 AM,,0,1,MVY,51.0,27.0,62.0,MVY,234.0,1060,22.1%
267,1357701,13577,MYR,Myrtle Beach International,"Myrtle Beach, SC",37,United States,US,South Carolina,SC,45.0,31135,"Myrtle Beach, SC",37,33.0,N,40.0,45.0,33.67916667,78.0,W,55.0,47.0,-78.92972222,1/1/1950 12:00:00 AM,6/30/2011 12:00:00 AM,0,0,MYR,48.0,21.0,78.0,MYR,705.0,3737,18.9%
268,1357702,13577,MYR,Myrtle Beach International,"Myrtle Beach, SC",37,United States,US,South Carolina,SC,45.0,31135,"Myrtle Beach, SC",37,33.0,N,40.0,47.0,33.67972222,78.0,W,55.0,42.0,-78.92833333,7/1/2011 12:00:00 AM,,0,1,MYR,48.0,21.0,78.0,MYR,705.0,3737,18.9%
269,1379601,13796,OAK,Metropolitan Oakland International,"Oakland, CA",91,United States,US,California,CA,6.0,32457,"San Francisco, CA (Metropolitan Area)",91,37.0,N,43.0,17.0,37.72138889,122.0,W,13.0,15.0,-122.22083333,1/1/1950 12:00:00 AM,10/31/2013 12:00:00 AM,0,0,OAK,66.0,33.0,84.0,OAK,121.0,392,30.9%
270,1379602,13796,OAK,Metropolitan Oakland International,"Oakland, CA",91,United States,US,California,CA,6.0,32457,"San Francisco, CA (Metropolitan Area)",91,37.0,N,43.0,17.0,37.72138889,122.0,W,13.0,16.0,-122.22111111,11/1/2013 12:00:00 AM,1/31/2014 12:00:00 AM,0,0,OAK,66.0,33.0,84.0,OAK,121.0,392,30.9%
271,1379603,13796,OAK,Metropolitan Oakland International,"Oakland, CA",91,United States,US,California,CA,6.0,32457,"San Francisco, CA (Metropolitan Area)",91,37.0,N,43.0,22.0,37.72277778,122.0,W,13.0,17.0,-122.22138889,2/1/2014 12:00:00 AM,3/31/2015 12:00:00 AM,0,0,OAK,66.0,33.0,84.0,OAK,121.0,392,30.9%
272,1379604,13796,OAK,Metropolitan Oakland International,"Oakland, CA",91,United States,US,California,CA,6.0,32457,"San Francisco, CA (Metropolitan Area)",91,37.0,N,43.0,17.0,37.72138889,122.0,W,13.0,16.0,-122.22111111,4/1/2015 12:00:00 AM,7/31/2017 12:00:00 AM,0,0,OAK,66.0,33.0,84.0,OAK,121.0,392,30.9%
273,1379605,13796,OAK,Metropolitan Oakland International,"Oakland, CA",91,United States,US,California,CA,6.0,32457,"San Francisco, CA (Metropolitan Area)",91,37.0,N,43.0,7.0,37.71861111,122.0,W,13.0,18.0,-122.22166667,8/1/2017 12:00:00 AM,8/31/2017 12:00:00 AM,0,0,OAK,66.0,33.0,84.0,OAK,121.0,392,30.9%
274,1379606,13796,OAK,Metropolitan Oakland International,"Oakland, CA",91,United States,US,California,CA,6.0,32457,"San Francisco, CA (Metropolitan Area)",91,37.0,N,43.0,16.0,37.72111111,122.0,W,13.0,16.0,-122.22111111,9/1/2017 12:00:00 AM,10/31/2017 12:00:00 AM,0,0,OAK,66.0,33.0,84.0,OAK,121.0,392,30.9%
275,1379607,13796,OAK,Metropolitan Oakland International,"Oakland, CA",91,United States,US,California,CA,6.0,32457,"San Francisco, CA (Metropolitan Area)",91,37.0,N,43.0,17.0,37.72138889,122.0,W,13.0,15.0,-122.22083333,11/1/2017 12:00:00 AM,11/30/2017 12:00:00 AM,0,0,OAK,66.0,33.0,84.0,OAK,121.0,392,30.9%
276,1379608,13796,OAK,Metropolitan Oakland International,"Oakland, CA",91,United States,US,California,CA,6.0,32457,"San Francisco, CA (Metropolitan Area)",91,37.0,N,43.0,16.0,37.72111111,122.0,W,13.0,16.0,-122.22111111,12/1/2017 12:00:00 AM,9/30/2022 12:00:00 AM,0,0,OAK,66.0,33.0,84.0,OAK,121.0,392,30.9%
277,1379609,13796,OAK,Metro Oakland International,"Oakland, CA",91,United States,US,California,CA,6.0,32457,"San Francisco, CA (Metropolitan Area)",91,37.0,N,43.0,16.0,37.72111111,122.0,W,13.0,16.0,-122.22111111,10/1/2022 12:00:00 AM,4/30/2023 12:00:00 AM,0,0,OAK,66.0,33.0,84.0,OAK,121.0,392,30.9%
278,1379610,13796,OAK,Metro Oakland International,"Oakland, CA",91,United States,US,California,CA,6.0,32457,"San Francisco, CA (Metropolitan Area)",91,37.0,N,43.0,17.0,37.72138889,122.0,W,13.0,16.0,-122.22111111,5/1/2023 12:00:00 AM,,0,1,OAK,66.0,33.0,84.0,OAK,121.0,392,30.9%
279,1383001,13830,OGG,Kahului Airport,"Kahului, HI",2,United States,US,Hawaii,HI,15.0,33830,"Kahului, HI",2,20.0,N,54.0,2.0,20.90055556,156.0,W,26.0,1.0,-156.43361111,1/1/1950 12:00:00 AM,6/30/2011 12:00:00 AM,0,0,OGG,29.0,26.0,23.0,OGG,19.0,93,20.4%
280,1383002,13830,OGG,Kahului Airport,"Kahului, HI",2,United States,US,Hawaii,HI,15.0,33830,"Kahului, HI",2,20.0,N,53.0,55.0,20.89861111,156.0,W,25.0,50.0,-156.43055556,7/1/2011 12:00:00 AM,,0,1,OGG,29.0,26.0,23.0,OGG,19.0,93,20.4%
281,1385101,13851,OKC,Will Rogers World,"Oklahoma City, OK",73,United States,US,Oklahoma,OK,40.0,33851,"Oklahoma City, OK",73,35.0,N,23.0,32.0,35.39222222,97.0,W,36.0,6.0,-97.60166667,1/1/1950 12:00:00 AM,11/30/1989 12:00:00 AM,0,0,OKC,57.0,37.0,64.0,OKC,146.0,317,46.1%
282,1385102,13851,OKC,Will Rogers World,"Oklahoma City, OK",73,United States,US,Oklahoma,OK,40.0,33851,"Oklahoma City, OK",73,35.0,N,23.0,35.0,35.39305556,97.0,W,36.0,2.0,-97.60055556,12/1/1989 12:00:00 AM,6/30/2011 12:00:00 AM,0,0,OKC,57.0,37.0,64.0,OKC,146.0,317,46.1%
283,1385103,13851,OKC,Will Rogers World,"Oklahoma City, OK",73,United States,US,Oklahoma,OK,40.0,33851,"Oklahoma City, OK",73,35.0,N,23.0,35.0,35.39305556,97.0,W,36.0,3.0,-97.60083333,7/1/2011 12:00:00 AM,,0,1,OKC,57.0,37.0,64.0,OKC,146.0,317,46.1%
284,1387101,13871,OMA,Eppley Airfield,"Omaha, NE",65,United States,US,Nebraska,NE,31.0,33316,"Omaha, NE",65,41.0,N,18.0,7.0,41.30194444,95.0,W,53.0,36.0,-95.89333333,1/1/1950 12:00:00 AM,6/30/2011 12:00:00 AM,0,0,OMA,44.0,22.0,61.0,OMA,546.0,2161,25.3%
285,1387102,13871,OMA,Eppley Airfield,"Omaha, NE",65,United States,US,Nebraska,NE,31.0,33316,"Omaha, NE",65,41.0,N,18.0,11.0,41.30305556,95.0,W,53.0,39.0,-95.89416667,7/1/2011 12:00:00 AM,,0,1,OMA,44.0,22.0,61.0,OMA,546.0,2161,25.3%
286,1389101,13891,ONT,Ontario International,"Ontario, CA",91,United States,US,California,CA,6.0,32575,"Los Angeles, CA (Metropolitan Area)",91,34.0,N,3.0,22.0,34.05611111,117.0,W,36.0,4.0,-117.60111111,1/1/1950 12:00:00 AM,,0,1,ONT,51.0,31.0,52.0,ONT,113.0,500,22.6%
287,1393001,13930,ORD,Chicago O'Hare International,"Chicago, IL",41,United States,US,Illinois,IL,17.0,30977,"Chicago, IL",41,41.0,N,58.0,41.0,41.97805556,87.0,W,54.0,22.0,-87.90611111,1/1/1950 12:00:00 AM,6/30/2011 12:00:00 AM,0,0,ORD,56.0,25.0,91.0,ORD,8304.0,40850,20.3%
288,1393002,13930,ORD,Chicago O'Hare International,"Chicago, IL",41,United States,US,Illinois,IL,17.0,30977,"Chicago, IL",41,41.0,N,58.0,54.0,41.98166667,87.0,W,54.0,24.0,-87.90666667,7/1/2011 12:00:00 AM,9/30/2013 12:00:00 AM,0,0,ORD,56.0,25.0,91.0,ORD,8304.0,40850,20.3%
289,1393003,13930,ORD,Chicago O'Hare International,"Chicago, IL",41,United States,US,Illinois,IL,17.0,30977,"Chicago, IL",41,41.0,N,58.0,46.0,41.97944444,87.0,W,54.0,27.0,-87.9075,10/1/2013 12:00:00 AM,9/30/2015 12:00:00 AM,0,0,ORD,56.0,25.0,91.0,ORD,8304.0,40850,20.3%
290,1393004,13930,ORD,Chicago O'Hare International,"Chicago, IL",41,United States,US,Illinois,IL,17.0,30977,"Chicago, IL",41,41.0,N,58.0,38.0,41.97722222,87.0,W,54.0,29.0,-87.90805556,10/1/2015 12:00:00 AM,10/31/2017 12:00:00 AM,0,0,ORD,56.0,25.0,91.0,ORD,8304.0,40850,20.3%
291,1393005,13930,ORD,Chicago O'Hare International,"Chicago, IL",41,United States,US,Illinois,IL,17.0,30977,"Chicago, IL",41,41.0,N,58.0,54.0,41.98166667,87.0,W,54.0,24.0,-87.90666667,11/1/2017 12:00:00 AM,11/30/2017 12:00:00 AM,0,0,ORD,56.0,25.0,91.0,ORD,8304.0,40850,20.3%
292,1393006,13930,ORD,Chicago O'Hare International,"Chicago, IL",41,United States,US,Illinois,IL,17.0,30977,"Chicago, IL",41,41.0,N,58.0,38.0,41.97722222,87.0,W,54.0,29.0,-87.90805556,12/1/2017 12:00:00 AM,9/30/2018 12:00:00 AM,0,0,ORD,56.0,25.0,91.0,ORD,8304.0,40850,20.3%
293,1393007,13930,ORD,Chicago O'Hare International,"Chicago, IL",41,United States,US,Illinois,IL,17.0,30977,"Chicago, IL",41,41.0,N,58.0,28.0,41.97444444,87.0,W,54.0,24.0,-87.90666667,10/1/2018 12:00:00 AM,9/30/2022 12:00:00 AM,0,0,ORD,56.0,25.0,91.0,ORD,8304.0,40850,20.3%
294,1393008,13930,ORD,Chicago O'Hare International,"Chicago, IL",41,United States,US,Illinois,IL,17.0,30977,"Chicago, IL",41,41.0,N,58.0,37.0,41.97694444,87.0,W,54.0,29.0,-87.90805556,10/1/2022 12:00:00 AM,,0,1,ORD,56.0,25.0,91.0,ORD,8304.0,40850,20.3%
295,1393101,13931,ORF,Norfolk International,"Norfolk, VA",38,United States,US,Virginia,VA,51.0,33667,"Norfolk, VA (Metropolitan Area)",38,36.0,N,53.0,45.0,36.89583333,76.0,W,12.0,5.0,-76.20138889,1/1/1950 12:00:00 AM,6/30/2011 12:00:00 AM,0,0,ORF,50.0,25.0,77.0,ORF,2120.0,9556,22.2%
296,1393102,13931,ORF,Norfolk International,"Norfolk, VA",38,United States,US,Virginia,VA,51.0,33667,"Norfolk, VA (Metropolitan Area)",38,36.0,N,53.0,41.0,36.89472222,76.0,W,12.0,4.0,-76.20111111,7/1/2011 12:00:00 AM,,0,1,ORF,50.0,25.0,77.0,ORF,2120.0,9556,22.2%
297,1393301,13933,ORH,Worcester Regional,"Worcester, MA",13,United States,US,Massachusetts,MA,25.0,33933,"Worcester, MA",13,42.0,N,16.0,9.0,42.26916667,71.0,W,52.0,28.0,-71.87444444,1/1/1950 12:00:00 AM,6/30/2011 12:00:00 AM,0,0,ORH,50.0,30.0,57.0,ORH,172.0,700,24.6%
298,1393302,13933,ORH,Worcester Regional,"Worcester, MA",13,United States,US,Massachusetts,MA,25.0,33933,"Worcester, MA",13,42.0,N,16.0,2.0,42.26722222,71.0,W,52.0,33.0,-71.87583333,7/1/2011 12:00:00 AM,12/31/2011 12:00:00 AM,0,0,ORH,50.0,30.0,57.0,ORH,172.0,700,24.6%
299,1393303,13933,ORH,Worcester Regional,"Worcester, MA",13,United States,US,Massachusetts,MA,25.0,33933,"Worcester, MA",13,42.0,N,16.0,2.0,42.26722222,71.0,W,52.0,32.0,-71.87555556,1/1/2012 12:00:00 AM,10/31/2017 12:00:00 AM,0,0,ORH,50.0,30.0,57.0,ORH,172.0,700,24.6%
300,1393304,13933,ORH,Worcester Regional,"Worcester, MA",13,United States,US,Massachusetts,MA,25.0,33933,"Worcester, MA",13,42.0,N,16.0,2.0,42.26722222,71.0,W,52.0,33.0,-71.87583333,11/1/2017 12:00:00 AM,11/30/2017 12:00:00 AM,0,0,ORH,50.0,30.0,57.0,ORH,172.0,700,24.6%
301,1393305,13933,ORH,Worcester Regional,"Worcester, MA",13,United States,US,Massachusetts,MA,25.0,33933,"Worcester, MA",13,42.0,N,16.0,2.0,42.26722222,71.0,W,52.0,32.0,-71.87555556,12/1/2017 12:00:00 AM,,0,1,ORH,50.0,30.0,57.0,ORH,172.0,700,24.6%
302,1402701,14027,PBI,Palm Beach International,"West Palm Beach/Palm Beach, FL",33,United States,US,Florida,FL,12.0,34027,"West Palm Beach/Palm Beach, FL",33,26.0,N,40.0,56.0,26.68222222,80.0,W,5.0,39.0,-80.09416667,1/1/1950 12:00:00 AM,6/30/2011 12:00:00 AM,0,0,PBI,48.0,25.0,68.0,PBI,3660.0,15885,23.0%
303,1402702,14027,PBI,Palm Beach International,"West Palm Beach/Palm Beach, FL",33,United States,US,Florida,FL,12.0,34027,"West Palm Beach/Palm Beach, FL",33,26.0,N,40.0,59.0,26.68305556,80.0,W,5.0,44.0,-80.09555556,7/1/2011 12:00:00 AM,,0,1,PBI,48.0,25.0,68.0,PBI,3660.0,15885,23.0%
304,1405701,14057,PDX,Portland International,"Portland, OR",92,United States,US,Oregon,OR,41.0,34057,"Portland, OR",92,45.0,N,35.0,21.0,45.58916667,122.0,W,35.0,42.0,-122.595,1/1/1950 12:00:00 AM,6/30/2011 12:00:00 AM,0,0,PDX,47.0,20.0,81.0,PDX,819.0,3738,21.9%
305,1405702,14057,PDX,Portland International,"Portland, OR",92,United States,US,Oregon,OR,41.0,34057,"Portland, OR",92,45.0,N,35.0,19.0,45.58861111,122.0,W,35.0,49.0,-122.59694444,7/1/2011 12:00:00 AM,,0,1,PDX,47.0,20.0,81.0,PDX,819.0,3738,21.9%
306,1410001,14100,PHL,Philadelphia International,"Philadelphia, PA",23,United States,US,Pennsylvania,PA,42.0,34100,"Philadelphia, PA",23,39.0,N,52.0,5.0,39.86805556,75.0,W,14.0,55.0,-75.24861111,1/1/1950 12:00:00 AM,6/30/2011 12:00:00 AM,0,0,PHL,44.0,20.0,87.0,PHL,297.0,1831,16.2%
307,1410002,14100,PHL,Philadelphia International,"Philadelphia, PA",23,United States,US,Pennsylvania,PA,42.0,34100,"Philadelphia, PA",23,39.0,N,52.0,20.0,39.87222222,75.0,W,14.0,27.0,-75.24083333,7/1/2011 12:00:00 AM,7/31/2017 12:00:00 AM,0,0,PHL,44.0,20.0,87.0,PHL,297.0,1831,16.2%
308,1410003,14100,PHL,Philadelphia International,"Philadelphia, PA",23,United States,US,Pennsylvania,PA,42.0,34100,"Philadelphia, PA",23,39.0,N,52.0,19.0,39.87194444,75.0,W,14.0,26.0,-75.24055556,8/1/2017 12:00:00 AM,10/31/2017 12:00:00 AM,0,0,PHL,44.0,20.0,87.0,PHL,297.0,1831,16.2%
309,1410004,14100,PHL,Philadelphia International,"Philadelphia, PA",23,United States,US,Pennsylvania,PA,42.0,34100,"Philadelphia, PA",23,39.0,N,52.0,20.0,39.87222222,75.0,W,14.0,27.0,-75.24083333,11/1/2017 12:00:00 AM,11/30/2017 12:00:00 AM,0,0,PHL,44.0,20.0,87.0,PHL,297.0,1831,16.2%
310,1410005,14100,PHL,Philadelphia International,"Philadelphia, PA",23,United States,US,Pennsylvania,PA,42.0,34100,"Philadelphia, PA",23,39.0,N,52.0,19.0,39.87194444,75.0,W,14.0,26.0,-75.24055556,12/1/2017 12:00:00 AM,,0,1,PHL,44.0,20.0,87.0,PHL,297.0,1831,16.2%
311,1410701,14107,PHX,Phoenix Sky Harbor International,"Phoenix, AZ",81,United States,US,Arizona,AZ,4.0,30466,"Phoenix, AZ",81,33.0,N,26.0,10.0,33.43611111,112.0,W,0.0,34.0,-112.00944444,1/1/1950 12:00:00 AM,6/30/2011 12:00:00 AM,0,0,PHX,48.0,21.0,84.0,PHX,2127.0,10575,20.1%
312,1410702,14107,PHX,Phoenix Sky Harbor International,"Phoenix, AZ",81,United States,US,Arizona,AZ,4.0,30466,"Phoenix, AZ",81,33.0,N,26.0,3.0,33.43416667,112.0,W,0.0,42.0,-112.01166667,7/1/2011 12:00:00 AM,,0,1,PHX,48.0,21.0,84.0,PHX,2127.0,10575,20.1%
313,1412201,14122,PIT,Pittsburgh International,"Pittsburgh, PA",23,United States,US,Pennsylvania,PA,42.0,30198,"Pittsburgh, PA",23,40.0,N,29.0,48.0,40.49666667,80.0,W,14.0,9.0,-80.23583333,1/1/1950 12:00:00 AM,6/30/2011 12:00:00 AM,0,0,PIT,49.0,25.0,73.0,PIT,2757.0,14632,18.8%
314,1412202,14122,PIT,Pittsburgh International,"Pittsburgh, PA",23,United States,US,Pennsylvania,PA,42.0,30198,"Pittsburgh, PA",23,40.0,N,29.0,29.0,40.49138889,80.0,W,13.0,58.0,-80.23277778,7/1/2011 12:00:00 AM,,0,1,PIT,49.0,25.0,73.0,PIT,2757.0,14632,18.8%
315,1419301,14193,PNS,Pensacola Regional,"Pensacola, FL",33,United States,US,Florida,FL,12.0,33728,"Pensacola, FL",33,30.0,N,28.0,24.0,30.47333333,87.0,W,11.0,15.0,-87.1875,1/1/1950 12:00:00 AM,6/30/2008 12:00:00 AM,0,0,PNS,37.0,18.0,46.0,PNS,41.0,238,17.2%
316,1419302,14193,PNS,Pensacola Gulf Coast Regional,"Pensacola, FL",33,United States,US,Florida,FL,12.0,33728,"Pensacola, FL",33,30.0,N,28.0,24.0,30.47333333,87.0,W,11.0,15.0,-87.1875,7/1/2008 12:00:00 AM,6/30/2011 12:00:00 AM,0,0,PNS,37.0,18.0,46.0,PNS,41.0,238,17.2%
317,1419303,14193,PNS,Pensacola Gulf Coast Regional,"Pensacola, FL",33,United States,US,Florida,FL,12.0,33728,"Pensacola, FL",33,30.0,N,28.0,24.0,30.47333333,87.0,W,11.0,12.0,-87.18666667,7/1/2011 12:00:00 AM,3/31/2014 12:00:00 AM,0,0,PNS,37.0,18.0,46.0,PNS,41.0,238,17.2%
318,1419304,14193,PNS,Pensacola International,"Pensacola, FL",33,United States,US,Florida,FL,12.0,33728,"Pensacola, FL",33,30.0,N,28.0,24.0,30.47333333,87.0,W,11.0,12.0,-87.18666667,4/1/2014 12:00:00 AM,10/31/2017 12:00:00 AM,0,0,PNS,37.0,18.0,46.0,PNS,41.0,238,17.2%
319,1419305,14193,PNS,Pensacola Gulf Coast Regional,"Pensacola, FL",33,United States,US,Florida,FL,12.0,33728,"Pensacola, FL",33,30.0,N,28.0,24.0,30.47333333,87.0,W,11.0,12.0,-87.18666667,11/1/2017 12:00:00 AM,11/30/2017 12:00:00 AM,0,0,PNS,37.0,18.0,46.0,PNS,41.0,238,17.2%
320,1419306,14193,PNS,Pensacola International,"Pensacola, FL",33,United States,US,Florida,FL,12.0,33728,"Pensacola, FL",33,30.0,N,28.0,24.0,30.47333333,87.0,W,11.0,12.0,-87.18666667,12/1/2017 12:00:00 AM,,0,1,PNS,37.0,18.0,46.0,PNS,41.0,238,17.2%
321,1423101,14231,PQI,Presque Isle Municipal,"Presque Isle/Houlton, ME",12,United States,US,Maine,ME,23.0,34231,"Presque Isle/Houlton, ME",12,46.0,N,41.0,6.0,46.685,68.0,W,2.0,51.0,-68.0475,1/1/1950 12:00:00 AM,6/30/2011 12:00:00 AM,0,0,PQI,82.0,35.0,157.0,PQI,322.0,1025,31.4%
322,1423102,14231,PQI,Northern Maine Regional at Presque Isle,"Presque Isle/Houlton, ME",12,United States,US,Maine,ME,23.0,34231,"Presque Isle/Houlton, ME",12,46.0,N,41.0,20.0,46.68888889,68.0,W,2.0,41.0,-68.04472222,7/1/2011 12:00:00 AM,6/30/2019 12:00:00 AM,0,0,PQI,82.0,35.0,157.0,PQI,322.0,1025,31.4%
323,1423103,14231,PQI,Presque Isle International,"Presque Isle/Houlton, ME",12,United States,US,Maine,ME,23.0,34231,"Presque Isle/Houlton, ME",12,46.0,N,41.0,20.0,46.68888889,68.0,W,2.0,41.0,-68.04472222,7/1/2019 12:00:00 AM,,0,1,PQI,82.0,35.0,157.0,PQI,322.0,1025,31.4%
324,1425401,14254,PSE,Ponce Airport,"Ponce, Puerto Rico",268,Puerto Rico,PR,,,,34254,"Ponce, Puerto Rico",268,18.0,N,0.0,39.0,18.01083333,66.0,W,33.0,49.0,-66.56361111,1/1/1950 12:00:00 AM,12/31/1989 12:00:00 AM,0,0,PSE,50.0,26.0,58.0,PSE,101.0,385,26.2%
325,1425402,14254,PSE,Mercedita,"Ponce, PR",3,United States,US,Puerto Rico,PR,72.0,34254,"Ponce, PR",3,18.0,N,0.0,35.0,18.00972222,66.0,W,33.0,41.0,-66.56138889,1/1/1990 12:00:00 AM,6/30/2011 12:00:00 AM,0,0,PSE,50.0,26.0,58.0,PSE,101.0,385,26.2%
326,1425403,14254,PSE,Mercedita,"Ponce, PR",3,United States,US,Puerto Rico,PR,72.0,34254,"Ponce, PR",3,18.0,N,0.0,30.0,18.00833333,66.0,W,33.0,47.0,-66.56305556,7/1/2011 12:00:00 AM,11/30/2017 12:00:00 AM,0,0,PSE,50.0,26.0,58.0,PSE,101.0,385,26.2%
327,1425404,14254,PSE,Mercedita,"Ponce, PR",3,United States,US,Puerto Rico,PR,72.0,34254,"Ponce, PR",3,18.0,N,0.0,32.0,18.00888889,66.0,W,33.0,52.0,-66.56444444,12/1/2017 12:00:00 AM,,0,1,PSE,50.0,26.0,58.0,PSE,101.0,385,26.2%
328,1426201,14262,PSP,Palm Springs International,"Palm Springs, CA",91,United States,US,California,CA,6.0,34262,"Palm Springs, CA",91,33.0,N,49.0,36.0,33.82666667,116.0,W,30.0,18.0,-116.505,1/1/1950 12:00:00 AM,6/30/2011 12:00:00 AM,0,0,PSP,39.0,24.0,44.0,PSP,112.0,462,24.2%
329,1426202,14262,PSP,Palm Springs International,"Palm Springs, CA",91,United States,US,California,CA,6.0,34262,"Palm Springs, CA",91,33.0,N,49.0,47.0,33.82972222,116.0,W,30.0,24.0,-116.50666667,7/1/2011 12:00:00 AM,5/31/2015 12:00:00 AM,0,0,PSP,39.0,24.0,44.0,PSP,112.0,462,24.2%
330,1426203,14262,PSP,Palm Springs International,"Palm Springs, CA",91,United States,US,California,CA,6.0,34262,"Palm Springs, CA",91,33.0,N,49.0,48.0,33.83,116.0,W,30.0,22.0,-116.50611111,6/1/2015 12:00:00 AM,7/31/2015 12:00:00 AM,0,0,PSP,39.0,24.0,44.0,PSP,112.0,462,24.2%
331,1426204,14262,PSP,Palm Springs International,"Palm Springs, CA",91,United States,US,California,CA,6.0,34262,"Palm Springs, CA",91,33.0,N,49.0,47.0,33.82972222,116.0,W,30.0,24.0,-116.50666667,8/1/2015 12:00:00 AM,,0,1,PSP,39.0,24.0,44.0,PSP,112.0,462,24.2%
332,1430701,14307,PVD,Theodore Francis Green State,"Providence, RI",15,United States,US,Rhode Island,RI,44.0,30721,"Boston, MA (Metropolitan Area)",13,41.0,N,43.0,42.0,41.72833333,71.0,W,25.0,34.0,-71.42611111,1/1/1950 12:00:00 AM,6/30/2011 12:00:00 AM,0,0,PVD,49.0,26.0,82.0,PVD,501.0,1901,26.4%
333,1430702,14307,PVD,Theodore Francis Green State,"Providence, RI",15,United States,US,Rhode Island,RI,44.0,30721,"Boston, MA (Metropolitan Area)",13,41.0,N,43.0,26.0,41.72388889,71.0,W,25.0,42.0,-71.42833333,7/1/2011 12:00:00 AM,7/31/2017 12:00:00 AM,0,0,PVD,49.0,26.0,82.0,PVD,501.0,1901,26.4%
334,1430703,14307,PVD,Theodore Francis Green State,"Providence, RI",15,United States,US,Rhode Island,RI,44.0,30721,"Boston, MA (Metropolitan Area)",13,41.0,N,43.0,20.0,41.72222222,71.0,W,25.0,40.0,-71.42777778,8/1/2017 12:00:00 AM,10/31/2017 12:00:00 AM,0,0,PVD,49.0,26.0,82.0,PVD,501.0,1901,26.4%
335,1430704,14307,PVD,Theodore Francis Green State,"Providence, RI",15,United States,US,Rhode Island,RI,44.0,30721,"Boston, MA (Metropolitan Area)",13,41.0,N,43.0,26.0,41.72388889,71.0,W,25.0,42.0,-71.42833333,11/1/2017 12:00:00 AM,11/30/2017 12:00:00 AM,0,0,PVD,49.0,26.0,82.0,PVD,501.0,1901,26.4%
336,1430705,14307,PVD,Theodore Francis Green State,"Providence, RI",15,United States,US,Rhode Island,RI,44.0,30721,"Boston, MA (Metropolitan Area)",13,41.0,N,43.0,20.0,41.72222222,71.0,W,25.0,40.0,-71.42777778,12/1/2017 12:00:00 AM,9/30/2022 12:00:00 AM,0,0,PVD,49.0,26.0,82.0,PVD,501.0,1901,26.4%
337,1430706,14307,PVD,Rhode Island Tf Green International,"Providence, RI",15,United States,US,Rhode Island,RI,44.0,30721,"Boston, MA (Metropolitan Area)",13,41.0,N,43.0,20.0,41.72222222,71.0,W,25.0,40.0,-71.42777778,10/1/2022 12:00:00 AM,,0,1,PVD,49.0,26.0,82.0,PVD,501.0,1901,26.4%
338,1432101,14321,PWM,Portland International Jetport,"Portland, ME",12,United States,US,Maine,ME,23.0,34321,"Portland, ME",12,43.0,N,38.0,40.0,43.64444444,70.0,W,18.0,13.0,-70.30361111,1/1/1950 12:00:00 AM,6/30/2011 12:00:00 AM,0,0,PWM,53.0,27.0,77.0,PWM,1773.0,7913,22.4%
339,1432102,14321,PWM,Portland International Jetport,"Portland, ME",12,United States,US,Maine,ME,23.0,34321,"Portland, ME",12,43.0,N,38.0,46.0,43.64611111,70.0,W,18.0,33.0,-70.30916667,7/1/2011 12:00:00 AM,10/31/2012 12:00:00 AM,0,0,PWM,53.0,27.0,77.0,PWM,1773.0,7913,22.4%
340,1432103,14321,PWM,Portland International Jetport,"Portland, ME",12,United States,US,Maine,ME,23.0,34321,"Portland, ME",12,43.0,N,38.0,44.0,43.64555556,70.0,W,18.0,31.0,-70.30861111,11/1/2012 12:00:00 AM,10/31/2017 12:00:00 AM,0,0,PWM,53.0,27.0,77.0,PWM,1773.0,7913,22.4%
341,1432104,14321,PWM,Portland International Jetport,"Portland, ME",12,United States,US,Maine,ME,23.0,34321,"Portland, ME",12,43.0,N,38.0,46.0,43.64611111,70.0,W,18.0,33.0,-70.30916667,11/1/2017 12:00:00 AM,11/30/2017 12:00:00 AM,0,0,PWM,53.0,27.0,77.0,PWM,1773.0,7913,22.4%
342,1432105,14321,PWM,Portland International Jetport,"Portland, ME",12,United States,US,Maine,ME,23.0,34321,"Portland, ME",12,43.0,N,38.0,44.0,43.64555556,70.0,W,18.0,31.0,-70.30861111,12/1/2017 12:00:00 AM,,0,1,PWM,53.0,27.0,77.0,PWM,1773.0,7913,22.4%
343,1445701,14457,RAP,Rapid City Regional,"Rapid City, SD",67,United States,US,South Dakota,SD,46.0,34457,"Rapid City, SD",67,44.0,N,2.0,43.0,44.04527778,103.0,W,3.0,25.0,-103.05694444,1/1/1950 12:00:00 AM,6/30/2011 12:00:00 AM,0,0,RAP,24.0,18.0,29.0,RAP,24.0,121,19.8%
344,1445702,14457,RAP,Rapid City Regional,"Rapid City, SD",67,United States,US,South Dakota,SD,46.0,34457,"Rapid City, SD",67,44.0,N,2.0,43.0,44.04527778,103.0,W,3.0,26.0,-103.05722222,7/1/2011 12:00:00 AM,,0,1,RAP,24.0,18.0,29.0,RAP,24.0,121,19.8%
345,1449201,14492,RDU,Raleigh-Durham International,"Raleigh/Durham, NC",36,United States,US,North Carolina,NC,37.0,34492,"Raleigh/Durham, NC",36,35.0,N,52.0,31.0,35.87527778,78.0,W,46.0,55.0,-78.78194444,1/1/1950 12:00:00 AM,6/30/2011 12:00:00 AM,0,0,RDU,49.0,24.0,74.0,RDU,4058.0,21558,18.8%
346,1449202,14492,RDU,Raleigh-Durham International,"Raleigh/Durham, NC",36,United States,US,North Carolina,NC,37.0,34492,"Raleigh/Durham, NC",36,35.0,N,52.0,40.0,35.87777778,78.0,W,47.0,15.0,-78.7875,7/1/2011 12:00:00 AM,,0,1,RDU,49.0,24.0,74.0,RDU,4058.0,21558,18.8%
347,1452401,14524,RIC,Richmond International,"Richmond, VA",38,United States,US,Virginia,VA,51.0,34524,"Richmond, VA",38,37.0,N,30.0,19.0,37.50527778,77.0,W,19.0,11.0,-77.31972222,1/1/1950 12:00:00 AM,,0,1,RIC,52.0,26.0,76.0,RIC,2209.0,10135,21.8%
348,1457001,14570,RNO,Reno/Tahoe International,"Reno, NV",85,United States,US,Nevada,NV,32.0,34570,"Reno, NV",85,39.0,N,29.0,52.0,39.49777778,119.0,W,46.0,3.0,-119.7675,1/1/1950 12:00:00 AM,6/30/2011 12:00:00 AM,0,0,RNO,53.0,31.0,56.0,RNO,113.0,452,25.0%
349,1457002,14570,RNO,Reno/Tahoe International,"Reno, NV",85,United States,US,Nevada,NV,32.0,34570,"Reno, NV",85,39.0,N,29.0,57.0,39.49916667,119.0,W,46.0,5.0,-119.76805556,7/1/2011 12:00:00 AM,,0,1,RNO,53.0,31.0,56.0,RNO,113.0,452,25.0%
350,1457401,14574,ROA,Roanoke Regional/Woodrum Field,"Roanoke, VA",38,United States,US,Virginia,VA,51.0,34574,"Roanoke, VA",38,37.0,N,19.0,29.0,37.32472222,79.0,W,58.0,35.0,-79.97638889,1/1/1950 12:00:00 AM,6/30/2011 12:00:00 AM,0,0,ROA,32.0,18.0,32.0,ROA,102.0,493,20.7%
351,1457402,14574,ROA,Roanoke Regional/Woodrum Field,"Roanoke, VA",38,United States,US,Virginia,VA,51.0,34574,"Roanoke, VA",38,37.0,N,19.0,32.0,37.32555556,79.0,W,58.0,32.0,-79.97555556,7/1/2011 12:00:00 AM,11/30/2015 12:00:00 AM,0,0,ROA,32.0,18.0,32.0,ROA,102.0,493,20.7%
352,1457403,14574,ROA,Roanoke Blacksburg Regional Woodrum Field,"Roanoke, VA",38,United States,US,Virginia,VA,51.0,34574,"Roanoke, VA",38,37.0,N,19.0,32.0,37.32555556,79.0,W,58.0,32.0,-79.97555556,12/1/2015 12:00:00 AM,10/31/2017 12:00:00 AM,0,0,ROA,32.0,18.0,32.0,ROA,102.0,493,20.7%
353,1457404,14574,ROA,Roanoke Regional Woodrum Field,"Roanoke, VA",38,United States,US,Virginia,VA,51.0,34574,"Roanoke, VA",38,37.0,N,19.0,32.0,37.32555556,79.0,W,58.0,32.0,-79.97555556,11/1/2017 12:00:00 AM,11/30/2017 12:00:00 AM,0,0,ROA,32.0,18.0,32.0,ROA,102.0,493,20.7%
354,1457405,14574,ROA,Roanoke Blacksburg Regional Woodrum Field,"Roanoke, VA",38,United States,US,Virginia,VA,51.0,34574,"Roanoke, VA",38,37.0,N,19.0,32.0,37.32555556,79.0,W,58.0,32.0,-79.97555556,12/1/2017 12:00:00 AM,9/30/2022 12:00:00 AM,0,0,ROA,32.0,18.0,32.0,ROA,102.0,493,20.7%
355,1457406,14574,ROA,Roanoke Blacksburg Regional,"Roanoke, VA",38,United States,US,Virginia,VA,51.0,34574,"Roanoke, VA",38,37.0,N,19.0,32.0,37.32555556,79.0,W,58.0,32.0,-79.97555556,10/1/2022 12:00:00 AM,,0,1,ROA,32.0,18.0,32.0,ROA,102.0,493,20.7%
356,1457601,14576,ROC,Rochester Monroe County,"Rochester, NY",22,United States,US,New York,NY,36.0,34576,"Rochester, NY",22,43.0,N,7.0,17.0,43.12138889,77.0,W,40.0,15.0,-77.67083333,1/1/1950 12:00:00 AM,3/31/1995 12:00:00 AM,0,0,ROC,51.0,28.0,67.0,ROC,1730.0,8443,20.5%
357,1457602,14576,ROC,Greater Rochester International,"Rochester, NY",22,United States,US,New York,NY,36.0,34576,"Rochester, NY",22,43.0,N,7.0,17.0,43.12138889,77.0,W,40.0,15.0,-77.67083333,4/1/1995 12:00:00 AM,6/30/2011 12:00:00 AM,0,0,ROC,51.0,28.0,67.0,ROC,1730.0,8443,20.5%
358,1457603,14576,ROC,Greater Rochester International,"Rochester, NY",22,United States,US,New York,NY,36.0,34576,"Rochester, NY",22,43.0,N,7.0,8.0,43.11888889,77.0,W,40.0,21.0,-77.6725,7/1/2011 12:00:00 AM,9/30/2011 12:00:00 AM,0,0,ROC,51.0,28.0,67.0,ROC,1730.0,8443,20.5%
359,1457604,14576,ROC,Greater Rochester International,"Rochester, NY",22,United States,US,New York,NY,36.0,34576,"Rochester, NY",22,43.0,N,7.0,9.0,43.11916667,77.0,W,40.0,19.0,-77.67194444,10/1/2011 12:00:00 AM,10/31/2017 12:00:00 AM,0,0,ROC,51.0,28.0,67.0,ROC,1730.0,8443,20.5%
360,1457605,14576,ROC,Greater Rochester International,"Rochester, NY",22,United States,US,New York,NY,36.0,34576,"Rochester, NY",22,43.0,N,7.0,8.0,43.11888889,77.0,W,40.0,21.0,-77.6725,11/1/2017 12:00:00 AM,11/30/2017 12:00:00 AM,0,0,ROC,51.0,28.0,67.0,ROC,1730.0,8443,20.5%
361,1457606,14576,ROC,Greater Rochester International,"Rochester, NY",22,United States,US,New York,NY,36.0,34576,"Rochester, NY",22,43.0,N,7.0,9.0,43.11916667,77.0,W,40.0,19.0,-77.67194444,12/1/2017 12:00:00 AM,9/30/2022 12:00:00 AM,0,0,ROC,51.0,28.0,67.0,ROC,1730.0,8443,20.5%
362,1457607,14576,ROC,Frederick Douglass Grtr Rochester International,"Rochester, NY",22,United States,US,New York,NY,36.0,34576,"Rochester, NY",22,43.0,N,7.0,9.0,43.11916667,77.0,W,40.0,19.0,-77.67194444,10/1/2022 12:00:00 AM,,0,1,ROC,51.0,28.0,67.0,ROC,1730.0,8443,20.5%
363,1463501,14635,RSW,Southwest Florida International,"Fort Myers, FL",33,United States,US,Florida,FL,12.0,31714,"Fort Myers, FL",33,26.0,N,32.0,10.0,26.53611111,81.0,W,45.0,18.0,-81.755,1/1/1950 12:00:00 AM,6/30/2011 12:00:00 AM,0,0,RSW,47.0,22.0,73.0,RSW,2093.0,10051,20.8%
364,1463502,14635,RSW,Southwest Florida International,"Fort Myers, FL",33,United States,US,Florida,FL,12.0,31714,"Fort Myers, FL",33,26.0,N,32.0,10.0,26.53611111,81.0,W,45.0,19.0,-81.75527778,7/1/2011 12:00:00 AM,,0,1,RSW,47.0,22.0,73.0,RSW,2093.0,10051,20.8%
365,1467901,14679,SAN,San Diego International Lindbergh Fl,"San Diego, CA",91,United States,US,California,CA,6.0,33570,"San Diego, CA",91,32.0,N,43.0,58.0,32.73277778,117.0,W,11.0,14.0,-117.18722222,1/1/1950 12:00:00 AM,12/31/1990 12:00:00 AM,0,0,SAN,36.0,19.0,55.0,SAN,1283.0,6930,18.5%
366,1467902,14679,SAN,San Diego International,"San Diego, CA",91,United States,US,California,CA,6.0,33570,"San Diego, CA",91,32.0,N,44.0,1.0,32.73361111,117.0,W,11.0,12.0,-117.18666667,1/1/1991 12:00:00 AM,6/30/2011 12:00:00 AM,0,0,SAN,36.0,19.0,55.0,SAN,1283.0,6930,18.5%
367,1467903,14679,SAN,San Diego International,"San Diego, CA",91,United States,US,California,CA,6.0,33570,"San Diego, CA",91,32.0,N,44.0,1.0,32.73361111,117.0,W,11.0,23.0,-117.18972222,7/1/2011 12:00:00 AM,,0,1,SAN,36.0,19.0,55.0,SAN,1283.0,6930,18.5%
368,1468301,14683,SAT,San Antonio International,"San Antonio, TX",74,United States,US,Texas,TX,48.0,33214,"San Antonio, TX",74,29.0,N,32.0,0.0,29.53333333,98.0,W,28.0,10.0,-98.46944444,1/1/1950 12:00:00 AM,6/30/2011 12:00:00 AM,0,0,SAT,51.0,23.0,94.0,SAT,382.0,1911,20.0%
369,1468302,14683,SAT,San Antonio International,"San Antonio, TX",74,United States,US,Texas,TX,48.0,33214,"San Antonio, TX",74,29.0,N,32.0,1.0,29.53361111,98.0,W,28.0,11.0,-98.46972222,7/1/2011 12:00:00 AM,10/31/2012 12:00:00 AM,0,0,SAT,51.0,23.0,94.0,SAT,382.0,1911,20.0%
370,1468303,14683,SAT,San Antonio International,"San Antonio, TX",74,United States,US,Texas,TX,48.0,33214,"San Antonio, TX",74,29.0,N,32.0,2.0,29.53388889,98.0,W,28.0,9.0,-98.46916667,11/1/2012 12:00:00 AM,10/31/2017 12:00:00 AM,0,0,SAT,51.0,23.0,94.0,SAT,382.0,1911,20.0%
371,1468304,14683,SAT,San Antonio International,"San Antonio, TX",74,United States,US,Texas,TX,48.0,33214,"San Antonio, TX",74,29.0,N,32.0,1.0,29.53361111,98.0,W,28.0,11.0,-98.46972222,11/1/2017 12:00:00 AM,11/30/2017 12:00:00 AM,0,0,SAT,51.0,23.0,94.0,SAT,382.0,1911,20.0%
372,1468305,14683,SAT,San Antonio International,"San Antonio, TX",74,United States,US,Texas,TX,48.0,33214,"San Antonio, TX",74,29.0,N,32.0,2.0,29.53388889,98.0,W,28.0,9.0,-98.46916667,12/1/2017 12:00:00 AM,,0,1,SAT,51.0,23.0,94.0,SAT,382.0,1911,20.0%
373,1468501,14685,SAV,Savannah/Hilton Head International,"Savannah, GA",34,United States,US,Georgia,GA,13.0,34685,"Savannah, GA",34,32.0,N,7.0,39.0,32.1275,81.0,W,12.0,9.0,-81.2025,1/1/1950 12:00:00 AM,6/30/2011 12:00:00 AM,0,0,SAV,44.0,21.0,70.0,SAV,1437.0,7477,19.2%
374,1468502,14685,SAV,Savannah/Hilton Head International,"Savannah, GA",34,United States,US,Georgia,GA,13.0,34685,"Savannah, GA",34,32.0,N,7.0,39.0,32.1275,81.0,W,12.0,8.0,-81.20222222,7/1/2011 12:00:00 AM,,0,1,SAV,44.0,21.0,70.0,SAV,1437.0,7477,19.2%
375,1469601,14696,SBN,Michiana Regional,"South Bend, IN",42,United States,US,Indiana,IN,18.0,34696,"South Bend, IN",42,41.0,N,42.0,16.0,41.70444444,86.0,W,18.0,45.0,-86.3125,1/1/1950 12:00:00 AM,12/31/2000 12:00:00 AM,0,0,SBN,43.0,19.0,56.0,SBN,56.0,193,29.0%
376,1469602,14696,SBN,South Bend Regional,"South Bend, IN",42,United States,US,Indiana,IN,18.0,34696,"South Bend, IN",42,41.0,N,42.0,17.0,41.70472222,86.0,W,19.0,0.0,-86.31666667,1/1/2001 12:00:00 AM,12/31/2005 12:00:00 AM,0,0,SBN,43.0,19.0,56.0,SBN,56.0,193,29.0%
377,1469603,14696,SBN,South Bend Regional,"South Bend, IN",42,United States,US,Indiana,IN,18.0,34696,"South Bend, IN",42,41.0,N,42.0,17.0,41.70472222,86.0,W,19.0,0.0,-86.31666667,1/1/2006 12:00:00 AM,6/30/2011 12:00:00 AM,0,0,SBN,43.0,19.0,56.0,SBN,56.0,193,29.0%
378,1469604,14696,SBN,South Bend Regional,"South Bend, IN",42,United States,US,Indiana,IN,18.0,34696,"South Bend, IN",42,41.0,N,42.0,30.0,41.70833333,86.0,W,19.0,2.0,-86.31722222,7/1/2011 12:00:00 AM,2/29/2012 12:00:00 AM,0,0,SBN,43.0,19.0,56.0,SBN,56.0,193,29.0%
379,1469605,14696,SBN,South Bend Airport,"South Bend, IN",42,United States,US,Indiana,IN,18.0,34696,"South Bend, IN",42,41.0,N,42.0,30.0,41.70833333,86.0,W,19.0,2.0,-86.31722222,3/1/2012 12:00:00 AM,5/31/2014 12:00:00 AM,0,0,SBN,43.0,19.0,56.0,SBN,56.0,193,29.0%
380,1469606,14696,SBN,South Bend International,"South Bend, IN",42,United States,US,Indiana,IN,18.0,34696,"South Bend, IN",42,41.0,N,42.0,30.0,41.70833333,86.0,W,19.0,2.0,-86.31722222,6/1/2014 12:00:00 AM,10/31/2017 12:00:00 AM,0,0,SBN,43.0,19.0,56.0,SBN,56.0,193,29.0%
381,1469607,14696,SBN,South Bend Regional,"South Bend, IN",42,United States,US,Indiana,IN,18.0,34696,"South Bend, IN",42,41.0,N,42.0,30.0,41.70833333,86.0,W,19.0,2.0,-86.31722222,11/1/2017 12:00:00 AM,11/30/2017 12:00:00 AM,0,0,SBN,43.0,19.0,56.0,SBN,56.0,193,29.0%
382,1469608,14696,SBN,South Bend International,"South Bend, IN",42,United States,US,Indiana,IN,18.0,34696,"South Bend, IN",42,41.0,N,42.0,30.0,41.70833333,86.0,W,19.0,2.0,-86.31722222,12/1/2017 12:00:00 AM,,0,1,SBN,43.0,19.0,56.0,SBN,56.0,193,29.0%
383,1473001,14730,SDF,Standiford Field,"Louisville, KY",52,United States,US,Kentucky,KY,21.0,33044,"Louisville, KY",52,38.0,N,10.0,47.0,38.17972222,85.0,W,44.0,19.0,-85.73861111,1/1/1950 12:00:00 AM,6/30/1995 12:00:00 AM,0,0,SDF,50.0,25.0,77.0,SDF,901.0,3984,22.6%
384,1473002,14730,SDF,Louisville International-Standiford Field,"Louisville, KY",52,United States,US,Kentucky,KY,21.0,33044,"Louisville, KY",52,38.0,N,10.0,47.0,38.17972222,85.0,W,44.0,19.0,-85.73861111,7/1/1995 12:00:00 AM,6/30/2011 12:00:00 AM,0,0,SDF,50.0,25.0,77.0,SDF,901.0,3984,22.6%
385,1473003,14730,SDF,Louisville International-Standiford Field,"Louisville, KY",52,United States,US,Kentucky,KY,21.0,33044,"Louisville, KY",52,38.0,N,10.0,27.0,38.17416667,85.0,W,44.0,11.0,-85.73638889,7/1/2011 12:00:00 AM,8/31/2019 12:00:00 AM,0,0,SDF,50.0,25.0,77.0,SDF,901.0,3984,22.6%
386,1473004,14730,SDF,Louisville Muhammad Ali International,"Louisville, KY",52,United States,US,Kentucky,KY,21.0,33044,"Louisville, KY",52,38.0,N,10.0,27.0,38.17416667,85.0,W,44.0,11.0,-85.73638889,9/1/2019 12:00:00 AM,,0,1,SDF,50.0,25.0,77.0,SDF,901.0,3984,22.6%
387,1474701,14747,SEA,Seattle International,"Seattle, WA",93,United States,US,Washington,WA,53.0,30559,"Seattle, WA",93,47.0,N,26.0,50.0,47.44722222,122.0,W,18.0,20.0,-122.30555556,1/1/1950 12:00:00 AM,11/30/1983 12:00:00 AM,0,0,SEA,41.0,18.0,69.0,SEA,1989.0,10726,18.5%
388,1474702,14747,SEA,Seattle/Tacoma International,"Seattle, WA",93,United States,US,Washington,WA,53.0,30559,"Seattle, WA",93,47.0,N,26.0,57.0,47.44916667,122.0,W,18.0,29.0,-122.30805556,12/1/1983 12:00:00 AM,6/30/2011 12:00:00 AM,0,0,SEA,41.0,18.0,69.0,SEA,1989.0,10726,18.5%
389,1474703,14747,SEA,Seattle/Tacoma International,"Seattle, WA",93,United States,US,Washington,WA,53.0,30559,"Seattle, WA",93,47.0,N,27.0,0.0,47.45,122.0,W,18.0,42.0,-122.31166667,7/1/2011 12:00:00 AM,,0,1,SEA,41.0,18.0,69.0,SEA,1989.0,10726,18.5%
390,1477101,14771,SFO,San Francisco International,"San Francisco, CA",91,United States,US,California,CA,6.0,32457,"San Francisco, CA (Metropolitan Area)",91,37.0,N,37.0,8.0,37.61888889,122.0,W,22.0,30.0,-122.375,1/1/1950 12:00:00 AM,3/31/2015 12:00:00 AM,0,0,SFO,52.0,24.0,82.0,SFO,5032.0,24680,20.4%
391,1477102,14771,SFO,San Francisco International,"San Francisco, CA",91,United States,US,California,CA,6.0,32457,"San Francisco, CA (Metropolitan Area)",91,37.0,N,37.0,8.0,37.61888889,122.0,W,22.0,32.0,-122.37555556,4/1/2015 12:00:00 AM,10/31/2017 12:00:00 AM,0,0,SFO,52.0,24.0,82.0,SFO,5032.0,24680,20.4%
392,1477103,14771,SFO,San Francisco International,"San Francisco, CA",91,United States,US,California,CA,6.0,32457,"San Francisco, CA (Metropolitan Area)",91,37.0,N,37.0,8.0,37.61888889,122.0,W,22.0,30.0,-122.375,11/1/2017 12:00:00 AM,11/30/2017 12:00:00 AM,0,0,SFO,52.0,24.0,82.0,SFO,5032.0,24680,20.4%
393,1477104,14771,SFO,San Francisco International,"San Francisco, CA",91,United States,US,California,CA,6.0,32457,"San Francisco, CA (Metropolitan Area)",91,37.0,N,37.0,8.0,37.61888889,122.0,W,22.0,32.0,-122.37555556,12/1/2017 12:00:00 AM,,0,1,SFO,52.0,24.0,82.0,SFO,5032.0,24680,20.4%
394,1483101,14831,SJC,San Jose International,"San Jose, CA",91,United States,US,California,CA,6.0,32457,"San Francisco, CA (Metropolitan Area)",91,37.0,N,21.0,46.0,37.36277778,121.0,W,56.0,26.0,-121.94055556,1/1/1950 12:00:00 AM,10/31/2001 12:00:00 AM,0,0,SJC,49.0,27.0,60.0,SJC,358.0,1497,23.9%
395,1483102,14831,SJC,Norman Y. Mineta San Jose International,"San Jose, CA",91,United States,US,California,CA,6.0,32457,"San Francisco, CA (Metropolitan Area)",91,37.0,N,21.0,46.0,37.36277778,121.0,W,56.0,26.0,-121.94055556,11/1/2001 12:00:00 AM,6/30/2011 12:00:00 AM,0,0,SJC,49.0,27.0,60.0,SJC,358.0,1497,23.9%
396,1483103,14831,SJC,Norman Y. Mineta San Jose International,"San Jose, CA",91,United States,US,California,CA,6.0,32457,"San Francisco, CA (Metropolitan Area)",91,37.0,N,21.0,46.0,37.36277778,121.0,W,55.0,45.0,-121.92916667,7/1/2011 12:00:00 AM,6/30/2016 12:00:00 AM,0,0,SJC,49.0,27.0,60.0,SJC,358.0,1497,23.9%
397,1483104,14831,SJC,Norman Y. Mineta San Jose International,"San Jose, CA",91,United States,US,California,CA,6.0,32457,"San Francisco, CA (Metropolitan Area)",91,37.0,N,21.0,47.0,37.36305556,121.0,W,55.0,43.0,-121.92861111,7/1/2016 12:00:00 AM,10/31/2017 12:00:00 AM,0,0,SJC,49.0,27.0,60.0,SJC,358.0,1497,23.9%
398,1483105,14831,SJC,Norman Y. Mineta San Jose International,"San Jose, CA",91,United States,US,California,CA,6.0,32457,"San Francisco, CA (Metropolitan Area)",91,37.0,N,21.0,46.0,37.36277778,121.0,W,55.0,45.0,-121.92916667,11/1/2017 12:00:00 AM,11/30/2017 12:00:00 AM,0,0,SJC,49.0,27.0,60.0,SJC,358.0,1497,23.9%
399,1483106,14831,SJC,Norman Y. Mineta San Jose International,"San Jose, CA",91,United States,US,California,CA,6.0,32457,"San Francisco, CA (Metropolitan Area)",91,37.0,N,21.0,47.0,37.36305556,121.0,W,55.0,43.0,-121.92861111,12/1/2017 12:00:00 AM,,0,1,SJC,49.0,27.0,60.0,SJC,358.0,1497,23.9%
400,1484301,14843,SJU,Puerto Rico International,"San Juan, Puerto Rico",268,Puerto Rico,PR,,,,34819,"San Juan, Puerto Rico",268,18.0,N,26.0,24.0,18.44,66.0,W,0.0,8.0,-66.00222222,1/1/1950 12:00:00 AM,12/31/1989 12:00:00 AM,0,0,SJU,46.0,22.0,70.0,SJU,3072.0,13126,23.4%
401,1484302,14843,SJU,Luis Munoz Marin International,"San Juan, PR",3,United States,US,Puerto Rico,PR,72.0,34819,"San Juan, PR",3,18.0,N,26.0,29.0,18.44138889,66.0,W,0.0,8.0,-66.00222222,1/1/1990 12:00:00 AM,6/30/2011 12:00:00 AM,0,0,SJU,46.0,22.0,70.0,SJU,3072.0,13126,23.4%
402,1484303,14843,SJU,Luis Munoz Marin International,"San Juan, PR",3,United States,US,Puerto Rico,PR,72.0,34819,"San Juan, PR",3,18.0,N,26.0,22.0,18.43944444,66.0,W,0.0,7.0,-66.00194444,7/1/2011 12:00:00 AM,11/30/2013 12:00:00 AM,0,0,SJU,46.0,22.0,70.0,SJU,3072.0,13126,23.4%
403,1484304,14843,SJU,Luis Munoz Marin International,"San Juan, PR",3,United States,US,Puerto Rico,PR,72.0,34819,"San Juan, PR",3,18.0,N,26.0,22.0,18.43944444,66.0,W,0.0,8.0,-66.00222222,12/1/2013 12:00:00 AM,10/31/2017 12:00:00 AM,0,0,SJU,46.0,22.0,70.0,SJU,3072.0,13126,23.4%
404,1484305,14843,SJU,Luis Munoz Marin International,"San Juan, PR",3,United States,US,Puerto Rico,PR,72.0,34819,"San Juan, PR",3,18.0,N,26.0,22.0,18.43944444,66.0,W,0.0,7.0,-66.00194444,11/1/2017 12:00:00 AM,11/30/2017 12:00:00 AM,0,0,SJU,46.0,22.0,70.0,SJU,3072.0,13126,23.4%
405,1484306,14843,SJU,Luis Munoz Marin International,"San Juan, PR",3,United States,US,Puerto Rico,PR,72.0,34819,"San Juan, PR",3,18.0,N,26.0,22.0,18.43944444,66.0,W,0.0,8.0,-66.00222222,12/1/2017 12:00:00 AM,,0,1,SJU,46.0,22.0,70.0,SJU,3072.0,13126,23.4%
406,1486901,14869,SLC,Salt Lake City International,"Salt Lake City, UT",87,United States,US,Utah,UT,49.0,34614,"Salt Lake City, UT",87,40.0,N,47.0,3.0,40.78416667,111.0,W,58.0,1.0,-111.96694444,1/1/1950 12:00:00 AM,8/31/1994 12:00:00 AM,0,0,SLC,40.0,18.0,58.0,SLC,1144.0,7161,16.0%
407,1486902,14869,SLC,Salt Lake City International,"Salt Lake City, UT",87,United States,US,Utah,UT,49.0,34614,"Salt Lake City, UT",87,40.0,N,47.0,13.0,40.78694444,111.0,W,58.0,8.0,-111.96888889,9/1/1994 12:00:00 AM,6/30/2011 12:00:00 AM,0,0,SLC,40.0,18.0,58.0,SLC,1144.0,7161,16.0%
408,1486903,14869,SLC,Salt Lake City International,"Salt Lake City, UT",87,United States,US,Utah,UT,49.0,34614,"Salt Lake City, UT",87,40.0,N,47.0,18.0,40.78833333,111.0,W,58.0,40.0,-111.97777778,7/1/2011 12:00:00 AM,,0,1,SLC,40.0,18.0,58.0,SLC,1144.0,7161,16.0%
409,1489301,14893,SMF,Sacramento International,"Sacramento, CA",91,United States,US,California,CA,6.0,33192,"Sacramento, CA",91,38.0,N,41.0,44.0,38.69555556,121.0,W,35.0,23.0,-121.58972222,1/1/1950 12:00:00 AM,6/30/2011 12:00:00 AM,0,0,SMF,57.0,34.0,73.0,SMF,332.0,1020,32.5%
410,1489302,14893,SMF,Sacramento International,"Sacramento, CA",91,United States,US,California,CA,6.0,33192,"Sacramento, CA",91,38.0,N,41.0,44.0,38.69555556,121.0,W,35.0,27.0,-121.59083333,7/1/2011 12:00:00 AM,,0,1,SMF,57.0,34.0,73.0,SMF,332.0,1020,32.5%
411,1490801,14908,SNA,Orange County,"Santa Ana, CA",91,United States,US,California,CA,6.0,32575,"Los Angeles, CA (Metropolitan Area)",91,33.0,N,40.0,32.0,33.67555556,117.0,W,52.0,1.0,-117.86694444,1/1/1950 12:00:00 AM,5/31/1979 12:00:00 AM,0,0,SNA,36.0,20.0,48.0,SNA,307.0,1595,19.2%
412,1490802,14908,SNA,John Wayne Airport-Orange County,"Santa Ana, CA",91,United States,US,California,CA,6.0,32575,"Los Angeles, CA (Metropolitan Area)",91,33.0,N,40.0,32.0,33.67555556,117.0,W,52.0,2.0,-117.86722222,6/1/1979 12:00:00 AM,6/30/2011 12:00:00 AM,0,0,SNA,36.0,20.0,48.0,SNA,307.0,1595,19.2%
413,1490803,14908,SNA,John Wayne Airport-Orange County,"Santa Ana, CA",91,United States,US,California,CA,6.0,32575,"Los Angeles, CA (Metropolitan Area)",91,33.0,N,40.0,32.0,33.67555556,117.0,W,52.0,6.0,-117.86833333,7/1/2011 12:00:00 AM,,0,1,SNA,36.0,20.0,48.0,SNA,307.0,1595,19.2%
414,1498601,14986,SRQ,Sarasota/Bradenton Airport,"Sarasota/Bradenton, FL",33,United States,US,Florida,FL,12.0,34986,"Sarasota/Bradenton, FL",33,27.0,N,23.0,38.0,27.39388889,82.0,W,33.0,15.0,-82.55416667,1/1/1950 12:00:00 AM,10/31/1992 12:00:00 AM,0,0,SRQ,35.0,17.0,49.0,SRQ,570.0,3644,15.6%
415,1498602,14986,SRQ,Sarasota/Bradenton International,"Sarasota/Bradenton, FL",33,United States,US,Florida,FL,12.0,34986,"Sarasota/Bradenton, FL",33,27.0,N,23.0,38.0,27.39388889,82.0,W,33.0,15.0,-82.55416667,11/1/1992 12:00:00 AM,6/30/2011 12:00:00 AM,0,0,SRQ,35.0,17.0,49.0,SRQ,570.0,3644,15.6%
416,1498603,14986,SRQ,Sarasota/Bradenton International,"Sarasota/Bradenton, FL",33,United States,US,Florida,FL,12.0,34986,"Sarasota/Bradenton, FL",33,27.0,N,23.0,44.0,27.39555556,82.0,W,33.0,16.0,-82.55444444,7/1/2011 12:00:00 AM,,0,1,SRQ,35.0,17.0,49.0,SRQ,570.0,3644,15.6%
417,1501601,15016,STL,Lambert-St. Louis International,"St. Louis, MO",64,United States,US,Missouri,MO,29.0,31123,"St. Louis, MO",64,38.0,N,44.0,50.0,38.74722222,90.0,W,21.0,52.0,-90.36444444,1/1/1950 12:00:00 AM,11/30/2002 12:00:00 AM,0,0,STL,46.0,24.0,70.0,STL,2376.0,11025,21.6%
418,1501602,15016,STL,Lambert-St. Louis International,"St. Louis, MO",64,United States,US,Missouri,MO,29.0,31123,"St. Louis, MO",64,38.0,N,44.0,52.0,38.74777778,90.0,W,21.0,36.0,-90.36,12/1/2002 12:00:00 AM,6/30/2011 12:00:00 AM,0,0,STL,46.0,24.0,70.0,STL,2376.0,11025,21.6%
419,1501603,15016,STL,Lambert-St. Louis International,"St. Louis, MO",64,United States,US,Missouri,MO,29.0,31123,"St. Louis, MO",64,38.0,N,44.0,55.0,38.74861111,90.0,W,22.0,12.0,-90.37,7/1/2011 12:00:00 AM,7/31/2017 12:00:00 AM,0,0,STL,46.0,24.0,70.0,STL,2376.0,11025,21.6%
420,1501604,15016,STL,St Louis Lambert International,"St. Louis, MO",64,United States,US,Missouri,MO,29.0,31123,"St. Louis, MO",64,38.0,N,44.0,55.0,38.74861111,90.0,W,22.0,12.0,-90.37,8/1/2017 12:00:00 AM,10/31/2017 12:00:00 AM,0,0,STL,46.0,24.0,70.0,STL,2376.0,11025,21.6%
421,1501605,15016,STL,Lambert St Louis International,"St. Louis, MO",64,United States,US,Missouri,MO,29.0,31123,"St. Louis, MO",64,38.0,N,44.0,55.0,38.74861111,90.0,W,22.0,12.0,-90.37,11/1/2017 12:00:00 AM,11/30/2017 12:00:00 AM,0,0,STL,46.0,24.0,70.0,STL,2376.0,11025,21.6%
422,1501606,15016,STL,St Louis Lambert International,"St. Louis, MO",64,United States,US,Missouri,MO,29.0,31123,"St. Louis, MO",64,38.0,N,44.0,55.0,38.74861111,90.0,W,22.0,12.0,-90.37,12/1/2017 12:00:00 AM,,0,1,STL,46.0,24.0,70.0,STL,2376.0,11025,21.6%
423,1502401,15024,STT,Harry S Truman,"Charlotte Amalie, Virgin Islands",283,Virgin Islands,VI,,,,34945,"Charlotte Amalie, Virgin Islands",283,18.0,N,20.0,14.0,18.33722222,64.0,W,58.0,24.0,-64.97333333,1/1/1950 12:00:00 AM,12/31/1983 12:00:00 AM,0,0,STT,35.0,16.0,55.0,STT,295.0,1929,15.3%
424,1502402,15024,STT,Cyril E King,"Charlotte Amalie, Virgin Islands",283,Virgin Islands,VI,,,,34945,"Charlotte Amalie, Virgin Islands",283,18.0,N,20.0,14.0,18.33722222,64.0,W,58.0,24.0,-64.97333333,1/1/1984 12:00:00 AM,12/31/1989 12:00:00 AM,0,0,STT,35.0,16.0,55.0,STT,295.0,1929,15.3%
425,1502403,15024,STT,Cyril E King,"Charlotte Amalie, VI",4,United States,US,U.S. Virgin Islands,VI,78.0,34945,"Charlotte Amalie, VI",4,18.0,N,20.0,14.0,18.33722222,64.0,W,58.0,24.0,-64.97333333,1/1/1990 12:00:00 AM,,0,1,STT,35.0,16.0,55.0,STT,295.0,1929,15.3%
426,1509601,15096,SYR,Syracuse Hancock International,"Syracuse, NY",22,United States,US,New York,NY,36.0,35096,"Syracuse, NY",22,43.0,N,6.0,38.0,43.11055556,76.0,W,6.0,9.0,-76.1025,1/1/1950 12:00:00 AM,6/30/2011 12:00:00 AM,0,0,SYR,53.0,29.0,70.0,SYR,1388.0,6747,20.6%
427,1509602,15096,SYR,Syracuse Hancock International,"Syracuse, NY",22,United States,US,New York,NY,36.0,35096,"Syracuse, NY",22,43.0,N,6.0,40.0,43.11111111,76.0,W,6.0,23.0,-76.10638889,7/1/2011 12:00:00 AM,,0,1,SYR,53.0,29.0,70.0,SYR,1388.0,6747,20.6%
428,1530401,15304,TPA,Tampa International,"Tampa, FL",33,United States,US,Florida,FL,12.0,33195,"Tampa, FL (Metropolitan Area)",33,27.0,N,58.0,23.0,27.97305556,82.0,W,32.0,7.0,-82.53527778,1/1/1950 12:00:00 AM,6/30/2011 12:00:00 AM,0,0,TPA,47.0,22.0,74.0,TPA,3481.0,17681,19.7%
429,1530402,15304,TPA,Tampa International,"Tampa, FL",33,United States,US,Florida,FL,12.0,33195,"Tampa, FL (Metropolitan Area)",33,27.0,N,58.0,32.0,27.97555556,82.0,W,32.0,0.0,-82.53333333,7/1/2011 12:00:00 AM,,0,1,TPA,47.0,22.0,74.0,TPA,3481.0,17681,19.7%
430,1538001,15380,TVC,Cherry Capital,"Traverse City, MI",43,United States,US,Michigan,MI,26.0,35380,"Traverse City, MI",43,44.0,N,44.0,24.0,44.74,85.0,W,35.0,9.0,-85.58583333,1/1/1950 12:00:00 AM,6/30/2011 12:00:00 AM,0,0,TVC,46.0,23.0,57.0,TVC,106.0,427,24.8%
431,1538002,15380,TVC,Cherry Capital,"Traverse City, MI",43,United States,US,Michigan,MI,26.0,35380,"Traverse City, MI",43,44.0,N,44.0,30.0,44.74166667,85.0,W,34.0,56.0,-85.58222222,7/1/2011 12:00:00 AM,11/30/2013 12:00:00 AM,0,0,TVC,46.0,23.0,57.0,TVC,106.0,427,24.8%
432,1538003,15380,TVC,Cherry Capital,"Traverse City, MI",43,United States,US,Michigan,MI,26.0,35380,"Traverse City, MI",43,44.0,N,44.0,30.0,44.74166667,85.0,W,34.0,54.0,-85.58166667,12/1/2013 12:00:00 AM,10/31/2017 12:00:00 AM,0,0,TVC,46.0,23.0,57.0,TVC,106.0,427,24.8%
433,1538004,15380,TVC,Cherry Capital,"Traverse City, MI",43,United States,US,Michigan,MI,26.0,35380,"Traverse City, MI",43,44.0,N,44.0,30.0,44.74166667,85.0,W,34.0,56.0,-85.58222222,11/1/2017 12:00:00 AM,11/30/2017 12:00:00 AM,0,0,TVC,46.0,23.0,57.0,TVC,106.0,427,24.8%
434,1538005,15380,TVC,Cherry Capital,"Traverse City, MI",43,United States,US,Michigan,MI,26.0,35380,"Traverse City, MI",43,44.0,N,44.0,30.0,44.74166667,85.0,W,34.0,55.0,-85.58194444,12/1/2017 12:00:00 AM,,0,1,TVC,46.0,23.0,57.0,TVC,106.0,427,24.8%
435,1541201,15412,TYS,McGhee Tyson,"Knoxville, TN",54,United States,US,Tennessee,TN,47.0,35412,"Knoxville, TN",54,35.0,N,48.0,44.0,35.81222222,83.0,W,59.0,33.0,-83.9925,1/1/1950 12:00:00 AM,6/30/2011 12:00:00 AM,0,0,TYS,57.0,27.0,99.0,TYS,610.0,2531,24.1%
436,1541202,15412,TYS,McGhee Tyson,"Knoxville, TN",54,United States,US,Tennessee,TN,47.0,35412,"Knoxville, TN",54,35.0,N,48.0,39.0,35.81083333,83.0,W,59.0,39.0,-83.99416667,7/1/2011 12:00:00 AM,9/30/2015 12:00:00 AM,0,0,TYS,57.0,27.0,99.0,TYS,610.0,2531,24.1%
437,1541203,15412,TYS,McGhee Tyson,"Knoxville, TN",54,United States,US,Tennessee,TN,47.0,35412,"Knoxville, TN",54,35.0,N,48.0,34.0,35.80944444,83.0,W,59.0,43.0,-83.99527778,10/1/2015 12:00:00 AM,10/31/2017 12:00:00 AM,0,0,TYS,57.0,27.0,99.0,TYS,610.0,2531,24.1%
438,1541204,15412,TYS,McGhee Tyson,"Knoxville, TN",54,United States,US,Tennessee,TN,47.0,35412,"Knoxville, TN",54,35.0,N,48.0,39.0,35.81083333,83.0,W,59.0,39.0,-83.99416667,11/1/2017 12:00:00 AM,11/30/2017 12:00:00 AM,0,0,TYS,57.0,27.0,99.0,TYS,610.0,2531,24.1%
439,1541205,15412,TYS,McGhee Tyson,"Knoxville, TN",54,United States,US,Tennessee,TN,47.0,35412,"Knoxville, TN",54,35.0,N,48.0,34.0,35.80944444,83.0,W,59.0,43.0,-83.99527778,12/1/2017 12:00:00 AM,9/30/2022 12:00:00 AM,0,0,TYS,57.0,27.0,99.0,TYS,610.0,2531,24.1%
440,1541206,15412,TYS,McGhee Tyson,"Knoxville, TN",54,United States,US,Tennessee,TN,47.0,35412,"Knoxville, TN",54,35.0,N,48.0,40.0,35.81111111,83.0,W,59.0,39.0,-83.99416667,10/1/2022 12:00:00 AM,,0,1,TYS,57.0,27.0,99.0,TYS,610.0,2531,24.1%
441,1562401,15624,VPS,Northwest Florida Regional,"Valparaiso, FL",33,United States,US,Florida,FL,12.0,31504,"Valparaiso, FL",33,30.0,N,29.0,0.0,30.48333333,86.0,W,31.0,31.0,-86.52527778,1/1/1950 12:00:00 AM,8/31/2015 12:00:00 AM,0,0,VPS,38.0,18.0,64.0,VPS,72.0,265,27.2%
442,1562402,15624,VPS,Eglin AFB Destin Fort Walton Beach,"Valparaiso, FL",33,United States,US,Florida,FL,12.0,31504,"Valparaiso, FL",33,30.0,N,29.0,0.0,30.48333333,86.0,W,31.0,31.0,-86.52527778,9/1/2015 12:00:00 AM,10/31/2017 12:00:00 AM,0,0,VPS,38.0,18.0,64.0,VPS,72.0,265,27.2%
443,1562403,15624,VPS,Eglin AFB,"Valparaiso, FL",33,United States,US,Florida,FL,12.0,31504,"Valparaiso, FL",33,30.0,N,29.0,0.0,30.48333333,86.0,W,31.0,31.0,-86.52527778,11/1/2017 12:00:00 AM,11/30/2017 12:00:00 AM,0,0,VPS,38.0,18.0,64.0,VPS,72.0,265,27.2%
444,1562404,15624,VPS,Eglin AFB Destin Fort Walton Beach,"Valparaiso, FL",33,United States,US,Florida,FL,12.0,31504,"Valparaiso, FL",33,30.0,N,29.0,0.0,30.48333333,86.0,W,31.0,31.0,-86.52527778,12/1/2017 12:00:00 AM,,0,1,VPS,38.0,18.0,64.0,VPS,72.0,265,27.2%
445,1591901,15919,XNA,Northwest Arkansas Regional,"Fayetteville, AR",71,United States,US,Arkansas,AR,5.0,31834,"Fayetteville, AR",71,36.0,N,16.0,55.0,36.28194444,94.0,W,18.0,25.0,-94.30694444,11/1/1998 12:00:00 AM,9/30/2011 12:00:00 AM,0,0,XNA,39.0,21.0,55.0,XNA,381.0,1715,22.2%
446,1591902,15919,XNA,Northwest Arkansas Regional,"Fayetteville, AR",71,United States,US,Arkansas,AR,5.0,31834,"Fayetteville, AR",71,36.0,N,16.0,54.0,36.28166667,94.0,W,18.0,28.0,-94.30777778,10/1/2011 12:00:00 AM,10/31/2017 12:00:00 AM,0,0,XNA,39.0,21.0,55.0,XNA,381.0,1715,22.2%
447,1591903,15919,XNA,Northwest Arkansas Regional,"Fayetteville, AR",71,United States,US,Arkansas,AR,5.0,31834,"Fayetteville, AR",71,36.0,N,16.0,55.0,36.28194444,94.0,W,18.0,25.0,-94.30694444,11/1/2017 12:00:00 AM,11/30/2017 12:00:00 AM,0,0,XNA,39.0,21.0,55.0,XNA,381.0,1715,22.2%
448,1591904,15919,XNA,Northwest Arkansas Regional,"Fayetteville, AR",71,United States,US,Arkansas,AR,5.0,31834,"Fayetteville, AR",71,36.0,N,16.0,54.0,36.28166667,94.0,W,18.0,28.0,-94.30777778,12/1/2017 12:00:00 AM,9/30/2022 12:00:00 AM,0,0,XNA,39.0,21.0,55.0,XNA,381.0,1715,22.2%
449,1591905,15919,XNA,Northwest Arkansas National,"Fayetteville, AR",71,United States,US,Arkansas,AR,5.0,31834,"Fayetteville, AR",71,36.0,N,16.0,54.0,36.28166667,94.0,W,18.0,28.0,-94.30777778,10/1/2022 12:00:00 AM,,0,1,XNA,39.0,21.0,55.0,XNA,381.0,1715,22.2%
450,1644001,16440,AUS,Robert Mueller Municipal,"Austin, TX",74,United States,US,Texas,TX,48.0,30423,"Austin, TX",74,30.0,N,17.0,53.0,30.29805556,97.0,W,42.0,5.0,-97.70138889,1/1/1950 12:00:00 AM,5/31/1999 12:00:00 AM,1,1,AUS,47.0,21.0,78.0,AUS,1672.0,8176,20.5%
